,ALFLO FP Equity_DX_SI_QTY,ALFLO FP Equity_DX_SHORT_INTEREST_VALUE,ALFLO FP Equity_DX_SHORT_INTEREST_PCT_FREE_FLOAT,ALFLO FP Equity_DX_SHORT_INT_RATIO_DAYS_TO_COVER,ALFLO FP Equity_DX_SHORT_INTEREST_PCT_SHARES_OUT,ALFLO FP Equity_DX_SI_MV,ALFLO FP Equity_DX_DSS,ALFLO FP Equity_DX_BROKER_SHORT_INTEREST_VALUE,ALFLO FP Equity_DX_SUPPLY_SI_QTY,ALFLO FP Equity_DX_BROKER_SI_QTY,ALFLO FP Equity_DX_SUPPLY_SIDE_SHORT_INT_VAL,ALFLO FP Equity_DX_BROKER_SI_QTY_ADD,ALFLO FP Equity_DX_SUPPLY_SI_MV_DEC,ALFLO FP Equity_DX_SUPPLY_SI_QTY_DEC,ALFLO FP Equity_DX_BROKER_SI_MV_ADD,ALFLO FP Equity_DX_SUPPLY_SI_QTY_ADD,ALFLO FP Equity_DX_BROKER_SI_QTY_DEC,ALFLO FP Equity_DX_SUPPLY_SI_MV,ALFLO FP Equity_DX_BROKER_SI_MV_DEC,ALFLO FP Equity_DX_ACTIVE_UTILIZATION_QUANTITY,ALFLO FP Equity_DX_UTILIZATION_QUANTITY,ALFLO FP Equity_DX_ACTIVE_AVAIL_SUPPLY_QTY,ALFLO FP Equity_DX_ACTIVE_AVAILABILITY_VALUE,ALFLO FP Equity_DX_ACTIVE_AVAIL_SUPPLY_MV,ALFLO FP Equity_DX_ACTIVE_UTILIZATION_MV,ALFLO FP Equity_DX_BROKER_SI_CON_RATIO,ALFLO FP Equity_DX_BROKER_SI_MARKET_SHARE_1,ALFLO FP Equity_DX_DEMAND_SUPPLY_RATIO,ALFLO FP Equity_PX_LAST
2023-04-05,,,,,,,,,,,,,,,,,,,,,,,,,,,,,0.01
2023-04-06,,,,,,,,,,,,,,,,,,,,,,,,,,,,,0.01
2023-04-11,,,,,,,,,,,,,,,,,,,,,,,,,,,,,9.44
2023-04-12,,,,,,,,,,,,,,,,,,,,,,,,,,,,,9.349
2023-04-13,0.0,0.0,0.0,0.0,0.0,0.0,,0.0,0.0,0.0,0.0,,,,,,,0.0,,0.0,0.0,10000.0,91000.0,0.09,0.0,0.0,,0.0,9.1
2023-04-14,0.0,0.0,0.0,0.0,0.0,0.0,,0.0,0.0,0.0,0.0,,,,,,,0.0,,0.0,0.0,10000.0,81600.0,0.09,0.0,0.0,,0.0,8.16
2023-04-17,0.0,0.0,0.0,0.0,0.0,0.0,,0.0,0.0,0.0,0.0,,,,,,,0.0,,0.0,0.0,9418.0,80053.0,0.08,0.0,0.0,,0.0,8.5
2023-04-18,0.0,0.0,0.0,0.0,0.0,0.0,,0.0,0.0,0.0,0.0,,,,,,,0.0,,0.0,0.0,9418.0,83443.48,0.08,0.0,0.0,,0.0,8.86
2023-04-19,0.0,0.0,0.0,0.0,0.0,0.0,,0.0,0.0,0.0,0.0,,,,,,,0.0,,0.0,0.0,9418.0,81277.34,0.08,0.0,0.0,,0.0,8.63
2023-04-20,0.0,0.0,0.0,0.0,0.0,0.0,,0.0,0.0,0.0,0.0,,,,,,,0.0,,0.0,0.0,9418.0,80712.26,0.08,0.0,0.0,,0.0,8.57
2023-04-21,0.0,0.0,0.0,0.0,0.0,0.0,,0.0,0.0,0.0,0.0,,,,,,,0.0,,0.0,0.0,9418.0,80806.44,0.08,0.0,0.0,,0.0,8.58
2023-04-24,0.0,0.0,0.0,0.0,0.0,0.0,,0.0,0.0,0.0,0.0,,,,,,,0.0,,0.0,0.0,9418.0,79864.64,0.08,0.0,0.0,,0.0,8.48
2023-04-25,0.0,0.0,0.0,0.0,0.0,0.0,,0.0,0.0,0.0,0.0,,,,,,,0.0,,0.0,0.0,9418.0,79111.2,0.08,0.0,0.0,,0.0,8.4
2023-04-26,0.0,0.0,0.0,0.0,0.0,0.0,,0.0,0.0,0.0,0.0,,,,,,,0.0,,0.0,0.0,9418.0,78828.66,0.08,0.0,0.0,,0.0,8.37
2023-04-27,0.0,0.0,0.0,0.0,0.0,0.0,,0.0,0.0,0.0,0.0,,,,,,,0.0,,0.0,0.0,9418.0,78159.98,0.08,0.0,0.0,,0.0,8.299
2023-04-28,0.0,0.0,0.0,0.0,0.0,0.0,,0.0,0.0,0.0,0.0,,,,,,,0.0,,0.0,0.0,9418.0,76756.7,0.08,0.0,0.0,,0.0,8.15
2023-05-01,0.0,0.0,0.0,0.0,0.0,0.0,,0.0,0.0,0.0,0.0,,,,,,,0.0,,0.0,0.0,9418.0,76756.7,0.08,0.0,0.0,,0.0,
2023-05-02,0.0,0.0,0.0,0.0,0.0,0.0,,0.0,0.0,0.0,0.0,,,,,,,0.0,,0.0,0.0,9418.0,77679.66,0.08,0.0,0.0,,0.0,8.248
2023-05-03,0.0,0.0,0.0,0.0,0.0,0.0,,0.0,0.0,0.0,0.0,,,,,,,0.0,,0.0,0.0,9418.0,76285.8,0.08,0.0,0.0,,0.0,8.1
2023-05-04,0.0,0.0,0.0,0.0,0.0,0.0,,0.0,0.0,0.0,0.0,,,,,,,0.0,,0.0,0.0,9418.0,74873.1,0.08,0.0,0.0,,0.0,7.95
2023-05-05,0.0,0.0,0.0,0.0,0.0,0.0,,0.0,0.0,0.0,0.0,,,,,,,0.0,,0.0,0.0,9418.0,74025.48,0.08,0.0,0.0,,0.0,7.86
2023-05-08,0.0,0.0,0.0,0.0,0.0,0.0,,0.0,0.0,0.0,0.0,,,,,,,0.0,,0.0,0.0,9418.0,73742.94,0.08,0.0,0.0,,0.0,7.83
2023-05-09,0.0,0.0,0.0,0.0,0.0,0.0,,0.0,0.0,0.0,0.0,,,,,,,0.0,,0.0,0.0,9418.0,73837.12,0.07,0.0,0.0,,0.0,7.84
2023-05-10,0.0,0.0,0.0,0.0,0.0,0.0,,0.0,0.0,0.0,0.0,,,,,,,0.0,,0.0,0.0,9418.0,73837.12,0.07,0.0,0.0,,0.0,7.84
2023-05-11,0.0,0.0,0.0,0.0,0.0,0.0,,0.0,0.0,0.0,0.0,,,,,,,0.0,,0.0,0.0,9418.0,73771.19,0.07,0.0,0.0,,0.0,7.833
2023-05-12,0.0,0.0,0.0,0.0,0.0,0.0,,0.0,0.0,0.0,0.0,,,,,,,0.0,,0.0,0.0,9418.0,73940.72,0.07,0.0,0.0,,0.0,7.851
2023-05-15,0.0,0.0,0.0,0.0,0.0,0.0,,0.0,0.0,0.0,0.0,,,,,,,0.0,,0.0,0.0,9418.0,74025.48,0.07,0.0,0.0,,0.0,7.86
2023-05-16,0.0,0.0,0.0,0.0,0.0,0.0,,0.0,0.0,0.0,0.0,,,,,,,0.0,,0.0,0.0,9418.0,73968.97,0.07,0.0,0.0,,0.0,7.854
2023-05-17,0.0,0.0,0.0,0.0,0.0,0.0,,0.0,0.0,0.0,0.0,,,,,,,0.0,,0.0,0.0,9418.0,74100.82,0.07,0.0,0.0,,0.0,7.868
2023-05-18,0.0,0.0,0.0,0.0,0.0,0.0,,0.0,0.0,0.0,0.0,,,,,,,0.0,,0.0,0.0,9418.0,73997.23,0.07,0.0,0.0,,0.0,7.857
2023-05-19,0.0,0.0,0.0,0.0,0.0,0.0,,0.0,0.0,0.0,0.0,,,,,,,0.0,,0.0,0.0,9418.0,73742.94,0.07,0.0,0.0,,0.0,7.83
2023-05-22,0.0,0.0,0.0,0.0,0.0,0.0,,0.0,0.0,0.0,0.0,,,,,,,0.0,,0.0,0.0,9418.0,68751.4,0.07,0.0,0.0,,0.0,7.3
2023-05-23,0.0,0.0,0.0,0.0,0.0,0.0,,0.0,0.0,0.0,0.0,,,,,,,0.0,,0.0,0.0,9418.0,68280.5,0.07,0.0,0.0,,0.0,7.25
2023-05-24,0.0,0.0,0.0,0.0,0.0,0.0,,0.0,0.0,0.0,0.0,,,,,,,0.0,,0.0,0.0,9418.0,67432.88,0.07,0.0,0.0,,0.0,7.16
2023-05-25,0.0,0.0,0.0,0.0,0.0,0.0,,0.0,0.0,0.0,0.0,,,,,,,0.0,,0.0,0.0,9418.0,67432.88,0.07,0.0,0.0,,0.0,7.16
2023-05-26,0.0,0.0,0.0,0.0,0.0,0.0,,0.0,0.0,0.0,0.0,,,,,,,0.0,,0.0,0.0,9418.0,67715.42,0.07,0.0,0.0,,0.0,7.19
2023-05-29,0.0,0.0,0.0,0.0,0.0,0.0,,0.0,0.0,0.0,0.0,,,,,,,0.0,,0.0,0.0,9418.0,67715.42,0.07,0.0,0.0,,0.0,7.19
2023-05-30,0.0,0.0,0.0,0.0,0.0,0.0,,0.0,0.0,0.0,0.0,,,,,,,0.0,,0.0,0.0,9418.0,67621.24,0.07,0.0,0.0,,0.0,7.18
2023-05-31,0.0,0.0,0.0,0.0,0.0,0.0,,0.0,0.0,0.0,0.0,,,,,,,0.0,,0.0,0.0,9418.0,67734.26,0.07,0.0,0.0,,0.0,7.192
2023-06-01,0.0,0.0,0.0,0.0,0.0,0.0,,0.0,0.0,0.0,0.0,,,,,,,0.0,,0.0,0.0,9418.0,67753.09,0.07,0.0,0.0,,0.0,7.194
2023-06-02,0.0,0.0,0.0,0.0,0.0,0.0,,0.0,0.0,0.0,0.0,,,,,,,0.0,,0.0,0.0,9418.0,67771.93,0.07,0.0,0.0,,0.0,7.196
2023-06-05,0.0,0.0,0.0,0.0,0.0,0.0,,0.0,0.0,0.0,0.0,,,,,,,0.0,,0.0,0.0,9418.0,67734.26,0.07,0.0,0.0,,0.0,7.192
2023-06-06,0.0,0.0,0.0,0.0,0.0,0.0,,0.0,0.0,0.0,0.0,,,,,,,0.0,,0.0,0.0,9418.0,67734.26,0.07,0.0,0.0,,0.0,7.192
2023-06-07,0.0,0.0,0.0,0.0,0.0,0.0,,0.0,0.0,0.0,0.0,,,,,,,0.0,,0.0,0.0,9418.0,67753.09,0.07,0.0,0.0,,0.0,7.194
2023-06-08,0.0,0.0,0.0,0.0,0.0,0.0,,0.0,0.0,0.0,0.0,,,,,,,0.0,,0.0,0.0,9418.0,67753.09,0.07,0.0,0.0,,0.0,7.194
2023-06-09,0.0,0.0,0.0,0.0,0.0,0.0,,0.0,0.0,0.0,0.0,,,,,,,0.0,,0.0,0.0,9418.0,67809.6,0.07,0.0,0.0,,0.0,7.2
2023-06-12,0.0,0.0,0.0,0.0,0.0,0.0,,0.0,0.0,0.0,0.0,,,,,,,0.0,,0.0,0.0,9418.0,67771.93,0.07,0.0,0.0,,0.0,7.196
2023-06-13,0.0,0.0,0.0,0.0,0.0,0.0,,0.0,0.0,0.0,0.0,,,,,,,0.0,,0.0,0.0,9418.0,68468.86,0.07,0.0,0.0,,0.0,7.27
2023-06-14,0.0,0.0,0.0,0.0,0.0,0.0,,0.0,0.0,0.0,0.0,,,,,,,0.0,,0.0,0.0,9418.0,68657.22,0.07,0.0,0.0,,0.0,7.29
2023-06-15,0.0,0.0,0.0,0.0,0.0,0.0,,0.0,0.0,0.0,0.0,,,,,,,0.0,,0.0,0.0,9418.0,69504.84,0.07,0.0,0.0,,0.0,7.38
2023-06-16,0.0,0.0,0.0,0.0,0.0,0.0,,0.0,0.0,0.0,0.0,,,,,,,0.0,,0.0,0.0,9418.0,70917.54,0.07,0.0,0.0,,0.0,7.53
2023-06-19,0.0,0.0,0.0,0.0,0.0,0.0,,0.0,0.0,0.0,0.0,,,,,,,0.0,,0.0,0.0,9418.0,75344.0,0.07,0.0,0.0,,0.0,8.0
2023-06-20,0.0,0.0,0.0,0.0,0.0,0.0,,0.0,0.0,0.0,0.0,,,,,,,0.0,,0.0,0.0,9418.0,75909.08,0.08,0.0,0.0,,0.0,8.06
2023-06-21,0.0,0.0,0.0,0.0,0.0,0.0,,0.0,0.0,0.0,0.0,,,,,,,0.0,,0.0,0.0,9418.0,75805.48,0.08,0.0,0.0,,0.0,8.049
2023-06-22,0.0,0.0,0.0,0.0,0.0,0.0,,0.0,0.0,0.0,0.0,,,,,,,0.0,,0.0,0.0,9418.0,75626.54,0.08,0.0,0.0,,0.0,8.03
2023-06-23,0.0,0.0,0.0,0.0,0.0,0.0,,0.0,0.0,0.0,0.0,,,,,,,0.0,,0.0,0.0,9418.0,75720.72,0.08,0.0,0.0,,0.0,8.04
2023-06-26,0.0,0.0,0.0,0.0,0.0,0.0,,0.0,0.0,0.0,0.0,,,,,,,0.0,,0.0,0.0,9418.0,75805.48,0.08,0.0,0.0,,0.0,8.049
2023-06-27,0.0,0.0,0.0,0.0,0.0,0.0,,0.0,0.0,0.0,0.0,,,,,,,0.0,,0.0,0.0,9418.0,75814.9,0.08,0.0,0.0,,0.0,8.05
2023-06-28,0.0,0.0,0.0,0.0,0.0,0.0,,0.0,0.0,0.0,0.0,,,,,,,0.0,,0.0,0.0,9418.0,75814.9,0.08,0.0,0.0,,0.0,8.05
2023-06-29,0.0,0.0,0.0,0.0,0.0,0.0,,0.0,0.0,0.0,0.0,,,,,,,0.0,,0.0,0.0,9418.0,75805.48,0.08,0.0,0.0,,0.0,8.049
2023-06-30,0.0,0.0,0.0,0.0,0.0,0.0,,0.0,0.0,0.0,0.0,,,,,,,0.0,,0.0,0.0,9418.0,75805.48,0.08,0.0,0.0,,0.0,8.049
2023-07-03,0.0,0.0,0.0,0.0,0.0,0.0,,0.0,0.0,0.0,0.0,,,,,,,0.0,,0.0,0.0,9418.0,75833.74,0.08,0.0,0.0,,0.0,8.052
2023-07-04,0.0,0.0,0.0,0.0,0.0,0.0,,0.0,0.0,0.0,0.0,,,,,,,0.0,,0.0,0.0,9418.0,75833.74,0.08,0.0,0.0,,0.0,8.052
2023-07-05,0.0,0.0,0.0,0.0,0.0,0.0,,0.0,0.0,0.0,0.0,,,,,,,0.0,,0.0,0.0,9418.0,75843.15,0.08,0.0,0.0,,0.0,8.053
2023-07-06,0.0,0.0,0.0,0.0,0.0,0.0,,0.0,0.0,0.0,0.0,,,,,,,0.0,,0.0,0.0,9418.0,75871.41,0.08,0.0,0.0,,0.0,8.056
2023-07-07,0.0,0.0,0.0,0.0,0.0,0.0,,0.0,0.0,0.0,0.0,,,,,,,0.0,,0.0,0.0,9418.0,75861.99,0.08,0.0,0.0,,0.0,8.055
2023-07-10,0.0,0.0,0.0,0.0,0.0,0.0,,0.0,0.0,0.0,0.0,,,,,,,0.0,,0.0,0.0,9418.0,75871.41,0.08,0.0,0.0,,0.0,8.056
2023-07-11,0.0,0.0,0.0,0.0,0.0,0.0,,0.0,0.0,0.0,0.0,,,,,,,0.0,,0.0,0.0,9418.0,75880.83,0.08,0.0,0.0,,0.0,8.057
2023-07-12,0.0,0.0,0.0,0.0,0.0,0.0,,0.0,0.0,0.0,0.0,,,,,,,0.0,,0.0,0.0,9418.0,75871.41,0.08,0.0,0.0,,0.0,8.056
2023-07-13,0.0,0.0,0.0,0.0,0.0,0.0,,0.0,0.0,0.0,0.0,,,,,,,0.0,,0.0,0.0,9418.0,75890.24,0.08,0.0,0.0,,0.0,8.058
2023-07-14,0.0,0.0,0.0,0.0,0.0,0.0,,0.0,0.0,0.0,0.0,,,,,,,0.0,,0.0,0.0,9418.0,75890.24,0.08,0.0,0.0,,0.0,8.058
2023-07-17,0.0,0.0,0.0,0.0,0.0,0.0,,0.0,0.0,0.0,0.0,,,,,,,0.0,,0.0,0.0,9418.0,75965.59,0.08,0.0,0.0,,0.0,8.066
2023-07-18,0.0,0.0,0.0,0.0,0.0,0.0,,0.0,0.0,0.0,0.0,,,,,,,0.0,,0.0,0.0,9418.0,75965.59,0.08,0.0,0.0,,0.0,8.066
2023-07-19,0.0,0.0,0.0,0.0,0.0,0.0,,0.0,0.0,0.0,0.0,,,,,,,0.0,,0.0,0.0,9418.0,75946.75,0.08,0.0,0.0,,0.0,8.064
2023-07-20,0.0,0.0,0.0,0.0,0.0,0.0,,0.0,0.0,0.0,0.0,,,,,,,0.0,,0.0,0.0,9418.0,75946.75,0.08,0.0,0.0,,0.0,8.064
2023-07-21,0.0,0.0,0.0,0.0,0.0,0.0,,0.0,0.0,0.0,0.0,,,,,,,0.0,,0.0,0.0,9418.0,75946.75,0.08,0.0,0.0,,0.0,8.064
2023-07-24,0.0,0.0,0.0,0.0,0.0,0.0,,0.0,0.0,0.0,0.0,,,,,,,0.0,,0.0,0.0,9418.0,76003.26,0.08,0.0,0.0,,0.0,8.07
2023-07-25,0.0,0.0,0.0,0.0,0.0,0.0,,0.0,0.0,0.0,0.0,,,,,,,0.0,,0.0,0.0,9418.0,76003.26,0.08,0.0,0.0,,0.0,8.07
2023-07-26,0.0,0.0,0.0,0.0,0.0,0.0,,0.0,0.0,0.0,0.0,,,,,,,0.0,,0.0,0.0,9418.0,75993.84,0.08,0.0,0.0,,0.0,8.069
2023-07-27,0.0,0.0,0.0,0.0,0.0,0.0,,0.0,0.0,0.0,0.0,,,,,,,0.0,,0.0,0.0,9418.0,75956.17,0.08,0.0,0.0,,0.0,8.065
2023-07-28,0.0,0.0,0.0,0.0,0.0,0.0,,0.0,0.0,0.0,0.0,,,,,,,0.0,,0.0,0.0,9418.0,75843.15,0.08,0.0,0.0,,0.0,8.053
2023-07-31,0.0,0.0,0.0,0.0,0.0,0.0,,0.0,0.0,0.0,0.0,,,,,,,0.0,,0.0,0.0,9418.0,75843.15,0.08,0.0,0.0,,0.0,8.053
2023-08-01,0.0,0.0,0.0,0.0,0.0,0.0,,0.0,0.0,0.0,0.0,,,,,,,0.0,,0.0,0.0,9418.0,75532.36,0.08,0.0,0.0,,0.0,8.02
2023-08-02,0.0,0.0,0.0,0.0,0.0,0.0,,0.0,0.0,0.0,0.0,,,,,,,0.0,,0.0,0.0,9418.0,75438.18,0.08,0.0,0.0,,0.0,8.01
2023-08-03,0.0,0.0,0.0,0.0,0.0,0.0,,0.0,0.0,0.0,0.0,,,,,,,0.0,,0.0,0.0,9418.0,74590.56,0.08,0.0,0.0,,0.0,7.92
2023-08-04,0.0,0.0,0.0,0.0,0.0,0.0,,0.0,0.0,0.0,0.0,,,,,,,0.0,,0.0,0.0,9418.0,74590.56,0.07,0.0,0.0,,0.0,7.92
2023-08-07,0.0,0.0,0.0,0.0,0.0,0.0,,0.0,0.0,0.0,0.0,,,,,,,0.0,,0.0,0.0,9418.0,74016.06,0.07,0.0,0.0,,0.0,7.859
2023-08-08,0.0,0.0,0.0,0.0,0.0,0.0,,0.0,0.0,0.0,0.0,,,,,,,0.0,,0.0,0.0,9418.0,73460.4,0.07,0.0,0.0,,0.0,7.8
2023-08-09,0.0,0.0,0.0,0.0,0.0,0.0,,0.0,0.0,0.0,0.0,,,,,,,0.0,,0.0,0.0,9418.0,73554.58,0.07,0.0,0.0,,0.0,7.81
2023-08-10,0.0,0.0,0.0,0.0,0.0,0.0,,0.0,0.0,0.0,0.0,,,,,,,0.0,,0.0,0.0,9418.0,73272.04,0.07,0.0,0.0,,0.0,7.78
2023-08-11,0.0,0.0,0.0,0.0,0.0,0.0,,0.0,0.0,0.0,0.0,,,,,,,0.0,,0.0,0.0,9418.0,73272.04,0.07,0.0,0.0,,0.0,7.78
2023-08-14,0.0,0.0,0.0,0.0,0.0,0.0,,0.0,0.0,0.0,0.0,,,,,,,0.0,,0.0,0.0,9418.0,73140.19,0.07,0.0,0.0,,0.0,7.766
2023-08-15,0.0,0.0,0.0,0.0,0.0,0.0,,0.0,0.0,0.0,0.0,,,,,,,0.0,,0.0,0.0,9418.0,72989.5,0.07,0.0,0.0,,0.0,7.75
2023-08-16,0.0,0.0,0.0,0.0,0.0,0.0,,0.0,0.0,0.0,0.0,,,,,,,0.0,,0.0,0.0,9418.0,72989.5,0.07,0.0,0.0,,0.0,7.75
2023-08-17,0.0,0.0,0.0,0.0,0.0,0.0,,0.0,0.0,0.0,0.0,,,,,,,0.0,,0.0,0.0,9418.0,73083.68,0.07,0.0,0.0,,0.0,7.76
2023-08-18,0.0,0.0,0.0,0.0,0.0,0.0,,0.0,0.0,0.0,0.0,,,,,,,0.0,,0.0,0.0,9418.0,73036.59,0.07,0.0,0.0,,0.0,7.755
2023-08-21,0.0,0.0,0.0,0.0,0.0,0.0,,0.0,0.0,0.0,0.0,,,,,,,0.0,,0.0,0.0,9418.0,72980.08,0.07,0.0,0.0,,0.0,7.749
2023-08-22,0.0,0.0,0.0,0.0,0.0,0.0,,0.0,0.0,0.0,0.0,,,,,,,0.0,,0.0,0.0,9418.0,72706.96,0.07,0.0,0.0,,0.0,7.72
2023-08-23,0.0,0.0,0.0,0.0,0.0,0.0,,0.0,0.0,0.0,0.0,,,,,,,0.0,,0.0,0.0,9418.0,72330.24,0.07,0.0,0.0,,0.0,7.68
2023-08-24,0.0,0.0,0.0,0.0,0.0,0.0,,0.0,0.0,0.0,0.0,,,,,,,0.0,,0.0,0.0,9418.0,72612.78,0.07,0.0,0.0,,0.0,7.71
2023-08-25,0.0,0.0,0.0,0.0,0.0,0.0,,0.0,0.0,0.0,0.0,,,,,,,0.0,,0.0,0.0,9418.0,72575.11,0.07,0.0,0.0,,0.0,7.706
2023-08-28,0.0,0.0,0.0,0.0,0.0,0.0,,0.0,0.0,0.0,0.0,,,,,,,0.0,,0.0,0.0,9418.0,72575.11,0.07,0.0,0.0,,0.0,7.706
2023-08-29,0.0,0.0,0.0,0.0,0.0,0.0,,0.0,0.0,0.0,0.0,,,,,,,0.0,,0.0,0.0,9418.0,71200.08,0.07,0.0,0.0,,0.0,7.56
2023-08-30,0.0,0.0,0.0,0.0,0.0,0.0,,0.0,0.0,0.0,0.0,,,,,,,0.0,,0.0,0.0,9418.0,70635.0,0.07,0.0,0.0,,0.0,7.5
2023-08-31,0.0,0.0,0.0,0.0,0.0,0.0,,0.0,0.0,0.0,0.0,,,,,,,0.0,,0.0,0.0,9418.0,70635.0,0.07,0.0,0.0,,0.0,7.5
2023-09-01,0.0,0.0,0.0,0.0,0.0,0.0,,0.0,0.0,0.0,0.0,,,,,,,0.0,,0.0,0.0,9418.0,70540.82,0.07,0.0,0.0,,0.0,7.49
2023-09-04,0.0,0.0,0.0,0.0,0.0,0.0,,0.0,0.0,0.0,0.0,,,,,,,0.0,,0.0,0.0,9418.0,70446.64,0.07,0.0,0.0,,0.0,7.48
2023-09-05,0.0,0.0,0.0,0.0,0.0,0.0,,0.0,0.0,0.0,0.0,,,,,,,0.0,,0.0,0.0,9418.0,69881.56,0.07,0.0,0.0,,0.0,7.42
2023-09-06,0.0,0.0,0.0,0.0,0.0,0.0,,0.0,0.0,0.0,0.0,,,,,,,0.0,,0.0,0.0,9418.0,68035.63,0.07,0.0,0.0,,0.0,7.224
2023-09-07,0.0,0.0,0.0,0.0,0.0,0.0,,0.0,0.0,0.0,0.0,,,,,,,0.0,,0.0,0.0,9418.0,62629.7,0.07,0.0,0.0,,0.0,6.65
2023-09-08,0.0,0.0,0.0,0.0,0.0,0.0,,0.0,0.0,0.0,0.0,,,,,,,0.0,,0.0,0.0,9418.0,62723.88,0.06,0.0,0.0,,0.0,6.66
2023-09-11,0.0,0.0,0.0,0.0,0.0,0.0,,0.0,0.0,0.0,0.0,,,,,,,0.0,,0.0,0.0,9418.0,62723.88,0.06,0.0,0.0,,0.0,6.66
2023-09-12,0.0,0.0,0.0,0.0,0.0,0.0,,0.0,0.0,0.0,0.0,,,,,,,0.0,,0.0,0.0,9418.0,62723.88,0.06,0.0,0.0,,0.0,6.66
2023-09-13,0.0,0.0,0.0,0.0,0.0,0.0,,0.0,0.0,0.0,0.0,,,,,,,0.0,,0.0,0.0,9418.0,63477.32,0.06,0.0,0.0,,0.0,6.74
2023-09-14,0.0,0.0,0.0,0.0,0.0,0.0,,0.0,0.0,0.0,0.0,,,,,,,0.0,,0.0,0.0,9418.0,63288.96,0.06,0.0,0.0,,0.0,6.72
2023-09-15,0.0,0.0,0.0,0.0,0.0,0.0,,0.0,0.0,0.0,0.0,,,,,,,0.0,,0.0,0.0,9418.0,62629.7,0.06,0.0,0.0,,0.0,6.65
2023-09-18,0.0,0.0,0.0,0.0,0.0,0.0,,0.0,0.0,0.0,0.0,,,,,,,0.0,,0.0,0.0,9418.0,62629.7,0.06,0.0,0.0,,0.0,6.65
2023-09-19,0.0,0.0,0.0,0.0,0.0,0.0,,0.0,0.0,0.0,0.0,,,,,,,0.0,,0.0,0.0,9418.0,62441.34,0.06,0.0,0.0,,0.0,6.63
2023-09-20,0.0,0.0,0.0,0.0,0.0,0.0,,0.0,0.0,0.0,0.0,,,,,,,0.0,,0.0,0.0,9418.0,61876.26,0.06,0.0,0.0,,0.0,6.57
2023-09-21,0.0,0.0,0.0,0.0,0.0,0.0,,0.0,0.0,0.0,0.0,,,,,,,0.0,,0.0,0.0,9418.0,61687.9,0.06,0.0,0.0,,0.0,6.55
2023-09-22,0.0,0.0,0.0,0.0,0.0,0.0,,0.0,0.0,0.0,0.0,,,,,,,0.0,,0.0,0.0,9418.0,61593.72,0.06,0.0,0.0,,0.0,6.54
2023-09-25,0.0,0.0,0.0,0.0,0.0,0.0,,0.0,0.0,0.0,0.0,,,,,,,0.0,,0.0,0.0,9418.0,61499.54,0.06,0.0,0.0,,0.0,6.53
2023-09-26,0.0,0.0,0.0,0.0,0.0,0.0,,0.0,0.0,0.0,0.0,,,,,,,0.0,,0.0,0.0,9418.0,61217.0,0.06,0.0,0.0,,0.0,6.5
2023-09-27,0.0,0.0,0.0,0.0,0.0,0.0,,0.0,0.0,0.0,0.0,,,,,,,0.0,,0.0,0.0,9418.0,61264.09,0.06,0.0,0.0,,0.0,6.505
2023-09-28,0.0,0.0,0.0,0.0,0.0,0.0,,0.0,0.0,0.0,0.0,,,,,,,0.0,,0.0,0.0,9418.0,61217.0,0.06,0.0,0.0,,0.0,6.5
2023-09-29,0.0,0.0,0.0,0.0,0.0,0.0,,0.0,0.0,0.0,0.0,,,,,,,0.0,,0.0,0.0,9418.0,61273.51,0.06,0.0,0.0,,0.0,6.506
2023-10-02,0.0,0.0,0.0,0.0,0.0,0.0,,0.0,0.0,0.0,0.0,,,,,,,0.0,,0.0,0.0,9418.0,60934.46,0.06,0.0,0.0,,0.0,6.47
2023-10-03,0.0,0.0,0.0,0.0,0.0,0.0,,0.0,0.0,0.0,0.0,,,,,,,0.0,,0.0,0.0,9418.0,60651.92,0.06,0.0,0.0,,0.0,6.44
2023-10-04,0.0,0.0,0.0,0.0,0.0,0.0,,0.0,0.0,0.0,0.0,,,,,,,0.0,,0.0,0.0,9418.0,60651.92,0.06,0.0,0.0,,0.0,6.44
2023-10-05,0.0,0.0,0.0,0.0,0.0,0.0,,0.0,0.0,0.0,0.0,,,,,,,0.0,,0.0,0.0,9418.0,60275.2,0.06,0.0,0.0,,0.0,6.4
2023-10-06,0.0,0.0,0.0,0.0,0.0,0.0,,0.0,0.0,0.0,0.0,,,,,,,0.0,,0.0,0.0,9418.0,60086.84,0.06,0.0,0.0,,0.0,6.38
2023-10-09,0.0,0.0,0.0,0.0,0.0,0.0,,0.0,0.0,0.0,0.0,,,,,,,0.0,,0.0,0.0,9418.0,59992.66,0.06,0.0,0.0,,0.0,6.37
2023-10-10,0.0,0.0,0.0,0.0,0.0,0.0,,0.0,0.0,0.0,0.0,,,,,,,0.0,,0.0,0.0,9418.0,59992.66,0.06,0.0,0.0,,0.0,6.37
2023-10-11,0.0,0.0,0.0,0.0,0.0,0.0,,0.0,0.0,0.0,0.0,,,,,,,0.0,,0.0,0.0,9418.0,59983.24,0.06,0.0,0.0,,0.0,6.369
2023-10-12,0.0,0.0,0.0,0.0,0.0,0.0,,0.0,0.0,0.0,0.0,,,,,,,0.0,,0.0,0.0,9418.0,59333.4,0.06,0.0,0.0,,0.0,6.3
2023-10-13,0.0,0.0,0.0,0.0,0.0,0.0,,0.0,0.0,0.0,0.0,,,,,,,0.0,,0.0,0.0,9418.0,59333.4,0.06,0.0,0.0,,0.0,6.3
2023-10-16,0.0,0.0,0.0,0.0,0.0,0.0,,0.0,0.0,0.0,0.0,,,,,,,0.0,,0.0,0.0,9418.0,59333.4,0.06,0.0,0.0,,0.0,6.3
2023-10-17,0.0,0.0,0.0,0.0,0.0,0.0,,0.0,0.0,0.0,0.0,,,,,,,0.0,,0.0,0.0,9418.0,58391.6,0.06,0.0,0.0,,0.0,6.2
2023-10-18,0.0,0.0,0.0,0.0,0.0,0.0,,0.0,0.0,0.0,0.0,,,,,,,0.0,,0.0,0.0,9418.0,58297.42,0.06,0.0,0.0,,0.0,6.19
2023-10-19,0.0,0.0,0.0,0.0,0.0,0.0,,0.0,0.0,0.0,0.0,,,,,,,0.0,,0.0,0.0,9418.0,58391.6,0.06,0.0,0.0,,0.0,6.2
2023-10-20,0.0,0.0,0.0,0.0,0.0,0.0,,0.0,0.0,0.0,0.0,,,,,,,0.0,,0.0,0.0,9418.0,58391.6,0.06,0.0,0.0,,0.0,6.2
2023-10-23,0.0,0.0,0.0,0.0,0.0,0.0,,0.0,0.0,0.0,0.0,,,,,,,0.0,,0.0,0.0,9418.0,57920.7,0.06,0.0,0.0,,0.0,6.15
2023-10-24,0.0,0.0,0.0,0.0,0.0,0.0,,0.0,0.0,0.0,0.0,,,,,,,0.0,,0.0,0.0,9418.0,57449.8,0.06,0.0,0.0,,0.0,6.1
2023-10-25,0.0,0.0,0.0,0.0,0.0,0.0,,0.0,0.0,0.0,0.0,,,,,,,0.0,,0.0,0.0,9418.0,57073.08,0.06,0.0,0.0,,0.0,6.06
2023-10-26,0.0,0.0,0.0,0.0,0.0,0.0,,0.0,0.0,0.0,0.0,,,,,,,0.0,,0.0,0.0,9418.0,56225.46,0.06,0.0,0.0,,0.0,5.97
2023-10-27,0.0,0.0,0.0,0.0,0.0,0.0,,0.0,0.0,0.0,0.0,,,,,,,0.0,,0.0,0.0,9418.0,54436.04,0.06,0.0,0.0,,0.0,5.78
2023-10-30,0.0,0.0,0.0,0.0,0.0,0.0,,0.0,0.0,0.0,0.0,,,,,,,0.0,,0.0,0.0,9418.0,54341.86,0.05,0.0,0.0,,0.0,5.77
2023-10-31,0.0,0.0,0.0,0.0,0.0,0.0,,0.0,0.0,0.0,0.0,,,,,,,0.0,,0.0,0.0,9418.0,48973.6,0.05,0.0,0.0,,0.0,5.2
2023-11-01,0.0,0.0,0.0,0.0,0.0,0.0,,0.0,0.0,0.0,0.0,,,,,,,0.0,,0.0,0.0,9418.0,46148.2,0.05,0.0,0.0,,0.0,4.9
2023-11-02,0.0,0.0,0.0,0.0,0.0,0.0,,0.0,0.0,0.0,0.0,,,,,,,0.0,,0.0,0.0,9418.0,41439.2,0.05,0.0,0.0,,0.0,4.4
2023-11-03,0.0,0.0,0.0,0.0,0.0,0.0,,0.0,0.0,0.0,0.0,,,,,,,0.0,,0.0,0.0,9418.0,36730.2,0.04,0.0,0.0,,0.0,3.9
2023-11-06,0.0,0.0,0.0,0.0,0.0,0.0,,0.0,0.0,0.0,0.0,,,,,,,0.0,,0.0,0.0,9418.0,36541.84,0.04,0.0,0.0,,0.0,3.88
2023-11-07,0.0,0.0,0.0,0.0,0.0,0.0,,0.0,0.0,0.0,0.0,,,,,,,0.0,,0.0,0.0,9418.0,35317.5,0.04,0.0,0.0,,0.0,3.75
2023-11-08,0.0,0.0,0.0,0.0,0.0,0.0,,0.0,0.0,0.0,0.0,,,,,,,0.0,,0.0,0.0,9418.0,29195.8,0.04,0.0,0.0,,0.0,3.1
2023-11-09,0.0,0.0,0.0,0.0,0.0,0.0,,0.0,0.0,0.0,0.0,,,,,,,0.0,,0.0,0.0,9418.0,28159.82,0.03,0.0,0.0,,0.0,2.99
2023-11-10,0.0,0.0,0.0,0.0,0.0,0.0,,0.0,0.0,0.0,0.0,,,,,,,0.0,,0.0,0.0,9418.0,28159.82,0.03,0.0,0.0,,0.0,2.99
2023-11-13,0.0,0.0,0.0,0.0,0.0,0.0,,0.0,0.0,0.0,0.0,,,,,,,0.0,,0.0,0.0,9418.0,26841.3,0.03,0.0,0.0,,0.0,2.85
2023-11-14,0.0,0.0,0.0,0.0,0.0,0.0,,0.0,0.0,0.0,0.0,,,,,,,0.0,,0.0,0.0,9418.0,25428.6,0.03,0.0,0.0,,0.0,2.7
2023-11-15,0.0,0.0,0.0,0.0,0.0,0.0,,0.0,0.0,0.0,0.0,,,,,,,0.0,,0.0,0.0,9418.0,24298.44,0.03,0.0,0.0,,0.0,2.58
2023-11-16,0.0,0.0,0.0,0.0,0.0,0.0,,0.0,0.0,0.0,0.0,,,,,,,0.0,,0.0,0.0,9418.0,25428.6,0.02,0.0,0.0,,0.0,2.7
2023-11-17,0.0,0.0,0.0,0.0,0.0,0.0,,0.0,0.0,0.0,0.0,,,,,,,0.0,,0.0,0.0,9418.0,24580.98,0.02,0.0,0.0,,0.0,2.61
2023-11-20,0.0,0.0,0.0,0.0,0.0,0.0,,0.0,0.0,0.0,0.0,,,,,,,0.0,,0.0,0.0,9418.0,24576.27,0.02,0.0,0.0,,0.0,2.61
2023-11-21,0.0,0.0,0.0,0.0,0.0,0.0,,0.0,0.0,0.0,0.0,,,,,,,0.0,,0.0,0.0,9418.0,24199.55,0.02,0.0,0.0,,0.0,2.57
2023-11-22,0.0,0.0,0.0,0.0,0.0,0.0,,0.0,0.0,0.0,0.0,,,,,,,0.0,,0.0,0.0,9418.0,24204.26,0.02,0.0,0.0,,0.0,2.57
2023-11-23,0.0,0.0,0.0,0.0,0.0,0.0,,0.0,0.0,0.0,0.0,,,,,,,0.0,,0.0,0.0,9418.0,24449.13,0.02,0.0,0.0,,0.0,2.596
2023-11-24,0.0,0.0,0.0,0.0,0.0,0.0,,0.0,0.0,0.0,0.0,,,,,,,0.0,,0.0,0.0,9418.0,23540.29,0.02,0.0,0.0,,0.0,2.5
2023-11-27,0.0,0.0,0.0,0.0,0.0,0.0,,0.0,0.0,0.0,0.0,,,,,,,0.0,,0.0,0.0,9418.0,23168.28,0.02,0.0,0.0,,0.0,2.46
2023-11-28,0.0,0.0,0.0,0.0,0.0,0.0,,0.0,0.0,0.0,0.0,,,,,,,0.0,,0.0,0.0,9418.0,22979.92,0.02,0.0,0.0,,0.0,2.44
2023-11-29,0.0,0.0,0.0,0.0,0.0,0.0,,0.0,0.0,0.0,0.0,,,,,,,0.0,,0.0,0.0,9418.0,23074.1,0.02,0.0,0.0,,0.0,2.45
2023-11-30,0.0,0.0,0.0,0.0,0.0,0.0,,0.0,0.0,0.0,0.0,,,,,,,0.0,,0.0,0.0,9300.0,23064.0,0.02,0.0,0.0,,0.0,2.48
2023-12-01,0.0,0.0,0.0,0.0,0.0,0.0,,0.0,0.0,0.0,0.0,,,,,,,0.0,,0.0,0.0,9300.0,21948.0,0.02,0.0,0.0,,0.0,2.36
2023-12-04,0.0,0.0,0.0,0.0,0.0,0.0,,0.0,0.0,0.0,0.0,,,,,,,0.0,,0.0,0.0,9300.0,21297.0,0.02,0.0,0.0,,0.0,2.29
2023-12-05,0.0,0.0,0.0,0.0,0.0,0.0,,0.0,0.0,0.0,0.0,,,,,,,0.0,,0.0,0.0,9300.0,21204.0,0.02,0.0,0.0,,0.0,2.28
2023-12-06,0.0,0.0,0.0,0.0,0.0,0.0,,0.0,0.0,0.0,0.0,,,,,,,0.0,,0.0,0.0,9300.0,21111.0,0.02,0.0,0.0,,0.0,2.27
2023-12-07,0.0,0.0,0.0,0.0,0.0,0.0,,0.0,0.0,0.0,0.0,,,,,,,0.0,,0.0,0.0,9300.0,21018.0,0.02,0.0,0.0,,0.0,2.26
2023-12-08,0.0,0.0,0.0,0.0,0.0,0.0,,0.0,0.0,0.0,0.0,,,,,,,0.0,,0.0,0.0,9300.0,21278.4,0.02,0.0,0.0,,0.0,2.288
2023-12-11,0.0,0.0,0.0,0.0,0.0,0.0,,0.0,0.0,0.0,0.0,,,,,,,0.0,,0.0,0.0,9300.0,21259.8,0.02,0.0,0.0,,0.0,2.286
2023-12-12,0.0,0.0,0.0,0.0,0.0,0.0,,0.0,0.0,0.0,0.0,,,,,,,0.0,,0.0,0.0,9300.0,21278.4,0.02,0.0,0.0,,0.0,2.288
2023-12-13,0.0,0.0,0.0,0.0,0.0,0.0,,0.0,0.0,0.0,0.0,,,,,,,0.0,,0.0,0.0,9300.0,21278.4,0.02,0.0,0.0,,0.0,2.288
2023-12-14,0.0,0.0,0.0,0.0,0.0,0.0,,0.0,0.0,0.0,0.0,,,,,,,0.0,,0.0,0.0,9300.0,21204.0,0.02,0.0,0.0,,0.0,2.28
2023-12-15,0.0,0.0,0.0,0.0,0.0,0.0,,0.0,0.0,0.0,0.0,,,,,,,0.0,,0.0,0.0,9300.0,21231.9,0.02,0.0,0.0,,0.0,2.283
2023-12-18,0.0,0.0,0.0,0.0,0.0,0.0,,0.0,0.0,0.0,0.0,,,,,,,0.0,,0.0,0.0,9300.0,21343.5,0.02,0.0,0.0,,0.0,2.295
2023-12-19,0.0,0.0,0.0,0.0,0.0,0.0,,0.0,0.0,0.0,0.0,,,,,,,0.0,,0.0,0.0,9300.0,21297.0,0.02,0.0,0.0,,0.0,2.29
2023-12-20,0.0,0.0,0.0,0.0,0.0,0.0,,0.0,0.0,0.0,0.0,,,,,,,0.0,,0.0,0.0,9300.0,21297.0,0.02,0.0,0.0,,0.0,2.29
2023-12-21,0.0,0.0,0.0,0.0,0.0,0.0,,0.0,0.0,0.0,0.0,,,,,,,0.0,,0.0,0.0,9300.0,21297.0,0.02,0.0,0.0,,0.0,2.29
2023-12-22,0.0,0.0,0.0,0.0,0.0,0.0,,0.0,0.0,0.0,0.0,,,,,,,0.0,,0.0,0.0,9300.0,21018.0,0.02,0.0,0.0,,0.0,2.26
2023-12-25,0.0,0.0,0.0,0.0,0.0,0.0,,0.0,0.0,0.0,0.0,,,,,,,0.0,,0.0,0.0,9300.0,21018.0,0.02,0.0,0.0,,0.0,
2023-12-26,0.0,0.0,0.0,0.0,0.0,0.0,,0.0,0.0,0.0,0.0,,,,,,,0.0,,0.0,0.0,9300.0,21018.0,0.02,0.0,0.0,,0.0,
2023-12-27,0.0,0.0,0.0,0.0,0.0,0.0,,0.0,0.0,0.0,0.0,,,,,,,0.0,,0.0,0.0,9300.0,21008.7,0.02,0.0,0.0,,0.0,2.259
2023-12-28,0.0,0.0,0.0,0.0,0.0,0.0,,0.0,0.0,0.0,0.0,,,,,,,0.0,,0.0,0.0,9300.0,21343.5,0.02,0.0,0.0,,0.0,2.295
2023-12-29,0.0,0.0,0.0,0.0,0.0,0.0,,0.0,0.0,0.0,0.0,,,,,,,0.0,,0.0,0.0,9300.0,21343.5,0.02,0.0,0.0,,0.0,2.295
2024-01-01,0.0,0.0,0.0,0.0,0.0,0.0,,0.0,0.0,0.0,0.0,,,,,,,0.0,,0.0,0.0,9300.0,21343.5,0.02,0.0,0.0,,0.0,
2024-01-02,0.0,0.0,0.0,0.0,0.0,0.0,,0.0,0.0,0.0,0.0,,,,,,,0.0,,0.0,0.0,9300.0,21371.4,0.02,0.0,0.0,,0.0,2.298
2024-01-03,0.0,0.0,0.0,0.0,0.0,0.0,,0.0,0.0,0.0,0.0,,,,,,,0.0,,0.0,0.0,9300.0,21371.4,0.02,0.0,0.0,,0.0,2.298
2024-01-04,0.0,0.0,0.0,0.0,0.0,0.0,,0.0,0.0,0.0,0.0,,,,,,,0.0,,0.0,0.0,9300.0,21576.0,0.02,0.0,0.0,,0.0,2.32
2024-01-05,0.0,0.0,0.0,0.0,0.0,0.0,,0.0,0.0,0.0,0.0,,,,,,,0.0,,0.0,0.0,9300.0,22134.0,0.02,0.0,0.0,,0.0,2.38
2024-01-08,0.0,0.0,0.0,0.0,0.0,0.0,,0.0,0.0,0.0,0.0,,,,,,,0.0,,0.0,0.0,9300.0,22129.35,0.02,0.0,0.0,,0.0,2.38
2024-01-09,0.0,0.0,0.0,0.0,0.0,0.0,,0.0,0.0,0.0,0.0,,,,,,,0.0,,0.0,0.0,9300.0,22129.35,0.02,0.0,0.0,,0.0,2.38
2024-01-10,0.0,0.0,0.0,0.0,0.0,0.0,,0.0,0.0,0.0,0.0,,,,,,,0.0,,0.0,0.0,9300.0,22115.4,0.02,0.0,0.0,,0.0,2.378
2024-01-11,0.0,0.0,0.0,0.0,0.0,0.0,,0.0,0.0,0.0,0.0,,,,,,,0.0,,0.0,0.0,9300.0,22106.1,0.02,0.0,0.0,,0.0,2.377
2024-01-12,0.0,0.0,0.0,0.0,0.0,0.0,,0.0,0.0,0.0,0.0,,,,,,,0.0,,0.0,0.0,9300.0,22115.4,0.02,0.0,0.0,,0.0,2.378
2024-01-15,0.0,0.0,0.0,0.0,0.0,0.0,,0.0,0.0,0.0,0.0,,,,,,,0.0,,0.0,0.0,9300.0,22041.0,0.02,0.0,0.0,,0.0,2.37
2024-01-16,0.0,0.0,0.0,0.0,0.0,0.0,,0.0,0.0,0.0,0.0,,,,,,,0.0,,0.0,0.0,9300.0,21948.0,0.02,0.0,0.0,,0.0,2.36
2024-01-17,0.0,0.0,0.0,0.0,0.0,0.0,,0.0,0.0,0.0,0.0,,,,,,,0.0,,0.0,0.0,9300.0,21948.0,0.02,0.0,0.0,,0.0,2.36
2024-01-18,0.0,0.0,0.0,0.0,0.0,0.0,,0.0,0.0,0.0,0.0,,,,,,,0.0,,0.0,0.0,9300.0,21669.0,0.02,0.0,0.0,,0.0,2.33
2024-01-19,0.0,0.0,0.0,0.0,0.0,0.0,,0.0,0.0,0.0,0.0,,,,,,,0.0,,0.0,0.0,9300.0,21669.0,0.02,0.0,0.0,,0.0,2.33
2024-01-22,0.0,0.0,0.0,0.0,0.0,0.0,,0.0,0.0,0.0,0.0,,,,,,,0.0,,0.0,0.0,9300.0,21650.4,0.02,0.0,0.0,,0.0,2.328
2024-01-23,0.0,0.0,0.0,0.0,0.0,0.0,,0.0,0.0,0.0,0.0,,,,,,,0.0,,0.0,0.0,9300.0,21650.4,0.02,0.0,0.0,,0.0,2.328
2024-01-24,0.0,0.0,0.0,0.0,0.0,0.0,,0.0,0.0,0.0,0.0,,,,,,,0.0,,0.0,0.0,9300.0,21529.5,0.02,0.0,0.0,,0.0,2.315
2024-01-25,0.0,0.0,0.0,0.0,0.0,0.0,,0.0,0.0,0.0,0.0,,,,,,,0.0,,0.0,0.0,9300.0,21445.8,0.02,0.0,0.0,,0.0,2.306
2024-01-26,0.0,0.0,0.0,0.0,0.0,0.0,,0.0,0.0,0.0,0.0,,,,,,,0.0,,0.0,0.0,9300.0,21445.8,0.02,0.0,0.0,,0.0,2.306
2024-01-29,0.0,0.0,0.0,0.0,0.0,0.0,,0.0,0.0,0.0,0.0,,,,,,,0.0,,0.0,0.0,9300.0,21390.0,0.02,0.0,0.0,,0.0,2.3
2024-01-30,0.0,0.0,0.0,0.0,0.0,0.0,,0.0,0.0,0.0,0.0,,,,,,,0.0,,0.0,0.0,9300.0,21352.8,0.02,0.0,0.0,,0.0,2.296
2024-01-31,0.0,0.0,0.0,0.0,0.0,0.0,,0.0,0.0,0.0,0.0,,,,,,,0.0,,0.0,0.0,9300.0,21204.0,0.02,0.0,0.0,,0.0,2.28
2024-02-01,0.0,0.0,0.0,0.0,0.0,0.0,,0.0,0.0,0.0,0.0,,,,,,,0.0,,0.0,0.0,9300.0,21204.0,0.02,0.0,0.0,,0.0,2.28
2024-02-02,0.0,0.0,0.0,0.0,0.0,0.0,,0.0,0.0,0.0,0.0,,,,,,,0.0,,0.0,0.0,9300.0,20999.4,0.02,0.0,0.0,,0.0,2.258
2024-02-05,0.0,0.0,0.0,0.0,0.0,0.0,,0.0,0.0,0.0,0.0,,,,,,,0.0,,0.0,0.0,9300.0,20999.4,0.02,0.0,0.0,,0.0,2.258
2024-02-06,0.0,0.0,0.0,0.0,0.0,0.0,,0.0,0.0,0.0,0.0,,,,,,,0.0,,0.0,0.0,9300.0,20999.4,0.02,0.0,0.0,,0.0,2.258
2024-02-07,0.0,0.0,0.0,0.0,0.0,0.0,,0.0,0.0,0.0,0.0,,,,,,,0.0,,0.0,0.0,9300.0,20999.4,0.02,0.0,0.0,,0.0,2.258
2024-02-08,0.0,0.0,0.0,0.0,0.0,0.0,,0.0,0.0,0.0,0.0,,,,,,,0.0,,0.0,0.0,9300.0,20925.0,0.02,0.0,0.0,,0.0,2.25
2024-02-09,0.0,0.0,0.0,0.0,0.0,0.0,,0.0,0.0,0.0,0.0,,,,,,,0.0,,0.0,0.0,9300.0,20460.0,0.02,0.0,0.0,,0.0,2.2
2024-02-12,0.0,0.0,0.0,0.0,0.0,0.0,,0.0,0.0,0.0,0.0,,,,,,,0.0,,0.0,0.0,9300.0,20460.0,0.02,0.0,0.0,,0.0,2.2
2024-02-13,0.0,0.0,0.0,0.0,0.0,0.0,,0.0,0.0,0.0,0.0,,,,,,,0.0,,0.0,0.0,9300.0,18600.0,0.02,0.0,0.0,,0.0,2.0
2024-02-14,0.0,0.0,0.0,0.0,0.0,0.0,,0.0,0.0,0.0,0.0,,,,,,,0.0,,0.0,0.0,9300.0,18598.14,0.02,0.0,0.0,,0.0,2.0
2024-02-15,0.0,0.0,0.0,0.0,0.0,0.0,,0.0,0.0,0.0,0.0,,,,,,,0.0,,0.0,0.0,9300.0,17205.0,0.02,0.0,0.0,,0.0,1.85
2024-02-16,0.0,0.0,0.0,0.0,0.0,0.0,,0.0,0.0,0.0,0.0,,,,,,,0.0,,0.0,0.0,9300.0,16740.0,0.02,0.0,0.0,,0.0,1.8
2024-02-19,0.0,0.0,0.0,0.0,0.0,0.0,,0.0,0.0,0.0,0.0,,,,,,,0.0,,0.0,0.0,9300.0,16740.0,0.02,0.0,0.0,,0.0,1.8
2024-02-20,0.0,0.0,0.0,0.0,0.0,0.0,,0.0,0.0,0.0,0.0,,,,,,,0.0,,0.0,0.0,9300.0,16740.0,0.02,0.0,0.0,,0.0,1.8
2024-02-21,0.0,0.0,0.0,0.0,0.0,0.0,,0.0,0.0,0.0,0.0,,,,,,,0.0,,0.0,0.0,9300.0,16740.0,0.02,0.0,0.0,,0.0,1.8
2024-02-22,0.0,0.0,0.0,0.0,0.0,0.0,,0.0,0.0,0.0,0.0,,,,,,,0.0,,0.0,0.0,9300.0,16740.0,0.02,0.0,0.0,,0.0,1.8
2024-02-23,0.0,0.0,0.0,0.0,0.0,0.0,,0.0,0.0,0.0,0.0,,,,,,,0.0,,0.0,0.0,9300.0,24180.0,0.02,0.0,0.0,,0.0,2.6
2024-02-26,0.0,0.0,0.0,0.0,0.0,0.0,,0.0,0.0,0.0,0.0,,,,,,,0.0,,0.0,0.0,9300.0,23250.0,0.02,0.0,0.0,,0.0,2.5
2024-02-27,0.0,0.0,0.0,0.0,0.0,0.0,,0.0,0.0,0.0,0.0,,,,,,,0.0,,0.0,0.0,9300.0,19251.0,0.02,0.0,0.0,,0.0,2.07
2024-02-28,0.0,0.0,0.0,0.0,0.0,0.0,,0.0,0.0,0.0,0.0,,,,,,,0.0,,0.0,0.0,9300.0,19153.35,0.02,0.0,0.0,,0.0,2.06
2024-02-29,0.0,0.0,0.0,0.0,0.0,0.0,,0.0,0.0,0.0,0.0,,,,,,,0.0,,0.0,0.0,9300.0,22134.0,0.02,0.0,0.0,,0.0,2.38
2024-03-01,0.0,0.0,0.0,0.0,0.0,0.0,,0.0,0.0,0.0,0.0,,,,,,,0.0,,0.0,0.0,9300.0,21111.0,0.02,0.0,0.0,,0.0,2.27
2024-03-04,0.0,0.0,0.0,0.0,0.0,0.0,,0.0,0.0,0.0,0.0,,,,,,,0.0,,0.0,0.0,9300.0,20367.0,0.02,0.0,0.0,,0.0,2.19
2024-03-05,0.0,0.0,0.0,0.0,0.0,0.0,,0.0,0.0,0.0,0.0,,,,,,,0.0,,0.0,0.0,9300.0,21111.0,0.02,0.0,0.0,,0.0,2.27
2024-03-06,0.0,0.0,0.0,0.0,0.0,0.0,,0.0,0.0,0.0,0.0,,,,,,,0.0,,0.0,0.0,9300.0,21157.5,0.02,0.0,0.0,,0.0,2.275
2024-03-07,0.0,0.0,0.0,0.0,0.0,0.0,,0.0,0.0,0.0,0.0,,,,,,,0.0,,0.0,0.0,9300.0,21390.0,0.02,0.0,0.0,,0.0,2.3
2024-03-08,0.0,0.0,0.0,0.0,0.0,0.0,,0.0,0.0,0.0,0.0,,,,,,,0.0,,0.0,0.0,9300.0,21483.0,0.02,0.0,0.0,,0.0,2.31
2024-03-11,0.0,0.0,0.0,0.0,0.0,0.0,,0.0,0.0,0.0,0.0,,,,,,,0.0,,0.0,0.0,9300.0,21390.0,0.02,0.0,0.0,,0.0,2.3
2024-03-12,0.0,0.0,0.0,0.0,0.0,0.0,,0.0,0.0,0.0,0.0,,,,,,,0.0,,0.0,0.0,9300.0,21297.0,0.02,0.0,0.0,,0.0,2.29
2024-03-13,0.0,0.0,0.0,0.0,0.0,0.0,,0.0,0.0,0.0,0.0,,,,,,,0.0,,0.0,0.0,9300.0,22041.0,0.02,0.0,0.0,,0.0,2.37
2024-03-14,0.0,0.0,0.0,0.0,0.0,0.0,,0.0,0.0,0.0,0.0,,,,,,,0.0,,0.0,0.0,9300.0,21673.65,0.02,0.0,0.0,,0.0,2.331
2024-03-15,0.0,0.0,0.0,0.0,0.0,0.0,,0.0,0.0,0.0,0.0,,,,,,,0.0,,0.0,0.0,9300.0,20832.0,0.02,0.0,0.0,,0.0,2.24
2024-03-18,0.0,0.0,0.0,0.0,0.0,0.0,,0.0,0.0,0.0,0.0,,,,,,,0.0,,0.0,0.0,9300.0,21018.0,0.02,0.0,0.0,,0.0,2.26
2024-03-19,0.0,0.0,0.0,0.0,0.0,0.0,,0.0,0.0,0.0,0.0,,,,,,,0.0,,0.0,0.0,9300.0,20943.6,0.02,0.0,0.0,,0.0,2.252
2024-03-20,0.0,0.0,0.0,0.0,0.0,0.0,,0.0,0.0,0.0,0.0,,,,,,,0.0,,0.0,0.0,9300.0,20943.6,0.02,0.0,0.0,,0.0,2.252
2024-03-21,0.0,0.0,0.0,0.0,0.0,0.0,,0.0,0.0,0.0,0.0,,,,,,,0.0,,0.0,0.0,6861.0,15862.63,0.02,0.0,0.0,,0.0,2.312
2024-03-22,0.0,0.0,0.0,0.0,0.0,0.0,,0.0,0.0,0.0,0.0,,,,,,,0.0,,0.0,0.0,6861.0,15162.81,0.02,0.0,0.0,,0.0,2.21
2024-03-25,0.0,0.0,0.0,0.0,0.0,0.0,,0.0,0.0,0.0,0.0,,,,,,,0.0,,0.0,0.0,6861.0,14956.98,0.02,0.0,0.0,,0.0,2.18
2024-03-26,0.0,0.0,0.0,0.0,0.0,0.0,,0.0,0.0,0.0,0.0,,,,,,,0.0,,0.0,0.0,6861.0,15094.2,0.02,0.0,0.0,,0.0,2.2
2024-03-27,0.0,0.0,0.0,0.0,0.0,0.0,,0.0,0.0,0.0,0.0,,,,,,,0.0,,0.0,0.0,6861.0,21955.2,0.02,0.0,0.0,,0.0,3.2
2024-03-28,0.0,0.0,0.0,0.0,0.0,0.0,,0.0,0.0,0.0,0.0,,,,,,,0.0,,0.0,0.0,6861.0,26624.11,0.02,0.0,0.0,,0.0,3.881
2024-03-29,0.0,0.0,0.0,0.0,0.0,0.0,,0.0,0.0,0.0,0.0,,,,,,,0.0,,0.0,0.0,6861.0,26624.11,0.03,0.0,0.0,,0.0,
2024-04-01,0.0,0.0,0.0,0.0,0.0,0.0,,0.0,0.0,0.0,0.0,,,,,,,0.0,,0.0,0.0,6861.0,26624.11,0.03,0.0,0.0,,0.0,
2024-04-02,0.0,0.0,0.0,0.0,0.0,0.0,,0.0,0.0,0.0,0.0,,,,,,,0.0,,0.0,0.0,6861.0,41166.0,0.03,0.0,0.0,,0.0,6.0
2024-04-03,0.0,0.0,0.0,0.0,0.0,0.0,,0.0,0.0,0.0,0.0,,,,,,,0.0,,0.0,0.0,6861.0,52966.92,0.04,0.0,0.0,,0.0,7.72
2024-04-04,0.0,0.0,0.0,0.0,0.0,0.0,,0.0,0.0,0.0,0.0,,,,,,,0.0,,0.0,0.0,6861.0,34716.66,0.05,0.0,0.0,,0.0,5.06
2024-04-05,0.0,0.0,0.0,0.0,0.0,0.0,,0.0,0.0,0.0,0.0,,,,,,,0.0,,0.0,0.0,6861.0,42949.86,0.03,0.0,0.0,,0.0,6.26
2024-04-08,0.0,0.0,0.0,0.0,0.0,0.0,,0.0,0.0,0.0,0.0,,,,,,,0.0,,0.0,0.0,6861.0,37323.84,0.04,0.0,0.0,,0.0,5.44
2024-04-09,0.0,0.0,0.0,0.0,0.0,0.0,,0.0,0.0,0.0,0.0,,,,,,,0.0,,0.0,0.0,6861.0,35128.32,0.04,0.0,0.0,,0.0,5.12
2024-04-10,0.0,0.0,0.0,0.0,0.0,0.0,,0.0,0.0,0.0,0.0,,,,,,,0.0,,0.0,0.0,6861.0,32246.7,0.04,0.0,0.0,,0.0,4.7
2024-04-11,0.0,0.0,0.0,0.0,0.0,0.0,,0.0,0.0,0.0,0.0,,,,,,,0.0,,0.0,0.0,6861.0,30943.11,0.03,0.0,0.0,,0.0,4.51
2024-04-12,0.0,0.0,0.0,0.0,0.0,0.0,,0.0,0.0,0.0,0.0,,,,,,,0.0,,0.0,0.0,6861.0,33344.46,0.03,0.0,0.0,,0.0,4.86
2024-04-15,0.0,0.0,0.0,0.0,0.0,0.0,,0.0,0.0,0.0,0.0,,,,,,,0.0,,0.0,0.0,6861.0,32383.92,0.03,0.0,0.0,,0.0,4.72
2024-04-16,0.0,0.0,0.0,0.0,0.0,0.0,,0.0,0.0,0.0,0.0,,,,,,,0.0,,0.0,0.0,6861.0,32383.92,0.03,0.0,0.0,,0.0,4.72
2024-04-17,0.0,0.0,0.0,0.0,0.0,0.0,,0.0,0.0,0.0,0.0,,,,,,,0.0,,0.0,0.0,6861.0,31697.82,0.03,0.0,0.0,,0.0,4.62
2024-04-18,0.0,0.0,0.0,0.0,0.0,0.0,,0.0,0.0,0.0,0.0,,,,,,,0.0,,0.0,0.0,6861.0,38421.6,0.03,0.0,0.0,,0.0,5.6
2024-04-19,0.0,0.0,0.0,0.0,0.0,0.0,,0.0,0.0,0.0,0.0,,,,,,,0.0,,0.0,0.0,6861.0,35677.2,0.04,0.0,0.0,,0.0,5.2
2024-04-22,13400.0,68608.0,0.16,0.84,0.16,0.07,0.0,34304.0,6700.0,6700.0,34304.0,6700.0,,,0.03,6700.0,,0.04,,49.41,49.41,6861.0,35128.32,0.03,55.78,1.0,100.0,0.9881,5.12
2024-04-23,13400.0,67000.0,0.16,0.84,0.16,0.07,0.0,33500.0,6700.0,6700.0,33500.0,,,,,,,0.04,,49.41,49.41,6861.0,34305.0,0.03,56.66,1.0,100.0,0.9881,5.0
2024-04-24,2600.0,13104.0,0.03,0.16,0.03,0.01,0.0,6552.0,1300.0,1300.0,6552.0,,0.04,6700.0,,1300.0,5400.0,0.01,0.03,100.0,6.03,0.0,0.0,0.0,100.0,1.0,100.0,0.1206,5.04
2024-04-25,2600.0,13572.0,0.03,0.16,0.03,0.01,0.0,6786.0,1300.0,1300.0,6786.0,,,,,,,0.01,,100.0,8.75,0.0,0.0,0.0,100.0,1.0,100.0,0.175,5.22
2024-04-26,2600.0,13520.0,0.03,0.16,0.03,0.01,0.0,6760.0,1300.0,1300.0,6760.0,,,,,,,0.01,,100.0,15.93,0.0,0.0,0.0,100.0,1.0,100.0,0.3186,5.2
2024-04-29,2600.0,14040.0,0.03,0.16,0.03,0.01,0.0,7020.0,1300.0,1300.0,7020.0,,,,,,,0.01,,100.0,15.93,0.0,0.0,0.0,100.0,1.0,100.0,0.3186,5.4
2024-04-30,2600.0,14300.0,0.03,0.16,0.03,0.01,0.0,7150.0,1300.0,1300.0,7150.0,,,,,,,0.01,,100.0,100.0,0.0,0.0,0.0,100.0,1.0,100.0,2.0,5.5
2024-05-01,2600.0,14300.0,0.03,0.16,0.03,0.01,0.0,7150.0,1300.0,1300.0,7150.0,,,,,,,0.01,,100.0,100.0,0.0,0.0,0.0,100.0,1.0,100.0,2.0,
2024-05-02,2600.0,14872.0,0.03,0.16,0.03,0.01,0.0,7436.0,1300.0,1300.0,7436.0,,,,,,,0.01,,100.0,100.0,0.0,0.0,0.0,100.0,1.0,100.0,2.0,5.72
2024-05-03,2600.0,14456.0,0.03,0.15,0.03,0.01,0.0,7228.0,1300.0,1300.0,7228.0,,,,,,,0.01,,100.0,100.0,0.0,0.0,0.0,100.0,1.0,100.0,2.0,5.56
2024-05-06,0.0,0.0,0.0,0.0,0.0,0.0,,0.0,0.0,0.0,0.0,,0.01,1300.0,,,1300.0,0.0,0.01,0.0,0.0,200.0,1112.0,0.0,0.0,0.0,,0.0,5.56
2024-05-07,,,,,,,,,,,,,,,,,,,,,,,,,,,,,5.66
2024-05-08,,,,,,,,,,,,,,,,,,,,,,,,,,,,,5.52
2024-05-09,,,,,,,,,,,,,,,,,,,,,,,,,,,,,5.46
2024-05-10,,,,,,,,,,,,,,,,,,,,,,,,,,,,,5.12
2024-05-13,,,,,,,,,,,,,,,,,,,,,,,,,,,,,4.92
2024-05-14,,,,,,,,,,,,,,,,,,,,,,,,,,,,,6.66
2024-05-15,,,,,,,,,,,,,,,,,,,,,,,,,,,,,6.26
2024-05-16,,,,,,,,,,,,,,,,,,,,,,,,,,,,,5.98
2024-05-17,,,,,,,,,,,,,,,,,,,,,,,,,,,,,5.76
2024-05-20,,,,,,,,,,,,,,,,,,,,,,,,,,,,,5.94
2024-05-21,,,,,,,,,,,,,,,,,,,,,,,,,,,,,5.76
2024-05-22,,,,,,,,,,,,,,,,,,,,,,,,,,,,,5.62
2024-05-23,,,,,,,,,,,,,,,,,,,,,,,,,,,,,5.56
2024-05-24,,,,,,,,,,,,,,,,,,,,,,,,,,,,,5.54
2024-05-27,,,,,,,,,,,,,,,,,,,,,,,,,,,,,5.52
2024-05-28,,,,,,,,,,,,,,,,,,,,,,,,,,,,,5.98
2024-05-29,,,,,,,,,,,,,,,,,,,,,,,,,,,,,6.0
2024-05-30,,,,,,,,,,,,,,,,,,,,,,,,,,,,,5.84
2024-05-31,,,,,,,,,,,,,,,,,,,,,,,,,,,,,5.7
2024-06-03,,,,,,,,,,,,,,,,,,,,,,,,,,,,,5.72
2024-06-04,,,,,,,,,,,,,,,,,,,,,,,,,,,,,5.78
2024-06-05,,,,,,,,,,,,,,,,,,,,,,,,,,,,,5.96
2024-06-06,,,,,,,,,,,,,,,,,,,,,,,,,,,,,5.94
2024-06-07,,,,,,,,,,,,,,,,,,,,,,,,,,,,,5.92
2024-06-10,,,,,,,,,,,,,,,,,,,,,,,,,,,,,5.76
2024-06-11,,,,,,,,,,,,,,,,,,,,,,,,,,,,,5.72
2024-06-12,,,,,,,,,,,,,,,,,,,,,,,,,,,,,5.92
2024-06-13,,,,,,,,,,,,,,,,,,,,,,,,,,,,,5.8
2024-06-14,,,,,,,,,,,,,,,,,,,,,,,,,,,,,5.64
2024-06-17,,,,,,,,,,,,,,,,,,,,,,,,,,,,,5.32
2024-06-18,,,,,,,,,,,,,,,,,,,,,,,,,,,,,5.08
2024-06-19,,,,,,,,,,,,,,,,,,,,,,,,,,,,,5.08
2024-06-20,,,,,,,,,,,,,,,,,,,,,,,,,,,,,4.97
2024-06-21,,,,,,,,,,,,,,,,,,,,,,,,,,,,,4.92
2024-06-24,,,,,,,,,,,,,,,,,,,,,,,,,,,,,4.85
2024-06-25,,,,,,,,,,,,,,,,,,,,,,,,,,,,,4.82
2024-06-26,,,,,,,,,,,,,,,,,,,,,,,,,,,,,4.85
2024-06-27,,,,,,,,,,,,,,,,,,,,,,,,,,,,,4.83
2024-06-28,,,,,,,,,,,,,,,,,,,,,,,,,,,,,4.76
2024-07-01,,,,,,,,,,,,,,,,,,,,,,,,,,,,,4.75
2024-07-02,,,,,,,,,,,,,,,,,,,,,,,,,,,,,4.75
2024-07-03,,,,,,,,,,,,,,,,,,,,,,,,,,,,,4.76
2024-07-04,,,,,,,,,,,,,,,,,,,,,,,,,,,,,4.88
2024-07-05,,,,,,,,,,,,,,,,,,,,,,,,,,,,,6.08
2024-07-08,,,,,,,,,,,,,,,,,,,,,,,,,,,,,6.0
2024-07-09,,,,,,,,,,,,,,,,,,,,,,,,,,,,,5.86
2024-07-10,,,,,,,,,,,,,,,,,,,,,,,,,,,,,5.86
2024-07-11,,,,,,,,,,,,,,,,,,,,,,,,,,,,,5.86
2024-07-12,,,,,,,,,,,,,,,,,,,,,,,,,,,,,5.78
2024-07-15,,,,,,,,,,,,,,,,,,,,,,,,,,,,,5.66
2024-07-16,,,,,,,,,,,,,,,,,,,,,,,,,,,,,5.74
2024-07-17,,,,,,,,,,,,,,,,,,,,,,,,,,,,,5.9
2024-07-18,,,,,,,,,,,,,,,,,,,,,,,,,,,,,5.88
2024-07-19,,,,,,,,,,,,,,,,,,,,,,,,,,,,,5.84
2024-07-22,0.0,0.0,0.0,0.0,0.0,0.0,,0.0,0.0,0.0,0.0,,,,,,,0.0,,0.0,0.0,100.0,582.0,0.0,0.0,0.0,,0.0,5.82
2024-07-23,,,,,,,,,,,,,,,,,,,,,,,,,,,,,5.84
2024-07-24,0.0,0.0,0.0,0.0,0.0,0.0,,0.0,0.0,0.0,0.0,,,,,,,0.0,,0.0,0.0,100.0,642.0,0.0,0.0,0.0,,0.0,6.42
2024-07-25,0.0,0.0,0.0,0.0,0.0,0.0,,0.0,0.0,0.0,0.0,,,,,,,0.0,,0.0,0.0,100.0,700.0,0.0,0.0,0.0,,0.0,7.0
2024-07-26,0.0,0.0,0.0,0.0,0.0,0.0,,0.0,0.0,0.0,0.0,,,,,,,0.0,,0.0,0.0,100.0,630.0,0.0,0.0,0.0,,0.0,6.3
2024-07-29,0.0,0.0,0.0,0.0,0.0,0.0,,0.0,0.0,0.0,0.0,,,,,,,0.0,,0.0,0.0,100.0,590.0,0.0,0.0,0.0,,0.0,5.9
2024-07-30,0.0,0.0,0.0,0.0,0.0,0.0,,0.0,0.0,0.0,0.0,,,,,,,0.0,,0.0,0.0,100.0,588.0,0.0,0.0,0.0,,0.0,5.88
2024-07-31,0.0,0.0,0.0,0.0,0.0,0.0,,0.0,0.0,0.0,0.0,,,,,,,0.0,,0.0,0.0,100.0,586.0,0.0,0.0,0.0,,0.0,5.86
2024-08-01,0.0,0.0,0.0,0.0,0.0,0.0,,0.0,0.0,0.0,0.0,,,,,,,0.0,,0.0,0.0,100.0,580.0,0.0,0.0,0.0,,0.0,5.8
2024-08-02,0.0,0.0,0.0,0.0,0.0,0.0,,0.0,0.0,0.0,0.0,,,,,,,0.0,,0.0,0.0,100.0,570.0,0.0,0.0,0.0,,0.0,5.7
2024-08-05,,,,,,,,,,,,,,,,,,,,,,,,,,,,,5.1
2024-08-06,,,,,,,,,,,,,,,,,,,,,,,,,,,,,5.0
2024-08-07,,,,,,,,,,,,,,,,,,,,,,,,,,,,,5.12
2024-08-08,,,,,,,,,,,,,,,,,,,,,,,,,,,,,5.16
2024-08-09,,,,,,,,,,,,,,,,,,,,,,,,,,,,,5.2
2024-08-12,,,,,,,,,,,,,,,,,,,,,,,,,,,,,5.18
2024-08-13,,,,,,,,,,,,,,,,,,,,,,,,,,,,,5.22
2024-08-14,,,,,,,,,,,,,,,,,,,,,,,,,,,,,5.22
2024-08-15,,,,,,,,,,,,,,,,,,,,,,,,,,,,,5.4
2024-08-16,,,,,,,,,,,,,,,,,,,,,,,,,,,,,5.84
2024-08-19,,,,,,,,,,,,,,,,,,,,,,,,,,,,,6.18
2024-08-20,,,,,,,,,,,,,,,,,,,,,,,,,,,,,5.98
2024-08-21,,,,,,,,,,,,,,,,,,,,,,,,,,,,,6.1
2024-08-22,,,,,,,,,,,,,,,,,,,,,,,,,,,,,6.2
2024-08-23,,,,,,,,,,,,,,,,,,,,,,,,,,,,,6.2
2024-08-26,86.0,534.92,0.0,0.05,0.0,0.0,0.0,267.46,43.0,43.0,267.46,43.0,,,0.0,43.0,,0.0,,100.0,100.0,0.0,0.0,0.0,100.0,1.0,100.0,2.0,6.22
2024-08-27,86.0,528.04,0.0,0.05,0.0,0.0,0.0,264.02,43.0,43.0,264.02,,,,,,,0.0,,100.0,100.0,0.0,0.0,0.0,100.0,1.0,100.0,2.0,6.14
2024-08-28,86.0,524.6,0.0,0.05,0.0,0.0,0.0,262.3,43.0,43.0,262.3,,,,,,,0.0,,100.0,100.0,0.0,0.0,0.0,100.0,1.0,100.0,2.0,6.1
2024-08-29,86.0,526.32,0.0,0.05,0.0,0.0,0.0,263.16,43.0,43.0,263.16,,,,,,,0.0,,100.0,100.0,0.0,0.0,0.0,100.0,1.0,100.0,2.0,6.12
2024-08-30,86.0,528.04,0.0,0.05,0.0,0.0,0.0,264.02,43.0,43.0,264.02,,,,,,,0.0,,100.0,100.0,0.0,0.0,0.0,100.0,1.0,100.0,2.0,6.14
2024-09-02,86.0,529.76,0.0,0.05,0.0,0.0,0.0,264.88,43.0,43.0,264.88,,,,,,,0.0,,100.0,100.0,0.0,0.0,0.0,100.0,1.0,100.0,2.0,6.16
2024-09-03,,,,,,,,,,,,,,,,,,,,,,,,,,,,,6.14
2024-09-04,,,,,,,,,,,,,,,,,,,,,,,,,,,,,6.06
2024-09-05,,,,,,,,,,,,,,,,,,,,,,,,,,,,,6.1
2024-09-06,,,,,,,,,,,,,,,,,,,,,,,,,,,,,6.0
2024-09-09,,,,,,,,,,,,,,,,,,,,,,,,,,,,,5.96
2024-09-10,,,,,,,,,,,,,,,,,,,,,,,,,,,,,5.96
2024-09-11,,,,,,,,,,,,,,,,,,,,,,,,,,,,,6.0
2024-09-12,,,,,,,,,,,,,,,,,,,,,,,,,,,,,5.98
2024-09-13,,,,,,,,,,,,,,,,,,,,,,,,,,,,,5.98
2024-09-16,,,,,,,,,,,,,,,,,,,,,,,,,,,,,5.98
2024-09-17,,,,,,,,,,,,,,,,,,,,,,,,,,,,,5.92
2024-09-18,,,,,,,,,,,,,,,,,,,,,,,,,,,,,5.88
2024-09-19,,,,,,,,,,,,,,,,,,,,,,,,,,,,,5.98
2024-09-20,,,,,,,,,,,,,,,,,,,,,,,,,,,,,5.96
2024-09-23,600.0,3552.0,0.01,0.74,0.01,0.0,0.0,1776.0,300.0,300.0,1776.0,300.0,,,0.0,300.0,,0.0,,100.0,100.0,0.0,0.0,0.0,100.0,1.0,100.0,2.0,5.92
2024-09-24,600.0,3552.0,0.01,0.73,0.01,0.0,0.0,1776.0,300.0,300.0,1776.0,,,,,,,0.0,,100.0,100.0,0.0,0.0,0.0,100.0,1.0,100.0,2.0,5.92
2024-09-25,600.0,3552.0,0.01,0.71,0.01,0.0,0.0,1776.0,300.0,300.0,1776.0,,,,,,,0.0,,100.0,100.0,0.0,0.0,0.0,100.0,1.0,100.0,2.0,5.92
2024-09-26,600.0,3516.0,0.01,0.7,0.01,0.0,0.0,1758.0,300.0,300.0,1758.0,,,,,,,0.0,,100.0,100.0,0.0,0.0,0.0,100.0,1.0,100.0,2.0,5.86
2024-09-27,600.0,3516.0,0.01,0.69,0.01,0.0,0.0,1758.0,300.0,300.0,1758.0,,,,,,,0.0,,100.0,100.0,0.0,0.0,0.0,100.0,1.0,100.0,2.0,5.86
2024-09-30,600.0,3468.0,0.01,0.72,0.01,0.0,0.0,1734.0,300.0,300.0,1734.0,,,,,,,0.0,,100.0,100.0,0.0,0.0,0.0,100.0,1.0,100.0,2.0,5.78
2024-10-01,600.0,3300.0,0.01,0.79,0.01,0.0,0.0,1650.0,300.0,300.0,1650.0,,,,,,,0.0,,100.0,100.0,0.0,0.0,0.0,100.0,1.0,100.0,2.0,5.5
2024-10-02,600.0,3300.0,0.01,0.72,0.01,0.0,0.0,1650.0,300.0,300.0,1650.0,,,,,,,0.0,,100.0,100.0,0.0,0.0,0.0,100.0,1.0,100.0,2.0,5.5
2024-10-03,600.0,3288.0,0.01,0.74,0.01,0.0,0.0,1644.0,300.0,300.0,1644.0,,,,,,,0.0,,100.0,100.0,0.0,0.0,0.0,100.0,1.0,100.0,2.0,5.48
2024-10-04,600.0,3252.0,0.01,0.81,0.01,0.0,0.0,1626.0,300.0,300.0,1626.0,,,,,,,0.0,,100.0,100.0,0.0,0.0,0.0,100.0,1.0,100.0,2.0,5.42
2024-10-07,600.0,3300.0,0.01,0.81,0.01,0.0,0.0,1650.0,300.0,300.0,1650.0,,,,,,,0.0,,100.0,100.0,0.0,0.0,0.0,100.0,1.0,100.0,2.0,5.5
2024-10-08,600.0,3336.0,0.01,0.75,0.01,0.0,0.0,1668.0,300.0,300.0,1668.0,,,,,,,0.0,,100.0,100.0,0.0,0.0,0.0,100.0,1.0,100.0,2.0,5.56
2024-10-09,600.0,3372.0,0.01,0.75,0.01,0.0,0.0,1686.0,300.0,300.0,1686.0,,,,,,,0.0,,100.0,100.0,0.0,0.0,0.0,100.0,1.0,100.0,2.0,5.62
2024-10-10,600.0,3540.0,0.01,0.81,0.01,0.0,0.0,1770.0,300.0,300.0,1770.0,,,,,,,0.0,,100.0,100.0,0.0,0.0,0.0,100.0,1.0,100.0,2.0,5.9
2024-10-11,600.0,3660.0,0.01,0.69,0.01,0.0,0.0,1830.0,300.0,300.0,1830.0,,,,,,,0.0,,100.0,100.0,0.0,0.0,0.0,100.0,1.0,100.0,2.0,6.1
2024-10-14,600.0,3600.0,0.01,0.68,0.01,0.0,0.0,1800.0,300.0,300.0,1800.0,,,,,,,0.0,,100.0,100.0,0.0,0.0,0.0,100.0,1.0,100.0,2.0,6.0
2024-10-15,600.0,3660.0,0.01,0.67,0.01,0.0,0.0,1830.0,300.0,300.0,1830.0,,,,,,,0.0,,100.0,100.0,0.0,0.0,0.0,100.0,1.0,100.0,2.0,6.1
2024-10-16,600.0,3660.0,0.01,0.67,0.01,0.0,0.0,1830.0,300.0,300.0,1830.0,,,,,,,0.0,,100.0,100.0,0.0,0.0,0.0,100.0,1.0,100.0,2.0,6.1
2024-10-17,600.0,3636.0,0.01,0.7,0.01,0.0,0.0,1818.0,300.0,300.0,1818.0,,,,,,,0.0,,100.0,100.0,0.0,0.0,0.0,100.0,1.0,100.0,2.0,6.06
2024-10-18,600.0,3624.0,0.01,0.65,0.01,0.0,0.0,1812.0,300.0,300.0,1812.0,,,,,,,0.0,,100.0,100.0,0.0,0.0,0.0,100.0,1.0,100.0,2.0,6.04
2024-10-21,600.0,2490.0,0.01,0.7,0.01,0.0,0.0,1245.0,300.0,300.0,1245.0,,,,,,,0.0,,100.0,100.0,0.0,0.0,0.0,100.0,1.0,100.0,2.0,4.15
2024-10-22,600.0,2352.0,0.01,0.44,0.01,0.0,0.0,1176.0,300.0,300.0,1176.0,,,,,,,0.0,,100.0,100.0,0.0,0.0,0.0,100.0,1.0,100.0,2.0,3.92
2024-10-23,600.0,2280.0,0.01,0.36,0.01,0.0,0.0,1140.0,300.0,300.0,1140.0,,,,,,,0.0,,100.0,100.0,0.0,0.0,0.0,100.0,1.0,100.0,2.0,3.8
2024-10-24,300.0,1161.0,0.0,0.18,0.0,0.0,0.0,1161.0,0.0,300.0,0.0,,0.0,300.0,,,,0.0,,0.0,0.0,0.0,0.0,0.0,0.0,1.0,100.0,0.0,3.87
2024-10-25,600.0,2316.0,0.01,0.35,0.01,0.0,0.0,1158.0,300.0,300.0,1158.0,,,,,300.0,,0.0,,100.0,100.0,0.0,0.0,0.0,100.0,1.0,100.0,2.0,3.86
2024-10-28,300.0,1152.0,0.0,0.18,0.0,0.0,0.0,1152.0,0.0,300.0,0.0,,0.0,300.0,,,,0.0,,0.0,0.0,0.0,0.0,0.0,0.0,1.0,100.0,0.0,3.84
2024-10-29,300.0,1152.0,0.0,0.17,0.0,0.0,0.0,1152.0,0.0,300.0,0.0,,,,,,,0.0,,0.0,0.0,0.0,0.0,0.0,0.0,1.0,100.0,0.0,3.84
2024-10-30,,,,,,,,,,,,,,,,,,,,,,,,,,,,,3.83
2024-10-31,,,,,,,,,,,,,,,,,,,,,,,,,,,,,3.84
2024-11-01,,,,,,,,,,,,,,,,,,,,,,,,,,,,,3.82
2024-11-04,,,,,,,,,,,,,,,,,,,,,,,,,,,,,3.75
2024-11-05,,,,,,,,,,,,,,,,,,,,,,,,,,,,,3.75
2024-11-06,,,,,,,,,,,,,,,,,,,,,,,,,,,,,3.75
2024-11-07,,,,,,,,,,,,,,,,,,,,,,,,,,,,,3.58
2024-11-08,,,,,,,,,,,,,,,,,,,,,,,,,,,,,3.4
2024-11-11,,,,,,,,,,,,,,,,,,,,,,,,,,,,,3.33
2024-11-12,,,,,,,,,,,,,,,,,,,,,,,,,,,,,3.0
2024-11-13,,,,,,,,,,,,,,,,,,,,,,,,,,,,,3.0
2024-11-14,,,,,,,,,,,,,,,,,,,,,,,,,,,,,2.96
2024-11-15,,,,,,,,,,,,,,,,,,,,,,,,,,,,,2.88
2024-11-18,,,,,,,,,,,,,,,,,,,,,,,,,,,,,2.8
2024-11-19,,,,,,,,,,,,,,,,,,,,,,,,,,,,,2.78
2024-11-20,,,,,,,,,,,,,,,,,,,,,,,,,,,,,2.75
2024-11-21,,,,,,,,,,,,,,,,,,,,,,,,,,,,,2.7
2024-11-22,,,,,,,,,,,,,,,,,,,,,,,,,,,,,2.69
2024-11-25,,,,,,,,,,,,,,,,,,,,,,,,,,,,,2.68
2024-11-26,,,,,,,,,,,,,,,,,,,,,,,,,,,,,2.3
2024-11-27,,,,,,,,,,,,,,,,,,,,,,,,,,,,,2.2
2024-11-28,,,,,,,,,,,,,,,,,,,,,,,,,,,,,2.38
2024-11-29,,,,,,,,,,,,,,,,,,,,,,,,,,,,,2.4
2024-12-02,,,,,,,,,,,,,,,,,,,,,,,,,,,,,2.46
2024-12-03,,,,,,,,,,,,,,,,,,,,,,,,,,,,,2.38
2024-12-04,,,,,,,,,,,,,,,,,,,,,,,,,,,,,2.39
2024-12-05,,,,,,,,,,,,,,,,,,,,,,,,,,,,,2.38
2024-12-06,,,,,,,,,,,,,,,,,,,,,,,,,,,,,2.39
2024-12-09,,,,,,,,,,,,,,,,,,,,,,,,,,,,,2.42
2024-12-10,,,,,,,,,,,,,,,,,,,,,,,,,,,,,2.43
2024-12-11,,,,,,,,,,,,,,,,,,,,,,,,,,,,,2.33
2024-12-12,,,,,,,,,,,,,,,,,,,,,,,,,,,,,2.33
2024-12-13,,,,,,,,,,,,,,,,,,,,,,,,,,,,,2.24
2024-12-16,,,,,,,,,,,,,,,,,,,,,,,,,,,,,2.6
2024-12-17,,,,,,,,,,,,,,,,,,,,,,,,,,,,,2.6
2024-12-18,,,,,,,,,,,,,,,,,,,,,,,,,,,,,2.58
2024-12-19,,,,,,,,,,,,,,,,,,,,,,,,,,,,,2.59
2024-12-20,,,,,,,,,,,,,,,,,,,,,,,,,,,,,2.57
2024-12-23,,,,,,,,,,,,,,,,,,,,,,,,,,,,,2.55
2024-12-24,,,,,,,,,,,,,,,,,,,,,,,,,,,,,2.55
2024-12-27,,,,,,,,,,,,,,,,,,,,,,,,,,,,,2.53
2024-12-30,,,,,,,,,,,,,,,,,,,,,,,,,,,,,2.55
2024-12-31,,,,,,,,,,,,,,,,,,,,,,,,,,,,,2.62
2025-01-02,,,,,,,,,,,,,,,,,,,,,,,,,,,,,2.62
2025-01-03,,,,,,,,,,,,,,,,,,,,,,,,,,,,,2.58
2025-01-06,,,,,,,,,,,,,,,,,,,,,,,,,,,,,2.58
2025-01-07,,,,,,,,,,,,,,,,,,,,,,,,,,,,,2.54
2025-01-08,,,,,,,,,,,,,,,,,,,,,,,,,,,,,2.47
2025-01-09,,,,,,,,,,,,,,,,,,,,,,,,,,,,,2.47
2025-01-10,,,,,,,,,,,,,,,,,,,,,,,,,,,,,2.35
2025-01-13,,,,,,,,,,,,,,,,,,,,,,,,,,,,,2.35
2025-01-14,,,,,,,,,,,,,,,,,,,,,,,,,,,,,2.26
2025-01-15,,,,,,,,,,,,,,,,,,,,,,,,,,,,,2.26
2025-01-16,,,,,,,,,,,,,,,,,,,,,,,,,,,,,2.25
2025-01-17,,,,,,,,,,,,,,,,,,,,,,,,,,,,,2.25
2025-01-20,,,,,,,,,,,,,,,,,,,,,,,,,,,,,2.2
2025-01-21,,,,,,,,,,,,,,,,,,,,,,,,,,,,,2.2
2025-01-22,,,,,,,,,,,,,,,,,,,,,,,,,,,,,2.2
2025-01-23,,,,,,,,,,,,,,,,,,,,,,,,,,,,,2.19
2025-01-24,,,,,,,,,,,,,,,,,,,,,,,,,,,,,2.08
2025-01-27,,,,,,,,,,,,,,,,,,,,,,,,,,,,,1.98
2025-01-28,,,,,,,,,,,,,,,,,,,,,,,,,,,,,1.96
2025-01-29,,,,,,,,,,,,,,,,,,,,,,,,,,,,,1.95
2025-01-30,,,,,,,,,,,,,,,,,,,,,,,,,,,,,2.1
2025-01-31,,,,,,,,,,,,,,,,,,,,,,,,,,,,,2.11
2025-02-03,,,,,,,,,,,,,,,,,,,,,,,,,,,,,2.11
2025-02-04,,,,,,,,,,,,,,,,,,,,,,,,,,,,,2.1
2025-02-05,,,,,,,,,,,,,,,,,,,,,,,,,,,,,2.08
2025-02-06,,,,,,,,,,,,,,,,,,,,,,,,,,,,,2.08
2025-02-07,,,,,,,,,,,,,,,,,,,,,,,,,,,,,2.1
2025-02-10,,,,,,,,,,,,,,,,,,,,,,,,,,,,,2.11
2025-02-11,,,,,,,,,,,,,,,,,,,,,,,,,,,,,2.24
2025-02-12,,,,,,,,,,,,,,,,,,,,,,,,,,,,,2.6
2025-02-13,,,,,,,,,,,,,,,,,,,,,,,,,,,,,2.73
2025-02-14,,,,,,,,,,,,,,,,,,,,,,,,,,,,,2.64
2025-02-17,,,,,,,,,,,,,,,,,,,,,,,,,,,,,2.48
2025-02-18,,,,,,,,,,,,,,,,,,,,,,,,,,,,,2.3
2025-02-19,,,,,,,,,,,,,,,,,,,,,,,,,,,,,2.19
2025-02-20,,,,,,,,,,,,,,,,,,,,,,,,,,,,,2.24
2025-02-21,,,,,,,,,,,,,,,,,,,,,,,,,,,,,2.25
2025-02-24,,,,,,,,,,,,,,,,,,,,,,,,,,,,,2.25
2025-02-25,,,,,,,,,,,,,,,,,,,,,,,,,,,,,2.28
2025-02-26,,,,,,,,,,,,,,,,,,,,,,,,,,,,,2.32
2025-02-27,,,,,,,,,,,,,,,,,,,,,,,,,,,,,2.32
2025-02-28,,,,,,,,,,,,,,,,,,,,,,,,,,,,,2.38
2025-03-03,,,,,,,,,,,,,,,,,,,,,,,,,,,,,2.36
2025-03-04,,,,,,,,,,,,,,,,,,,,,,,,,,,,,2.36
2025-03-05,,,,,,,,,,,,,,,,,,,,,,,,,,,,,2.36
2025-03-06,,,,,,,,,,,,,,,,,,,,,,,,,,,,,2.36
2025-03-07,,,,,,,,,,,,,,,,,,,,,,,,,,,,,2.36
2025-03-10,,,,,,,,,,,,,,,,,,,,,,,,,,,,,2.36
2025-03-11,,,,,,,,,,,,,,,,,,,,,,,,,,,,,2.36
2025-03-12,,,,,,,,,,,,,,,,,,,,,,,,,,,,,2.36
2025-03-13,,,,,,,,,,,,,,,,,,,,,,,,,,,,,2.36
2025-03-14,,,,,,,,,,,,,,,,,,,,,,,,,,,,,2.36
2025-03-17,,,,,,,,,,,,,,,,,,,,,,,,,,,,,2.36
2025-03-18,,,,,,,,,,,,,,,,,,,,,,,,,,,,,2.36
2025-03-19,,,,,,,,,,,,,,,,,,,,,,,,,,,,,2.36
2025-03-20,,,,,,,,,,,,,,,,,,,,,,,,,,,,,2.36
2025-03-21,,,,,,,,,,,,,,,,,,,,,,,,,,,,,2.36
2025-03-24,,,,,,,,,,,,,,,,,,,,,,,,,,,,,2.36
2025-03-25,,,,,,,,,,,,,,,,,,,,,,,,,,,,,2.36
2025-03-26,,,,,,,,,,,,,,,,,,,,,,,,,,,,,2.36
2025-03-27,,,,,,,,,,,,,,,,,,,,,,,,,,,,,2.36
2025-03-28,,,,,,,,,,,,,,,,,,,,,,,,,,,,,2.36
2025-03-31,,,,,,,,,,,,,,,,,,,,,,,,,,,,,2.36
2025-04-01,,,,,,,,,,,,,,,,,,,,,,,,,,,,,2.36
2025-04-02,,,,,,,,,,,,,,,,,,,,,,,,,,,,,2.36
2025-04-03,,,,,,,,,,,,,,,,,,,,,,,,,,,,,2.36
2025-04-04,,,,,,,,,,,,,,,,,,,,,,,,,,,,,2.36
2025-04-07,,,,,,,,,,,,,,,,,,,,,,,,,,,,,2.36
2025-04-08,,,,,,,,,,,,,,,,,,,,,,,,,,,,,2.36
2025-04-09,,,,,,,,,,,,,,,,,,,,,,,,,,,,,2.36
2025-04-10,,,,,,,,,,,,,,,,,,,,,,,,,,,,,2.36
2025-04-11,,,,,,,,,,,,,,,,,,,,,,,,,,,,,2.36
2025-04-14,0.0,0.0,0.0,0.0,0.0,0.0,,0.0,0.0,0.0,0.0,,,,,,,0.0,,0.0,0.0,41.0,96.76,0.0,0.0,0.0,,0.0,2.36
2025-04-15,0.0,0.0,0.0,,0.0,0.0,,0.0,0.0,0.0,0.0,,,,,,,0.0,,0.0,0.0,41.0,96.76,0.0,0.0,0.0,,0.0,2.36
2025-04-16,0.0,0.0,0.0,,0.0,0.0,,0.0,0.0,0.0,0.0,,,,,,,0.0,,0.0,0.0,41.0,96.76,0.0,0.0,0.0,,0.0,2.36
2025-04-17,0.0,0.0,0.0,,0.0,0.0,,0.0,0.0,0.0,0.0,,,,,,,0.0,,0.0,0.0,41.0,96.76,0.0,0.0,0.0,,0.0,2.36
2025-04-18,0.0,0.0,0.0,,0.0,0.0,,0.0,0.0,0.0,0.0,,,,,,,0.0,,0.0,0.0,41.0,96.76,0.0,0.0,0.0,,0.0,
2025-04-21,0.0,0.0,0.0,,0.0,0.0,,0.0,0.0,0.0,0.0,,,,,,,0.0,,0.0,0.0,41.0,96.76,0.0,0.0,0.0,,0.0,
2025-04-22,0.0,0.0,0.0,,0.0,0.0,,0.0,0.0,0.0,0.0,,,,,,,0.0,,0.0,0.0,41.0,96.76,0.0,0.0,0.0,,0.0,2.36
2025-04-23,0.0,0.0,0.0,,0.0,0.0,,0.0,0.0,0.0,0.0,,,,,,,0.0,,0.0,0.0,41.0,96.76,0.0,0.0,0.0,,0.0,2.36
2025-04-24,0.0,0.0,0.0,,0.0,0.0,,0.0,0.0,0.0,0.0,,,,,,,0.0,,0.0,0.0,41.0,96.76,0.0,0.0,0.0,,0.0,2.36
2025-04-25,0.0,0.0,0.0,,0.0,0.0,,0.0,0.0,0.0,0.0,,,,,,,0.0,,0.0,0.0,41.0,96.76,0.0,0.0,0.0,,0.0,2.36
2025-04-28,0.0,0.0,0.0,,0.0,0.0,,0.0,0.0,0.0,0.0,,,,,,,0.0,,0.0,0.0,41.0,96.76,0.0,0.0,0.0,,0.0,2.36
2025-04-29,0.0,0.0,0.0,,0.0,0.0,,0.0,0.0,0.0,0.0,,,,,,,0.0,,0.0,0.0,41.0,96.76,0.0,0.0,0.0,,0.0,2.36
2025-04-30,0.0,0.0,0.0,,0.0,0.0,,0.0,0.0,0.0,0.0,,,,,,,0.0,,0.0,0.0,41.0,96.76,0.0,0.0,0.0,,0.0,2.36
2025-05-01,0.0,0.0,0.0,,0.0,0.0,,0.0,0.0,0.0,0.0,,,,,,,0.0,,0.0,0.0,41.0,96.76,0.0,0.0,0.0,,0.0,
2025-05-02,0.0,0.0,0.0,,0.0,0.0,,0.0,0.0,0.0,0.0,,,,,,,0.0,,0.0,0.0,41.0,96.76,0.0,0.0,0.0,,0.0,2.36
2025-05-05,0.0,0.0,0.0,,0.0,0.0,,0.0,0.0,0.0,0.0,,,,,,,0.0,,0.0,0.0,41.0,96.76,0.0,0.0,0.0,,0.0,2.36
2025-05-06,0.0,0.0,0.0,,0.0,0.0,,0.0,0.0,0.0,0.0,,,,,,,0.0,,0.0,0.0,41.0,96.76,0.0,0.0,0.0,,0.0,2.36
2025-05-07,0.0,0.0,0.0,,0.0,0.0,,0.0,0.0,0.0,0.0,,,,,,,0.0,,0.0,0.0,41.0,96.76,0.0,0.0,0.0,,0.0,2.36
2025-05-08,0.0,0.0,0.0,,0.0,0.0,,0.0,0.0,0.0,0.0,,,,,,,0.0,,0.0,0.0,41.0,96.76,0.0,0.0,0.0,,0.0,2.36
2025-05-09,0.0,0.0,0.0,,0.0,0.0,,0.0,0.0,0.0,0.0,,,,,,,0.0,,0.0,0.0,41.0,96.76,0.0,0.0,0.0,,0.0,2.36
2025-05-12,0.0,0.0,0.0,,0.0,0.0,,0.0,0.0,0.0,0.0,,,,,,,0.0,,0.0,0.0,41.0,96.76,0.0,0.0,0.0,,0.0,2.36
2025-05-13,0.0,0.0,0.0,,0.0,0.0,,0.0,0.0,0.0,0.0,,,,,,,0.0,,0.0,0.0,41.0,96.76,0.0,0.0,0.0,,0.0,2.36
2025-05-14,0.0,0.0,0.0,,0.0,0.0,,0.0,0.0,0.0,0.0,,,,,,,0.0,,0.0,0.0,41.0,96.76,0.0,0.0,0.0,,0.0,2.36
2025-05-15,0.0,0.0,0.0,,0.0,0.0,,0.0,0.0,0.0,0.0,,,,,,,0.0,,0.0,0.0,41.0,96.76,0.0,0.0,0.0,,0.0,2.36
2025-05-16,0.0,0.0,0.0,,0.0,0.0,,0.0,0.0,0.0,0.0,,,,,,,0.0,,0.0,0.0,41.0,96.76,0.0,0.0,0.0,,0.0,2.36
2025-05-19,0.0,0.0,0.0,,0.0,0.0,,0.0,0.0,0.0,0.0,,,,,,,0.0,,0.0,0.0,41.0,89.79,0.0,0.0,0.0,,0.0,2.19
2025-05-20,0.0,0.0,0.0,0.0,0.0,0.0,,0.0,0.0,0.0,0.0,,,,,,,0.0,,0.0,0.0,41.0,89.79,0.0,0.0,0.0,,0.0,2.19
2025-05-21,0.0,0.0,0.0,0.0,0.0,0.0,,0.0,0.0,0.0,0.0,,,,,,,0.0,,0.0,0.0,41.0,34.85,0.0,0.0,0.0,,0.0,0.85
2025-05-22,0.0,0.0,0.0,0.0,0.0,0.0,,0.0,0.0,0.0,0.0,,,,,,,0.0,,0.0,0.0,41.0,48.38,0.0,0.0,0.0,,0.0,1.18
2025-05-23,,,,,,,,,,,,,,,,,,,,,,,,,,,,,1.18
2025-05-26,,,,,,,,,,,,,,,,,,,,,,,,,,,,,1.65
2025-05-27,,,,,,,,,,,,,,,,,,,,,,,,,,,,,1.65
2025-05-28,,,,,,,,,,,,,,,,,,,,,,,,,,,,,1.65
2025-05-29,,,,,,,,,,,,,,,,,,,,,,,,,,,,,1.65
2025-05-30,,,,,,,,,,,,,,,,,,,,,,,,,,,,,1.175
2025-06-02,,,,,,,,,,,,,,,,,,,,,,,,,,,,,1.195
2025-06-03,,,,,,,,,,,,,,,,,,,,,,,,,,,,,1.195
2025-06-04,,,,,,,,,,,,,,,,,,,,,,,,,,,,,0.9
2025-06-05,,,,,,,,,,,,,,,,,,,,,,,,,,,,,0.962
2025-06-06,,,,,,,,,,,,,,,,,,,,,,,,,,,,,0.962
2025-06-09,,,,,,,,,,,,,,,,,,,,,,,,,,,,,1.01
2025-06-10,,,,,,,,,,,,,,,,,,,,,,,,,,,,,1.2
2025-06-11,0.0,0.0,0.0,0.0,0.0,0.0,,0.0,0.0,0.0,0.0,,,,,,,0.0,,0.0,0.0,12.0,12.96,0.0,0.0,0.0,,0.0,1.08
2025-06-12,0.0,0.0,0.0,0.0,0.0,0.0,,0.0,0.0,0.0,0.0,,,,,,,0.0,,0.0,0.0,180.0,194.4,0.0,0.0,0.0,,0.0,1.08
2025-06-13,0.0,0.0,0.0,0.0,0.0,0.0,,0.0,0.0,0.0,0.0,,,,,,,0.0,,0.0,0.0,209.0,225.72,0.0,0.0,0.0,,0.0,1.08
2025-06-16,0.0,0.0,0.0,0.0,0.0,0.0,,0.0,0.0,0.0,0.0,,,,,,,0.0,,0.0,0.0,211.0,241.6,0.0,0.0,0.0,,0.0,1.145
2025-06-17,0.0,0.0,0.0,0.0,0.0,0.0,,0.0,0.0,0.0,0.0,,,,,,,0.0,,0.0,0.0,211.0,211.0,0.0,0.0,0.0,,0.0,1.0
2025-06-18,0.0,0.0,0.0,0.0,0.0,0.0,,0.0,0.0,0.0,0.0,,,,,,,0.0,,0.0,0.0,295.0,277.3,0.0,0.0,0.0,,0.0,0.94
2025-06-19,0.0,0.0,0.0,0.0,0.0,0.0,,0.0,0.0,0.0,0.0,,,,,,,0.0,,0.0,0.0,299.0,269.1,0.0,0.0,0.0,,0.0,0.9
2025-06-20,0.0,0.0,0.0,0.0,0.0,0.0,,0.0,0.0,0.0,0.0,,,,,,,0.0,,0.0,0.0,280.0,266.0,0.0,0.0,0.0,,0.0,0.95
2025-06-23,0.0,0.0,0.0,0.0,0.0,0.0,,0.0,0.0,0.0,0.0,,,,,,,0.0,,0.0,0.0,268.0,243.34,0.0,0.0,0.0,,0.0,0.908
2025-06-24,0.0,0.0,0.0,0.0,0.0,0.0,,0.0,0.0,0.0,0.0,,,,,,,0.0,,0.0,0.0,252.0,228.31,0.0,0.0,0.0,,0.0,0.906
2025-06-25,0.0,0.0,0.0,0.0,0.0,0.0,,0.0,0.0,0.0,0.0,,,,,,,0.0,,0.0,0.0,252.0,228.82,0.0,0.0,0.0,,0.0,0.908
2025-06-26,0.0,0.0,0.0,0.0,0.0,0.0,,0.0,0.0,0.0,0.0,,,,,,,0.0,,0.0,0.0,267.0,241.37,0.0,0.0,0.0,,0.0,0.904
2025-06-27,0.0,0.0,0.0,0.0,0.0,0.0,,0.0,0.0,0.0,0.0,,,,,,,0.0,,0.0,0.0,156.0,132.6,0.0,0.0,0.0,,0.0,0.85
2025-06-30,0.0,0.0,0.0,0.0,0.0,0.0,,0.0,0.0,0.0,0.0,,,,,,,0.0,,0.0,0.0,150.0,127.5,0.0,0.0,0.0,,0.0,0.85
2025-07-01,0.0,0.0,0.0,0.0,0.0,0.0,,0.0,0.0,0.0,0.0,,,,,,,0.0,,0.0,0.0,150.0,127.5,0.0,0.0,0.0,,0.0,0.85
2025-07-02,0.0,0.0,0.0,0.0,0.0,0.0,,0.0,0.0,0.0,0.0,,,,,,,0.0,,0.0,0.0,122.0,114.68,0.0,0.0,0.0,,0.0,0.94
2025-07-03,0.0,0.0,0.0,0.0,0.0,0.0,,0.0,0.0,0.0,0.0,,,,,,,0.0,,0.0,0.0,79.0,67.94,0.0,0.0,0.0,,0.0,0.86
2025-07-04,0.0,0.0,0.0,0.0,0.0,0.0,,0.0,0.0,0.0,0.0,,,,,,,0.0,,0.0,0.0,79.0,75.05,0.0,0.0,0.0,,0.0,0.95
2025-07-07,,,,,,,,,,,,,,,,,,,,,,,,,,,,,0.98
2025-07-08,,,,,,,,,,,,,,,,,,,,,,,,,,,,,0.994
2025-07-09,0.0,0.0,0.0,0.0,0.0,0.0,,0.0,0.0,0.0,0.0,,,,,,,0.0,,0.0,0.0,374.0,317.9,0.0,0.0,0.0,,0.0,0.85
2025-07-10,0.0,0.0,0.0,0.0,0.0,0.0,,0.0,0.0,0.0,0.0,,,,,,,0.0,,0.0,0.0,374.0,343.33,0.0,0.0,0.0,,0.0,0.918
2025-07-11,,,,,,,,,,,,,,,,,,,,,,,,,,,,,0.88
2025-07-14,0.0,0.0,0.0,0.0,0.0,0.0,,0.0,0.0,0.0,0.0,,,,,,,0.0,,0.0,0.0,320.0,265.6,0.0,0.0,0.0,,0.0,0.83
2025-07-15,0.0,0.0,0.0,0.0,0.0,0.0,,0.0,0.0,0.0,0.0,,,,,,,0.0,,0.0,0.0,320.0,243.84,0.0,0.0,0.0,,0.0,0.762
2025-07-16,0.0,0.0,0.0,0.0,0.0,0.0,,0.0,0.0,0.0,0.0,,,,,,,0.0,,0.0,0.0,329.0,263.2,0.0,0.0,0.0,,0.0,0.8
2025-07-17,0.0,0.0,0.0,0.0,0.0,0.0,,0.0,0.0,0.0,0.0,,,,,,,0.0,,0.0,0.0,10.0,7.0,0.0,0.0,0.0,,0.0,0.7
2025-07-18,0.0,0.0,0.0,0.0,0.0,0.0,,0.0,0.0,0.0,0.0,,,,,,,0.0,,0.0,0.0,10.0,6.3,0.0,0.0,0.0,,0.0,0.63
2025-07-21,0.0,0.0,0.0,0.0,0.0,0.0,,0.0,0.0,0.0,0.0,,,,,,,0.0,,0.0,0.0,251.0,138.05,0.0,0.0,0.0,,0.0,0.55
2025-07-22,0.0,0.0,0.0,0.0,0.0,0.0,,0.0,0.0,0.0,0.0,,,,,,,0.0,,0.0,0.0,228.0,109.44,0.0,0.0,0.0,,0.0,0.48
2025-07-23,0.0,0.0,0.0,0.0,0.0,0.0,,0.0,0.0,0.0,0.0,,,,,,,0.0,,0.0,0.0,228.0,109.44,0.0,0.0,0.0,,0.0,0.48
2025-07-24,0.0,0.0,0.0,0.0,0.0,0.0,,0.0,0.0,0.0,0.0,,,,,,,0.0,,0.0,0.0,228.0,120.38,0.0,0.0,0.0,,0.0,0.528
2025-07-25,0.0,0.0,0.0,0.0,0.0,0.0,,0.0,0.0,0.0,0.0,,,,,,,0.0,,0.0,0.0,228.0,114.0,0.0,0.0,0.0,,0.0,0.5
2025-07-28,0.0,0.0,0.0,0.0,0.0,0.0,,0.0,0.0,0.0,0.0,,,,,,,0.0,,0.0,0.0,71.0,35.5,0.0,0.0,0.0,,0.0,0.5
2025-07-29,0.0,0.0,0.0,0.0,0.0,0.0,,0.0,0.0,0.0,0.0,,,,,,,0.0,,0.0,0.0,71.0,33.37,0.0,0.0,0.0,,0.0,0.47
2025-07-30,0.0,0.0,0.0,0.0,0.0,0.0,,0.0,0.0,0.0,0.0,,,,,,,0.0,,0.0,0.0,71.0,31.88,0.0,0.0,0.0,,0.0,0.449
2025-07-31,0.0,0.0,0.0,0.0,0.0,0.0,,0.0,0.0,0.0,0.0,,,,,,,0.0,,0.0,0.0,76.0,28.12,0.0,0.0,0.0,,0.0,0.37
2025-08-01,0.0,0.0,0.0,0.0,0.0,0.0,,0.0,0.0,0.0,0.0,,,,,,,0.0,,0.0,0.0,76.0,28.12,0.0,0.0,0.0,,0.0,0.37
2025-08-04,0.0,0.0,0.0,0.0,0.0,0.0,,0.0,0.0,0.0,0.0,,,,,,,0.0,,0.0,0.0,88.0,42.42,0.0,0.0,0.0,,0.0,0.482
2025-08-05,,,,,,,,,,,,,,,,,,,,,,,,,,,,,0.482
2025-08-06,0.0,0.0,0.0,0.0,0.0,0.0,,0.0,0.0,0.0,0.0,,,,,,,0.0,,0.0,0.0,711.0,398.16,0.0,0.0,0.0,,0.0,0.56
2025-08-07,0.0,0.0,0.0,0.0,0.0,0.0,,0.0,0.0,0.0,0.0,,,,,,,0.0,,0.0,0.0,98.0,66.64,0.0,0.0,0.0,,0.0,0.68
2025-08-08,,,,,,,,,,,,,,,,,,,,,,,,,,,,,0.6
2025-08-11,,,,,,,,,,,,,,,,,,,,,,,,,,,,,0.65
2025-08-12,0.0,0.0,0.0,0.0,0.0,0.0,,0.0,0.0,0.0,0.0,,,,,,,0.0,,0.0,0.0,148.0,96.2,0.0,0.0,0.0,,0.0,0.65
2025-08-13,0.0,0.0,0.0,0.0,0.0,0.0,,0.0,0.0,0.0,0.0,,,,,,,0.0,,0.0,0.0,148.0,88.8,0.0,0.0,0.0,,0.0,0.6
2025-08-14,0.0,0.0,0.0,0.0,0.0,0.0,,0.0,0.0,0.0,0.0,,,,,,,0.0,,0.0,0.0,154.0,97.02,0.0,0.0,0.0,,0.0,0.63
2025-08-15,0.0,0.0,0.0,0.0,0.0,0.0,,0.0,0.0,0.0,0.0,,,,,,,0.0,,0.0,0.0,151.0,87.58,0.0,0.0,0.0,,0.0,0.58
2025-08-18,0.0,0.0,0.0,0.0,0.0,0.0,,0.0,0.0,0.0,0.0,,,,,,,0.0,,0.0,0.0,161.0,93.38,0.0,0.0,0.0,,0.0,0.58
2025-08-19,0.0,0.0,0.0,0.0,0.0,0.0,,0.0,0.0,0.0,0.0,,,,,,,0.0,,0.0,0.0,159.0,101.76,0.0,0.0,0.0,,0.0,0.64
2025-08-20,0.0,0.0,0.0,0.0,0.0,0.0,,0.0,0.0,0.0,0.0,,,,,,,0.0,,0.0,0.0,159.0,92.22,0.0,0.0,0.0,,0.0,0.58
2025-08-21,0.0,0.0,0.0,0.0,0.0,0.0,,0.0,0.0,0.0,0.0,,,,,,,0.0,,0.0,0.0,187.0,119.68,0.0,0.0,0.0,,0.0,0.64
2025-08-22,0.0,0.0,0.0,0.0,0.0,0.0,,0.0,0.0,0.0,0.0,,,,,,,0.0,,0.0,0.0,198.0,124.74,0.0,0.0,0.0,,0.0,0.63
2025-08-25,0.0,0.0,0.0,0.0,0.0,0.0,,0.0,0.0,0.0,0.0,,,,,,,0.0,,0.0,0.0,198.0,112.86,0.0,0.0,0.0,,0.0,0.57
2025-08-26,0.0,0.0,0.0,0.0,0.0,0.0,,0.0,0.0,0.0,0.0,,,,,,,0.0,,0.0,0.0,198.0,124.34,0.0,0.0,0.0,,0.0,0.628
2025-08-27,0.0,0.0,0.0,0.0,0.0,0.0,,0.0,0.0,0.0,0.0,,,,,,,0.0,,0.0,0.0,205.0,117.26,0.0,0.0,0.0,,0.0,0.572
2025-08-28,0.0,0.0,0.0,0.0,0.0,0.0,,0.0,0.0,0.0,0.0,,,,,,,0.0,,0.0,0.0,195.0,109.2,0.0,0.0,0.0,,0.0,0.56
2025-08-29,0.0,0.0,0.0,0.0,0.0,0.0,,0.0,0.0,0.0,0.0,,,,,,,0.0,,0.0,0.0,195.0,109.2,0.0,0.0,0.0,,0.0,0.56
