,ALSTI FP Equity_DX_SI_QTY,ALSTI FP Equity_DX_SHORT_INTEREST_VALUE,ALSTI FP Equity_DX_SHORT_INTEREST_PCT_FREE_FLOAT,ALSTI FP Equity_DX_SHORT_INT_RATIO_DAYS_TO_COVER,ALSTI FP Equity_DX_SHORT_INTEREST_PCT_SHARES_OUT,ALSTI FP Equity_DX_SI_MV,ALSTI FP Equity_DX_DSS,ALSTI FP Equity_DX_BROKER_SHORT_INTEREST_VALUE,ALSTI FP Equity_DX_SUPPLY_SI_QTY,ALSTI FP Equity_DX_BROKER_SI_QTY,ALSTI FP Equity_DX_SUPPLY_SIDE_SHORT_INT_VAL,ALSTI FP Equity_DX_SUPPLY_SI_QTY_INC_x,ALSTI FP Equity_DX_BROKER_SI_MV_INC_x,ALSTI FP Equity_DX_BROKER_SI_QTY_ADD,ALSTI FP Equity_DX_SUPPLY_SI_MV_DEC,ALSTI FP Equity_DX_BROKER_SI_QTY_INC,ALSTI FP Equity_DX_SUPPLY_SI_QTY_DEC,ALSTI FP Equity_DX_BROKER_SI_MV_INC_y,ALSTI FP Equity_DX_SUPPLY_SI_QTY_INC_y,ALSTI FP Equity_DX_BROKER_SI_MV_ADD,ALSTI FP Equity_DX_SUPPLY_SI_QTY_ADD,ALSTI FP Equity_DX_BROKER_SI_QTY_DEC,ALSTI FP Equity_DX_SUPPLY_SI_MV,ALSTI FP Equity_DX_BROKER_SI_MV_DEC,ALSTI FP Equity_DX_ACTIVE_UTILIZATION_QUANTITY,ALSTI FP Equity_DX_UTILIZATION_QUANTITY,ALSTI FP Equity_DX_ACTIVE_AVAIL_SUPPLY_QTY,ALSTI FP Equity_DX_ACTIVE_AVAILABILITY_VALUE,ALSTI FP Equity_DX_ACTIVE_AVAIL_SUPPLY_MV,ALSTI FP Equity_DX_ACTIVE_UTILIZATION_MV,ALSTI FP Equity_DX_BROKER_SI_MARKET_SHARE_2,ALSTI FP Equity_DX_BROKER_SI_CON_RATIO,ALSTI FP Equity_DX_BROKER_SI_MARKET_SHARE_1,ALSTI FP Equity_DX_DEMAND_SUPPLY_RATIO
2024-04-19,1600.0,18064.0,0.09,0.21,0.03,0.02,0.0,9032.0,800.0,800.0,9032.0,,,,,,,,,,,,0.01,,100.0,100.0,0.0,0.0,0.0,100.0,,1.0,100.0,2.0
2024-04-22,1600.0,18336.0,0.09,0.21,0.03,0.02,0.0,9168.0,800.0,800.0,9168.0,,,,,,,,,,,,0.01,,100.0,100.0,0.0,0.0,0.0,100.0,,1.0,100.0,2.0
2024-04-23,1600.0,18236.8,0.09,0.2,0.03,0.02,0.0,9118.4,800.0,800.0,9118.4,,,,,,,,,,,,0.01,,100.0,100.0,0.0,0.0,0.0,100.0,,1.0,100.0,2.0
2024-04-24,1600.0,17596.8,0.09,0.2,0.03,0.02,0.0,8798.4,800.0,800.0,8798.4,,,,,,,,,,,,0.01,,100.0,100.0,0.0,0.0,0.0,100.0,,1.0,100.0,2.0
2024-05-01,0.0,0.0,0.0,0.0,0.0,0.0,,0.0,0.0,0.0,0.0,,,,,,,,,,,,0.0,,0.0,0.0,300.0,3264.6,0.0,0.0,,0.0,,0.0
2024-05-02,1000.0,11138.0,0.06,0.12,0.02,0.01,0.0,5569.0,500.0,500.0,5569.0,,,500.0,,,,,,0.01,500.0,,0.01,,100.0,100.0,0.0,0.0,0.0,100.0,,1.0,100.0,2.0
2024-05-03,1000.0,11200.0,0.06,0.12,0.02,0.01,0.0,5600.0,500.0,500.0,5600.0,,,,,,,,,,,,0.01,,100.0,100.0,0.0,0.0,0.0,100.0,,1.0,100.0,2.0
2024-05-06,1000.0,10900.0,0.06,0.12,0.02,0.01,0.0,5450.0,500.0,500.0,5450.0,,,,,,,,,,,,0.01,,100.0,31.25,0.0,0.0,0.0,100.0,,1.0,100.0,0.625
2024-05-07,1000.0,11028.0,0.06,0.12,0.02,0.01,0.0,5514.0,500.0,500.0,5514.0,,,,,,,,,,,,0.01,,100.0,31.25,0.0,0.0,0.0,100.0,,1.0,100.0,0.625
2024-05-08,1000.0,11088.0,0.06,0.12,0.02,0.01,0.0,5544.0,500.0,500.0,5544.0,,,,,,,,,,,,0.01,,100.0,27.78,0.0,0.0,0.0,100.0,,1.0,100.0,0.5556
2024-05-09,1000.0,10900.0,0.06,0.12,0.02,0.01,0.0,5450.0,500.0,500.0,5450.0,,,,,,,,,,,,0.01,,100.0,27.78,0.0,0.0,0.0,100.0,,1.0,100.0,0.5556
2024-05-10,1000.0,10840.0,0.06,0.12,0.02,0.01,0.0,5420.0,500.0,500.0,5420.0,,,,,,,,,,,,0.01,,100.0,27.78,0.0,0.0,0.0,100.0,,1.0,100.0,0.5556
2024-05-13,1000.0,10996.0,0.06,0.12,0.02,0.01,0.0,5498.0,500.0,500.0,5498.0,,,,,,,,,,,,0.01,,100.0,29.41,0.0,0.0,0.0,100.0,,1.0,100.0,0.5882
2024-05-14,0.0,0.0,0.0,0.0,0.0,0.0,,0.0,0.0,0.0,0.0,,,,0.01,,500.0,,,,,500.0,0.0,0.01,0.0,0.0,1700.0,18479.0,0.02,0.0,,0.0,,0.0
2024-05-15,0.0,0.0,0.0,0.0,0.0,0.0,,0.0,0.0,0.0,0.0,,,,,,,,,,,,0.0,,0.0,0.0,2100.0,23226.0,0.02,0.0,,0.0,,0.0
2024-05-16,0.0,0.0,0.0,0.0,0.0,0.0,,0.0,0.0,0.0,0.0,,,,,,,,,,,,0.0,,0.0,0.0,2100.0,23331.0,0.02,0.0,,0.0,,0.0
2024-05-17,0.0,0.0,0.0,0.0,0.0,0.0,,0.0,0.0,0.0,0.0,,,,,,,,,,,,0.0,,0.0,0.0,2100.0,23520.0,0.02,0.0,,0.0,,0.0
2024-05-20,0.0,0.0,0.0,0.0,0.0,0.0,,0.0,0.0,0.0,0.0,,,,,,,,,,,,0.0,,0.0,0.0,2100.0,23730.0,0.02,0.0,,0.0,,0.0
2024-05-21,0.0,0.0,0.0,0.0,0.0,0.0,,0.0,0.0,0.0,0.0,,,,,,,,,,,,0.0,,0.0,0.0,2100.0,23868.6,0.02,0.0,,0.0,,0.0
2024-05-22,0.0,0.0,0.0,0.0,0.0,0.0,,0.0,0.0,0.0,0.0,,,,,,,,,,,,0.0,,0.0,0.0,2100.0,23751.0,0.02,0.0,,0.0,,0.0
2024-05-23,0.0,0.0,0.0,0.0,0.0,0.0,,0.0,0.0,0.0,0.0,,,,,,,,,,,,0.0,,0.0,0.0,2100.0,23730.0,0.02,0.0,,0.0,,0.0
2024-05-24,0.0,0.0,0.0,0.0,0.0,0.0,,0.0,0.0,0.0,0.0,,,,,,,,,,,,0.0,,0.0,0.0,2100.0,28035.0,0.02,0.0,,0.0,,0.0
2024-05-27,0.0,0.0,0.0,0.0,0.0,0.0,,0.0,0.0,0.0,0.0,,,,,,,,,,,,0.0,,0.0,0.0,2100.0,29211.0,0.03,0.0,,0.0,,0.0
2024-05-28,7800.0,109980.0,0.44,1.25,0.15,0.11,0.0,54990.0,3900.0,3900.0,54990.0,,,3900.0,,,,,,0.05,3900.0,,0.05,,100.0,100.0,0.0,0.0,0.0,100.0,,1.0,100.0,2.0
2024-05-29,7800.0,110760.0,0.44,1.38,0.15,0.11,0.0,55380.0,3900.0,3900.0,55380.0,,,,,,,,,,,,0.06,,100.0,100.0,0.0,0.0,0.0,100.0,,1.0,100.0,2.0
2024-05-30,7800.0,108576.0,0.44,1.42,0.15,0.11,0.0,54288.0,3900.0,3900.0,54288.0,,,,,,,,,,,,0.06,,100.0,100.0,0.0,0.0,0.0,100.0,,1.0,100.0,2.0
2024-05-31,7800.0,107967.6,0.44,1.44,0.15,0.11,0.0,53983.8,3900.0,3900.0,53983.8,,,,,,,,,,,,0.05,,100.0,100.0,0.0,0.0,0.0,100.0,,1.0,100.0,2.0
2024-06-03,7800.0,105378.0,0.44,1.5,0.15,0.11,0.0,52689.0,3900.0,3900.0,52689.0,,,,,,,,,,,,0.05,,100.0,100.0,0.0,0.0,0.0,100.0,,1.0,100.0,2.0
2024-06-04,7800.0,104520.0,0.44,1.53,0.15,0.11,0.0,52260.0,3900.0,3900.0,52260.0,,,,,,,,,,,,0.05,,100.0,100.0,0.0,0.0,0.0,100.0,,1.0,100.0,2.0
2024-06-05,7800.0,108794.4,0.44,1.62,0.15,0.1,0.0,54397.2,3900.0,3900.0,54397.2,,,,,,,,,,,,0.05,,100.0,100.0,0.0,0.0,0.0,100.0,,1.0,100.0,2.0
2024-06-06,7800.0,109808.4,0.44,1.64,0.15,0.11,0.0,54904.2,3900.0,3900.0,54904.2,,,,,,,,,,,,0.05,,100.0,100.0,0.0,0.0,0.0,100.0,,1.0,100.0,2.0
2024-06-07,7800.0,108030.0,0.44,1.68,0.15,0.11,0.0,54015.0,3900.0,3900.0,54015.0,,,,,,,,,,,,0.05,,100.0,100.0,0.0,0.0,0.0,100.0,,1.0,100.0,2.0
2024-06-10,7800.0,108342.0,0.44,1.75,0.15,0.11,0.0,54171.0,3900.0,3900.0,54171.0,,,,,,,,,,,,0.05,,100.0,100.0,0.0,0.0,0.0,100.0,,1.0,100.0,2.0
2024-06-11,7800.0,109200.0,0.44,1.77,0.15,0.11,0.0,54600.0,3900.0,3900.0,54600.0,,,,,,,,,,,,0.05,,100.0,100.0,0.0,0.0,0.0,100.0,,1.0,100.0,2.0
2024-06-12,7800.0,109200.0,0.44,1.81,0.15,0.11,0.0,54600.0,3900.0,3900.0,54600.0,,,,,,,,,,,,0.05,,100.0,100.0,0.0,0.0,0.0,100.0,,1.0,100.0,2.0
2024-06-13,7900.0,109020.0,0.44,1.84,0.16,0.11,0.0,55200.0,4000.0,4000.0,55200.0,100.0,,100.0,,,,,100.0,0.0,,,0.06,,100.0,100.0,0.0,0.0,0.0,100.0,1.27,0.975,98.73,1.975
2024-06-14,7900.0,94878.98,0.44,1.81,0.16,0.11,0.0,48039.99,4000.0,4000.0,48039.99,,,,,,,,,,,,0.06,,100.0,100.0,0.0,0.0,0.0,100.0,1.27,0.975,98.73,1.975
2024-06-17,7900.0,94800.0,0.44,1.64,0.16,0.1,0.0,46800.0,4000.0,3900.0,48000.0,,,,,,,,,,,100.0,0.06,0.0,100.0,100.0,0.0,0.0,0.0,100.0,1.34,0.9735,98.66,1.975
2024-06-18,0.0,0.0,0.0,0.0,0.0,0.0,,0.0,0.0,0.0,0.0,,,,0.06,,4000.0,,,,,3900.0,0.0,0.05,0.0,0.0,3000.0,38100.0,0.04,0.0,,0.0,,0.0
2024-06-19,0.0,0.0,0.0,0.0,0.0,0.0,,0.0,0.0,0.0,0.0,,,,,,,,,,,,0.0,,0.0,0.0,3000.0,39150.0,0.04,0.0,,0.0,,0.0
2024-06-20,0.0,0.0,0.0,0.0,0.0,0.0,,0.0,0.0,0.0,0.0,,,,,,,,,,,,0.0,,0.0,0.0,3500.0,47250.0,0.05,0.0,,0.0,,0.0
2024-06-21,0.0,0.0,0.0,0.0,0.0,0.0,,0.0,0.0,0.0,0.0,,,,,,,,,,,,0.0,,0.0,0.0,3500.0,46200.0,0.05,0.0,,0.0,,0.0
2024-06-24,0.0,0.0,0.0,0.0,0.0,0.0,,0.0,0.0,0.0,0.0,,,,,,,,,,,,0.0,,0.0,0.0,3600.0,44640.0,0.05,0.0,,0.0,,0.0
2024-06-25,0.0,0.0,0.0,0.0,0.0,0.0,,0.0,0.0,0.0,0.0,,,,,,,,,,,,0.0,,0.0,0.0,3600.0,42120.0,0.04,0.0,,0.0,,0.0
2024-06-26,0.0,0.0,0.0,0.0,0.0,0.0,,0.0,0.0,0.0,0.0,,,,,,,,,,,,0.0,,0.0,0.0,2800.0,34580.0,0.03,0.0,,0.0,,0.0
2024-06-27,0.0,0.0,0.0,0.0,0.0,0.0,,0.0,0.0,0.0,0.0,,,,,,,,,,,,0.0,,0.0,0.0,3600.0,44820.0,0.04,0.0,,0.0,,0.0
2024-06-28,0.0,0.0,0.0,0.0,0.0,0.0,,0.0,0.0,0.0,0.0,,,,,,,,,,,,0.0,,0.0,0.0,3600.0,43380.0,0.04,0.0,,0.0,,0.0
2024-07-01,0.0,0.0,0.0,0.0,0.0,0.0,,0.0,0.0,0.0,0.0,,,,,,,,,,,,0.0,,0.0,0.0,3600.0,44640.0,0.04,0.0,,0.0,,0.0
2024-07-02,0.0,0.0,0.0,0.0,0.0,0.0,,0.0,0.0,0.0,0.0,,,,,,,,,,,,0.0,,0.0,0.0,4000.0,50800.0,0.05,0.0,,0.0,,0.0
2024-07-03,0.0,0.0,0.0,0.0,0.0,0.0,,0.0,0.0,0.0,0.0,,,,,,,,,,,,0.0,,0.0,0.0,3600.0,47160.0,0.05,0.0,,0.0,,0.0
2024-07-04,0.0,0.0,0.0,0.0,0.0,0.0,,0.0,0.0,0.0,0.0,,,,,,,,,,,,0.0,,0.0,0.0,4000.0,53600.0,0.05,0.0,,0.0,,0.0
2024-07-05,0.0,0.0,0.0,0.0,0.0,0.0,,0.0,0.0,0.0,0.0,,,,,,,,,,,,0.0,,0.0,0.0,4000.0,53200.0,0.05,0.0,,0.0,,0.0
2024-07-08,0.0,0.0,0.0,0.0,0.0,0.0,,0.0,0.0,0.0,0.0,,,,,,,,,,,,0.0,,0.0,0.0,1800.0,23760.0,0.02,0.0,,0.0,,0.0
2024-07-09,0.0,0.0,0.0,0.0,0.0,0.0,,0.0,0.0,0.0,0.0,,,,,,,,,,,,0.0,,0.0,0.0,1900.0,25650.0,0.03,0.0,,0.0,,0.0
2024-07-10,0.0,0.0,0.0,0.0,0.0,0.0,,0.0,0.0,0.0,0.0,,,,,,,,,,,,0.0,,0.0,0.0,1500.0,20700.0,0.02,0.0,,0.0,,0.0
2024-07-11,0.0,0.0,0.0,0.0,0.0,0.0,,0.0,0.0,0.0,0.0,,,,,,,,,,,,0.0,,0.0,0.0,2600.0,36140.0,0.04,0.0,,0.0,,0.0
2024-07-12,0.0,0.0,0.0,0.0,0.0,0.0,,0.0,0.0,0.0,0.0,,,,,,,,,,,,0.0,,0.0,0.0,4000.0,55800.0,0.05,0.0,,0.0,,0.0
2024-07-15,0.0,0.0,0.0,0.0,0.0,0.0,,0.0,0.0,0.0,0.0,,,,,,,,,,,,0.0,,0.0,0.0,3700.0,54575.0,0.05,0.0,,0.0,,0.0
2024-07-16,0.0,0.0,0.0,0.0,0.0,0.0,,0.0,0.0,0.0,0.0,,,,,,,,,,,,0.0,,0.0,0.0,3200.0,52800.0,0.05,0.0,,0.0,,0.0
2024-07-17,0.0,0.0,0.0,0.0,0.0,0.0,,0.0,0.0,0.0,0.0,,,,,,,,,,,,0.0,,0.0,0.0,2700.0,51030.0,0.05,0.0,,0.0,,0.0
2024-07-18,2000.0,37800.0,0.11,0.39,0.04,0.04,0.0,18900.0,1000.0,1000.0,18900.0,,,1000.0,,,,,,0.02,1000.0,,0.02,,100.0,41.67,0.0,0.0,0.0,100.0,,1.0,100.0,0.8333
2024-07-19,2000.0,37500.0,0.11,0.39,0.04,0.04,0.0,18750.0,1000.0,1000.0,18750.0,,,,,,,,,,,,0.02,,100.0,41.67,0.0,0.0,0.0,100.0,,1.0,100.0,0.8333
2024-07-22,2000.0,36800.0,0.11,0.37,0.04,0.04,0.0,18400.0,1000.0,1000.0,18400.0,,,,,,,,,,,,0.02,,100.0,32.26,0.0,0.0,0.0,100.0,,1.0,100.0,0.6452
2024-07-23,2000.0,35800.0,0.11,0.36,0.04,0.04,0.0,17900.0,1000.0,1000.0,17900.0,,,,,,,,,,,,0.02,,100.0,32.26,0.0,0.0,0.0,100.0,,1.0,100.0,0.6452
2024-07-24,2000.0,35600.0,0.11,0.36,0.04,0.04,0.0,17800.0,1000.0,1000.0,17800.0,,,,,,,,,,,,0.02,,100.0,32.26,0.0,0.0,0.0,100.0,,1.0,100.0,0.6452
2024-07-25,2000.0,34500.0,0.11,0.36,0.04,0.04,0.0,17250.0,1000.0,1000.0,17250.0,,,,,,,,,,,,0.02,,100.0,47.62,0.0,0.0,0.0,100.0,,1.0,100.0,0.9524
2024-07-26,2000.0,32000.0,0.11,0.34,0.04,0.03,0.0,16000.0,1000.0,1000.0,16000.0,,,,,,,,,,,,0.02,,100.0,47.62,0.0,0.0,0.0,100.0,,1.0,100.0,0.9524
2024-07-29,0.0,0.0,0.0,0.0,0.0,0.0,,0.0,0.0,0.0,0.0,,,,0.02,,1000.0,,,,,1000.0,0.0,0.02,0.0,0.0,2100.0,34020.0,0.04,0.0,,0.0,,0.0
2024-07-30,0.0,0.0,0.0,0.0,0.0,0.0,,0.0,0.0,0.0,0.0,,,,,,,,,,,,0.0,,0.0,0.0,4100.0,68880.0,0.07,0.0,,0.0,,0.0
2024-07-31,0.0,0.0,0.0,0.0,0.0,0.0,,0.0,0.0,0.0,0.0,,,,,,,,,,,,0.0,,0.0,0.0,3500.0,58800.0,0.06,0.0,,0.0,,0.0
2024-08-01,100.0,1780.0,0.01,0.02,0.0,0.0,0.0,1780.0,100.0,100.0,1780.0,,,100.0,,,,,,0.0,100.0,,0.0,,100.0,3.33,0.0,0.0,0.0,100.0,,1.0,100.0,0.0333
2024-08-02,100.0,1780.0,0.01,0.02,0.0,0.0,0.0,1780.0,100.0,100.0,1780.0,,,,,,,,,,,,0.0,,100.0,3.33,0.0,0.0,0.0,100.0,,1.0,100.0,0.0333
2024-08-05,316.0,5008.6,0.02,0.06,0.01,0.01,0.0,3296.8,208.0,208.0,3296.8,108.0,,108.0,,,,,108.0,0.0,,,0.0,,100.0,6.5,0.0,0.0,0.0,100.0,31.65,0.5674,68.35,0.0988
2024-08-06,216.0,3456.0,0.01,0.04,0.0,0.0,0.0,1728.0,108.0,108.0,1728.0,,,,0.0,,100.0,,,,,100.0,0.0,0.0,100.0,3.48,0.0,0.0,0.0,100.0,,1.0,100.0,0.0697
2024-08-07,216.0,3661.2,0.01,0.04,0.0,0.0,0.0,1830.6,108.0,108.0,1830.6,,,,,,,,,,,,0.0,,100.0,9.82,0.0,0.0,0.0,100.0,,1.0,100.0,0.1964
2024-08-08,216.0,3564.0,0.01,0.04,0.0,0.0,0.0,1782.0,108.0,108.0,1782.0,,,,,,,,,,,,0.0,,100.0,6.0,0.0,0.0,0.0,100.0,,1.0,100.0,0.12
2024-08-09,216.0,3650.4,0.01,0.04,0.0,0.0,0.0,1825.2,108.0,108.0,1825.2,,,,,,,,,,,,0.0,,100.0,6.0,0.0,0.0,0.0,100.0,,1.0,100.0,0.12
2024-08-12,108.0,1933.2,0.01,0.02,0.0,0.0,0.0,0.0,108.0,0.0,1933.2,,,,,,,,,,,108.0,0.0,0.0,100.0,6.35,0.0,0.0,0.0,100.0,,1.0,100.0,0.0635
2024-08-13,0.0,0.0,0.0,0.0,0.0,0.0,,0.0,0.0,0.0,0.0,,,,0.0,,108.0,,,,,,0.0,,0.0,0.0,1700.0,30430.0,0.03,0.0,,0.0,,0.0
2024-08-14,0.0,0.0,0.0,0.0,0.0,0.0,,0.0,0.0,0.0,0.0,,,,,,,,,,,,0.0,,0.0,0.0,1700.0,30175.0,0.03,0.0,,0.0,,0.0
2024-08-15,0.0,0.0,0.0,0.0,0.0,0.0,,0.0,0.0,0.0,0.0,,,,,,,,,,,,0.0,,0.0,0.0,1700.0,30515.0,0.03,0.0,,0.0,,0.0
2024-08-16,0.0,0.0,0.0,0.0,0.0,0.0,,0.0,0.0,0.0,0.0,,,,,,,,,,,,0.0,,0.0,0.0,1700.0,29240.0,0.03,0.0,,0.0,,0.0
2024-08-19,200.0,3430.0,0.01,0.04,0.0,0.0,0.0,1715.0,100.0,100.0,1715.0,,,100.0,,,,,,0.0,100.0,,0.0,,100.0,5.88,0.0,0.0,0.0,100.0,,1.0,100.0,0.1176
2024-08-20,200.0,3450.0,0.01,0.04,0.0,0.0,0.0,1725.0,100.0,100.0,1725.0,,,,,,,,,,,,0.0,,100.0,6.25,0.0,0.0,0.0,100.0,,1.0,100.0,0.125
2024-08-21,200.0,3550.0,0.01,0.04,0.0,0.0,0.0,1775.0,100.0,100.0,1775.0,,,,,,,,,,,,0.0,,100.0,5.26,0.0,0.0,0.0,100.0,,1.0,100.0,0.1053
2024-08-22,200.0,3560.0,0.01,0.04,0.0,0.0,0.0,1780.0,100.0,100.0,1780.0,,,,,,,,,,,,0.0,,100.0,5.56,0.0,0.0,0.0,100.0,,1.0,100.0,0.1111
2024-08-23,200.0,3600.0,0.01,0.04,0.0,0.0,0.0,1800.0,100.0,100.0,1800.0,,,,,,,,,,,,0.0,,100.0,5.56,0.0,0.0,0.0,100.0,,1.0,100.0,0.1111
2024-08-26,100.0,1810.0,0.01,0.02,0.0,0.0,0.0,0.0,100.0,0.0,1810.0,,,,,,,,,,,100.0,0.0,0.0,100.0,5.56,0.0,0.0,0.0,100.0,,1.0,100.0,0.0556
2024-08-27,0.0,0.0,0.0,0.0,0.0,0.0,0.0,0.0,0.0,0.0,0.0,,,,0.0,,100.0,,,,,,0.0,,0.0,0.0,1800.0,32220.0,0.03,0.0,,0.0,100.0,0.0
2024-08-28,0.0,0.0,0.0,0.0,0.0,0.0,,0.0,0.0,0.0,0.0,,,,,,,,,,,,0.0,,0.0,0.0,1800.0,32220.0,0.03,0.0,,0.0,,0.0
2024-08-29,0.0,0.0,0.0,0.0,0.0,0.0,,0.0,0.0,0.0,0.0,,,,,,,,,,,,0.0,,0.0,0.0,1800.0,32220.0,0.03,0.0,,0.0,,0.0
2024-08-30,0.0,0.0,0.0,0.0,0.0,0.0,,0.0,0.0,0.0,0.0,,,,,,,,,,,,0.0,,0.0,0.0,1800.0,32040.0,0.03,0.0,,0.0,,0.0
2024-09-02,0.0,0.0,0.0,0.0,0.0,0.0,,0.0,0.0,0.0,0.0,,,,,,,,,,,,0.0,,0.0,0.0,1800.0,32580.0,0.03,0.0,,0.0,,0.0
2024-09-03,0.0,0.0,0.0,0.0,0.0,0.0,,0.0,0.0,0.0,0.0,,,,,,,,,,,,0.0,,0.0,0.0,1800.0,33570.0,0.03,0.0,,0.0,,0.0
2024-09-04,100.0,1865.0,0.01,0.03,0.0,0.0,0.0,932.5,50.0,50.0,932.5,,,50.0,,,,,,0.0,50.0,,0.0,,100.0,2.78,0.0,0.0,0.0,100.0,,1.0,100.0,0.0556
2024-09-05,160.0,2952.0,0.01,0.05,0.0,0.0,0.0,1476.0,80.0,80.0,1476.0,30.0,0.0,,,30.0,,0.0,30.0,,,,0.0,,100.0,4.44,0.0,0.0,0.0,100.0,,1.0,100.0,0.0889
2024-09-06,160.0,2864.0,0.01,0.06,0.0,0.0,0.0,1432.0,80.0,80.0,1432.0,,,,,,,,,,,,0.0,,100.0,8.0,0.0,0.0,0.0,100.0,,1.0,100.0,0.16
2024-09-09,160.0,2840.0,0.01,0.06,0.0,0.0,0.0,1420.0,80.0,80.0,1420.0,,,,,,,,,,,,0.0,,100.0,8.0,0.0,0.0,0.0,100.0,,1.0,100.0,0.16
2024-09-10,160.0,2864.0,0.01,0.07,0.0,0.0,0.0,1432.0,80.0,80.0,1432.0,,,,,,,,,,,,0.0,,100.0,8.0,0.0,0.0,0.0,100.0,,1.0,100.0,0.16
2024-09-11,160.0,2856.0,0.01,0.07,0.0,0.0,0.0,1428.0,80.0,80.0,1428.0,,,,,,,,,,,,0.0,,100.0,6.67,0.0,0.0,0.0,100.0,,1.0,100.0,0.1333
2024-09-12,160.0,2856.0,0.01,0.07,0.0,0.0,0.0,1428.0,80.0,80.0,1428.0,,,,,,,,,,,,0.0,,100.0,6.67,0.0,0.0,0.0,100.0,,1.0,100.0,0.1333
2024-09-13,160.0,2992.0,0.01,0.07,0.0,0.0,0.0,1496.0,80.0,80.0,1496.0,,,,,,,,,,,,0.0,,100.0,6.67,0.0,0.0,0.0,100.0,,1.0,100.0,0.1333
2024-09-16,100.0,1840.0,0.01,0.04,0.0,0.0,0.0,920.0,50.0,50.0,920.0,,,,0.0,,30.0,,,,,30.0,0.0,0.0,100.0,4.17,0.0,0.0,0.0,100.0,,1.0,100.0,0.0833
2024-09-17,400.0,7240.0,0.02,0.16,0.01,0.01,0.0,3620.0,200.0,200.0,3620.0,150.0,0.0,,,150.0,,0.0,150.0,,,,0.0,,100.0,16.67,0.0,0.0,0.0,100.0,,1.0,100.0,0.3333
2024-09-18,750.0,13762.5,0.04,0.31,0.01,0.01,0.0,6881.25,375.0,375.0,6881.25,175.0,0.0,,,175.0,,0.0,175.0,,,,0.01,,100.0,17.05,0.0,0.0,0.0,100.0,,1.0,100.0,0.3409
2024-09-19,650.0,11862.5,0.04,0.25,0.01,0.01,0.0,5931.25,325.0,325.0,5931.25,,,,0.0,,50.0,,,,,50.0,0.01,0.0,100.0,23.21,0.0,0.0,0.0,100.0,,1.0,100.0,0.4643
2024-09-20,650.0,12285.0,0.04,0.24,0.01,0.01,0.0,6142.5,325.0,325.0,6142.5,,,,,,,,,,,,0.01,,100.0,23.21,0.0,0.0,0.0,100.0,,1.0,100.0,0.4643
2024-09-23,650.0,13195.0,0.04,0.22,0.01,0.01,0.0,6597.5,325.0,325.0,6597.5,,,,,,,,,,,,0.01,,100.0,40.63,0.0,0.0,0.0,100.0,,1.0,100.0,0.8125
2024-09-24,752.0,15340.8,0.05,0.22,0.01,0.02,0.0,7670.4,376.0,376.0,7670.4,51.0,0.0,,,51.0,,0.0,51.0,,,,0.01,,100.0,94.0,0.0,0.0,0.0,100.0,,1.0,100.0,1.88
2024-09-25,1054.0,22661.0,0.07,0.28,0.02,0.02,0.0,11330.5,527.0,527.0,11330.5,151.0,0.0,,,151.0,,0.0,151.0,,,,0.01,,100.0,65.88,0.0,0.0,0.0,100.0,,1.0,100.0,1.3175
2024-09-26,1328.0,29481.6,0.08,0.31,0.03,0.03,0.0,14740.8,664.0,664.0,14740.8,137.0,0.0,,,137.0,,0.0,137.0,,,,0.01,,100.0,100.0,0.0,0.0,0.0,100.0,,1.0,100.0,2.0
2024-09-27,1328.0,31872.0,0.08,0.28,0.03,0.03,0.0,15936.0,664.0,664.0,15936.0,,,,,,,,,,,,0.01,,100.0,100.0,0.0,0.0,0.0,100.0,,1.0,100.0,2.0
2024-09-30,1328.0,35059.2,0.08,0.25,0.03,0.03,0.0,17529.6,664.0,664.0,17529.6,,,,,,,,,,,,0.02,,100.0,100.0,0.0,0.0,0.0,100.0,,1.0,100.0,2.0
2024-10-01,1928.0,48392.8,0.12,0.31,0.04,0.05,0.0,24196.4,964.0,964.0,24196.4,300.0,0.01,,,300.0,,0.01,300.0,,,,0.03,,100.0,100.0,0.0,0.0,0.0,100.0,,1.0,100.0,2.0
2024-10-02,1928.0,49935.2,0.12,0.25,0.04,0.05,0.0,24967.6,964.0,964.0,24967.6,,,,,,,,,,,,0.02,,100.0,96.4,0.0,0.0,0.0,100.0,,1.0,100.0,1.928
2024-10-03,1928.0,48200.0,0.12,0.23,0.04,0.05,0.0,24100.0,964.0,964.0,24100.0,,,,,,,,,,,,0.03,,100.0,80.33,0.0,0.0,0.0,100.0,,1.0,100.0,1.6067
2024-10-04,1826.0,42728.4,0.11,0.21,0.04,0.05,0.0,21364.2,913.0,913.0,21364.2,,,,0.0,,51.0,,,,,51.0,0.02,0.0,100.0,76.08,0.0,0.0,0.0,100.0,,1.0,100.0,1.5217
2024-10-07,1826.0,46015.2,0.11,0.2,0.04,0.04,0.0,23007.6,913.0,913.0,23007.6,,,,,,,,,,,,0.02,,100.0,100.0,0.0,0.0,0.0,100.0,,1.0,100.0,2.0
2024-10-08,1526.0,39523.4,0.1,0.17,0.03,0.04,0.0,19761.7,763.0,763.0,19761.7,,,,0.0,,150.0,,,,,150.0,0.02,0.0,100.0,100.0,0.0,0.0,0.0,100.0,,1.0,100.0,2.0
2024-10-09,1526.0,39676.0,0.1,0.16,0.03,0.04,0.0,19838.0,763.0,763.0,19838.0,,,,,,,,,,,,0.02,,100.0,100.0,0.0,0.0,0.0,100.0,,1.0,100.0,2.0
2024-10-10,1526.0,41965.0,0.1,0.16,0.03,0.04,0.0,20982.5,763.0,763.0,20982.5,,,,,,,,,,,,0.02,,100.0,100.0,0.0,0.0,0.0,100.0,,1.0,100.0,2.0
2024-10-11,1526.0,42728.0,0.1,0.14,0.03,0.04,0.0,21364.0,763.0,763.0,21364.0,,,,,,,,,,,,0.02,,100.0,100.0,0.0,0.0,0.0,100.0,,1.0,100.0,2.0
2024-10-14,5189.0,146848.7,0.33,0.45,0.1,0.15,0.0,125255.8,4426.0,4426.0,125255.8,3663.0,,3663.0,,,,,3663.0,0.1,,,0.12,,100.0,100.0,0.0,0.0,0.0,100.0,29.41,0.5848,70.59,1.1724
2024-10-15,5189.0,138546.3,0.33,0.43,0.1,0.15,0.0,118174.2,4426.0,4426.0,118174.2,,,,,,,,,,,,0.13,,100.0,100.0,0.0,0.0,0.0,100.0,29.41,0.5848,70.59,1.1724
2024-10-16,5189.0,141659.7,0.33,0.42,0.1,0.14,0.0,120829.8,4426.0,4426.0,120829.8,,,,,,,,,,,,0.12,,100.0,100.0,0.0,0.0,0.0,100.0,29.41,0.5848,70.59,1.1724
2024-10-17,4636.0,118681.6,0.29,0.37,0.09,0.13,0.0,99148.8,3873.0,3873.0,99148.8,,,,0.01,,553.0,,,,,553.0,0.11,0.01,100.0,100.0,0.0,0.0,0.0,100.0,32.92,0.5584,67.08,1.197
2024-10-18,5126.0,132763.4,0.32,0.39,0.1,0.13,0.0,113001.7,4363.0,4363.0,113001.7,490.0,0.01,,,490.0,,0.01,490.0,,,,0.11,,100.0,100.0,0.0,0.0,0.0,100.0,29.77,0.5819,70.23,1.1749
2024-10-21,4474.0,120798.0,0.28,0.33,0.09,0.12,0.0,108999.0,4037.0,4037.0,108999.0,,,,0.01,,326.0,,,,,326.0,0.1,0.01,100.0,100.0,0.0,0.0,0.0,100.0,19.54,0.6856,80.46,1.1082
2024-10-22,4874.0,133060.2,0.31,0.36,0.1,0.13,0.0,115670.1,4237.0,4237.0,115670.1,200.0,0.01,,,200.0,,0.01,200.0,,,,0.11,,100.0,100.0,0.0,0.0,0.0,100.0,26.14,0.6139,73.86,1.1503
2024-10-23,5600.0,150080.0,0.35,0.41,0.11,0.15,0.0,123280.0,4600.0,4600.0,123280.0,363.0,0.01,,,363.0,,0.01,363.0,,,,0.13,,100.0,100.0,0.0,0.0,0.0,100.0,35.71,0.5408,64.29,1.2174
2024-10-24,4865.0,131355.0,0.31,0.35,0.1,0.13,0.0,104355.0,1000.0,3865.0,27000.0,,,,0.1,,3600.0,,,,,735.0,0.03,0.02,100.0,100.0,0.0,0.0,0.0,100.0,41.11,0.5158,58.89,4.865
2024-10-25,5808.0,151008.0,0.36,0.41,0.11,0.16,0.0,125008.0,4808.0,4808.0,125008.0,3808.0,0.03,,,943.0,,0.03,3808.0,,,,0.13,,100.0,100.0,0.0,0.0,0.0,100.0,34.44,0.5485,65.56,1.208
2024-10-28,2686.0,68761.6,0.17,0.19,0.05,0.07,0.0,43161.6,1686.0,1686.0,43161.6,,,,0.09,,3122.0,,,,,3122.0,0.04,0.09,100.0,100.0,0.0,0.0,0.0,100.0,25.54,0.6197,74.46,1.5931
2024-10-29,1886.0,49413.2,0.12,0.13,0.04,0.05,0.0,31073.2,1386.0,1186.0,36313.2,,,,0.01,,300.0,,,,,500.0,0.04,0.01,100.0,100.0,0.0,0.0,0.0,100.0,36.37,0.5371,63.63,1.3607
2024-10-30,5569.0,128087.0,0.35,0.39,0.11,0.15,0.0,116587.0,5069.0,5069.0,116587.0,3683.0,0.1,,,3883.0,,0.1,3683.0,,,,0.13,,100.0,100.0,0.0,0.0,0.0,100.0,17.96,0.7054,82.04,1.0986
2024-10-31,3883.0,88532.4,0.24,0.11,0.08,0.09,0.0,88532.4,3883.0,3883.0,88532.4,,,,0.04,,1186.0,,,,,1186.0,0.09,0.04,100.0,100.0,0.0,0.0,0.0,100.0,,1.0,100.0,1.0
2024-11-01,3883.0,88144.1,0.24,0.1,0.08,0.09,0.0,88144.1,3883.0,3883.0,88144.1,,,,,,,,,,,,0.09,,100.0,100.0,0.0,0.0,0.0,100.0,,1.0,100.0,1.0
2024-11-04,0.0,0.0,0.0,0.0,0.0,0.0,,0.0,0.0,0.0,0.0,,,,0.09,,3883.0,,,,,3883.0,0.0,0.09,0.0,0.0,600.0,13260.0,0.01,0.0,,0.0,,0.0
2024-11-05,0.0,0.0,0.0,0.0,0.0,0.0,,0.0,0.0,0.0,0.0,,,,,,,,,,,,0.0,,0.0,0.0,600.0,13320.0,0.01,0.0,,0.0,,0.0
2024-11-06,4367.0,103061.2,0.27,0.12,0.09,0.1,0.0,103061.2,4367.0,4367.0,103061.2,,,4367.0,,,,,,0.1,4367.0,,0.1,,100.0,100.0,0.0,0.0,0.0,100.0,,1.0,100.0,1.0
2024-11-07,4367.0,103061.2,0.27,0.12,0.09,0.1,0.0,103061.2,4367.0,4367.0,103061.2,,,,,,,,,,,,0.1,,100.0,100.0,0.0,0.0,0.0,100.0,,1.0,100.0,1.0
2024-11-08,0.0,0.0,0.0,0.0,0.0,0.0,,0.0,0.0,0.0,0.0,,,,0.1,,4367.0,,,,,4367.0,0.0,0.1,0.0,0.0,600.0,14220.0,0.01,0.0,,0.0,,0.0
2024-11-11,864.0,20563.2,0.05,0.02,0.02,0.02,0.0,20563.2,0.0,864.0,0.0,,,864.0,,,,,,0.02,,,0.0,,0.0,0.0,0.0,0.0,0.0,0.0,,1.0,100.0,1.44
2024-11-12,0.0,0.0,0.0,0.0,0.0,0.0,,0.0,0.0,0.0,0.0,,,,,,,,,,,864.0,0.0,0.02,0.0,0.0,900.0,20880.0,0.02,0.0,,0.0,,0.0
2024-11-13,0.0,0.0,0.0,0.0,0.0,0.0,,0.0,0.0,0.0,0.0,,,,,,,,,,,,0.0,,0.0,0.0,900.0,19980.0,0.02,0.0,,0.0,,0.0
2024-11-14,764.0,17113.6,0.05,0.02,0.02,0.02,0.0,0.0,764.0,0.0,17113.6,,,,,,,,,,764.0,,0.02,,100.0,100.0,0.0,0.0,0.0,100.0,,1.0,100.0,1.0
2024-11-15,764.0,17190.0,0.05,0.02,0.02,0.02,0.0,0.0,764.0,0.0,17190.0,,,,,,,,,,,,0.02,,100.0,100.0,0.0,0.0,0.0,100.0,,1.0,100.0,1.0
2024-11-18,764.0,17419.2,0.05,0.02,0.02,0.02,0.0,0.0,764.0,0.0,17419.2,,,,,,,,,,,,0.02,,100.0,100.0,0.0,0.0,0.0,100.0,,1.0,100.0,1.0
2024-11-19,764.0,17190.0,0.05,0.02,0.02,0.02,0.0,0.0,764.0,0.0,17190.0,,,,,,,,,,,,0.02,,100.0,100.0,0.0,0.0,0.0,100.0,,1.0,100.0,1.0
2024-11-20,764.0,16808.0,0.05,0.02,0.02,0.02,0.0,0.0,764.0,0.0,16808.0,,,,,,,,,,,,0.02,,100.0,100.0,0.0,0.0,0.0,100.0,,1.0,100.0,1.0
2024-11-21,764.0,16960.8,0.05,0.02,0.02,0.02,0.0,0.0,764.0,0.0,16960.8,,,,,,,,,,,,0.02,,100.0,100.0,0.0,0.0,0.0,100.0,,1.0,100.0,1.0
2024-11-22,1628.0,36141.6,0.1,0.05,0.03,0.04,0.0,19180.8,764.0,864.0,16960.8,,,864.0,,,,,,0.02,,,0.02,,100.0,100.0,0.0,0.0,0.0,100.0,46.93,0.5019,53.07,2.1309
2024-11-25,1628.0,37932.4,0.1,0.05,0.03,0.04,0.0,20131.2,764.0,864.0,17801.2,,,,,,,,,,,,0.02,,100.0,100.0,0.0,0.0,0.0,100.0,46.93,0.5019,53.07,2.1309
2024-11-26,764.0,17724.8,0.05,0.02,0.02,0.02,0.0,0.0,764.0,0.0,17724.8,,,,,,,,,,,864.0,0.02,0.02,100.0,100.0,0.0,0.0,0.0,100.0,,1.0,100.0,1.0
2024-11-27,764.0,17419.2,0.05,0.03,0.02,0.02,0.0,0.0,764.0,0.0,17419.2,,,,,,,,,,,,0.02,,100.0,84.89,0.0,0.0,0.0,100.0,,1.0,100.0,0.8489
2024-11-28,800.0,18480.0,0.05,0.03,0.02,0.02,0.0,18480.0,0.0,800.0,0.0,,,800.0,0.02,,764.0,,,0.02,,,0.0,,0.0,0.0,0.0,0.0,0.0,0.0,,1.0,100.0,0.6154
2024-11-29,800.0,18320.0,0.05,0.03,0.02,0.02,0.0,18320.0,0.0,800.0,0.0,,,,,,,,,,,,0.0,,0.0,0.0,0.0,0.0,0.0,0.0,,1.0,100.0,0.6154
2024-12-02,800.0,17840.0,0.05,0.03,0.02,0.02,0.0,17840.0,0.0,800.0,0.0,,,,,,,,,,,,0.0,,0.0,0.0,0.0,0.0,0.0,0.0,,1.0,100.0,0.7273
2024-12-03,800.0,17680.0,0.05,0.03,0.02,0.02,0.0,17680.0,0.0,800.0,0.0,,,,,,,,,,,,0.0,,0.0,0.0,0.0,0.0,0.0,0.0,,1.0,100.0,0.8889
2024-12-04,650.0,14235.0,0.04,0.02,0.01,0.01,0.0,14235.0,0.0,650.0,0.0,,,,,,,,,,,150.0,0.0,0.0,0.0,0.0,0.0,0.0,0.0,0.0,,1.0,100.0,0.65
2024-12-05,0.0,0.0,0.0,0.0,0.0,0.0,,0.0,0.0,0.0,0.0,,,,,,,,,,,650.0,0.0,0.01,0.0,0.0,900.0,20790.0,0.02,0.0,,0.0,,0.0
2024-12-06,0.0,0.0,0.0,0.0,0.0,0.0,,0.0,0.0,0.0,0.0,,,,,,,,,,,,0.0,,0.0,0.0,900.0,20970.0,0.02,0.0,,0.0,,0.0
2024-12-09,440.0,10076.0,0.03,0.02,0.01,0.01,0.0,10076.0,0.0,440.0,0.0,,,440.0,,,,,,0.01,,,0.0,,0.0,0.0,0.0,0.0,0.0,0.0,,1.0,100.0,0.6286
2024-12-10,440.0,10384.0,0.03,0.02,0.01,0.01,0.0,10384.0,0.0,440.0,0.0,,,,,,,,,,,,0.0,,0.0,0.0,0.0,0.0,0.0,0.0,,1.0,100.0,1.4667
2024-12-11,440.0,11044.0,0.03,0.02,0.01,0.01,0.0,11044.0,0.0,440.0,0.0,,,,,,,,,,,,0.0,,0.0,0.0,0.0,0.0,0.0,0.0,,1.0,100.0,0.88
2024-12-12,440.0,11660.0,0.03,0.06,0.01,0.01,0.0,11660.0,0.0,440.0,0.0,,,,,,,,,,,,0.0,,0.0,0.0,0.0,0.0,0.0,0.0,,1.0,100.0,0.7333
2024-12-13,440.0,11440.0,0.03,0.06,0.01,0.01,0.0,11440.0,0.0,440.0,0.0,,,,,,,,,,,,0.0,,0.0,0.0,0.0,0.0,0.0,0.0,,1.0,100.0,0.7333
2024-12-16,0.0,0.0,0.0,0.0,0.0,0.0,,0.0,0.0,0.0,0.0,,,,,,,,,,,440.0,0.0,0.01,0.0,0.0,1300.0,33930.0,0.03,0.0,,0.0,,0.0
2024-12-17,0.0,0.0,0.0,0.0,0.0,0.0,,0.0,0.0,0.0,0.0,,,,,,,,,,,,0.0,,0.0,0.0,1000.0,26000.0,0.03,0.0,,0.0,,0.0
2024-12-18,0.0,0.0,0.0,0.0,0.0,0.0,,0.0,0.0,0.0,0.0,,,,,,,,,,,,0.0,,0.0,0.0,1000.0,26000.0,0.03,0.0,,0.0,,0.0
2024-12-19,0.0,0.0,0.0,0.0,0.0,0.0,,0.0,0.0,0.0,0.0,,,,,,,,,,,,0.0,,0.0,0.0,1000.0,26200.0,0.03,0.0,,0.0,,0.0
2024-12-20,0.0,0.0,0.0,0.0,0.0,0.0,,0.0,0.0,0.0,0.0,,,,,,,,,,,,0.0,,0.0,0.0,1000.0,24800.0,0.03,0.0,,0.0,,0.0
2024-12-23,0.0,0.0,0.0,0.0,0.0,0.0,,0.0,0.0,0.0,0.0,,,,,,,,,,,,0.0,,0.0,0.0,400.0,9920.0,0.01,0.0,,0.0,,0.0
2024-12-24,0.0,0.0,0.0,0.0,0.0,0.0,,0.0,0.0,0.0,0.0,,,,,,,,,,,,0.0,,0.0,0.0,400.0,9840.0,0.01,0.0,,0.0,,0.0
2024-12-25,0.0,0.0,0.0,0.0,0.0,0.0,,0.0,0.0,0.0,0.0,,,,,,,,,,,,0.0,,0.0,0.0,400.0,9840.0,0.01,0.0,,0.0,,0.0
2024-12-26,0.0,0.0,0.0,0.0,0.0,0.0,,0.0,0.0,0.0,0.0,,,,,,,,,,,,0.0,,0.0,0.0,200.0,4920.0,0.01,0.0,,0.0,,0.0
2024-12-27,0.0,0.0,0.0,0.0,0.0,0.0,,0.0,0.0,0.0,0.0,,,,,,,,,,,,0.0,,0.0,0.0,200.0,4860.0,0.01,0.0,,0.0,,0.0
2024-12-30,0.0,0.0,0.0,0.0,0.0,0.0,,0.0,0.0,0.0,0.0,,,,,,,,,,,,0.0,,0.0,0.0,700.0,18060.0,0.02,0.0,,0.0,,0.0
2024-12-31,1890.0,49896.0,0.12,0.26,0.04,0.05,0.0,24948.0,945.0,945.0,24948.0,,,945.0,,,,,,0.02,945.0,,0.02,,100.0,100.0,0.0,0.0,0.0,100.0,,1.0,100.0,2.0
2025-01-01,1890.0,49896.0,0.12,0.27,0.04,0.05,0.0,24948.0,945.0,945.0,24948.0,,,,,,,,,,,,0.02,,100.0,100.0,0.0,0.0,0.0,100.0,,1.0,100.0,2.0
2025-01-02,1890.0,52542.0,0.12,0.27,0.04,0.05,0.0,26271.0,945.0,945.0,26271.0,,,,,,,,,,,,0.02,,100.0,100.0,0.0,0.0,0.0,100.0,,1.0,100.0,2.0
2025-01-03,1890.0,51975.0,0.12,0.24,0.04,0.05,0.0,25987.5,945.0,945.0,25987.5,,,,,,,,,,,,0.03,,100.0,100.0,0.0,0.0,0.0,100.0,,1.0,100.0,2.0
2025-01-06,1890.0,51975.0,0.12,0.22,0.04,0.05,0.0,25987.5,945.0,945.0,25987.5,,,,,,,,,,,,0.03,,100.0,100.0,0.0,0.0,0.0,100.0,,1.0,100.0,2.0
2025-01-07,1890.0,51408.0,0.12,0.21,0.04,0.05,0.0,25704.0,945.0,945.0,25704.0,,,,,,,,,,,,0.03,,100.0,94.97,0.0,0.0,0.0,100.0,,1.0,100.0,1.8995
2025-01-08,1890.0,51786.0,0.12,0.21,0.04,0.05,0.0,25893.0,945.0,945.0,25893.0,,,,,,,,,,,,0.03,,100.0,94.97,0.0,0.0,0.0,100.0,,1.0,100.0,1.8995
2025-01-09,1890.0,49707.0,0.12,0.19,0.04,0.05,0.0,24853.5,945.0,945.0,24853.5,,,,,,,,,,,,0.03,,100.0,46.1,0.0,0.0,0.0,100.0,,1.0,100.0,0.922
2025-01-10,1890.0,51408.0,0.12,0.18,0.04,0.05,0.0,25704.0,945.0,945.0,25704.0,,,,,,,,,,,,0.02,,100.0,46.1,0.0,0.0,0.0,100.0,,1.0,100.0,0.922
2025-01-13,1890.0,52164.0,0.09,0.18,0.04,0.05,0.0,26082.0,945.0,945.0,26082.0,,,,,,,,,,,,0.03,,100.0,60.97,0.0,0.0,0.0,100.0,,1.0,100.0,1.2194
2025-01-14,1890.0,52353.0,0.09,0.18,0.04,0.05,0.0,26176.5,945.0,945.0,26176.5,,,,,,,,,,,,0.03,,100.0,65.17,0.0,0.0,0.0,100.0,,1.0,100.0,1.3034
2025-01-15,1890.0,52353.0,0.09,0.18,0.04,0.05,0.0,26176.5,945.0,945.0,26176.5,,,,,,,,,,,,0.03,,100.0,94.97,0.0,0.0,0.0,100.0,,1.0,100.0,1.8995
2025-01-16,5789.0,165565.4,0.27,0.54,0.11,0.16,0.0,138538.4,4844.0,4844.0,138538.4,3857.0,,3899.0,,,,,3857.0,0.11,42.0,,0.13,,100.0,98.98,0.0,0.0,0.0,100.0,33.0,0.5578,67.0,1.1829
2025-01-17,5747.0,164938.9,0.27,0.52,0.11,0.16,0.0,137817.4,4802.0,4802.0,137817.4,,,,0.0,,42.0,,,,,42.0,0.14,0.0,100.0,98.97,0.0,0.0,0.0,100.0,32.93,0.5583,67.07,1.1845
2025-01-20,1890.0,54810.0,0.09,0.16,0.04,0.05,0.0,27405.0,945.0,945.0,27405.0,,,,0.11,,3857.0,,,,,3857.0,0.03,0.11,100.0,94.97,0.0,0.0,0.0,100.0,,1.0,100.0,1.8995
2025-01-21,1890.0,56133.0,0.09,0.16,0.04,0.06,0.0,28066.5,945.0,945.0,28066.5,,,,,,,,,,,,0.03,,100.0,65.17,0.0,0.0,0.0,100.0,,1.0,100.0,1.3034
2025-01-22,1890.0,56133.0,0.09,0.15,0.04,0.06,0.0,28066.5,945.0,945.0,28066.5,,,,,,,,,,,,0.03,,100.0,94.97,0.0,0.0,0.0,100.0,,1.0,100.0,1.8995
2025-01-23,1890.0,52920.0,0.09,0.15,0.04,0.05,0.0,26460.0,945.0,945.0,26460.0,,,,,,,,,,,,0.03,,100.0,65.17,0.0,0.0,0.0,100.0,,1.0,100.0,1.3034
2025-01-24,1890.0,54054.0,0.09,0.14,0.04,0.05,0.0,27027.0,945.0,945.0,27027.0,,,,,,,,,,,,0.03,,100.0,65.17,0.0,0.0,0.0,100.0,,1.0,100.0,1.3034
2025-01-27,1890.0,54243.0,0.09,0.14,0.04,0.05,0.0,27121.5,945.0,945.0,27121.5,,,,,,,,,,,,0.03,,100.0,90.0,0.0,0.0,0.0,100.0,,1.0,100.0,1.8
2025-01-28,1890.0,53676.0,0.09,0.15,0.04,0.05,0.0,26838.0,945.0,945.0,26838.0,,,,,,,,,,,,0.03,,100.0,90.0,0.0,0.0,0.0,100.0,,1.0,100.0,1.8
2025-01-29,1890.0,53865.0,0.09,0.15,0.04,0.05,0.0,26932.5,945.0,945.0,26932.5,,,,,,,,,,,,0.03,,100.0,90.0,0.0,0.0,0.0,100.0,,1.0,100.0,1.8
2025-01-30,1890.0,54621.0,0.09,0.15,0.04,0.05,0.0,27310.5,945.0,945.0,27310.5,,,,,,,,,,,,0.03,,100.0,90.0,0.0,0.0,0.0,100.0,,1.0,100.0,1.8
2025-01-31,1890.0,56133.0,0.09,0.15,0.04,0.06,0.0,28066.5,945.0,945.0,28066.5,,,,,,,,,,,,0.03,,100.0,90.0,0.0,0.0,0.0,100.0,,1.0,100.0,1.8
2025-02-03,2290.0,67097.0,0.11,0.18,0.05,0.07,0.0,33548.5,1145.0,1145.0,33548.5,200.0,,200.0,,,,,200.0,0.01,,,0.03,,100.0,91.6,0.0,0.0,0.0,100.0,17.47,0.7117,82.53,1.832
2025-02-04,2290.0,67097.0,0.11,0.18,0.05,0.07,0.0,33548.5,1145.0,1145.0,33548.5,,,,,,,,,,,,0.03,,100.0,84.81,0.0,0.0,0.0,100.0,17.47,0.7117,82.53,1.6963
2025-02-05,5590.0,169936.0,0.26,0.44,0.11,0.17,0.0,135128.0,4445.0,4445.0,135128.0,3300.0,,3300.0,,,,,3300.0,0.1,,,0.13,,100.0,98.89,0.0,0.0,0.0,100.0,34.18,0.4653,58.58,1.2436
2025-02-06,5590.0,173849.0,0.26,0.46,0.11,0.17,0.0,138239.5,4445.0,4445.0,138239.5,,,,,,,,,,,,0.14,,100.0,98.89,0.0,0.0,0.0,100.0,34.04,0.4663,58.76,1.2436
2025-02-07,2290.0,71219.0,0.11,0.18,0.05,0.07,0.0,35609.5,1145.0,1145.0,35609.5,,,,0.1,,3300.0,,,,,3300.0,0.04,0.1,100.0,25.47,0.0,0.0,0.0,100.0,17.47,0.7117,82.53,0.5095
2025-02-10,2090.0,65835.0,0.1,0.16,0.04,0.07,0.0,29767.5,1145.0,945.0,36067.5,,,,,,,,,,,200.0,0.04,0.01,100.0,50.89,0.0,0.0,0.0,100.0,9.51,0.8278,90.49,0.9289
2025-02-11,1890.0,58212.0,0.09,0.14,0.04,0.06,0.0,29106.0,945.0,945.0,29106.0,,,,0.01,,200.0,,,,,,0.03,,100.0,38.57,0.0,0.0,0.0,100.0,,1.0,100.0,0.7714
2025-02-12,1890.0,56889.0,0.09,0.14,0.04,0.06,0.0,28444.5,945.0,945.0,28444.5,,,,,,,,,,,,0.03,,100.0,40.21,0.0,0.0,0.0,100.0,,1.0,100.0,0.8043
2025-02-13,2090.0,63118.0,0.1,0.16,0.04,0.06,0.0,31559.0,1045.0,1045.0,31559.0,100.0,,100.0,,,,,100.0,0.0,,,0.03,,100.0,41.8,0.0,0.0,0.0,100.0,9.57,0.8269,90.43,0.836
2025-02-14,2090.0,64372.0,0.1,0.17,0.04,0.06,0.0,32186.0,1045.0,1045.0,32186.0,,,,,,,,,,,,0.03,,100.0,40.19,0.0,0.0,0.0,100.0,9.57,0.8269,90.43,0.8038
2025-02-17,2090.0,65626.0,0.1,0.17,0.04,0.07,0.0,32813.0,1045.0,1045.0,32813.0,,,,,,,,,,,,0.03,,100.0,40.19,0.0,0.0,0.0,100.0,9.57,0.8269,90.43,0.8038
2025-02-18,2090.0,65417.0,0.1,0.18,0.04,0.07,0.0,32708.5,1045.0,1045.0,32708.5,,,,,,,,,,,,0.03,,100.0,39.81,0.0,0.0,0.0,100.0,9.57,0.8269,90.43,0.7962
2025-02-19,5202.0,162822.6,0.24,0.44,0.1,0.16,0.0,130114.1,4257.0,4157.0,133244.1,3212.0,,3212.0,,,,,3212.0,0.1,,100.0,0.13,0.0,100.0,92.91,0.0,0.0,0.0,100.0,36.33,0.5136,61.75,1.1353
2025-02-20,5102.0,152549.8,0.24,0.45,0.1,0.16,0.0,124294.3,4157.0,4157.0,124294.3,,,,0.0,,100.0,,,,,,0.13,,100.0,88.79,0.0,0.0,0.0,100.0,36.52,0.5364,63.48,1.0897
2025-02-21,2502.0,72558.0,0.12,0.22,0.05,0.07,0.0,42253.0,1457.0,1457.0,42253.0,,,100.0,0.09,,2700.0,,,0.0,,2800.0,0.04,0.09,100.0,31.12,0.0,0.0,0.0,100.0,16.68,0.6019,75.35,0.5344
2025-02-24,2502.0,69805.8,0.12,0.22,0.05,0.07,0.0,40650.3,1457.0,1457.0,40650.3,,,,,,,,,,,,0.04,,100.0,55.23,0.0,0.0,0.0,100.0,16.73,0.6014,75.3,0.9484
2025-02-25,2502.0,68304.6,0.12,0.22,0.05,0.07,0.0,39776.1,1457.0,1457.0,39776.1,,,,,,,,,,,,0.04,,100.0,51.58,0.0,0.0,0.0,100.0,16.62,0.6026,75.4,0.8857
2025-02-26,1557.0,44685.9,0.07,0.13,0.03,0.04,0.0,14694.4,1457.0,512.0,41815.9,,,,,,,,,,,945.0,0.04,0.03,100.0,51.58,0.0,0.0,0.0,100.0,26.37,0.4528,60.49,0.5512
2025-02-27,100.0,2880.0,0.0,0.01,0.0,0.0,0.0,0.0,100.0,0.0,2880.0,,,,0.04,,1357.0,,,,,512.0,0.0,0.01,100.0,2.68,0.0,0.0,0.0,100.0,,1.0,100.0,0.0268
2025-02-28,0.0,0.0,0.0,0.0,0.0,0.0,,0.0,0.0,0.0,0.0,,,,0.0,,100.0,,,,,,0.0,,0.0,0.0,3750.0,107250.0,0.11,0.0,,0.0,,0.0
2025-03-03,4426.0,128354.0,0.2,0.37,0.09,0.13,0.0,125454.0,4326.0,4326.0,125454.0,,,4326.0,,,,,,0.12,4326.0,,0.12,,100.0,97.85,0.0,0.0,0.0,100.0,4.54,0.9132,95.46,1.0011
2025-03-04,3871.0,120775.2,0.18,0.33,0.08,0.11,0.0,117655.2,3771.0,3771.0,117655.2,,,,0.02,,555.0,,,,,555.0,0.11,0.01,100.0,85.3,0.0,0.0,0.0,100.0,5.35,0.8987,94.65,0.8756
2025-03-05,2287.0,69067.4,0.11,0.19,0.04,0.07,0.0,66047.4,2187.0,2187.0,66047.4,,,,0.04,,1584.0,,,,,1584.0,0.07,0.04,100.0,77.09,0.0,0.0,0.0,100.0,8.62,0.8425,91.38,0.8061
2025-03-06,1033.0,32126.3,0.05,0.09,0.02,0.03,0.0,29016.3,933.0,933.0,29016.3,,,,0.04,,1254.0,,,,,1254.0,0.03,0.04,100.0,35.21,0.0,0.0,0.0,100.0,19.59,0.6849,80.41,0.3898
2025-03-07,200.0,6100.0,0.01,0.02,0.0,0.01,0.0,3050.0,100.0,100.0,3050.0,,,,0.03,,833.0,,,,,833.0,0.0,0.03,100.0,3.67,0.0,0.0,0.0,100.0,,1.0,100.0,0.0734
2025-03-10,100.0,2980.0,0.0,0.01,0.0,0.0,0.0,0.0,100.0,0.0,2980.0,,,,,,,,,,,100.0,0.0,0.0,100.0,3.1,0.0,0.0,0.0,100.0,,1.0,100.0,0.031
2025-03-11,0.0,0.0,0.0,0.0,0.0,0.0,,0.0,0.0,0.0,0.0,,,,0.0,,100.0,,,,,,0.0,,0.0,0.0,3325.0,96757.5,0.1,0.0,,0.0,,0.0
2025-03-12,0.0,0.0,0.0,0.0,0.0,0.0,,0.0,0.0,0.0,0.0,,,,,,,,,,,,0.0,,0.0,0.0,3425.0,101722.5,0.1,0.0,,0.0,,0.0
2025-03-13,0.0,0.0,0.0,0.0,0.0,0.0,,0.0,0.0,0.0,0.0,,,,,,,,,,,,0.0,,0.0,0.0,3025.0,91960.0,0.09,0.0,,0.0,,0.0
2025-03-14,200.0,6160.0,0.01,0.02,0.0,0.01,0.0,3080.0,100.0,100.0,3080.0,,,100.0,,,,,,0.0,100.0,,0.0,,100.0,3.31,0.0,0.0,0.0,100.0,,1.0,100.0,0.0661
2025-03-17,200.0,6220.0,0.01,0.02,0.0,0.01,0.0,3110.0,100.0,100.0,3110.0,,,,,,,,,,,,0.0,,100.0,3.42,0.0,0.0,0.0,100.0,,1.0,100.0,0.0684
2025-03-18,200.0,6040.0,0.01,0.02,0.0,0.01,0.0,3020.0,100.0,100.0,3020.0,,,,,,,,,,,,0.0,,100.0,3.42,0.0,0.0,0.0,100.0,,1.0,100.0,0.0684
2025-03-19,200.0,6120.0,0.01,0.02,0.0,0.01,0.0,3060.0,100.0,100.0,3060.0,,,,,,,,,,,,0.0,,100.0,3.42,0.0,0.0,0.0,100.0,,1.0,100.0,0.0684
2025-03-20,100.0,3060.0,0.0,0.01,0.0,0.0,0.0,0.0,100.0,0.0,3060.0,,,,,,,,,,,100.0,0.0,0.0,100.0,3.42,0.0,0.0,0.0,100.0,,1.0,100.0,0.0342
2025-03-21,0.0,0.0,0.0,0.0,0.0,0.0,,0.0,0.0,0.0,0.0,,,,0.0,,100.0,,,,,,0.0,,0.0,0.0,2925.0,86580.0,0.09,0.0,,0.0,,0.0
2025-03-24,0.0,0.0,0.0,0.0,0.0,0.0,,0.0,0.0,0.0,0.0,,,,,,,,,,,,0.0,,0.0,0.0,2925.0,88627.5,0.09,0.0,,0.0,,0.0
2025-03-25,0.0,0.0,0.0,0.0,0.0,0.0,,0.0,0.0,0.0,0.0,,,,,,,,,,,,0.0,,0.0,0.0,2925.0,89505.0,0.09,0.0,,0.0,,0.0
2025-03-26,0.0,0.0,0.0,0.0,0.0,0.0,,0.0,0.0,0.0,0.0,,,,,,,,,,,,0.0,,0.0,0.0,3025.0,92867.5,0.09,0.0,,0.0,,0.0
2025-03-27,0.0,0.0,0.0,0.0,0.0,0.0,,0.0,0.0,0.0,0.0,,,,,,,,,,,,0.0,,0.0,0.0,2925.0,89797.5,0.09,0.0,,0.0,,0.0
2025-03-28,0.0,0.0,0.0,0.0,0.0,0.0,,0.0,0.0,0.0,0.0,,,,,,,,,,,,0.0,,0.0,0.0,2925.0,99742.5,0.09,0.0,,0.0,,0.0
2025-03-31,0.0,0.0,0.0,0.0,0.0,0.0,,0.0,0.0,0.0,0.0,,,,,,,,,,,,0.0,,0.0,0.0,2925.0,97987.5,0.09,0.0,,0.0,,0.0
2025-04-01,0.0,0.0,0.0,0.0,0.0,0.0,,0.0,0.0,0.0,0.0,,,,,,,,,,,,0.0,,0.0,0.0,3125.0,112500.0,0.1,0.0,,0.0,,0.0
2025-04-02,0.0,0.0,0.0,0.0,0.0,0.0,,0.0,0.0,0.0,0.0,,,,,,,,,,,,0.0,,0.0,0.0,3125.0,118125.0,0.11,0.0,,0.0,,0.0
2025-04-03,200.0,7560.0,0.01,0.01,0.0,0.01,0.0,3780.0,100.0,100.0,3780.0,,,100.0,,,,,,0.0,100.0,,0.0,,100.0,3.2,0.0,0.0,0.0,100.0,50.0,0.5,50.0,0.064
2025-04-04,200.0,7080.0,0.01,0.01,0.0,0.01,0.0,3540.0,100.0,100.0,3540.0,,,,,,,,,,,,0.0,,100.0,3.2,0.0,0.0,0.0,100.0,48.36,0.5005,51.64,0.064
2025-04-07,200.0,6870.0,0.01,0.01,0.0,0.01,0.0,3435.0,100.0,100.0,3435.0,,,,,,,,,,,,0.0,,100.0,2.67,0.0,0.0,0.0,100.0,49.25,0.5001,50.75,0.0535
2025-04-08,200.0,7390.0,0.01,0.01,0.0,0.01,0.0,3695.0,100.0,100.0,3695.0,,,,,,,,,,,,0.0,,100.0,3.98,0.0,0.0,0.0,100.0,48.18,0.5007,51.82,0.0796
2025-04-09,100.0,3470.0,0.0,0.01,0.0,0.0,0.0,0.0,100.0,0.0,3470.0,,,,,,,,,,,100.0,0.0,0.0,100.0,4.37,0.0,0.0,0.0,100.0,,1.0,100.0,0.0437
2025-04-10,0.0,0.0,0.0,0.0,0.0,0.0,,0.0,0.0,0.0,0.0,,,,0.0,,100.0,,,,,,0.0,,0.0,0.0,2388.0,87639.6,0.08,0.0,,0.0,,0.0
2025-04-11,0.0,0.0,0.0,0.0,0.0,0.0,,0.0,0.0,0.0,0.0,,,,,,,,,,,,0.0,,0.0,0.0,2388.0,85848.6,0.08,0.0,,0.0,,0.0
2025-04-14,0.0,0.0,0.0,0.0,0.0,0.0,,0.0,0.0,0.0,0.0,,,,,,,,,,,,0.0,,0.0,0.0,2478.0,91314.3,0.09,0.0,,0.0,,0.0
2025-04-15,0.0,0.0,0.0,0.0,0.0,0.0,,0.0,0.0,0.0,0.0,,,,,,,,,,,,0.0,,0.0,0.0,3271.0,127569.0,0.12,0.0,,0.0,,0.0
2025-04-16,0.0,0.0,0.0,0.0,0.0,0.0,,0.0,0.0,0.0,0.0,,,,,,,,,,,,0.0,,0.0,0.0,13142.0,543421.7,0.52,0.0,,0.0,,0.0
2025-04-17,0.0,0.0,0.0,0.0,0.0,0.0,,0.0,0.0,0.0,0.0,,,,,,,,,,,,0.0,,0.0,0.0,13514.0,570290.8,0.53,0.0,,0.0,,0.0
2025-04-18,0.0,0.0,0.0,0.0,0.0,0.0,,0.0,0.0,0.0,0.0,,,,,,,,,,,,0.0,,0.0,0.0,13644.0,575776.8,0.54,0.0,,0.0,,0.0
2025-04-21,0.0,0.0,0.0,0.0,0.0,0.0,,0.0,0.0,0.0,0.0,,,,,,,,,,,,0.0,,0.0,0.0,24044.0,1014656.8,1.0,0.0,,0.0,,0.0
2025-04-22,0.0,0.0,0.0,0.0,0.0,0.0,,0.0,0.0,0.0,0.0,,,,,,,,,,,,0.0,,0.0,0.0,25244.0,1045101.6,1.06,0.0,,0.0,,0.0
2025-04-23,0.0,0.0,0.0,0.0,0.0,0.0,,0.0,0.0,0.0,0.0,,,,,,,,,,,,0.0,,0.0,0.0,24951.0,1087863.6,1.04,0.0,,0.0,,0.0
2025-04-24,0.0,0.0,0.0,0.0,0.0,0.0,,0.0,0.0,0.0,0.0,,,,,,,,,,,,0.0,,0.0,0.0,27652.0,1299644.0,1.21,0.0,,0.0,,0.0
2025-04-25,0.0,0.0,0.0,0.0,0.0,0.0,,0.0,0.0,0.0,0.0,,,,,,,,,,,,0.0,,0.0,0.0,29981.0,1419600.35,1.33,0.0,,0.0,,0.0
2025-04-28,0.0,0.0,0.0,0.0,0.0,0.0,,0.0,0.0,0.0,0.0,,,,,,,,,,,,0.0,,0.0,0.0,25130.0,1231370.0,1.19,0.0,,0.0,,0.0
2025-04-29,0.0,0.0,0.0,0.0,0.0,0.0,,0.0,0.0,0.0,0.0,,,,,,,,,,,,0.0,,0.0,0.0,36325.0,1812617.5,1.78,0.0,,0.0,,0.0
2025-04-30,0.0,0.0,0.0,0.0,0.0,0.0,,0.0,0.0,0.0,0.0,,,,,,,,,,,,0.0,,0.0,0.0,36325.0,1838045.0,1.79,0.0,,0.0,,0.0
2025-05-01,0.0,0.0,0.0,0.0,0.0,0.0,,0.0,0.0,0.0,0.0,,,,,,,,,,,,0.0,,0.0,0.0,36325.0,1838045.0,1.79,0.0,,0.0,,0.0
2025-05-02,0.0,0.0,0.0,0.0,0.0,0.0,,0.0,0.0,0.0,0.0,,,,,,,,,,,,0.0,,0.0,0.0,36325.0,1907062.5,1.79,0.0,,0.0,,0.0
2025-05-05,0.0,0.0,0.0,0.0,0.0,0.0,,0.0,0.0,0.0,0.0,,,,,,,,,,,,0.0,,0.0,0.0,46523.0,2419196.0,2.44,0.0,,0.0,,0.0
2025-05-06,0.0,0.0,0.0,0.0,0.0,0.0,,0.0,0.0,0.0,0.0,,,,,,,,,,,,0.0,,0.0,0.0,49061.0,2624763.5,2.56,0.0,,0.0,,0.0
2025-05-07,0.0,0.0,0.0,0.0,0.0,0.0,,0.0,0.0,0.0,0.0,,,,,,,,,,,,0.0,,0.0,0.0,49792.0,2629017.6,2.6,0.0,,0.0,,0.0
2025-05-08,0.0,0.0,0.0,0.0,0.0,0.0,,0.0,0.0,0.0,0.0,,,,,,,,,,,,0.0,,0.0,0.0,49692.0,2653552.8,2.63,0.0,,0.0,,0.0
2025-05-09,0.0,0.0,0.0,0.0,0.0,0.0,,0.0,0.0,0.0,0.0,,,,,,,,,,,,0.0,,0.0,0.0,51199.0,2662348.0,2.71,0.0,,0.0,,0.0
2025-05-12,0.0,0.0,0.0,0.0,0.0,0.0,,0.0,0.0,0.0,0.0,,,,,,,,,,,,0.0,,0.0,0.0,54816.0,2872358.4,2.89,0.0,,0.0,,0.0
2025-05-13,0.0,0.0,0.0,0.0,0.0,0.0,,0.0,0.0,0.0,0.0,,,,,,,,,,,,0.0,,0.0,0.0,56391.0,3016918.5,2.96,0.0,,0.0,,0.0
2025-05-14,0.0,0.0,0.0,0.0,0.0,0.0,,0.0,0.0,0.0,0.0,,,,,,,,,,,,0.0,,0.0,0.0,58391.0,3083044.8,3.12,0.0,,0.0,,0.0
2025-05-15,0.0,0.0,0.0,0.0,0.0,0.0,,0.0,0.0,0.0,0.0,,,,,,,,,,,,0.0,,0.0,0.0,59099.0,2984499.5,3.14,0.0,,0.0,,0.0
2025-05-16,0.0,0.0,0.0,0.0,0.0,0.0,,0.0,0.0,0.0,0.0,,,,,,,,,,,,0.0,,0.0,0.0,59866.0,3023233.0,3.15,0.0,,0.0,,0.0
2025-05-19,0.0,0.0,0.0,0.0,0.0,0.0,,0.0,0.0,0.0,0.0,,,,,,,,,,,,0.0,,0.0,0.0,48241.0,2445818.7,2.43,0.0,,0.0,,0.0
2025-05-20,0.0,0.0,0.0,0.0,0.0,0.0,,0.0,0.0,0.0,0.0,,,,,,,,,,,,0.0,,0.0,0.0,58640.0,3019960.0,2.98,0.0,,0.0,,0.0
2025-05-21,0.0,0.0,0.0,0.0,0.0,0.0,,0.0,0.0,0.0,0.0,,,,,,,,,,,,0.0,,0.0,0.0,58321.0,3056020.4,3.01,0.0,,0.0,,0.0
2025-05-22,0.0,0.0,0.0,0.0,0.0,0.0,,0.0,0.0,0.0,0.0,,,,,,,,,,,,0.0,,0.0,0.0,58509.0,3071722.5,3.07,0.0,,0.0,,0.0
2025-05-23,0.0,0.0,0.0,0.0,0.0,0.0,,0.0,0.0,0.0,0.0,,,,,,,,,,,,0.0,,0.0,0.0,58509.0,3065871.6,3.06,0.0,,0.0,,0.0
2025-05-26,0.0,0.0,0.0,0.0,0.0,0.0,,0.0,0.0,0.0,0.0,,,,,,,,,,,,0.0,,0.0,0.0,58520.0,3060596.0,3.06,0.0,,0.0,,0.0
2025-05-27,0.0,0.0,0.0,0.0,0.0,0.0,,0.0,0.0,0.0,0.0,,,,,,,,,,,,0.0,,0.0,0.0,19920.0,1043808.0,1.04,0.0,,0.0,,0.0
2025-05-28,0.0,0.0,0.0,0.0,0.0,0.0,,0.0,0.0,0.0,0.0,,,,,,,,,,,,0.0,,0.0,0.0,21332.0,1100944.17,1.12,0.0,,0.0,,0.0
2025-05-29,0.0,0.0,0.0,0.0,0.0,0.0,,0.0,0.0,0.0,0.0,,,,,,,,,,,,0.0,,0.0,0.0,21133.0,1088349.5,1.1,0.0,,0.0,,0.0
2025-05-30,0.0,0.0,0.0,0.0,0.0,0.0,,0.0,0.0,0.0,0.0,,,,,,,,,,,,0.0,,0.0,0.0,21285.0,1102563.0,1.1,0.0,,0.0,,0.0
2025-06-02,0.0,0.0,0.0,0.0,0.0,0.0,,0.0,0.0,0.0,0.0,,,,,,,,,,,,0.0,,0.0,0.0,22257.0,1126204.2,1.14,0.0,,0.0,,0.0
2025-06-03,0.0,0.0,0.0,0.0,0.0,0.0,,0.0,0.0,0.0,0.0,,,,,,,,,,,,0.0,,0.0,0.0,22243.0,1205570.6,1.15,0.0,,0.0,,0.0
2025-06-04,0.0,0.0,0.0,0.0,0.0,0.0,,0.0,0.0,0.0,0.0,,,,,,,,,,,,0.0,,0.0,0.0,22243.0,1281196.8,1.23,0.0,,0.0,,0.0
2025-06-05,0.0,0.0,0.0,0.0,0.0,0.0,,0.0,0.0,0.0,0.0,,,,,,,,,,,,0.0,,0.0,0.0,22662.0,1300798.8,1.3,0.0,,0.0,,0.0
2025-06-06,0.0,0.0,0.0,0.0,0.0,0.0,,0.0,0.0,0.0,0.0,,,,,,,,,,,,0.0,,0.0,0.0,23143.0,1256664.9,1.31,0.0,,0.0,,0.0
2025-06-09,0.0,0.0,0.0,0.0,0.0,0.0,,0.0,0.0,0.0,0.0,,,,,,,,,,,,0.0,,0.0,0.0,24100.0,1359240.0,1.32,0.0,,0.0,,0.0
2025-06-10,0.0,0.0,0.0,0.0,0.0,0.0,,0.0,0.0,0.0,0.0,,,,,,,,,,,,0.0,,0.0,0.0,26563.0,1474246.5,1.49,0.0,,0.0,,0.0
2025-06-11,0.0,0.0,0.0,0.0,0.0,0.0,,0.0,0.0,0.0,0.0,,,,,,,,,,,,0.0,,0.0,0.0,26562.0,1471534.8,1.47,0.0,,0.0,,0.0
2025-06-12,600.0,31800.0,0.03,0.03,0.01,0.03,0.0,31800.0,600.0,600.0,31800.0,,,600.0,,,,,,0.03,600.0,,0.03,,100.0,2.18,0.0,0.0,0.0,100.0,,1.0,100.0,0.0218
2025-06-13,600.0,32040.0,0.03,0.03,0.01,0.03,0.0,32040.0,600.0,600.0,32040.0,,,,,,,,,,,,0.03,,100.0,2.13,0.0,0.0,0.0,100.0,,1.0,100.0,0.0213
2025-06-16,600.0,31080.0,0.03,0.03,0.01,0.03,0.0,31080.0,600.0,600.0,31080.0,,,,,,,,,,,,0.03,,100.0,1.67,0.0,0.0,0.0,100.0,,1.0,100.0,0.0167
2025-06-17,600.0,31920.0,0.03,0.03,0.01,0.03,0.0,31920.0,600.0,600.0,31920.0,,,,,,,,,,,,0.03,,100.0,1.6,0.0,0.0,0.0,100.0,,1.0,100.0,0.016
2025-06-18,265.0,13965.5,0.01,0.01,0.01,0.01,0.0,13965.5,265.0,265.0,13965.5,,,,0.02,,335.0,,,,,335.0,0.01,0.02,100.0,0.63,0.0,0.0,0.0,100.0,,1.0,100.0,0.0063
2025-06-19,265.0,14071.5,0.01,0.01,0.01,0.01,0.0,14071.5,265.0,265.0,14071.5,,,,,,,,,,,,0.01,,100.0,0.63,0.0,0.0,0.0,100.0,,1.0,100.0,0.0063
2025-06-20,265.0,14151.0,0.01,0.02,0.01,0.01,0.0,14151.0,265.0,265.0,14151.0,,,,,,,,,,,,0.01,,100.0,0.6,0.0,0.0,0.0,100.0,,1.0,100.0,0.006
2025-06-23,265.0,14177.5,0.01,0.02,0.01,0.01,0.0,14177.5,265.0,265.0,14177.5,,,,,,,,,,,,0.01,,100.0,0.34,0.0,0.0,0.0,100.0,,1.0,100.0,0.0034
2025-06-24,265.0,14230.5,0.01,0.02,0.01,0.01,0.0,14230.5,265.0,265.0,14230.5,,,,,,,,,,,,0.01,,100.0,0.34,0.0,0.0,0.0,100.0,,1.0,100.0,0.0034
2025-06-25,265.0,15290.5,0.01,0.02,0.01,0.01,0.0,15290.5,265.0,265.0,15290.5,,,,,,,,,,,,0.01,,100.0,0.34,0.0,0.0,0.0,100.0,,1.0,100.0,0.0034
2025-06-26,265.0,17039.5,0.01,0.01,0.01,0.02,0.0,17039.5,265.0,265.0,17039.5,,,,,,,,,,,,0.02,,100.0,0.59,0.0,0.0,0.0,100.0,,1.0,100.0,0.0059
2025-06-27,265.0,16907.0,0.01,0.01,0.01,0.02,0.0,16907.0,265.0,265.0,16907.0,,,,,,,,,,,,0.02,,100.0,0.57,0.0,0.0,0.0,100.0,,1.0,100.0,0.0057
2025-06-30,265.0,17225.0,0.01,0.01,0.01,0.02,0.0,17225.0,265.0,265.0,17225.0,,,,,,,,,,,,0.02,,100.0,0.55,0.0,0.0,0.0,100.0,,1.0,100.0,0.0055
2025-07-01,265.0,17198.5,0.01,0.01,0.01,0.02,0.0,17198.5,265.0,265.0,17198.5,,,,,,,,,,,,0.02,,100.0,0.43,0.0,0.0,0.0,100.0,,1.0,100.0,0.0043
2025-07-02,265.0,17490.0,0.01,0.01,0.01,0.02,0.0,17490.0,265.0,265.0,17490.0,,,,,,,,,,,,0.02,,100.0,0.38,0.0,0.0,0.0,100.0,,1.0,100.0,0.0038
2025-07-03,0.0,0.0,0.0,0.0,0.0,0.0,0.0,0.0,0.0,0.0,0.0,,,,0.02,,265.0,,,,,265.0,0.0,0.02,0.0,0.0,71451.0,4915828.8,4.77,0.0,,0.0,100.0,0.0
2025-07-04,0.0,0.0,0.0,0.0,0.0,0.0,,0.0,0.0,0.0,0.0,,,,,,,,,,,,0.0,,0.0,0.0,72240.0,4861752.0,4.88,0.0,,0.0,,0.0
2025-07-07,0.0,0.0,0.0,0.0,0.0,0.0,,0.0,0.0,0.0,0.0,,,,,,,,,,,,0.0,,0.0,0.0,69449.0,4903099.4,4.75,0.0,,0.0,,0.0
2025-07-08,0.0,0.0,0.0,0.0,0.0,0.0,,0.0,0.0,0.0,0.0,,,,,,,,,,,,0.0,,0.0,0.0,71011.0,5247712.9,5.08,0.0,,0.0,,0.0
2025-07-09,0.0,0.0,0.0,0.0,0.0,0.0,,0.0,0.0,0.0,0.0,,,,,,,,,,,,0.0,,0.0,0.0,68610.0,5221221.0,5.07,0.0,,0.0,,0.0
2025-07-10,0.0,0.0,0.0,0.0,0.0,0.0,,0.0,0.0,0.0,0.0,,,,,,,,,,,,0.0,,0.0,0.0,70575.0,5271952.5,5.34,0.0,,0.0,,0.0
2025-07-11,0.0,0.0,0.0,0.0,0.0,0.0,,0.0,0.0,0.0,0.0,,,,,,,,,,,,0.0,,0.0,0.0,72475.0,5435625.0,5.43,0.0,,0.0,,0.0
2025-07-14,0.0,0.0,0.0,0.0,0.0,0.0,,0.0,0.0,0.0,0.0,,,,,,,,,,,,0.0,,0.0,0.0,73453.0,5538356.2,5.52,0.0,,0.0,,0.0
2025-07-15,0.0,0.0,0.0,0.0,0.0,0.0,,0.0,0.0,0.0,0.0,,,,,,,,,,,,0.0,,0.0,0.0,73574.0,5525407.4,5.56,0.0,,0.0,,0.0
2025-07-16,0.0,0.0,0.0,0.0,0.0,0.0,,0.0,0.0,0.0,0.0,,,,,,,,,,,,0.0,,0.0,0.0,73849.0,5553444.8,5.54,0.0,,0.0,,0.0
2025-07-17,0.0,0.0,0.0,0.0,0.0,0.0,,0.0,0.0,0.0,0.0,,,,,,,,,,,,0.0,,0.0,0.0,74637.0,5985887.4,5.72,0.0,,0.0,,0.0
2025-07-18,0.0,0.0,0.0,0.0,0.0,0.0,,0.0,0.0,0.0,0.0,,,,,,,,,,,,0.0,,0.0,0.0,76589.0,6096484.4,6.07,0.0,,0.0,,0.0
2025-07-21,0.0,0.0,0.0,0.0,0.0,0.0,,0.0,0.0,0.0,0.0,,,,,,,,,,,,0.0,,0.0,0.0,72762.0,5813683.8,5.78,0.0,,0.0,,0.0
2025-07-22,0.0,0.0,0.0,0.0,0.0,0.0,,0.0,0.0,0.0,0.0,,,,,,,,,,,,0.0,,0.0,0.0,75201.0,5978479.5,5.98,0.0,,0.0,,0.0
2025-07-23,0.0,0.0,0.0,0.0,0.0,0.0,,0.0,0.0,0.0,0.0,,,,,,,,,,,,0.0,,0.0,0.0,82185.0,6081690.0,6.39,0.0,,0.0,,0.0
2025-07-24,0.0,0.0,0.0,0.0,0.0,0.0,,0.0,0.0,0.0,0.0,,,,,,,,,,,,0.0,,0.0,0.0,85593.0,6487949.4,6.4,0.0,,0.0,,0.0
2025-07-25,3000.0,234600.0,0.14,0.12,0.06,0.23,0.0,117300.0,1500.0,1500.0,117300.0,,,1500.0,,,,,,0.12,1500.0,,0.11,,100.0,1.67,0.0,0.0,0.0,100.0,,1.0,100.0,0.0335
2025-07-28,3000.0,249000.0,0.14,0.12,0.06,0.24,0.0,124500.0,1500.0,1500.0,124500.0,,,,,,,,,,,,0.12,,100.0,1.66,0.0,0.0,0.0,100.0,,1.0,100.0,0.0332
2025-07-29,3000.0,249300.0,0.14,0.12,0.06,0.26,0.0,124650.0,1500.0,1500.0,124650.0,,,,,,,,,,,,0.12,,100.0,1.71,0.0,0.0,0.0,100.0,,1.0,100.0,0.0343
2025-07-30,3000.0,248400.0,0.14,0.12,0.06,0.26,0.0,124200.0,1500.0,1500.0,124200.0,,,,,,,,,,,,0.12,,100.0,1.71,0.0,0.0,0.0,100.0,,1.0,100.0,0.0342
2025-07-31,3000.0,232800.0,0.14,0.11,0.06,0.25,0.0,116400.0,1500.0,1500.0,116400.0,,,,,,,,,,,,0.12,,100.0,1.69,0.0,0.0,0.0,100.0,,1.0,100.0,0.0339
2025-08-01,3000.0,233100.0,0.14,0.1,0.06,0.24,0.0,116550.0,1500.0,1500.0,116550.0,,,,,,,,,,,,0.12,,100.0,1.69,0.0,0.0,0.0,100.0,,1.0,100.0,0.0339
2025-08-04,3000.0,243600.0,0.14,0.1,0.06,0.24,0.0,121800.0,1500.0,1500.0,121800.0,,,,,,,,,,,,0.12,,100.0,1.68,0.0,0.0,0.0,100.0,,1.0,100.0,0.0335
2025-08-05,3000.0,249600.0,0.14,0.1,0.06,0.25,0.0,124800.0,1500.0,1500.0,124800.0,,,,,,,,,,,,0.12,,100.0,1.68,0.0,0.0,0.0,100.0,,1.0,100.0,0.0335
2025-08-06,3000.0,252000.0,0.14,0.1,0.06,0.26,0.0,126000.0,1500.0,1500.0,126000.0,,,,,,,,,,,,0.12,,100.0,1.62,0.0,0.0,0.0,100.0,,1.0,100.0,0.0324
2025-08-07,0.0,0.0,0.0,0.0,0.0,0.0,0.0,0.0,0.0,0.0,0.0,,,,0.12,,1500.0,,,,,1500.0,0.0,0.13,0.0,0.0,93317.0,7661325.7,7.81,0.0,,0.0,100.0,0.0
2025-08-08,0.0,0.0,0.0,0.0,0.0,0.0,,0.0,0.0,0.0,0.0,,,,,,,,,,,,0.0,,0.0,0.0,98121.0,8261788.2,8.09,0.0,,0.0,,0.0
2025-08-11,0.0,0.0,0.0,0.0,0.0,0.0,,0.0,0.0,0.0,0.0,,,,,,,,,,,,0.0,,0.0,0.0,86300.0,7439060.0,7.29,0.0,,0.0,,0.0
2025-08-12,0.0,0.0,0.0,0.0,0.0,0.0,,0.0,0.0,0.0,0.0,,,,,,,,,,,,0.0,,0.0,0.0,101558.0,9018350.4,8.79,0.0,,0.0,,0.0
2025-08-13,0.0,0.0,0.0,0.0,0.0,0.0,,0.0,0.0,0.0,0.0,,,,,,,,,,,,0.0,,0.0,0.0,102196.0,8666220.8,8.94,0.0,,0.0,,0.0
2025-08-14,0.0,0.0,0.0,0.0,0.0,0.0,,0.0,0.0,0.0,0.0,,,,,,,,,,,,0.0,,0.0,0.0,103723.0,8546775.2,8.82,0.0,,0.0,,0.0
2025-08-15,0.0,0.0,0.0,0.0,0.0,0.0,,0.0,0.0,0.0,0.0,,,,,,,,,,,,0.0,,0.0,0.0,107997.0,9006949.8,8.92,0.0,,0.0,,0.0
2025-08-18,0.0,0.0,0.0,0.0,0.0,0.0,,0.0,0.0,0.0,0.0,,,,,,,,,,,,0.0,,0.0,0.0,108941.0,9575913.9,9.25,0.0,,0.0,,0.0
2025-08-19,0.0,0.0,0.0,0.0,0.0,0.0,,0.0,0.0,0.0,0.0,,,,,,,,,,,,0.0,,0.0,0.0,109355.0,9142078.0,9.48,0.0,,0.0,,0.0
2025-08-20,0.0,0.0,0.0,0.0,0.0,0.0,,0.0,0.0,0.0,0.0,,,,,,,,,,,,0.0,,0.0,0.0,111828.0,9516562.8,9.4,0.0,,0.0,,0.0
2025-08-21,0.0,0.0,0.0,0.0,0.0,0.0,,0.0,0.0,0.0,0.0,,,,,,,,,,,,0.0,,0.0,0.0,114440.0,9715956.0,9.75,0.0,,0.0,,0.0
2025-08-22,0.0,0.0,0.0,0.0,0.0,0.0,,0.0,0.0,0.0,0.0,,,,,,,,,,,,0.0,,0.0,0.0,116513.0,9996815.4,9.85,0.0,,0.0,,0.0
2025-08-25,0.0,0.0,0.0,0.0,0.0,0.0,,0.0,0.0,0.0,0.0,,,,,,,,,,,,0.0,,0.0,0.0,119168.0,10272281.6,10.28,0.0,,0.0,,0.0
2025-08-26,0.0,0.0,0.0,0.0,0.0,0.0,,0.0,0.0,0.0,0.0,,,,,,,,,,,,0.0,,0.0,0.0,121165.0,10238442.5,10.41,0.0,,0.0,,0.0
2025-08-27,0.0,0.0,0.0,0.0,0.0,0.0,,0.0,0.0,0.0,0.0,,,,,,,,,,,,0.0,,0.0,0.0,122646.0,10289999.4,10.35,0.0,,0.0,,0.0
2025-08-28,0.0,0.0,0.0,0.0,0.0,0.0,,0.0,0.0,0.0,0.0,,,,,,,,,,,,0.0,,0.0,0.0,125499.0,10416417.0,10.45,0.0,,0.0,,0.0
