,C50 FP Equity_DX_DSS,C50 FP Equity_PX_LAST
2008-10-13,,39.19
2008-10-14,,42.02
2008-10-15,,40.54
2008-10-16,,36.75
2008-10-17,,38.51
2008-10-21,,39.45
2008-10-27,,34.36
2008-10-29,,37.75
2008-10-30,,38.41
2008-11-06,,39.725
2008-11-07,,38.75
2008-11-12,,36.7
2008-11-17,,36.185
2008-11-19,,35.095
2008-11-20,,33.965
2008-11-25,,36.305
2008-11-27,,36.785
2008-12-03,,35.0
2008-12-05,,34.0
2008-12-12,,36.5
2008-12-19,,37.295
2008-12-23,,36.835
2008-12-29,,36.56
2009-01-06,,39.465
2009-01-12,,37.955
2009-01-15,,34.435
2009-01-19,,34.41
2009-01-20,,33.775
2009-01-21,,33.765
2009-01-22,,32.89
2009-01-23,,32.695
2009-01-28,,35.225
2009-02-04,,35.155
2009-02-11,,34.565
2009-02-16,,33.57
2009-02-23,,31.18
2009-02-25,,30.11
2009-02-26,,30.745
2009-02-27,,30.14
2009-03-02,,29.225
2009-03-03,,29.115
2009-03-04,,29.7
2009-03-05,,28.38
2009-03-06,,27.7
2009-03-09,,27.545
2009-03-10,,29.31
2009-03-11,,29.495
2009-03-12,,30.055
2009-03-13,,30.2
2009-03-16,,31.205
2009-03-17,,30.89
2009-03-18,,30.815
2009-03-19,,31.19
2009-03-20,,31.29
2009-03-23,,32.53
2009-03-24,,32.56
2009-03-25,,32.875
2009-03-26,,33.02
2009-03-27,,32.36
2009-03-30,,30.76
2009-03-31,,31.64
2009-04-01,,31.7
2009-04-02,,33.98
2009-04-03,,33.705
2009-04-06,,33.325
2009-04-07,,33.055
2009-04-08,,33.635
2009-04-09,,34.41
2009-04-14,,34.89
2009-04-15,,34.73
2009-04-16,,35.245
2009-04-17,,35.825
2009-04-20,,34.52
2009-04-21,,34.4
2009-04-22,,35.19
2009-04-23,,34.775
2009-04-24,,35.805
2009-04-27,,35.765
2009-04-28,,35.11
2009-04-29,,35.985
2009-04-30,,36.56
2009-05-04,,37.48
2009-05-05,,37.395
2009-05-06,,37.945
2009-05-07,,37.525
2009-05-08,,38.325
2009-05-11,,37.85
2009-05-12,,37.86
2009-05-13,,36.655
2009-05-14,,36.705
2009-05-15,,36.77
2009-05-18,,37.915
2009-05-19,,38.6
2009-05-20,,39.065
2009-05-21,,37.965
2009-05-22,,38.175
2009-05-25,,38.35
2009-05-26,,38.74
2009-05-27,,39.0
2009-05-28,,38.55
2009-05-29,,38.41
2009-06-01,,39.875
2009-06-02,,39.805
2009-06-03,,39.0
2009-06-04,,39.115
2009-06-05,,39.32
2009-06-08,,38.795
2009-06-09,,38.985
2009-06-10,,39.405
2009-06-11,,39.66
2009-06-12,,39.47
2009-06-15,,38.205
2009-06-16,,38.145
2009-06-17,,37.46
2009-06-18,,37.95
2009-06-19,,38.295
2009-06-22,,37.05
2009-06-23,,37.125
2009-06-24,,38.055
2009-06-25,,37.9
2009-06-26,,37.63
2009-06-29,,38.305
2009-06-30,,37.685
2009-07-01,,38.685
2009-07-02,,37.31
2009-07-03,,37.36
2009-07-06,,36.96
2009-07-07,,36.435
2009-07-08,,36.05
2009-07-09,,36.49
2009-07-10,,35.875
2009-07-13,,37.085
2009-07-14,,37.455
2009-07-15,,38.625
2009-07-16,,38.815
2009-07-17,,38.995
2009-07-20,,39.365
2009-07-21,,39.755
2009-07-22,,39.76
2009-07-23,,40.785
2009-07-24,,40.75
2009-07-27,,40.99
2009-07-28,,40.51
2009-07-29,,40.97
2009-07-30,,41.79
2009-07-31,,41.575
2009-08-03,,42.225
2009-08-04,,42.245
2009-08-05,,41.63
2009-08-06,,42.045
2009-08-07,,42.775
2009-08-10,,42.53
2009-08-11,,41.79
2009-08-12,,42.43
2009-08-13,,42.74
2009-08-14,,42.125
2009-08-17,,41.075
2009-08-18,,41.495
2009-08-19,,41.375
2009-08-20,,42.015
2009-08-21,,43.33
2009-08-24,,43.77
2009-08-25,,44.245
2009-08-26,,43.94
2009-08-27,,43.785
2009-08-28,,44.28
2009-08-31,,43.85
2009-09-01,,42.835
2009-09-02,,42.6
2009-09-03,,42.615
2009-09-04,,43.315
2009-09-07,,43.88
2009-09-08,,43.95
2009-09-09,,44.61
2009-09-10,,44.53
2009-09-11,,44.735
2009-09-14,,44.685
2009-09-15,,44.915
2009-09-16,,45.49
2009-09-17,,45.695
2009-09-18,,45.625
2009-09-21,,45.45
2009-09-22,,45.5
2009-09-23,,45.63
2009-09-24,,44.865
2009-09-25,,44.76
2009-09-28,,45.81
2009-09-29,,45.66
2009-09-30,,45.295
2009-10-01,,44.445
2009-10-02,,43.535
2009-10-05,,44.05
2009-10-06,,45.23
2009-10-07,,45.015
2009-10-08,,45.66
2009-10-09,,45.495
2009-10-12,,46.06
2009-10-13,,45.55
2009-10-14,,46.625
2009-10-15,,46.485
2009-10-16,,45.755
2009-10-19,,46.59
2009-10-20,,46.14
2009-10-21,,46.475
2009-10-22,,45.895
2009-10-23,,46.375
2009-10-26,,44.865
2009-10-27,,44.83
2009-10-28,,43.865
2009-10-29,,44.69
2009-10-30,,43.435
2009-11-02,,43.62
2009-11-03,,42.805
2009-11-04,,43.675
2009-11-05,,44.16
2009-11-06,,44.16
2009-11-09,,45.22
2009-11-10,,45.24
2009-11-11,,45.67
2009-11-12,,45.515
2009-11-13,,45.775
2009-11-16,,46.395
2009-11-17,,46.13
2009-11-18,,46.145
2009-11-19,,45.345
2009-11-20,,44.93
2009-11-23,,45.97
2009-11-24,,45.64
2009-11-25,,46.02
2009-11-26,,44.405
2009-11-27,,44.875
2009-11-30,,44.39
2009-12-01,,45.58
2009-12-02,,45.655
2009-12-03,,45.545
2009-12-04,,46.095
2009-12-07,,45.955
2009-12-08,,45.17
2009-12-09,,44.61
2009-12-10,,45.25
2009-12-11,,45.39
2009-12-14,,45.83
2009-12-15,,45.85
2009-12-16,,46.44
2009-12-17,,45.81
2009-12-18,,45.51
2009-12-21,,46.545
2009-12-22,,46.775
2009-12-23,,47.07
2009-12-28,,47.48
2009-12-29,,47.525
2009-12-30,,47.16
2010-01-04,,47.945
2010-01-05,,47.81
2010-01-06,,47.82
2010-01-07,,47.74
2010-01-08,,47.9
2010-01-11,,47.82
2010-01-12,,47.235
2010-01-13,,47.34
2010-01-14,,47.525
2010-01-15,,46.665
2010-01-18,,46.93
2010-01-19,,47.42
2010-01-20,,46.285
2010-01-21,,45.32
2010-01-22,,44.92
2010-01-25,,44.425
2010-01-26,,44.975
2010-01-27,,44.285
2010-01-28,,43.485
2010-01-29,,44.12
2010-02-01,,44.36
2010-02-02,,45.01
2010-02-03,,44.51
2010-02-04,,42.97
2010-02-05,,41.84
2010-02-08,,42.22
2010-02-09,,42.665
2010-02-10,,42.865
2010-02-11,,42.625
2010-02-12,,42.5
2010-02-15,,42.705
2010-02-16,,43.36
2010-02-17,,43.955
2010-02-18,,44.175
2010-02-19,,44.375
2010-02-22,,44.1
2010-02-23,,43.435
2010-02-24,,43.465
2010-02-25,,42.595
2010-02-26,,43.41
2010-03-01,,44.08
2010-03-02,,44.5
2010-03-03,,44.83
2010-03-04,,44.69
2010-03-05,,45.05
2010-03-08,,45.795
2010-03-09,,45.775
2010-03-10,,46.215
2010-03-11,,45.955
2010-03-12,,46.045
2010-03-15,,45.64
2010-03-16,,46.195
2010-03-17,,46.605
2010-03-18,,46.355
2010-03-19,,45.99
2010-03-22,,46.005
2010-03-23,,46.26
2010-03-24,,46.125
2010-03-25,,46.915
2010-03-26,,46.75
2010-03-29,,46.88
2010-03-30,,46.705
2010-03-31,,46.665
2010-04-01,,47.42
2010-04-06,,47.5
2010-04-07,,47.28
2010-04-08,,46.815
2010-04-09,,47.615
2010-04-12,,47.76
2010-04-13,,47.5
2010-04-14,,47.865
2010-04-15,,47.965
2010-04-16,,46.965
2010-04-19,,46.695
2010-04-20,,47.415
2010-04-21,,46.855
2010-04-22,,46.045
2010-04-23,,46.535
2010-04-26,,46.905
2010-04-27,,44.995
2010-04-28,,44.065
2010-04-29,,45.06
2010-04-30,,44.935
2010-05-03,,45.025
2010-05-04,,43.345
2010-05-05,,42.965
2010-05-06,,42.045
2010-05-07,,40.14
2010-05-10,,44.52
2010-05-11,,44.125
2010-05-12,,44.625
2010-05-13,,44.54
2010-05-14,,42.575
2010-05-17,,42.63
2010-05-18,,43.495
2010-05-19,,42.33
2010-05-20,,41.555
2010-05-21,,41.885
2010-05-24,,41.62
2010-05-25,,40.365
2010-05-26,,41.11
2010-05-27,,42.53
2010-05-28,,42.605
2010-05-31,,42.415
2010-06-01,,42.435
2010-06-02,,42.285
2010-06-03,,42.875
2010-06-04,,41.675
2010-06-07,,41.21
2010-06-08,,40.885
2010-06-09,,41.565
2010-06-10,,42.4
2010-06-11,,42.775
2010-06-14,,43.785
2010-06-15,,44.255
2010-06-16,,44.29
2010-06-17,,44.48
2010-06-18,,44.605
2010-06-21,,45.135
2010-06-22,,44.815
2010-06-23,,44.11
2010-06-24,,43.075
2010-06-25,,42.92
2010-06-28,,43.525
2010-06-29,,41.73
2010-06-30,,41.97
2010-07-01,2.0,41.04
2010-07-02,2.0,41.14
2010-07-05,2.0,40.855
2010-07-06,2.0,42.035
2010-07-07,2.0,42.97
2010-07-08,2.0,43.505
2010-07-09,2.0,43.775
2010-07-12,2.0,43.845
2010-07-13,2.0,44.675
2010-07-14,2.0,44.68
2010-07-15,2.0,44.09
2010-07-16,2.0,43.125
2010-07-19,2.0,42.975
2010-07-20,2.0,42.875
2010-07-21,2.0,43.055
2010-07-22,,44.305
2010-07-23,,44.375
2010-07-26,,44.75
2010-07-27,,45.18
2010-07-28,,45.13
2010-07-29,,44.925
2010-07-30,,44.71
2010-08-02,,46.085
2010-08-03,,46.02
2010-08-04,,46.13
2010-08-05,,46.01
2010-08-06,,45.365
2010-08-09,,46.18
2010-08-10,,45.705
2010-08-11,,44.495
2010-08-12,,44.435
2010-08-13,,44.245
2010-08-16,,44.06
2010-08-17,,44.74
2010-08-18,,44.56
2010-08-19,,43.675
2010-08-20,,43.175
2010-08-23,,43.45
2010-08-24,,42.72
2010-08-25,,42.24
2010-08-26,,42.56
2010-08-27,,42.935
2010-08-30,,42.74
2010-08-31,,42.83
2010-09-01,,44.38
2010-09-02,,44.385
2010-09-03,,44.875
2010-09-06,,45.02
2010-09-07,,44.565
2010-09-08,,44.965
2010-09-09,,45.46
2010-09-10,,45.42
2010-09-13,,45.805
2010-09-14,,45.87
2010-09-15,,45.665
2010-09-16,,45.505
2010-09-17,,45.05
2010-09-20,,45.845
2010-09-21,,45.725
2010-09-22,,44.985
2010-09-23,,44.79
2010-09-24,,45.67
2010-09-27,,45.395
2010-09-28,,45.35
2010-09-29,,44.985
2010-09-30,,44.87
2010-10-01,2.0,44.725
2010-10-04,2.0,44.14
2010-10-05,2.0,45.1
2010-10-06,2.0,45.485
2010-10-07,,45.55
2010-10-08,,45.605
2010-10-11,,45.615
2010-10-12,,45.385
2010-10-13,,46.375
2010-10-14,,46.365
2010-10-15,,46.525
2010-10-18,,46.63
2010-10-19,,46.445
2010-10-20,,46.65
2010-10-21,,47.18
2010-10-22,,47.04
2010-10-25,,46.985
2010-10-26,,46.66
2010-10-27,,46.295
2010-10-28,,46.54
2010-10-29,,46.53
2010-11-01,,46.42
2010-11-02,,46.815
2010-11-03,,46.305
2010-11-04,,47.195
2010-11-05,,47.03
2010-11-08,,47.005
2010-11-09,,47.355
2010-11-10,,46.655
2010-11-11,,46.4
2010-11-12,,46.325
2010-11-15,,46.765
2010-11-16,,45.66
2010-11-17,,46.02
2010-11-18,,46.875
2010-11-19,,46.725
2010-11-22,,46.185
2010-11-23,,44.975
2010-11-24,,45.3
2010-11-25,,45.39
2010-11-26,,44.935
2010-11-29,,43.87
2010-11-30,,43.495
2010-12-01,,44.68
2010-12-02,,45.72
2010-12-03,,45.71
2010-12-06,,45.505
2010-12-07,,46.11
2010-12-08,,46.31
2010-12-09,,46.685
2010-12-10,,46.66
2010-12-13,,46.91
2010-12-14,,47.025
2010-12-15,,46.71
2010-12-16,,46.765
2010-12-17,,46.365
2010-12-20,,46.625
2010-12-21,,47.265
2010-12-22,,47.145
2010-12-23,,47.045
2010-12-27,,46.45
2010-12-28,,46.41
2010-12-29,,46.685
2010-12-30,,45.985
2011-01-03,,46.675
2011-01-04,,46.725
2011-01-05,,46.57
2011-01-06,,46.58
2011-01-07,,46.075
2011-01-10,,45.4
2011-01-11,,45.98
2011-01-12,,47.33
2011-01-13,,47.93
2011-01-14,,48.015
2011-01-17,,47.865
2011-01-18,,48.445
2011-01-19,,48.13
2011-01-20,,48.15
2011-01-21,,48.9
2011-01-24,,49.015
2011-01-25,,48.655
2011-01-26,,48.865
2011-01-27,,49.24
2011-01-28,,48.61
2011-01-31,,48.62
2011-02-01,,49.495
2011-02-02,,49.585
2011-02-03,,49.3
2011-02-04,,49.465
2011-02-07,,49.915
2011-02-08,,50.09
2011-02-09,,49.925
2011-02-10,,49.8
2011-02-11,,49.815
2011-02-14,,49.73
2011-02-15,,49.885
2011-02-16,,50.36
2011-02-17,,50.47
2011-02-18,,50.54
2011-02-21,,49.61
2011-02-22,,49.16
2011-02-23,,48.67
2011-02-24,,48.525
2011-02-25,,49.15
2011-02-28,,49.615
2011-03-01,,49.11
2011-03-02,,48.735
2011-03-03,,48.895
2011-03-04,,48.555
2011-03-07,,48.24
2011-03-08,,48.53
2011-03-09,,48.32
2011-03-10,,47.925
2011-03-11,,47.495
2011-03-14,,46.97
2011-03-15,,45.81
2011-03-16,,44.82
2011-03-17,,45.93
2011-03-18,,46.005
2011-03-21,,47.135
2011-03-22,,47.025
2011-03-23,,47.22
2011-03-24,,47.905
2011-03-25,,47.94
2011-03-28,,47.99
2011-03-29,,47.94
2011-03-30,,48.355
2011-03-31,,47.92
2011-04-01,,48.785
2011-04-04,,48.74
2011-04-05,,48.63
2011-04-06,,48.93
2011-04-07,,48.805
2011-04-08,,49.17
2011-04-11,,49.015
2011-04-12,,48.3
2011-04-13,,48.625
2011-04-14,,48.09
2011-04-15,,48.11
2011-04-18,,46.955
2011-04-19,,47.12
2011-04-20,,48.21
2011-04-21,,48.525
2011-04-26,,48.84
2011-04-27,,49.235
2011-04-28,,49.715
2011-04-29,,49.835
2011-05-02,,49.86
2011-05-03,,49.75
2011-05-04,,49.0
2011-05-05,,48.675
2011-05-06,,49.255
2011-05-09,,48.435
2011-05-10,,49.08
2011-05-11,,49.21
2011-05-12,,48.735
2011-05-13,,48.43
2011-05-16,,48.295
2011-05-17,,47.77
2011-05-18,,48.07
2011-05-19,,48.42
2011-05-20,,47.955
2011-05-23,,47.1
2011-05-24,,47.195
2011-05-25,,47.47
2011-05-26,,47.185
2011-05-27,,47.545
2011-05-30,,47.44
2011-05-31,,48.25
2011-06-01,,47.7
2011-06-02,,46.92
2011-06-03,,47.035
2011-06-06,,46.7
2011-06-07,,46.84
2011-06-08,,46.48
2011-06-09,,46.865
2011-06-10,,46.165
2011-06-13,,46.18
2011-06-14,,46.965
2011-06-15,,46.155
2011-06-16,,46.135
2011-06-17,,46.82
2011-06-20,,46.495
2011-06-21,,47.385
2011-06-22,,47.305
2011-06-23,,46.165
2011-06-24,,45.995
2011-06-27,,46.04
2011-06-28,,46.495
2011-06-29,,47.4
2011-06-30,,48.195
2011-07-01,,48.605
2011-07-04,,48.52
2011-07-05,,48.25
2011-07-06,,47.925
2011-07-07,,48.12
2011-07-08,,47.215
2011-07-11,,45.85
2011-07-12,,45.545
2011-07-13,,45.955
2011-07-14,,45.615
2011-07-15,,45.31
2011-07-18,,44.39
2011-07-19,,45.0
2011-07-20,,45.77
2011-07-21,,46.785
2011-07-22,,46.975
2011-07-25,,46.445
2011-07-26,,46.395
2011-07-27,,45.615
2011-07-28,,45.595
2011-07-29,,45.225
2011-08-01,,43.925
2011-08-02,,43.11
2011-08-03,,42.35
2011-08-04,,40.805
2011-08-05,,40.245
2011-08-08,,38.95
2011-08-09,,38.855
2011-08-10,,36.355
2011-08-11,,37.475
2011-08-12,,39.085
2011-08-15,,39.345
2011-08-16,,39.335
2011-08-17,,39.5
2011-08-18,,37.43
2011-08-19,,36.515
2011-08-22,,37.05
2011-08-23,,37.27
2011-08-24,,37.91
2011-08-25,,37.56
2011-08-26,,37.115
2011-08-29,,37.94
2011-08-30,,37.97
2011-08-31,,38.99
2011-09-01,,39.09
2011-09-02,,37.745
2011-09-05,,35.76
2011-09-06,,35.315
2011-09-07,,36.465
2011-09-08,,36.67
2011-09-09,,35.155
2011-09-12,,33.86
2011-09-13,,34.505
2011-09-14,,35.3
2011-09-15,,36.565
2011-09-16,,36.545
2011-09-19,,35.635
2011-09-20,,36.365
2011-09-21,,35.68
2011-09-22,,34.01
2011-09-23,,34.475
2011-09-26,,35.415
2011-09-27,,37.295
2011-09-28,,36.965
2011-09-29,,37.575
2011-09-30,,37.01
2011-10-03,,36.34
2011-10-04,,35.585
2011-10-05,,37.04
2011-10-06,,38.24
2011-10-07,,38.555
2011-10-10,,39.42
2011-10-11,,39.37
2011-10-12,,40.33
2011-10-13,,39.645
2011-10-14,,40.01
2011-10-17,,39.395
2011-10-18,,39.24
2011-10-19,,39.59
2011-10-20,,38.62
2011-10-21,,39.705
2011-10-24,,40.27
2011-10-25,,39.885
2011-10-26,,39.68
2011-10-27,,42.15
2011-10-28,,41.855
2011-10-31,,40.545
2011-11-01,,38.37
2011-11-02,,38.96
2011-11-03,,39.935
2011-11-04,,38.93
2011-11-07,,38.785
2011-11-08,,39.245
2011-11-09,,38.32
2011-11-10,,38.485
2011-11-11,,39.66
2011-11-14,,39.035
2011-11-15,,38.425
2011-11-16,,38.655
2011-11-17,,38.23
2011-11-18,,38.195
2011-11-21,,36.855
2011-11-22,,36.475
2011-11-23,,35.75
2011-11-24,,35.635
2011-11-25,,36.05
2011-11-28,,37.885
2011-11-29,,38.13
2011-11-30,,39.76
2011-12-01,,39.48
2011-12-02,,39.985
2011-12-05,,40.44
2011-12-06,,40.2
2011-12-07,,40.005
2011-12-08,,39.01
2011-12-09,,39.935
2011-12-12,,38.73
2011-12-13,,38.6
2011-12-14,,37.69
2011-12-15,,37.965
2011-12-16,,37.55
2011-12-19,,37.62
2011-12-20,,38.67
2011-12-21,,38.315
2011-12-22,,38.79
2011-12-23,,39.1
2011-12-27,,39.14
2011-12-28,,38.505
2011-12-29,,39.19
2011-12-30,,39.615
2012-01-02,,40.475
2012-01-03,,40.825
2012-01-04,,40.145
2012-01-05,,39.57
2012-01-06,,39.245
2012-01-09,,39.04
2012-01-10,,40.13
2012-01-11,,39.975
2012-01-12,,40.105
2012-01-13,,39.965
2012-01-16,,40.41
2012-01-17,,40.965
2012-01-18,,40.915
2012-01-19,,41.655
2012-01-20,,41.535
2012-01-23,,41.775
2012-01-24,,41.59
2012-01-25,,41.485
2012-01-26,,42.19
2012-01-27,,41.755
2012-01-30,,41.19
2012-01-31,,41.395
2012-02-01,,42.35
2012-02-02,,42.455
2012-02-03,,43.07
2012-02-06,,42.97
2012-02-07,,43.09
2012-02-08,,43.045
2012-02-09,,43.26
2012-02-10,,42.485
2012-02-13,,42.67
2012-02-14,,42.635
2012-02-15,,42.775
2012-02-16,,42.605
2012-02-17,,43.17
2012-02-20,,43.715
2012-02-21,,43.565
2012-02-22,,43.155
2012-02-23,,42.985
2012-02-24,,43.235
2012-02-27,,43.085
2012-02-28,,43.205
2012-02-29,,43.025
2012-03-01,,43.66
2012-03-02,,43.635
2012-03-05,,43.36
2012-03-06,,41.89
2012-03-07,,42.2
2012-03-08,,43.085
2012-03-09,,43.145
2012-03-12,,43.13
2012-03-13,,43.835
2012-03-14,,44.12
2012-03-15,,44.505
2012-03-16,,44.72
2012-03-19,,44.755
2012-03-20,,44.18
2012-03-21,,44.035
2012-03-22,,43.405
2012-03-23,,43.28
2012-03-26,,43.525
2012-03-27,,43.315
2012-03-28,,42.815
2012-03-29,,42.09
2012-03-30,,42.48
2012-04-02,,42.89
2012-04-03,,42.135
2012-04-04,,41.115
2012-04-05,,41.05
2012-04-10,,39.855
2012-04-11,,40.205
2012-04-12,,40.38
2012-04-13,,39.39
2012-04-16,,39.575
2012-04-17,,40.68
2012-04-18,,40.02
2012-04-19,,39.28
2012-04-20,,39.83
2012-04-23,,38.665
2012-04-24,,39.33
2012-04-25,,39.985
2012-04-26,,40.01
2012-04-27,,40.405
2012-04-30,,39.88
2012-05-02,,39.62
2012-05-03,,39.57
2012-05-04,,39.065
2012-05-07,,39.64
2012-05-08,,38.825
2012-05-09,,38.68
2012-05-10,,39.195
2012-05-11,,39.355
2012-05-14,,38.455
2012-05-15,,38.08
2012-05-16,,37.945
2012-05-17,,37.52
2012-05-18,,37.515
2012-05-21,,37.755
2012-05-22,,38.49
2012-05-23,,37.46
2012-05-24,,37.845
2012-05-25,,38.02
2012-05-28,,37.775
2012-05-29,,37.98
2012-05-30,,37.29
2012-05-31,,37.225
2012-06-01,,36.445
2012-06-04,,36.615
2012-06-05,,36.74
2012-06-06,,37.665
2012-06-07,,37.725
2012-06-08,,37.82
2012-06-11,,37.675
2012-06-12,,37.81
2012-06-13,,37.8
2012-06-14,,37.915
2012-06-15,,38.435
2012-06-18,,38.055
2012-06-19,,38.845
2012-06-20,,39.03
2012-06-21,,38.885
2012-06-22,,38.7
2012-06-25,,37.665
2012-06-26,,37.635
2012-06-27,,38.295
2012-06-28,,38.14
2012-06-29,,40.04
2012-07-02,,40.55
2012-07-03,,41.015
2012-07-04,,40.92
2012-07-05,,40.405
2012-07-06,,39.54
2012-07-09,,39.4
2012-07-10,,39.685
2012-07-11,,39.765
2012-07-12,,39.44
2012-07-13,,39.995
2012-07-16,,39.895
2012-07-17,,39.86
2012-07-18,,40.46
2012-07-19,,40.78
2012-07-20,,39.635
2012-07-23,,38.58
2012-07-24,,38.13
2012-07-25,,38.235
2012-07-26,,39.815
2012-07-27,,40.75
2012-07-30,,41.43
2012-07-31,,41.2
2012-08-01,,41.365
2012-08-02,,40.11
2012-08-03,,41.945
2012-08-06,,42.465
2012-08-07,,43.26
2012-08-08,,43.11
2012-08-09,,43.18
2012-08-10,,42.925
2012-08-13,,42.79
2012-08-14,,43.1
2012-08-15,,43.09
2012-08-16,,43.51
2012-08-17,,43.765
2012-08-20,,43.7
2012-08-21,,44.115
2012-08-22,,43.445
2012-08-23,,43.015
2012-08-24,,43.145
2012-08-27,,43.6
2012-08-28,,43.245
2012-08-29,,43.105
2012-08-30,,42.62
2012-08-31,,43.2
2012-09-03,,43.655
2012-09-04,,43.18
2012-09-05,,43.24
2012-09-06,,44.72
2012-09-07,,45.025
2012-09-10,,44.84
2012-09-11,,45.41
2012-09-12,,45.47
2012-09-13,,45.095
2012-09-14,,45.995
2012-09-17,,45.82
2012-09-18,,45.305
2012-09-19,,45.525
2012-09-20,,45.255
2012-09-21,,45.665
2012-09-24,,45.4
2012-09-25,,45.63
2012-09-26,,44.41
2012-09-27,,44.51
2012-09-28,,43.58
2012-10-01,,44.41
2012-10-02,,44.325
2012-10-03,,44.29
2012-10-04,,44.18
2012-10-05,,44.99
2012-10-08,,44.35
2012-10-09,,43.91
2012-10-10,,43.645
2012-10-11,,44.215
2012-10-12,,43.895
2012-10-15,,44.165
2012-10-16,,45.27
2012-10-17,,45.725
2012-10-18,,45.81
2012-10-19,,45.215
2012-10-22,,45.01
2012-10-23,,44.075
2012-10-24,,44.295
2012-10-25,,44.175
2012-10-26,,44.38
2012-10-29,,44.055
2012-10-30,,44.745
2012-10-31,,44.525
2012-11-01,,45.075
2012-11-02,,45.3
2012-11-05,,44.8
2012-11-06,,45.12
2012-11-07,,44.12
2012-11-08,,44.13
2012-11-09,,44.165
2012-11-12,,44.04
2012-11-13,,44.36
2012-11-14,,44.005
2012-11-15,,43.815
2012-11-16,,43.22
2012-11-19,,44.42
2012-11-20,,44.66
2012-11-21,,44.825
2012-11-22,,45.145
2012-11-23,,45.475
2012-11-26,,45.27
2012-11-27,,45.235
2012-11-28,,45.33
2012-11-29,,45.965
2012-11-30,,45.89
2012-12-03,,45.95
2012-12-04,,46.115
2012-12-05,,46.155
2012-12-06,,46.385
2012-12-07,,46.315
2012-12-10,4.0,46.24
2012-12-11,4.0,46.705
2012-12-12,4.0,46.83
2012-12-13,4.0,46.765
2012-12-14,,46.835
2012-12-17,,46.835
2012-12-18,,47.11
2012-12-19,,47.295
2012-12-20,,47.345
2012-12-21,,47.225
2012-12-27,,47.42
2012-12-28,,46.7
2013-01-02,,48.265
2013-01-03,,48.13
2013-01-04,,48.27
2013-01-07,,48.045
2013-01-08,,47.95
2013-01-09,,48.24
2013-01-10,,48.285
2013-01-11,,48.46
2013-01-14,,48.4
2013-01-15,,48.215
2013-01-16,,48.205
2013-01-17,,48.485
2013-01-18,,48.305
2013-01-21,,48.645
2013-01-22,,48.45
2013-01-23,,48.315
2013-01-24,,48.615
2013-01-25,,49.02
2013-01-28,,49.06
2013-01-29,,49.14
2013-01-30,,48.85
2013-01-31,,48.3
2013-02-01,,48.425
2013-02-04,,46.935
2013-02-05,,47.34
2013-02-06,,46.8
2013-02-07,,46.4
2013-02-08,,46.975
2013-02-11,,46.87
2013-02-12,,47.315
2013-02-13,,47.46
2013-02-14,,47.125
2013-02-15,,46.73
2013-02-18,,46.78
2013-02-19,,47.585
2013-02-20,,47.155
2013-02-21,,46.085
2013-02-22,,47.02
2013-02-25,,47.4
2013-02-26,,45.94
2013-02-27,,46.665
2013-02-28,,47.07
2013-03-01,,46.79
2013-03-04,,46.835
2013-03-05,,47.935
2013-03-06,,47.88
2013-03-07,,48.055
2013-03-08,,48.755
2013-03-11,,48.57
2013-03-12,,48.44
2013-03-13,,48.35
2013-03-14,,49.01
2013-03-15,,48.69
2013-03-18,,48.37
2013-03-19,,47.77
2013-03-20,,48.445
2013-03-21,,48.0
2013-03-22,,47.97
2013-03-25,,47.375
2013-03-26,,47.235
2013-03-27,,46.755
2013-03-28,,46.89
2013-04-02,,47.89
2013-04-03,,47.18
2013-04-04,,46.855
2013-04-05,,46.24
2013-04-08,,46.31
2013-04-09,,46.395
2013-04-10,,47.595
2013-04-11,,47.945
2013-04-12,,47.225
2013-04-15,,47.035
2013-04-16,,46.79
2013-04-17,,45.755
2013-04-18,,45.8
2013-04-19,,46.21
2013-04-22,,46.355
2013-04-23,,47.795
2013-04-24,,48.495
2013-04-25,,48.57
2013-04-26,,48.265
2013-04-29,,49.005
2013-04-30,,48.845
2013-05-02,,49.085
2013-05-03,,49.935
2013-05-06,,49.745
2013-05-07,,50.075
2013-05-08,,50.455
2013-05-09,,50.405
2013-05-10,,50.59
2013-05-13,,50.49
2013-05-14,,50.82
2013-05-15,,51.075
2013-05-16,,51.125
2013-05-17,,51.32
2013-05-20,,51.54
2013-05-21,,51.53
2013-05-22,,51.75
2013-05-23,,50.73
2013-05-24,,50.54
2013-05-27,,51.04
2013-05-28,,51.815
2013-05-29,,50.945
2013-05-30,,51.14
2013-05-31,,50.66
2013-06-03,,50.235
2013-06-04,,50.365
2013-06-05,,49.555
2013-06-06,,48.895
2013-06-07,,49.83
2013-06-10,,49.705
2013-06-11,,49.11
2013-06-12,,48.805
2013-06-13,,48.67
2013-06-14,,48.78
2013-06-17,,49.425
2013-06-18,,49.41
2013-06-19,,49.135
2013-06-20,,47.345
2013-06-21,,46.675
2013-06-24,,46.065
2013-06-25,,46.595
2013-06-26,,47.685
2013-06-27,,47.995
2013-06-28,,47.705
2013-07-01,,48.02
2013-07-02,,47.73
2013-07-03,,47.16
2013-07-04,,48.495
2013-07-05,,47.6
2013-07-08,,48.535
2013-07-09,,48.805
2013-07-10,,48.75
2013-07-11,,49.175
2013-07-12,,49.145
2013-07-15,,49.295
2013-07-16,,48.855
2013-07-17,,49.19
2013-07-18,,49.84
2013-07-19,,49.86
2013-07-22,,49.99
2013-07-23,,49.985
2013-07-24,,50.48
2013-07-25,,50.295
2013-07-26,,50.34
2013-07-29,,50.34
2013-07-30,,50.63
2013-07-31,,50.78
2013-08-01,,51.48
2013-08-02,,51.6
2013-08-05,,51.53
2013-08-06,,51.25
2013-08-07,,51.25
2013-08-08,,51.64
2013-08-09,,51.8
2013-08-12,,51.88
2013-08-13,,52.18
2013-08-14,,52.32
2013-08-15,,52.03
2013-08-16,,52.38
2013-08-19,,51.84
2013-08-20,,51.21
2013-08-21,,50.89
2013-08-22,,51.55
2013-08-23,,51.89
2013-08-26,,51.77
2013-08-27,,50.505
2013-08-28,,50.305
2013-08-29,,50.605
2013-08-30,,49.965
2013-09-02,,50.86
2013-09-03,,50.515
2013-09-04,,50.66
2013-09-05,,50.92
2013-09-06,,51.445
2013-09-09,,51.355
2013-09-10,,52.28
2013-09-11,,52.55
2013-09-12,,52.5
2013-09-13,,52.63
2013-09-16,,53.1
2013-09-17,,53.03
2013-09-18,,53.39
2013-09-19,,53.81
2013-09-20,,53.81
2013-09-23,,53.49
2013-09-24,,53.695
2013-09-25,,53.785
2013-09-26,,53.735
2013-09-27,,53.64
2013-09-30,,53.195
2013-10-01,,53.905
2013-10-02,,53.665
2013-10-03,,53.315
2013-10-04,,53.8
2013-10-07,,53.725
2013-10-08,,53.39
2013-10-09,,53.34
2013-10-10,,54.56
2013-10-11,,54.65
2013-10-14,,54.72
2013-10-15,,55.205
2013-10-16,,55.45
2013-10-17,,55.375
2013-10-18,,55.76
2013-10-21,,55.715
2013-10-22,,55.99
2013-10-23,,55.54
2013-10-24,,55.865
2013-10-25,,55.82
2013-10-28,,55.615
2013-10-29,,56.12
2013-10-30,,55.94
2013-10-31,,56.395
2013-11-01,,56.125
2013-11-04,,56.3
2013-11-05,,55.87
2013-11-06,,56.245
2013-11-07,,56.04
2013-11-08,,55.83
2013-11-11,,56.21
2013-11-12,,55.9
2013-11-13,,55.61
2013-11-14,,56.195
2013-11-15,,56.25
2013-11-18,,56.735
2013-11-19,,56.235
2013-11-20,,56.135
2013-11-21,,56.105
2013-11-22,,56.32
2013-11-25,,56.615
2013-11-26,,56.48
2013-11-27,,56.775
2013-11-28,,56.96
2013-11-29,,56.885
2013-12-02,,56.74
2013-12-03,,55.59
2013-12-04,,55.155
2013-12-05,,54.405
2013-12-06,,54.965
2013-12-09,,55.11
2013-12-10,,54.575
2013-12-11,,54.3
2013-12-12,,53.96
2013-12-13,,53.875
2013-12-16,,54.905
2013-12-17,,54.31
2013-12-18,,54.885
2013-12-19,,55.895
2013-12-20,,56.255
2013-12-23,,56.645
2013-12-27,,57.415
2013-12-30,,57.34
2014-01-02,,56.43
2014-01-03,,56.71
2014-01-06,,56.61
2014-01-07,,57.355
2014-01-08,,57.385
2014-01-09,,57.015
2014-01-10,,57.27
2014-01-13,,57.41
2014-01-14,,57.555
2014-01-15,,58.41
2014-01-16,,58.22
2014-01-17,,58.28
2014-01-20,,58.25
2014-01-21,,58.235
2014-01-22,,58.195
2014-01-23,,57.59
2014-01-24,,55.915
2014-01-27,,55.63
2014-01-28,,56.07
2014-01-29,,55.715
2014-01-30,,55.955
2014-01-31,,55.75
2014-02-03,,54.795
2014-02-04,,54.77
2014-02-05,,54.79
2014-02-06,,55.675
2014-02-07,,56.205
2014-02-10,,56.07
2014-02-11,,56.88
2014-02-12,,57.205
2014-02-13,,57.285
2014-02-14,,57.67
2014-02-17,,57.685
2014-02-18,,57.665
2014-02-19,,57.69
2014-02-20,,57.705
2014-02-21,,57.92
2014-02-24,,58.345
2014-02-25,,58.395
2014-02-26,,58.22
2014-02-27,,58.005
2014-02-28,,58.14
2014-03-03,,56.465
2014-03-04,,57.95
2014-03-05,,57.97
2014-03-06,,58.14
2014-03-07,,57.21
2014-03-10,,57.17
2014-03-11,,57.18
2014-03-12,,56.67
2014-03-13,,55.8
2014-03-14,,55.57
2014-03-17,,56.36
2014-03-18,,56.805
2014-03-19,,56.87
2014-03-20,,57.11
2014-03-21,,57.24
2014-03-24,,56.5
2014-03-25,,57.25
2014-03-26,,57.86
2014-03-27,,58.01
2014-03-28,,58.685
2014-03-31,,58.575
2014-04-01,,58.97
2014-04-02,,58.98
2014-04-03,,59.33
2014-04-04,,59.785
2014-04-07,,59.035
2014-04-08,,58.82
2014-04-09,,58.92
2014-04-10,,58.415
2014-04-11,,57.75
2014-04-14,,58.1
2014-04-15,,57.385
2014-04-16,,58.21
2014-04-17,,58.52
2014-04-22,,59.37
2014-04-23,,58.99
2014-04-24,,59.195
2014-04-25,,58.43
2014-04-28,,58.735
2014-04-29,,59.555
2014-04-30,,59.49
2014-05-02,,59.185
2014-05-05,,59.19
2014-05-06,,58.79
2014-05-07,,59.07
2014-05-08,,59.925
2014-05-09,,59.585
2014-05-12,,60.12
2014-05-13,,60.19
2014-05-14,,60.235
2014-05-15,,59.32
2014-05-16,,59.63
2014-05-19,,59.635
2014-05-20,,59.555
2014-05-21,,59.995
2014-05-22,,60.045
2014-05-23,,60.365
2014-05-26,,61.05
2014-05-27,,61.15
2014-05-28,,61.22
2014-05-29,,61.19
2014-05-30,,61.255
2014-06-02,,61.335
2014-06-03,,61.2
2014-06-04,,61.135
2014-06-05,,61.71
2014-06-06,,62.18
2014-06-09,,62.46
2014-06-10,,62.595
2014-06-11,,62.105
2014-06-12,,62.025
2014-06-13,,62.015
2014-06-16,,61.6
2014-06-17,,61.825
2014-06-18,,61.92
2014-06-19,,62.61
2014-06-20,,62.465
2014-06-23,,62.035
2014-06-24,,62.105
2014-06-25,,61.525
2014-06-26,,61.15
2014-06-27,,61.04
2014-06-30,,61.03
2014-07-01,,61.55
2014-07-02,,61.505
2014-07-03,,62.18
2014-07-04,,61.87
2014-07-07,,61.13
2014-07-08,,60.255
2014-07-09,,60.62
2014-07-10,,59.61
2014-07-11,,59.735
2014-07-14,,60.27
2014-07-15,,59.72
2014-07-16,,60.605
2014-07-17,,59.845
2014-07-18,,59.92
2014-07-21,,59.425
2014-07-22,,60.39
2014-07-23,,60.42
2014-07-24,,60.91
2014-07-25,,60.09
2014-07-28,,60.065
2014-07-29,,60.355
2014-07-30,,60.025
2014-07-31,,59.035
2014-08-01,,58.19
2014-08-04,,58.125
2014-08-05,,58.16
2014-08-06,,57.78
2014-08-07,,57.06
2014-08-08,,56.915
2014-08-11,,57.71
2014-08-12,,57.26
2014-08-13,,57.84
2014-08-14,,57.925
2014-08-15,,57.3
2014-08-18,,58.17
2014-08-19,,58.535
2014-08-20,,58.38
2014-08-21,,59.135
2014-08-22,,58.68
2014-08-25,,59.91
2014-08-26,,60.53
2014-08-27,,60.475
2014-08-28,,59.95
2014-08-29,,60.095
2014-09-01,,60.105
2014-09-02,,60.205
2014-09-03,,60.915
2014-09-04,,62.025
2014-09-05,,62.03
2014-09-08,,61.87
2014-09-09,,61.47
2014-09-10,,61.425
2014-09-11,,61.315
2014-09-12,,61.22
2014-09-15,,61.175
2014-09-16,,61.03
2014-09-17,,61.255
2014-09-18,,61.91
2014-09-19,,61.995
2014-09-22,,61.75
2014-09-23,,60.805
2014-09-24,,61.485
2014-09-25,,60.665
2014-09-26,,61.02
2014-09-29,,60.45
2014-09-30,,61.14
2014-10-01,,60.585
2014-10-02,,58.91
2014-10-03,,59.535
2014-10-06,,59.565
2014-10-07,,58.475
2014-10-08,,57.905
2014-10-09,,57.68
2014-10-10,,56.74
2014-10-13,,56.88
2014-10-14,,56.885
2014-10-15,,54.845
2014-10-16,,54.47
2014-10-17,,56.195
2014-10-20,,55.59
2014-10-21,,56.83
2014-10-22,,57.075
2014-10-23,,57.745
2014-10-24,,57.515
2014-10-27,,56.895
2014-10-28,,57.605
2014-10-29,,57.345
2014-10-30,,57.61
2014-10-31,,59.07
2014-11-03,,58.545
2014-11-04,,57.61
2014-11-05,,58.64
2014-11-06,,58.885
2014-11-07,,58.215
2014-11-10,,58.77
2014-11-11,,58.955
2014-11-12,,57.895
2014-11-13,,58.03
2014-11-14,,58.16
2014-11-17,,58.57
2014-11-18,,59.26
2014-11-19,,59.32
2014-11-20,,58.985
2014-11-21,,60.665
2014-11-24,,61.065
2014-11-25,,61.285
2014-11-26,,61.28
2014-11-27,,61.69
2014-11-28,,61.78
2014-12-01,,61.465
2014-12-02,,61.58
2014-12-03,,61.78
2014-12-04,,60.75
2014-12-05,,62.315
2014-12-08,,61.8
2014-12-09,,60.225
2014-12-10,,59.955
2014-12-11,,60.105
2014-12-12,,58.385
2014-12-15,,56.69
2014-12-16,,58.065
2014-12-17,,58.11
2014-12-18,,60.03
2014-12-19,,59.735
2014-12-22,,60.125
2014-12-23,,60.845
2014-12-29,,60.735
2014-12-30,,59.71
2015-01-02,,59.815
2015-01-05,,57.63
2015-01-06,,57.27
2015-01-07,,57.645
2015-01-08,,59.755
2015-01-09,,57.98
2015-01-12,,58.71
2015-01-13,,59.66
2015-01-14,,58.95
2015-01-15,,60.17
2015-01-16,,61.09
2015-01-19,,61.44
2015-01-20,,61.89
2015-01-21,,62.37
2015-01-22,,63.355
2015-01-23,,64.545
2015-01-26,,65.13
2015-01-27,,64.345
2015-01-28,,64.125
2015-01-29,,64.405
2015-01-30,,64.02
2015-02-02,,64.365
2015-02-03,,65.23
2015-02-04,,65.235
2015-02-05,,65.18
2015-02-06,,64.915
2015-02-09,,63.9
2015-02-10,,64.6
2015-02-11,,64.45
2015-02-12,,65.295
2015-02-13,,65.93
2015-02-16,,65.58
2015-02-17,,65.65
2015-02-18,,66.225
2015-02-19,,66.665
2015-02-20,,66.715
2015-02-23,,67.23
2015-02-24,,67.735
2015-02-25,,67.63
2015-02-26,,68.295
2015-02-27,,68.77
2015-03-02,,68.61
2015-03-03,,67.83
2015-03-04,,68.45
2015-03-05,,69.135
2015-03-06,,69.125
2015-03-09,,68.97
2015-03-10,,68.175
2015-03-11,,69.725
2015-03-12,,69.58
2015-03-13,,69.835
2015-03-16,,70.8
2015-03-17,,70.165
2015-03-18,,70.09
2015-03-19,,70.13
2015-03-20,,71.205
2015-03-23,,70.7
2015-03-24,,71.305
2015-03-25,,70.4
2015-03-26,,70.17
2015-03-27,,70.335
2015-03-30,,71.29
2015-03-31,,70.745
2015-04-01,,71.03
2015-04-02,,71.13
2015-04-07,,72.155
2015-04-08,,71.63
2015-04-09,,72.38
2015-04-10,,73.04
2015-04-13,,73.245
2015-04-14,,72.475
2015-04-15,,72.835
2015-04-16,,71.85
2015-04-17,,70.36
2015-04-20,,71.21
2015-04-21,,71.26
2015-04-22,,71.355
2015-04-23,,70.875
2015-04-24,,71.19
2015-04-27,,72.335
2015-04-28,,71.275
2015-04-29,,69.365
2015-04-30,,69.525
2015-05-04,,69.845
2015-05-05,,68.225
2015-05-06,,68.44
2015-05-07,,68.545
2015-05-08,,70.375
2015-05-11,,70.02
2015-05-12,,69.065
2015-05-13,,68.705
2015-05-14,,69.705
2015-05-15,,69.18
2015-05-18,,69.59
2015-05-19,,71.175
2015-05-20,,71.46
2015-05-21,,71.56
2015-05-22,,71.495
2015-05-26,,70.365
2015-05-27,,71.545
2015-05-28,,70.985
2015-05-29,,69.45
2015-06-01,,69.545
2015-06-02,,69.265
2015-06-03,,69.74
2015-06-04,,69.2
2015-06-05,,68.24
2015-06-08,,67.465
2015-06-09,,67.315
2015-06-10,,68.705
2015-06-11,,69.2
2015-06-12,,68.275
2015-06-15,,66.98
2015-06-16,,67.295
2015-06-17,,66.775
2015-06-18,,67.24
2015-06-19,,67.39
2015-06-22,,70.11
2015-06-23,,70.69
2015-06-24,,70.365
2015-06-25,,70.385
2015-06-26,,70.63
2015-06-29,,67.575
2015-06-30,,66.73
2015-07-01,,68.145
2015-07-02,,67.515
2015-07-03,,67.105
2015-07-06,,65.645
2015-07-07,,64.255
2015-07-08,,64.86
2015-07-09,,66.675
2015-07-10,,68.815
2015-07-13,,70.01
2015-07-14,,70.4
2015-07-15,,70.67
2015-07-16,,71.735
2015-07-17,,71.625
2015-07-20,,71.955
2015-07-21,,71.2
2015-07-22,,70.935
2015-07-23,,70.865
2015-07-24,,70.235
2015-07-27,,68.55
2015-07-28,,69.295
2015-07-29,,69.74
2015-07-30,,69.895
2015-07-31,,70.28
2015-08-03,,70.905
2015-08-04,,70.645
2015-08-05,,71.74
2015-08-06,,71.57
2015-08-07,,71.025
2015-08-10,,71.775
2015-08-11,,70.39
2015-08-12,,68.05
2015-08-13,,68.64
2015-08-14,,68.17
2015-08-17,,68.31
2015-08-18,,68.245
2015-08-19,,67.005
2015-08-20,,65.515
2015-08-21,,63.425
2015-08-24,,59.96
2015-08-25,,62.82
2015-08-26,,61.93
2015-08-27,,64.045
2015-08-28,,64.2
2015-08-31,,63.87
2015-09-01,,62.265
2015-09-02,,62.435
2015-09-03,,63.86
2015-09-04,,62.105
2015-09-07,,62.42
2015-09-08,,63.095
2015-09-09,,63.87
2015-09-10,,62.925
2015-09-11,,62.265
2015-09-14,,62.02
2015-09-15,,62.635
2015-09-16,,63.515
2015-09-17,,63.6
2015-09-18,,61.695
2015-09-21,,62.19
2015-09-22,,60.105
2015-09-23,,60.17
2015-09-24,,58.995
2015-09-25,,60.8
2015-09-28,,59.425
2015-09-29,,59.23
2015-09-30,,60.58
2015-10-01,,60.025
2015-10-02,,60.39
2015-10-05,,62.325
2015-10-06,,62.91
2015-10-07,,63.055
2015-10-08,,63.06
2015-10-09,,63.52
2015-10-12,,63.52
2015-10-13,,63.005
2015-10-14,,62.415
2015-10-15,,63.3
2015-10-16,,63.83
2015-10-19,,63.995
2015-10-20,,63.66
2015-10-21,,64.05
2015-10-22,,65.62
2015-10-23,,67.025
2015-10-26,,66.805
2015-10-27,,66.18
2015-10-28,,66.92
2015-10-29,,66.74
2015-10-30,,66.89
2015-11-02,,67.175
2015-11-03,,67.36
2015-11-04,,67.29
2015-11-05,,67.475
2015-11-06,,67.84
2015-11-09,,66.905
2015-11-10,,67.035
2015-11-11,,67.495
2015-11-12,,66.345
2015-11-13,,65.82
2015-11-16,,65.865
2015-11-17,,67.585
2015-11-18,,67.235
2015-11-19,,67.595
2015-11-20,,67.625
2015-11-23,,67.55
2015-11-24,,66.82
2015-11-25,,67.8
2015-11-26,,68.51
2015-11-27,,68.36
2015-11-30,,68.695
2015-12-01,,68.185
2015-12-02,,67.975
2015-12-03,,65.52
2015-12-04,,65.285
2015-12-07,,65.84
2015-12-08,,64.67
2015-12-09,,64.215
2015-12-10,,64.07
2015-12-11,,62.805
2015-12-14,,61.54
2015-12-15,,63.48
2015-12-16,,63.635
2015-12-17,,64.78
2015-12-18,,63.93
2015-12-21,,63.015
2015-12-22,,63.005
2015-12-23,,64.46
2015-12-28,,63.885
2015-12-29,,64.985
2015-12-30,,64.48
2016-01-04,,62.1
2016-01-05,,62.33
2016-01-06,,61.59
2016-01-07,,60.525
2016-01-08,,59.49
2016-01-11,,59.395
2016-01-12,,60.12
2016-01-13,,60.3
2016-01-14,,59.345
2016-01-15,,57.94
2016-01-18,,57.61
2016-01-19,,58.515
2016-01-20,,56.61
2016-01-21,,57.715
2016-01-22,,59.295
2016-01-25,,58.895
2016-01-26,,59.45
2016-01-27,,59.755
2016-01-28,,58.505
2016-01-29,,59.73
2016-02-01,,59.39
2016-02-02,,58.02
2016-02-03,,56.905
2016-02-04,,57.07
2016-02-05,,56.585
2016-02-08,,54.77
2016-02-09,,53.795
2016-02-10,,54.75
2016-02-11,,52.73
2016-02-12,,54.12
2016-02-15,,55.67
2016-02-16,,55.46
2016-02-17,,56.92
2016-02-18,,56.855
2016-02-19,,56.435
2016-02-22,,57.655
2016-02-23,,56.755
2016-02-24,,55.41
2016-02-25,,56.485
2016-02-26,,57.525
2016-02-29,,57.855
2016-03-01,,58.845
2016-03-02,,59.4
2016-03-03,,59.155
2016-03-04,,59.665
2016-03-07,,59.345
2016-03-08,,58.995
2016-03-09,,59.23
2016-03-10,,58.36
2016-03-11,,60.385
2016-03-14,,60.725
2016-03-15,,60.265
2016-03-16,,60.17
2016-03-17,,59.79
2016-03-18,,60.145
2016-03-21,,59.905
2016-03-22,,59.955
2016-03-23,,59.83
2016-03-24,,58.77
2016-03-29,,59.105
2016-03-30,,59.805
2016-03-31,,59.15
2016-04-01,,58.095
2016-04-04,,58.23
2016-04-05,,56.885
2016-04-06,,57.2
2016-04-07,,56.555
2016-04-08,,57.295
2016-04-11,,57.595
2016-04-12,,57.935
2016-04-13,,59.84
2016-04-14,,60.26
2016-04-15,,60.14
2016-04-18,,60.41
2016-04-19,,61.315
2016-04-20,,61.905
2016-04-21,,62.125
2016-04-22,,61.9
2016-04-25,,61.425
2016-04-26,,61.575
2016-04-27,,61.785
2016-04-28,,61.725
2016-04-29,,59.915
2016-05-02,,60.12
2016-05-03,,59.035
2016-05-04,,58.255
2016-05-05,,58.485
2016-05-06,,58.53
2016-05-09,,58.84
2016-05-10,,59.39
2016-05-11,,58.995
2016-05-12,,58.53
2016-05-13,,59.0
2016-05-16,,58.915
2016-05-17,,58.75
2016-05-18,,59.095
2016-05-19,,58.4
2016-05-20,,59.245
2016-05-23,,58.855
2016-05-24,,60.36
2016-05-25,,61.405
2016-05-26,,61.68
2016-05-27,,61.87
2016-05-30,,62.09
2016-05-31,,61.535
2016-06-01,,61.02
2016-06-02,,61.015
2016-06-03,,60.295
2016-06-06,,60.415
2016-06-07,,61.225
2016-06-08,,60.805
2016-06-09,,60.23
2016-06-10,,58.62
2016-06-13,,57.5
2016-06-14,,56.32
2016-06-15,,56.975
2016-06-16,,56.785
2016-06-17,,57.37
2016-06-20,,59.355
2016-06-21,,59.835
2016-06-22,,60.04
2016-06-23,,61.255
2016-06-24,,55.91
2016-06-27,,54.425
2016-06-28,,55.63
2016-06-29,,57.1
2016-06-30,,57.775
2016-07-01,,58.11
2016-07-04,,57.745
2016-07-05,,56.765
2016-07-06,,55.73
2016-07-07,,56.095
2016-07-08,,57.24
2016-07-11,,58.22
2016-07-12,,59.18
2016-07-13,,59.065
2016-07-14,,59.805
2016-07-15,,59.695
2016-07-18,,59.51
2016-07-19,,59.15
2016-07-20,,59.87
2016-07-21,,59.885
2016-07-22,,59.985
2016-07-25,,59.975
2016-07-26,,60.125
2016-07-27,,60.525
2016-07-28,,59.925
2016-07-29,,60.35
2016-08-01,,59.92
2016-08-02,,58.71
2016-08-03,,58.77
2016-08-04,,59.19
2016-08-05,,60.06
2016-08-08,,60.275
2016-08-09,,61.16
2016-08-10,,60.98
2016-08-11,,61.605
2016-08-12,,61.525
2016-08-15,,61.56
2016-08-16,,60.92
2016-08-17,,60.24
2016-08-18,,60.525
2016-08-19,,59.96
2016-08-22,,59.79
2016-08-23,,60.47
2016-08-24,,60.755
2016-08-25,,60.405
2016-08-26,,60.815
2016-08-29,,60.6
2016-08-30,,61.265
2016-08-31,,61.09
2016-09-01,,60.935
2016-09-02,,62.18
2016-09-05,,62.21
2016-09-06,,61.99
2016-09-07,,62.44
2016-09-08,,62.295
2016-09-09,,61.665
2016-09-12,,60.855
2016-09-13,,60.09
2016-09-14,,59.89
2016-09-15,,60.095
2016-09-16,,59.32
2016-09-19,,59.97
2016-09-20,,59.94
2016-09-21,,60.265
2016-09-22,,61.645
2016-09-23,,61.295
2016-09-26,,60.19
2016-09-27,,60.07
2016-09-28,,60.475
2016-09-29,,60.49
2016-09-30,,60.735
2016-10-03,,60.52
2016-10-04,,61.265
2016-10-05,,61.205
2016-10-06,,61.145
2016-10-07,,60.655
2016-10-10,,61.42
2016-10-11,,61.13
2016-10-12,,60.88
2016-10-13,,60.25
2016-10-14,,61.185
2016-10-17,,60.865
2016-10-18,,61.685
2016-10-19,,61.88
2016-10-20,,62.25
2016-10-21,,62.295
2016-10-24,,62.675
2016-10-25,,62.505
2016-10-26,,62.395
2016-10-27,,62.435
2016-10-28,,62.325
2016-10-31,,61.91
2016-11-01,,61.215
2016-11-02,,60.35
2016-11-03,,60.2
2016-11-04,,59.89
2016-11-07,,60.955
2016-11-08,,61.26
2016-11-09,,61.92
2016-11-10,,61.745
2016-11-11,,61.38
2016-11-14,,61.6
2016-11-15,,61.86
2016-11-16,,61.405
2016-11-17,,61.68
2016-11-18,,61.245
2016-11-21,,61.495
2016-11-22,,61.72
2016-11-23,,61.5
2016-11-24,,61.665
2016-11-25,,61.81
2016-11-28,,61.135
2016-11-29,,61.64
2016-11-30,,61.845
2016-12-01,,61.39
2016-12-02,,61.105
2016-12-05,,61.92
2016-12-06,,62.935
2016-12-07,,63.765
2016-12-08,,64.635
2016-12-09,,64.91
2016-12-12,,64.935
2016-12-13,,65.72
2016-12-14,,65.225
2016-12-15,,65.95
2016-12-16,,66.125
2016-12-19,,66.095
2016-12-20,,66.535
2016-12-21,,66.38
2016-12-22,,66.375
2016-12-23,,66.505
2016-12-27,,66.545
2016-12-28,,66.55
2016-12-29,,66.44
2016-12-30,,66.775
2017-01-02,,67.225
2017-01-03,,67.405
2017-01-04,,67.35
2017-01-05,,67.37
2017-01-06,,67.51
2017-01-09,,67.22
2017-01-10,,67.155
2017-01-11,,67.205
2017-01-12,,66.76
2017-01-13,,67.475
2017-01-16,,66.91
2017-01-17,,66.68
2017-01-18,,66.87
2017-01-19,,66.775
2017-01-20,,66.96
2017-01-23,,66.445
2017-01-24,,66.615
2017-01-25,,67.555
2017-01-26,,67.38
2017-01-27,,67.125
2017-01-30,,66.34
2017-01-31,,65.715
2017-02-01,,66.275
2017-02-02,,66.285
2017-02-03,,66.68
2017-02-06,,65.945
2017-02-07,,65.915
2017-02-08,,65.925
2017-02-09,,66.74
2017-02-10,,66.6
2017-02-13,,67.265
2017-02-14,,67.385
2017-02-15,,67.7
2017-02-16,,67.465
2017-02-17,,67.35
2017-02-20,,67.47
2017-02-21,,67.945
2017-02-22,,68.01
2017-02-23,,67.91
2017-02-24,,67.31
2017-02-27,,67.395
2017-02-28,,67.59
2017-03-01,,69.0
2017-03-02,,68.945
2017-03-03,,69.325
2017-03-06,,69.0
2017-03-07,,68.925
2017-03-08,,69.025
2017-03-09,,69.47
2017-03-10,,69.59
2017-03-13,,69.595
2017-03-14,,69.215
2017-03-15,,69.37
2017-03-16,,69.99
2017-03-17,,70.105
2017-03-20,,69.96
2017-03-21,,69.795
2017-03-22,,69.65
2017-03-23,,70.26
2017-03-24,,70.105
2017-03-27,,69.965
2017-03-28,,70.545
2017-03-29,,70.745
2017-03-30,,70.98
2017-03-31,,71.31
2017-04-03,,70.85
2017-04-04,,70.995
2017-04-05,,70.85
2017-04-06,,71.2
2017-04-07,,71.3
2017-04-10,,71.02
2017-04-11,,70.85
2017-04-12,,70.785
2017-04-13,,70.365
2017-04-18,,69.6
2017-04-19,,69.82
2017-04-20,,70.21
2017-04-21,,70.245
2017-04-24,,73.075
2017-04-25,,73.25
2017-04-26,,73.11
2017-04-27,,72.86
2017-04-28,,72.78
2017-05-02,,73.325
2017-05-03,,73.49
2017-05-04,,74.425
2017-05-05,,75.16
2017-05-08,,74.885
2017-05-09,,74.995
2017-05-10,,74.98
2017-05-11,,74.55
2017-05-12,,74.875
2017-05-15,,75.025
2017-05-16,,75.22
2017-05-17,,74.03
2017-05-18,,73.55
2017-05-19,,74.1
2017-05-22,,73.965
2017-05-23,,74.37
2017-05-24,,74.205
2017-05-25,,74.17
2017-05-26,,74.045
2017-05-29,,74.035
2017-05-30,,73.735
2017-05-31,,73.68
2017-06-01,,74.0
2017-06-02,,74.47
2017-06-05,,74.15
2017-06-06,,73.77
2017-06-07,,73.66
2017-06-08,,74.0
2017-06-09,,74.43
2017-06-12,,73.645
2017-06-13,,73.94
2017-06-14,,73.755
2017-06-15,,73.245
2017-06-16,,73.605
2017-06-19,,74.455
2017-06-20,,73.985
2017-06-21,,73.855
2017-06-22,,73.89
2017-06-23,,73.595
2017-06-26,,73.99
2017-06-27,,73.505
2017-06-28,,73.47
2017-06-29,,72.11
2017-06-30,,71.535
2017-07-03,,72.55
2017-07-04,,72.305
2017-07-05,,72.37
2017-07-06,,71.955
2017-07-07,,72.01
2017-07-10,,72.29
2017-07-11,,72.04
2017-07-12,,73.13
2017-07-13,,73.385
2017-07-14,,73.34
2017-07-17,,73.22
2017-07-18,,72.455
2017-07-19,,72.865
2017-07-20,,72.855
2017-07-21,,71.8
2017-07-24,,71.84
2017-07-25,,72.26
2017-07-26,,72.575
2017-07-27,,72.63
2017-07-28,,72.085
2017-07-31,,71.745
2017-08-01,,72.3
2017-08-02,,71.93
2017-08-03,,72.085
2017-08-04,,73.0
2017-08-07,,72.925
2017-08-08,,73.155
2017-08-09,,72.18
2017-08-10,,71.445
2017-08-11,,70.87
2017-08-14,,71.785
2017-08-15,,72.065
2017-08-16,,72.525
2017-08-17,,72.07
2017-08-18,,71.725
2017-08-21,,71.245
2017-08-22,,71.92
2017-08-23,,71.58
2017-08-24,,71.695
2017-08-25,,71.545
2017-08-28,,71.185
2017-08-29,,70.565
2017-08-30,,70.88
2017-08-31,,71.26
2017-09-01,,71.71
2017-09-04,,71.39
2017-09-05,,71.25
2017-09-06,,71.505
2017-09-07,,71.815
2017-09-08,,71.78
2017-09-11,,72.755
2017-09-12,,73.14
2017-09-13,,73.435
2017-09-14,,73.455
2017-09-15,,73.2
2017-09-18,,73.535
2017-09-19,,73.55
2017-09-20,,73.465
2017-09-21,,73.74
2017-09-22,,73.705
2017-09-25,,73.74
2017-09-26,,73.69
2017-09-27,,74.13
2017-09-28,,74.29
2017-09-29,,74.85
2017-10-02,,75.11
2017-10-03,,75.22
2017-10-04,,74.925
2017-10-05,,75.33
2017-10-06,,75.105
2017-10-09,,75.295
2017-10-10,,75.085
2017-10-11,,75.285
2017-10-12,,75.265
2017-10-13,,75.2
2017-10-16,,75.26
2017-10-17,,75.325
2017-10-18,,75.56
2017-10-19,,75.12
2017-10-20,,75.23
2017-10-23,,75.3
2017-10-24,,75.34
2017-10-25,,74.87
2017-10-26,,75.905
2017-10-27,,76.22
2017-10-30,,76.39
2017-10-31,,76.83
2017-11-01,,77.12
2017-11-02,,77.0
2017-11-03,,76.94
2017-11-06,,76.815
2017-11-07,,76.335
2017-11-08,,76.255
2017-11-09,,75.41
2017-11-10,,74.935
2017-11-13,,74.58
2017-11-14,,74.165
2017-11-15,,73.935
2017-11-16,,74.35
2017-11-17,,73.98
2017-11-20,,74.28
2017-11-21,,74.72
2017-11-22,,74.35
2017-11-23,,74.555
2017-11-24,,74.725
2017-11-27,,74.345
2017-11-28,,74.815
2017-11-29,,74.93
2017-11-30,,74.495
2017-12-01,,73.615
2017-12-04,,74.565
2017-12-05,,74.51
2017-12-06,,74.3
2017-12-07,,74.55
2017-12-08,,74.95
2017-12-11,,74.69
2017-12-12,,75.135
2017-12-13,,74.77
2017-12-14,,74.21
2017-12-15,,74.37
2017-12-18,,75.4
2017-12-19,,74.83
2017-12-20,,74.16
2017-12-21,,74.605
2017-12-22,,74.15
2017-12-27,,74.135
2017-12-28,,73.59
2017-12-29,,73.12
2018-01-02,,72.84
2018-01-03,,73.28
2018-01-04,,74.54
2018-01-05,,75.31
2018-01-08,,75.53
2018-01-09,,75.65
2018-01-10,,75.34
2018-01-11,,75.07
2018-01-12,,75.44
2018-01-15,,75.5
2018-01-16,,75.66
2018-01-17,,75.43
2018-01-18,,75.62
2018-01-19,,76.19
2018-01-22,,76.58
2018-01-23,,76.71
2018-01-24,,76.15
2018-01-25,,75.81
2018-01-26,,76.18
2018-01-29,,76.07
2018-01-30,,75.38
2018-01-31,,75.39
2018-02-01,,74.87
2018-02-02,,73.73
2018-02-05,,72.8
2018-02-06,,70.99
2018-02-07,,72.33
2018-02-08,,70.67
2018-02-09,,69.67
2018-02-12,,70.56
2018-02-13,,69.99
2018-02-14,,70.6396
2018-02-15,,71.0
2018-02-16,,71.78
2018-02-19,,71.37
2018-02-20,,71.99
2018-02-21,,71.83
2018-02-22,,71.96
2018-02-23,,72.13
2018-02-26,,72.59
2018-02-27,,72.41
2018-02-28,,72.0
2018-03-01,,71.22
2018-03-02,,69.64
2018-03-05,,70.31
2018-03-06,,70.33
2018-03-07,,70.75
2018-03-08,,71.51
2018-03-09,,71.59
2018-03-12,,71.83
2018-03-13,,71.12
2018-03-14,,71.0
2018-03-15,,71.49
2018-03-16,,71.95
2018-03-19,,71.04
2018-03-20,,71.43
2018-03-21,,71.2
2018-03-22,,70.02
2018-03-23,,69.01
2018-03-26,,68.63
2018-03-27,,69.46
2018-03-28,,69.72
2018-03-29,,70.43
2018-04-03,,70.1
2018-04-04,,69.93
2018-04-05,,71.81
2018-04-06,,71.46
2018-04-09,,71.65
2018-04-10,,72.12
2018-04-11,,71.75
2018-04-12,,72.21
2018-04-13,,72.31
2018-04-16,,72.24
2018-04-17,,73.01
2018-04-18,,73.32
2018-04-19,,73.22
2018-04-20,,73.36
2018-04-23,,73.75
2018-04-24,,73.7
2018-04-25,,73.31
2018-04-26,,73.77
2018-04-27,,74.12
2018-04-30,,74.52
2018-05-02,,74.96
2018-05-03,,74.51
2018-05-04,,74.97
2018-05-07,,75.43
2018-05-08,,75.26
2018-05-09,,75.5
2018-05-10,,75.63
2018-05-11,,75.66
2018-05-14,,75.65
2018-05-15,,75.65
2018-05-16,,75.64
2018-05-17,,76.19
2018-05-18,,76.0
2018-05-21,,76.13
2018-05-22,,76.45
2018-05-23,,75.39
2018-05-24,,74.99
2018-05-25,,74.81
2018-05-28,,74.29
2018-05-29,,73.12
2018-05-30,,73.55
2018-05-31,,72.78
2018-06-01,,73.9
2018-06-04,,74.22
2018-06-05,,73.98
2018-06-06,,74.06
2018-06-07,,74.05
2018-06-08,,73.75
2018-06-11,,74.58
2018-06-12,,74.47
2018-06-13,,74.55
2018-06-14,,75.64
2018-06-15,,75.1
2018-06-18,,74.25
2018-06-19,,73.57
2018-06-20,,73.73
2018-06-21,,72.93
2018-06-22,,73.76
2018-06-25,,72.15
2018-06-26,,72.15
2018-06-27,,72.76
2018-06-28,,72.07
2018-06-29,,72.78
2018-07-02,,72.23
2018-07-03,,73.03
2018-07-04,,73.12
2018-07-05,,73.77
2018-07-06,,73.93
2018-07-09,,74.22
2018-07-10,,74.51
2018-07-11,,73.41
2018-07-12,,73.93
2018-07-13,,74.08
2018-07-16,,73.97
2018-07-17,,74.19
2018-07-18,,74.74
2018-07-19,,74.46
2018-07-20,,74.21
2018-07-23,,74.09
2018-07-24,,74.77
2018-07-25,,74.41
2018-07-26,,75.23
2018-07-27,,75.65
2018-07-30,,75.39
2018-07-31,,75.65
2018-08-01,,75.23
2018-08-02,,74.43
2018-08-03,,74.75
2018-08-06,,74.74
2018-08-07,,75.18
2018-08-08,,75.01
2018-08-09,,74.96
2018-08-10,,73.52
2018-08-13,,73.21
2018-08-14,,73.14
2018-08-15,,71.88
2018-08-16,,72.45
2018-08-17,,72.36
2018-08-20,,72.83
2018-08-21,,73.21
2018-08-22,,73.44
2018-08-23,,73.39
2018-08-24,,73.62
2018-08-27,,74.19
2018-08-28,,74.05
2018-08-29,,74.19
2018-08-30,,73.64
2018-08-31,,72.83
2018-09-03,,72.86
2018-09-04,,72.07
2018-09-05,,71.21
2018-09-06,,70.81
2018-09-07,,70.76
2018-09-10,,71.09
2018-09-11,,71.12
2018-09-12,,71.43
2018-09-13,,71.58
2018-09-14,,71.85
2018-09-17,,71.94
2018-09-18,,72.11
2018-09-19,,72.34
2018-09-20,,73.15
2018-09-21,,73.68
2018-09-24,,73.22
2018-09-25,,73.56
2018-09-26,,73.87
2018-09-27,,74.19
2018-09-28,,73.09
2018-10-01,,73.41
2018-10-02,,72.88
2018-10-03,,73.32
2018-10-04,,72.54
2018-10-05,,71.83
2018-10-08,,71.11
2018-10-09,,71.43
2018-10-10,,70.23
2018-10-11,,69.04
2018-10-12,,68.71
2018-10-15,,69.02
2018-10-16,,70.04
2018-10-17,,69.72
2018-10-18,,69.13
2018-10-19,,69.01
2018-10-22,,68.54
2018-10-23,,67.57
2018-10-24,,67.3
2018-10-25,,67.97
2018-10-26,,67.46
2018-10-29,,67.84
2018-10-30,,67.62
2018-10-31,,68.79
2018-11-01,,68.86
2018-11-02,,69.15
2018-11-05,,69.25
2018-11-06,,69.03
2018-11-07,,69.83
2018-11-08,,69.63
2018-11-09,,69.48
2018-11-12,,68.67
2018-11-13,,69.33
2018-11-14,,68.95
2018-11-15,,68.6
2018-11-16,,68.4
2018-11-19,,67.97
2018-11-20,,67.01
2018-11-21,,67.83
2018-11-22,,67.21
2018-11-23,,67.47
2018-11-26,,68.23
2018-11-27,,68.08
2018-11-28,,68.11
2018-11-29,,68.24
2018-11-30,,68.17
2018-12-03,,69.19
2018-12-04,,68.65
2018-12-05,,67.74
2018-12-06,,65.56
2018-12-07,,65.88
2018-12-10,,64.84
2018-12-11,,65.74
2018-12-12,,66.84
2018-12-13,,66.94
2018-12-14,,66.59
2018-12-17,,65.9
2018-12-18,,65.53
2018-12-19,,65.76
2018-12-20,,64.66
2018-12-21,,64.67
2018-12-27,,63.42
2018-12-28,,64.33
2018-12-31,,65.29
2019-01-02,,64.48
2019-01-03,,63.62
2019-01-04,,65.46
2019-01-07,,65.35
2019-01-08,,65.86
2019-01-09,,66.24
2019-01-10,,66.36
2019-01-11,,66.22
2019-01-14,,65.91
2019-01-15,,66.09
2019-01-16,,66.33
2019-01-17,,66.23
2019-01-18,,67.6
2019-01-21,,67.38
2019-01-22,,67.21
2019-01-23,,67.16
2019-01-24,,67.45
2019-01-25,,68.31
2019-01-28,,67.71
2019-01-29,,68.07
2019-01-30,,68.24
2019-01-31,,68.32
2019-02-01,,68.53
2019-02-04,,68.39
2019-02-05,,69.46
2019-02-06,,69.46
2019-02-07,,68.06
2019-02-08,,67.67
2019-02-11,,68.33
2019-02-12,,68.88
2019-02-13,,69.1
2019-02-14,,68.78
2019-02-15,,69.98
2019-02-18,,70.13
2019-02-19,,69.98
2019-02-20,,70.43
2019-02-21,,70.54
2019-02-22,,70.66
2019-02-25,,70.84
2019-02-26,,71.05
2019-02-27,,70.86
2019-02-28,,71.22
2019-03-01,,71.6
2019-03-04,,71.61
2019-03-05,,71.94
2019-03-06,,71.91
2019-03-07,,71.62
2019-03-08,,71.08
2019-03-11,,71.43
2019-03-12,,71.47
2019-03-13,,71.89
2019-03-14,,72.29
2019-03-15,,73.3
2019-03-18,,73.24
2019-03-19,,73.77
2019-03-20,,72.95
2019-03-21,,72.9
2019-03-22,,71.56
2019-03-25,,71.46
2019-03-26,,71.85
2019-03-27,,71.92
2019-03-28,,71.93
2019-03-29,,72.6
2019-04-01,,73.29
2019-04-02,,73.5
2019-04-03,,74.49
2019-04-04,,74.55
2019-04-05,,74.67
2019-04-08,,74.54
2019-04-09,,74.03
2019-04-10,,74.18
2019-04-11,,74.43
2019-04-12,,74.69
2019-04-15,,74.79
2019-04-16,,75.11
2019-04-17,,75.34
2019-04-18,,75.87
2019-04-23,,75.94
2019-04-24,,75.91
2019-04-25,,75.8
2019-04-26,,76.03
2019-04-29,,76.16
2019-04-30,,76.4
2019-05-02,,76.06
2019-05-03,,76.39
2019-05-06,,75.62
2019-05-07,,74.25
2019-05-08,,74.55
2019-05-09,,73.42
2019-05-10,,73.6
2019-05-13,,72.77
2019-05-14,,73.64
2019-05-15,,74.27
2019-05-16,,75.49
2019-05-17,,75.25
2019-05-20,,74.12
2019-05-21,,74.57
2019-05-22,,74.62
2019-05-23,,73.3
2019-05-24,,73.83
2019-05-27,,74.22
2019-05-28,,73.82
2019-05-29,,72.81
2019-05-30,,73.27
2019-05-31,,72.5
2019-06-03,,72.9
2019-06-04,,73.65
2019-06-05,,73.82
2019-06-06,,73.76
2019-06-07,,74.69
2019-06-10,,74.94
2019-06-11,,75.23
2019-06-12,,74.88
2019-06-13,,75.05
2019-06-14,,74.79
2019-06-17,,74.86
2019-06-18,,76.4
2019-06-19,,76.43
2019-06-20,,76.77
2019-06-21,,76.68
2019-06-24,,76.42
2019-06-25,,76.28
2019-06-26,,76.16
2019-06-27,,76.18
2019-06-28,,76.82
2019-07-01,,77.37
2019-07-02,,77.7
2019-07-03,,78.47
2019-07-04,,78.54
2019-07-05,,78.19
2019-07-08,,78.15
2019-07-09,,77.86
2019-07-10,,77.64
2019-07-11,,77.53
2019-07-12,,77.52
2019-07-15,,77.65
2019-07-16,,78.05
2019-07-17,,77.61
2019-07-18,,77.19
2019-07-19,,77.13
2019-07-22,,77.43
2019-07-23,,78.35
2019-07-24,,78.41
2019-07-25,,77.9
2019-07-26,,78.23
2019-07-29,,78.25
2019-07-30,,76.84
2019-07-31,,76.89
2019-08-01,,77.34
2019-08-02,,74.87
2019-08-05,,73.35
2019-08-06,,73.02
2019-08-07,,73.55
2019-08-08,,74.92
2019-08-09,,73.87
2019-08-12,,73.75
2019-08-13,,74.41
2019-08-14,,72.94
2019-08-15,,72.77
2019-08-16,,73.78
2019-08-19,,74.67
2019-08-20,,74.29
2019-08-21,,75.23
2019-08-22,,74.86
2019-08-23,,74.02
2019-08-26,,74.34
2019-08-27,,74.76
2019-08-28,,74.68
2019-08-29,,75.67
2019-08-30,,76.07
2019-09-02,,76.18
2019-09-03,,75.91
2019-09-04,,76.53
2019-09-05,,77.3
2019-09-06,,77.54
2019-09-09,,77.6
2019-09-10,,77.64
2019-09-11,,78.1
2019-09-12,,78.6
2019-09-13,,78.8
2019-09-16,,78.08
2019-09-17,,78.21
2019-09-18,,78.38
2019-09-19,,78.84
2019-09-20,,79.32
2019-09-23,,78.55
2019-09-24,,78.34
2019-09-25,,77.85
2019-09-26,,78.33
2019-09-27,,78.68
2019-09-30,,79.23
2019-10-01,,78.08
2019-10-02,,75.76
2019-10-03,,75.76
2019-10-04,,76.56
2019-10-07,,77.12
2019-10-08,,76.23
2019-10-09,,76.9
2019-10-10,,77.66
2019-10-11,,79.3
2019-10-14,,79.0
2019-10-15,,79.96
2019-10-16,,79.95
2019-10-17,,79.83
2019-10-18,,79.54
2019-10-21,,80.01
2019-10-22,,80.1
2019-10-23,,80.1
2019-10-24,,80.41
2019-10-25,,80.5
2019-10-28,,80.62
2019-10-29,,80.47
2019-10-30,,80.48
2019-10-31,,80.14
2019-11-01,,80.55
2019-11-04,,81.51
2019-11-05,,81.72
2019-11-06,,82.1
2019-11-07,,82.43
2019-11-08,,82.31
2019-11-11,,82.25
2019-11-12,,82.55
2019-11-13,,82.24
2019-11-14,,82.04
2019-11-15,,82.53
2019-11-18,,82.35
2019-11-19,,82.2
2019-11-20,,81.87
2019-11-21,,81.8
2019-11-22,,81.96
2019-11-25,,82.39
2019-11-26,,82.38
2019-11-27,,82.57
2019-11-28,,82.41
2019-11-29,,82.43
2019-12-02,,80.65
2019-12-03,,80.24
2019-12-04,,81.38
2019-12-05,,81.11
2019-12-06,,82.1
2019-12-09,,81.68
2019-12-10,,81.63
2019-12-11,,81.98
2019-12-12,,82.45
2019-12-13,,82.96
2019-12-16,,83.87
2019-12-17,,83.27
2019-12-18,,83.22
2019-12-19,,83.33
2019-12-20,,83.96
2019-12-23,,84.22
2019-12-24,,84.03
2019-12-27,,84.24
2019-12-30,,83.08
2019-12-31,,83.2
2020-01-02,,84.57
2020-01-03,,83.95
2020-01-06,,83.54
2020-01-07,,83.76
2020-01-08,,83.94
2020-01-09,,84.51
2020-01-10,,84.44
2020-01-13,,84.14
2020-01-14,,84.06
2020-01-15,,84.04
2020-01-16,,84.18
2020-01-17,,84.8
2020-01-20,,84.76
2020-01-21,,84.48
2020-01-22,,84.08
2020-01-23,,83.3
2020-01-24,,84.3
2020-01-27,,81.96
2020-01-28,,82.96
2020-01-29,,83.28
2020-01-30,,82.28
2020-01-31,,81.15
2020-02-03,,81.6
2020-02-04,,83.27
2020-02-05,,84.31
2020-02-06,,84.95
2020-02-07,,84.83
2020-02-10,,84.71
2020-02-11,,85.42
2020-02-12,,85.97
2020-02-13,,85.86
2020-02-14,,85.74
2020-02-17,,85.99
2020-02-18,,85.67
2020-02-19,,86.25
2020-02-20,,85.4
2020-02-21,,84.87
2020-02-24,,81.42
2020-02-25,,79.84
2020-02-26,,79.83
2020-02-27,,77.01
2020-02-28,,74.08
2020-03-02,,74.67
2020-03-03,,75.64
2020-03-04,,76.23
2020-03-05,,74.96
2020-03-06,,72.08
2020-03-09,,66.21
2020-03-10,,64.95
2020-03-11,,65.06
2020-03-12,,56.6
2020-03-13,,57.81
2020-03-16,,54.79
2020-03-17,,56.59
2020-03-18,,53.65
2020-03-19,,54.77
2020-03-20,,56.77
2020-03-23,,55.48
2020-03-24,,60.91
2020-03-25,,62.64
2020-03-26,,63.4
2020-03-27,,60.79
2020-03-30,,61.83
2020-03-31,,62.22
2020-04-01,,59.93
2020-04-02,,60.11
2020-04-03,,59.58
2020-04-06,,62.5
2020-04-07,,63.97
2020-04-08,,63.77
2020-04-09,,64.69
2020-04-14,,65.35
2020-04-15,,62.77
2020-04-16,,62.77
2020-04-17,,64.57
2020-04-20,,65.01
2020-04-21,,62.44
2020-04-22,,63.42
2020-04-23,,63.7
2020-04-24,,62.82
2020-04-27,,64.39
2020-04-28,,65.51
2020-04-29,,66.94
2020-04-30,,65.39
2020-05-04,,63.16
2020-05-05,,64.5
2020-05-06,,63.81
2020-05-07,,64.74
2020-05-08,,65.34
2020-05-11,,64.89
2020-05-12,,64.88
2020-05-13,,63.22
2020-05-14,,62.1
2020-05-15,,62.36
2020-05-18,,65.52
2020-05-19,,65.34
2020-05-20,,66.29
2020-05-21,,65.5
2020-05-22,,65.48
2020-05-25,,66.97
2020-05-26,,67.56
2020-05-27,,68.77
2020-05-28,,69.78
2020-05-29,,68.69
2020-06-01,,69.99
2020-06-02,,71.19
2020-06-03,,73.69
2020-06-04,,73.58
2020-06-05,,76.3
2020-06-08,,75.87
2020-06-09,,74.87
2020-06-10,,74.3
2020-06-11,,70.93
2020-06-12,,71.11
2020-06-15,,70.75
2020-06-16,,73.11
2020-06-17,,73.68
2020-06-18,,73.3
2020-06-19,,73.79
2020-06-22,,73.28
2020-06-23,,74.67
2020-06-24,,72.26
2020-06-25,,72.86
2020-06-26,,72.45
2020-06-29,,73.09
2020-06-30,,73.1
2020-07-01,,73.06
2020-07-02,,75.07
2020-07-03,,74.52
2020-07-06,,75.85
2020-07-07,,75.27
2020-07-08,,74.43
2020-07-09,,73.9
2020-07-10,,74.69
2020-07-13,,75.98
2020-07-14,,75.33
2020-07-15,,76.51
2020-07-16,,76.38
2020-07-17,,76.35
2020-07-20,,76.96
2020-07-21,,77.34
2020-07-22,,76.49
2020-07-23,,76.5
2020-07-24,,75.15
2020-07-27,,74.99
2020-07-28,,75.04
2020-07-29,,74.95
2020-07-30,,72.81
2020-07-31,,72.04
2020-08-03,,73.78
2020-08-04,,73.85
2020-08-05,,74.15
2020-08-06,,73.53
2020-08-07,,73.9
2020-08-10,,74.03
2020-08-11,,75.68
2020-08-12,,76.44
2020-08-13,,75.91
2020-08-14,,75.09
2020-08-17,,75.04
2020-08-18,,74.67
2020-08-19,,75.35
2020-08-20,,74.35
2020-08-21,,73.97
2020-08-24,,75.65
2020-08-25,,75.66
2020-08-26,,76.24
2020-08-27,,75.65
2020-08-28,,75.3
2020-08-31,,74.29
2020-09-01,,74.4
2020-09-02,,75.82
2020-09-03,,75.06
2020-09-04,,74.01
2020-09-07,,75.28
2020-09-08,,74.22
2020-09-09,,75.56
2020-09-10,,75.25
2020-09-11,,75.3
2020-09-14,,75.38
2020-09-15,,75.74
2020-09-16,,75.82
2020-09-17,,75.35
2020-09-18,,74.59
2020-09-21,,71.85
2020-09-22,,71.92
2020-09-23,,72.25
2020-09-24,,71.85
2020-09-25,,71.36
2020-09-28,,73.39
2020-09-29,,73.11
2020-09-30,,72.71
2020-10-01,,72.71
2020-10-02,,72.63
2020-10-05,,73.33
2020-10-06,,73.59
2020-10-07,,73.58
2020-10-08,,74.07
2020-10-09,,74.46
2020-10-12,,75.01
2020-10-13,,74.62
2020-10-14,,74.41
2020-10-15,,72.62
2020-10-16,,73.89
2020-10-19,,74.07
2020-10-20,,73.4
2020-10-21,,72.42
2020-10-22,,72.14
2020-10-23,,72.77
2020-10-26,,70.68
2020-10-27,,69.88
2020-10-28,,67.52
2020-10-29,,67.36
2020-10-30,,67.37
2020-11-02,,68.71
2020-11-03,,70.52
2020-11-04,,72.03
2020-11-05,,73.26
2020-11-06,,72.95
2020-11-09,,77.63
2020-11-10,,78.39
2020-11-11,,78.94
2020-11-12,,78.04
2020-11-13,,78.12
2020-11-16,,78.9
2020-11-17,,78.96
2020-11-18,,79.24
2020-11-19,,78.55
2020-11-20,,78.94
2020-11-23,,78.87
2020-11-24,,79.89
2020-11-25,,79.96
2020-11-26,,80.0
2020-11-27,,80.4
2020-11-30,,79.39
2020-12-01,,80.38
2020-12-02,,80.16
2020-12-03,,80.17
2020-12-04,,80.63
2020-12-07,,80.42
2020-12-08,,80.34
2020-12-09,,80.37
2020-12-10,,80.25
2020-12-11,,79.48
2020-12-14,,79.85
2020-12-15,,80.25
2020-12-16,,80.74
2020-12-17,,81.12
2020-12-18,,80.8
2020-12-21,,78.59
2020-12-22,,79.61
2020-12-23,,80.68
2020-12-24,,80.78
2020-12-28,,81.47
2020-12-29,,81.62
2020-12-30,,81.32
2020-12-31,,80.6
2021-01-04,,81.22
2021-01-05,,80.82
2021-01-06,,82.25
2021-01-07,,82.56
2021-01-08,,82.96
2021-01-11,,82.51
2021-01-12,,82.19
2021-01-13,,82.42
2021-01-14,,83.0
2021-01-15,,82.0
2021-01-18,,82.09
2021-01-19,,81.97
2021-01-20,,82.57
2021-01-21,,82.49
2021-01-22,,82.11
2021-01-25,,80.97
2021-01-26,,81.87
2021-01-27,,80.61
2021-01-28,,81.06
2021-01-29,,79.34
2021-02-01,,80.47
2021-02-02,,81.84
2021-02-03,,82.24
2021-02-04,,83.02
2021-02-05,,83.39
2021-02-08,,83.7
2021-02-09,,83.55
2021-02-10,,83.22
2021-02-11,,83.71
2021-02-12,,84.28
2021-02-15,,85.14
2021-02-16,,85.03
2021-02-17,,84.36
2021-02-18,,83.99
2021-02-19,,84.78
2021-02-22,,84.42
2021-02-23,,84.17
2021-02-24,,84.56
2021-02-25,,84.07
2021-02-26,,82.95
2021-03-01,,84.61
2021-03-02,,84.6
2021-03-03,,84.75
2021-03-04,,84.54
2021-03-05,,83.72
2021-03-08,,85.9
2021-03-09,,86.46
2021-03-10,,87.21
2021-03-11,,87.79
2021-03-12,,87.52
2021-03-15,,87.4
2021-03-16,,87.87
2021-03-17,,87.91
2021-03-18,,88.32
2021-03-19,,87.61
2021-03-22,,87.52
2021-03-23,,87.31
2021-03-24,,87.43
2021-03-25,,87.51
2021-03-26,,88.41
2021-03-29,,88.72
2021-03-30,,89.65
2021-03-31,,89.45
2021-04-01,,90.2
2021-04-06,,90.78
2021-04-07,,90.47
2021-04-08,,90.93
2021-04-09,,90.93
2021-04-12,,90.55
2021-04-13,,90.64
2021-04-14,,90.9
2021-04-15,,91.25
2021-04-16,,92.21
2021-04-19,,91.99
2021-04-20,,90.17
2021-04-21,,90.96
2021-04-22,,91.83
2021-04-23,,91.83
2021-04-26,,91.99
2021-04-27,,91.8
2021-04-28,,92.01
2021-04-29,,91.56
2021-04-30,,91.14
2021-05-03,,91.78
2021-05-04,,90.09
2021-05-05,,91.94
2021-05-06,,92.09
2021-05-07,,93.0
2021-05-10,,92.89
2021-05-11,,91.05
2021-05-12,,91.09
2021-05-13,,91.32
2021-05-14,,92.86
2021-05-17,,92.65
2021-05-18,,92.59
2021-05-19,,90.98
2021-05-20,,92.44
2021-05-21,,93.05
2021-05-24,,93.65
2021-05-25,,93.4
2021-05-26,,93.26
2021-05-27,,93.4
2021-05-28,,94.18
2021-05-31,,93.46
2021-06-01,,94.27
2021-06-02,,94.69
2021-06-03,,94.41
2021-06-04,,94.7
2021-06-07,,94.83
2021-06-08,,94.83
2021-06-09,,94.85
2021-06-10,,94.8
2021-06-11,,95.49
2021-06-14,,95.67
2021-06-15,,95.9
2021-06-16,,96.06
2021-06-17,,96.2
2021-06-18,,94.51
2021-06-21,,95.15
2021-06-22,,95.47
2021-06-23,,94.35
2021-06-24,,95.47
2021-06-25,,95.5
2021-06-28,,94.74
2021-06-29,,95.15
2021-06-30,,94.3
2021-07-01,,94.44
2021-07-02,,94.55
2021-07-05,,94.65
2021-07-06,,93.83
2021-07-07,,94.42
2021-07-08,,92.48
2021-07-09,,94.25
2021-07-12,,94.88
2021-07-13,,94.85
2021-07-14,,94.99
2021-07-15,,93.92
2021-07-16,,93.53
2021-07-19,,91.09
2021-07-20,,91.67
2021-07-21,,93.31
2021-07-22,,94.08
2021-07-23,,95.34
2021-07-26,,95.07
2021-07-27,,94.23
2021-07-28,,95.14
2021-07-29,,95.47
2021-07-30,,94.79
2021-08-02,,95.44
2021-08-03,,95.43
2021-08-04,,96.08
2021-08-05,,96.5
2021-08-06,,96.79
2021-08-09,,96.83
2021-08-10,,97.12
2021-08-11,,97.53
2021-08-12,,98.03
2021-08-13,,98.09
2021-08-16,,97.37
2021-08-17,,97.3
2021-08-18,,97.12
2021-08-19,,95.59
2021-08-20,,96.13
2021-08-23,,96.8
2021-08-24,,96.86
2021-08-25,,96.92
2021-08-26,,96.65
2021-08-27,,97.19
2021-08-30,,97.32
2021-08-31,,97.27
2021-09-01,,97.99
2021-09-02,,98.13
2021-09-03,,97.43
2021-09-06,,98.46
2021-09-07,,97.98
2021-09-08,,96.83
2021-09-09,,96.92
2021-09-10,,96.69
2021-09-13,,97.11
2021-09-14,,97.19
2021-09-15,,96.14
2021-09-16,,96.68
2021-09-17,,95.61
2021-09-20,,93.76
2021-09-21,,95.15
2021-09-22,,96.42
2021-09-23,,97.48
2021-09-24,,96.63
2021-09-27,,96.83
2021-09-28,,94.36
2021-09-29,,94.91
2021-09-30,,94.11
2021-10-01,,93.8
2021-10-04,,92.99
2021-10-05,,94.54
2021-10-06,,93.36
2021-10-07,,95.37
2021-10-08,,94.77
2021-10-11,,94.8
2021-10-12,,94.37
2021-10-13,,94.99
2021-10-14,,96.54
2021-10-15,,97.33
2021-10-18,,96.64
2021-10-19,,97.0
2021-10-20,,97.17
2021-10-21,,96.83
2021-10-22,,97.6
2021-10-25,,97.59
2021-10-26,,98.4
2021-10-27,,98.31
2021-10-28,,98.58
2021-10-29,,98.99
2021-11-01,,99.73
2021-11-02,,100.12
2021-11-03,,100.4
2021-11-04,,100.98
2021-11-05,,101.7
2021-11-08,,101.38
2021-11-09,,101.18
2021-11-10,,101.3
2021-11-11,,101.5
2021-11-12,,101.84
2021-11-15,,102.2
2021-11-16,,102.52
2021-11-17,,102.58
2021-11-18,,102.14
2021-11-19,,101.54
2021-11-22,,101.22
2021-11-23,,99.83
2021-11-24,,99.84
2021-11-25,,100.24
2021-11-26,,95.75
2021-11-29,,95.98
2021-11-30,,94.93
2021-12-01,,97.61
2021-12-02,,95.96
2021-12-03,,95.25
2021-12-06,,96.57
2021-12-07,,99.8
2021-12-08,,98.84
2021-12-09,,98.23
2021-12-10,,98.03
2021-12-13,,97.66
2021-12-14,,96.77
2021-12-15,,97.03
2021-12-16,,98.06
2021-12-17,,97.06
2021-12-20,,95.76
2021-12-21,,97.51
2021-12-22,,98.45
2021-12-23,,99.59
2021-12-24,,99.66
2021-12-27,,100.12
2021-12-28,,100.72
2021-12-29,,100.06
2021-12-30,,100.46
2021-12-31,,100.38
2022-01-03,,101.26
2022-01-04,,101.96
2022-01-05,,102.56
2022-01-06,,100.98
2022-01-07,,100.56
2022-01-10,,99.06
2022-01-11,,100.06
2022-01-12,,100.84
2022-01-13,,100.7
2022-01-14,,99.76
2022-01-17,,100.5
2022-01-18,,99.44
2022-01-19,,99.72
2022-01-20,,100.46
2022-01-21,,98.78
2022-01-24,,94.79
2022-01-25,,95.32
2022-01-26,,97.37
2022-01-27,,97.84
2022-01-28,,96.76
2022-01-31,,97.47
2022-02-01,,98.76
2022-02-02,,98.65
2022-02-03,,96.7
2022-02-04,,95.38
2022-02-07,,96.18
2022-02-08,,96.44
2022-02-09,,98.19
2022-02-10,,98.0
2022-02-11,,97.13
2022-02-14,,94.98
2022-02-15,,96.8
2022-02-16,,96.68
2022-02-17,,96.08
2022-02-18,,95.17
2022-02-21,,93.09
2022-02-22,,93.18
2022-02-23,,92.89
2022-02-24,,89.63
2022-02-25,,92.84
2022-02-28,,91.31
2022-03-01,,87.95
2022-03-02,,89.33
2022-03-03,,87.55
2022-03-04,,83.24
2022-03-07,,81.74
2022-03-08,,81.96
2022-03-09,,88.02
2022-03-10,,85.36
2022-03-11,,86.24
2022-03-14,,87.51
2022-03-15,,87.38
2022-03-16,,91.01
2022-03-17,,90.89
2022-03-18,,91.28
2022-03-21,,90.76
2022-03-22,,91.83
2022-03-23,,90.56
2022-03-24,,90.45
2022-03-25,,90.65
2022-03-28,,91.02
2022-03-29,,93.65
2022-03-30,,92.69
2022-03-31,,91.33
2022-04-01,,91.67
2022-04-04,,92.47
2022-04-05,,91.72
2022-04-06,,89.52
2022-04-07,,89.01
2022-04-08,,90.39
2022-04-11,,89.97
2022-04-12,,89.81
2022-04-13,,89.72
2022-04-14,,90.19
2022-04-19,,89.82
2022-04-20,,91.37
2022-04-21,,92.16
2022-04-22,,90.02
2022-04-25,,88.02
2022-04-26,,87.31
2022-04-27,,87.76
2022-04-28,,88.76
2022-04-29,,89.49
2022-05-02,,87.95
2022-05-03,,88.82
2022-05-04,,87.95
2022-05-05,,87.41
2022-05-06,,86.0
2022-05-09,,83.57
2022-05-10,,84.36
2022-05-11,,86.55
2022-05-12,,85.7
2022-05-13,,88.11
2022-05-16,,87.59
2022-05-17,,89.03
2022-05-18,,87.85
2022-05-19,,86.69
2022-05-20,,87.12
2022-05-23,,88.6
2022-05-24,,87.13
2022-05-25,,87.84
2022-05-26,,89.3
2022-05-27,,90.99
2022-05-30,,91.71
2022-05-31,,90.35
2022-06-01,,89.7
2022-06-02,,90.7
2022-06-03,,90.42
2022-06-06,,91.68
2022-06-07,,90.96
2022-06-08,,90.5
2022-06-09,,88.9
2022-06-10,,86.0
2022-06-13,,83.65
2022-06-14,,83.02
2022-06-15,,84.38
2022-06-16,,81.92
2022-06-17,,82.13
2022-06-20,,82.87
2022-06-21,,83.47
2022-06-22,,82.84
2022-06-23,,82.17
2022-06-24,,84.53
2022-06-27,,84.64
2022-06-28,,84.85
2022-06-29,,83.99
2022-06-30,,82.54
2022-07-01,,82.37
2022-07-04,,82.59
2022-07-05,,80.43
2022-07-06,,81.92
2022-07-07,,83.47
2022-07-08,,83.93
2022-07-11,,83.09
2022-07-12,,83.43
2022-07-13,,82.66
2022-07-14,,81.24
2022-07-15,,83.25
2022-07-18,,84.09
2022-07-19,,85.92
2022-07-20,,85.86
2022-07-21,,86.13
2022-07-22,,86.06
2022-07-25,,86.27
2022-07-26,,85.57
2022-07-27,,86.36
2022-07-28,,87.41
2022-07-29,,88.68
2022-08-01,,88.71
2022-08-02,,88.2
2022-08-03,,89.3
2022-08-04,,89.85
2022-08-05,,89.15
2022-08-08,,89.97
2022-08-09,,88.91
2022-08-10,,89.76
2022-08-11,,89.93
2022-08-12,,90.41
2022-08-15,,90.75
2022-08-16,,91.13
2022-08-17,,89.91
2022-08-18,,90.47
2022-08-19,,89.28
2022-08-22,,87.42
2022-08-23,,87.37
2022-08-24,,87.82
2022-08-25,,87.97
2022-08-26,,86.23
2022-08-29,,85.44
2022-08-30,,85.23
2022-08-31,,84.16
2022-09-01,,82.75
2022-09-02,,84.9
2022-09-05,,83.58
2022-09-06,,83.81
2022-09-07,,83.86
2022-09-08,,84.28
2022-09-09,,85.48
2022-09-12,,87.37
2022-09-13,,85.86
2022-09-14,,85.37
2022-09-15,,84.77
2022-09-16,,83.74
2022-09-19,,83.86
2022-09-20,,83.0
2022-09-21,,83.76
2022-09-22,,82.2
2022-09-23,,80.3
2022-09-26,,80.2
2022-09-27,,79.75
2022-09-28,,80.02
2022-09-29,,78.6
2022-09-30,,79.66
2022-10-03,,80.22
2022-10-04,,83.59
2022-10-05,,82.7
2022-10-06,,82.3
2022-10-07,,80.96
2022-10-10,,80.52
2022-10-11,,80.15
2022-10-12,,79.93
2022-10-13,,80.6
2022-10-14,,81.07
2022-10-17,,82.52
2022-10-18,,83.02
2022-10-19,,83.2
2022-10-20,,83.75
2022-10-21,,83.34
2022-10-24,,84.57
2022-10-25,,85.98
2022-10-26,,86.47
2022-10-27,,86.4
2022-10-28,,86.62
2022-10-31,,86.71
2022-11-01,,87.56
2022-11-02,,86.88
2022-11-03,,86.18
2022-11-04,,88.43
2022-11-07,,88.97
2022-11-08,,89.68
2022-11-09,,89.38
2022-11-10,,92.25
2022-11-11,,92.77
2022-11-14,,92.96
2022-11-15,,93.95
2022-11-16,,93.11
2022-11-17,,93.06
2022-11-18,,94.15
2022-11-21,,93.92
2022-11-22,,94.35
2022-11-23,,94.8
2022-11-24,,95.17
2022-11-25,,95.19
2022-11-28,,94.55
2022-11-29,,94.48
2022-11-30,,95.21
2022-12-01,,95.72
2022-12-02,,95.57
2022-12-05,,95.06
2022-12-06,,94.58
2022-12-07,,94.16
2022-12-08,,94.18
2022-12-09,,94.73
2022-12-12,,94.26
2022-12-13,,95.82
2022-12-14,,95.5
2022-12-15,,92.08
2022-12-16,,91.39
2022-12-19,,91.61
2022-12-20,,91.33
2022-12-21,,93.07
2022-12-22,,91.83
2022-12-23,,91.66
2022-12-27,,92.1
2022-12-28,,91.53
2022-12-29,,92.59
2022-12-30,,91.05
2023-01-02,,92.8
2023-01-03,,93.44
2023-01-04,,95.66
2023-01-05,,95.31
2023-01-06,,96.76
2023-01-09,,98.05
2023-01-10,,97.67
2023-01-11,,98.7
2023-01-12,,99.4
2023-01-13,,100.0
2023-01-16,,100.08
2023-01-17,,100.5
2023-01-18,,100.46
2023-01-19,,98.57
2023-01-20,,99.12
2023-01-23,,99.91
2023-01-24,,99.95
2023-01-25,,99.87
2023-01-26,,100.48
2023-01-27,,100.58
2023-01-30,,100.16
2023-01-31,,100.22
2023-02-01,,100.38
2023-02-02,,102.08
2023-02-03,,102.48
2023-02-06,,101.26
2023-02-07,,101.36
2023-02-08,,101.34
2023-02-09,,102.32
2023-02-10,,101.14
2023-02-13,,102.16
2023-02-14,,102.16
2023-02-15,,103.14
2023-02-16,,103.58
2023-02-17,,103.0
2023-02-20,,102.88
2023-02-21,,102.4
2023-02-22,,102.22
2023-02-23,,102.68
2023-02-24,,100.72
2023-02-27,,102.32
2023-02-28,,102.08
2023-03-01,,101.56
2023-03-02,,102.16
2023-03-03,,103.46
2023-03-06,,103.9
2023-03-07,,103.08
2023-03-08,,103.3
2023-03-09,,103.26
2023-03-10,,101.92
2023-03-13,,98.68
2023-03-14,,100.66
2023-03-15,,97.48
2023-03-16,,99.42
2023-03-17,,97.99
2023-03-20,,99.29
2023-03-21,,100.86
2023-03-22,,101.22
2023-03-23,,101.5
2023-03-24,,99.7
2023-03-27,,100.58
2023-03-28,,100.74
2023-03-29,,102.2
2023-03-30,,103.6
2023-03-31,,104.26
2023-04-03,,104.16
2023-04-04,,104.3
2023-04-05,,103.82
2023-04-06,,104.22
2023-04-11,,104.84
2023-04-12,,104.82
2023-04-13,,105.52
2023-04-14,,106.14
2023-04-17,,105.62
2023-04-18,,106.26
2023-04-19,,106.28
2023-04-20,,106.04
2023-04-21,,106.54
2023-04-24,,106.58
2023-04-25,,106.14
2023-04-26,,105.46
2023-04-27,,105.8
2023-04-28,,105.98
2023-05-02,,104.48
2023-05-03,,104.9
2023-05-04,,104.4
2023-05-05,,105.96
2023-05-08,,106.2
2023-05-09,,105.74
2023-05-10,,105.34
2023-05-11,,105.54
2023-05-12,,105.92
2023-05-15,,105.86
2023-05-16,,105.9
2023-05-17,,106.14
2023-05-18,,107.26
2023-05-19,,107.92
2023-05-22,,107.88
2023-05-23,,106.84
2023-05-24,,104.9
2023-05-25,,105.04
2023-05-26,,106.74
2023-05-29,,106.26
2023-05-30,,105.68
2023-05-31,,103.78
2023-06-01,,104.86
2023-06-02,,106.48
2023-06-05,,105.74
2023-06-06,,105.78
2023-06-07,,105.72
2023-06-08,,105.86
2023-06-09,,105.66
2023-06-12,,106.34
2023-06-13,,107.14
2023-06-14,,107.8
2023-06-15,,107.52
2023-06-16,,108.28
2023-06-19,,107.38
2023-06-20,,106.94
2023-06-21,,106.5
2023-06-22,,105.96
2023-06-23,,105.14
2023-06-26,,105.46
2023-06-27,,106.06
2023-06-28,,107.12
2023-06-29,,107.28
2023-06-30,,108.38
2023-07-03,,108.44
2023-07-04,,108.18
2023-07-05,,107.16
2023-07-06,,103.94
2023-07-07,,104.4
2023-07-10,,104.92
2023-07-11,,105.66
2023-07-12,,107.52
2023-07-13,,108.28
2023-07-14,,108.48
2023-07-17,,107.42
2023-07-18,,107.72
2023-07-19,,107.56
2023-07-20,,107.8
2023-07-21,,108.26
2023-07-24,,108.06
2023-07-25,,108.34
2023-07-26,,107.24
2023-07-27,,109.84
2023-07-28,,110.38
2023-07-31,,110.42
2023-08-01,,108.78
2023-08-02,,107.08
2023-08-03,,106.26
2023-08-04,,107.08
2023-08-07,,107.18
2023-08-08,,105.9
2023-08-09,,106.66
2023-08-10,,108.32
2023-08-11,,106.72
2023-08-14,,106.94
2023-08-15,,105.8
2023-08-16,,105.8
2023-08-17,,104.42
2023-08-18,,104.16
2023-08-21,,104.44
2023-08-22,,105.32
2023-08-23,,105.46
2023-08-24,,104.6
2023-08-25,,104.68
2023-08-28,,106.2
2023-08-29,,106.82
2023-08-30,,106.6
2023-08-31,,106.1
2023-09-01,,105.76
2023-09-04,,105.66
2023-09-05,,105.44
2023-09-06,,104.66
2023-09-07,,104.12
2023-09-08,,104.62
2023-09-11,,105.02
2023-09-12,,104.72
2023-09-13,,104.18
2023-09-14,,105.58
2023-09-15,,106.06
2023-09-18,,104.78
2023-09-19,,104.66
2023-09-20,,105.58
2023-09-21,,104.0
2023-09-22,,103.9
2023-09-25,,102.88
2023-09-26,,101.9
2023-09-27,,102.0
2023-09-28,,102.76
2023-09-29,,103.08
2023-10-02,,102.16
2023-10-03,,101.12
2023-10-04,,101.3
2023-10-05,,101.18
2023-10-06,,102.28
2023-10-09,,101.54
2023-10-10,,103.92
2023-10-11,,103.82
2023-10-12,,103.74
2023-10-13,,102.2
2023-10-16,,102.56
2023-10-17,,102.6
2023-10-18,,101.5
2023-10-19,,101.12
2023-10-20,,99.61
2023-10-23,,99.88
2023-10-24,,100.48
2023-10-25,,100.64
2023-10-26,,100.04
2023-10-27,,99.17
2023-10-30,,99.58
2023-10-31,,100.4
2023-11-01,,101.1
2023-11-02,,103.1
2023-11-03,,103.26
2023-11-06,,102.86
2023-11-07,,102.76
2023-11-08,,103.32
2023-11-09,,104.6
2023-11-10,,103.82
2023-11-13,,104.74
2023-11-14,,106.26
2023-11-15,,106.8
2023-11-16,,106.44
2023-11-17,,107.42
2023-11-20,,107.56
2023-11-21,,107.24
2023-11-22,,107.8
2023-11-23,,108.06
2023-11-24,,108.36
2023-11-27,,107.9
2023-11-28,,107.76
2023-11-29,,108.32
2023-11-30,,108.54
2023-12-01,,109.38
2023-12-04,,109.32
2023-12-05,,110.34
2023-12-06,,111.02
2023-12-07,,110.82
2023-12-08,,112.08
2023-12-11,,112.6
2023-12-12,,112.52
2023-12-13,,112.3
2023-12-14,,112.5
2023-12-15,,112.84
2023-12-18,,112.1
2023-12-19,,112.44
2023-12-20,,112.42
2023-12-21,,112.1
2023-12-22,,111.94
2023-12-27,,112.26
2023-12-28,,111.84
2023-12-29,,111.98
2024-01-02,,111.84
2024-01-03,,110.22
2024-01-04,,110.88
2024-01-05,,110.58
2024-01-08,,111.14
2024-01-09,,110.7
2024-01-10,,110.74
2024-01-11,,110.08
2024-01-12,,111.02
2024-01-15,,110.46
2024-01-16,,110.22
2024-01-17,,109.16
2024-01-18,,110.46
2024-01-19,,110.32
2024-01-22,,111.16
2024-01-23,,110.78
2024-01-24,,113.24
2024-01-25,,113.6
2024-01-26,,114.9
2024-01-29,,115.04
2024-01-30,,115.6
2024-01-31,,115.14
2024-02-01,,115.02
2024-02-02,,115.42
2024-02-05,,115.34
2024-02-06,,116.34
2024-02-07,,116.0
2024-02-08,,116.76
2024-02-09,,117.02
2024-02-12,,117.74
2024-02-13,,116.4
2024-02-14,,116.92
2024-02-15,,117.76
2024-02-16,,118.3
2024-02-19,,118.24
2024-02-20,,118.2
2024-02-21,,118.56
2024-02-22,,120.58
2024-02-23,,120.98
2024-02-26,,120.8
2024-02-27,,121.38
2024-02-28,,121.22
2024-02-29,,121.16
2024-03-01,,121.56
2024-03-04,,121.98
2024-03-05,,121.54
2024-03-06,,122.12
2024-03-07,,123.56
2024-03-08,,123.22
2024-03-11,,122.54
2024-03-12,,123.88
2024-03-13,,124.34
2024-03-14,,124.1
2024-03-15,,123.82
2024-03-18,,123.78
2024-03-19,,124.52
2024-03-20,,124.3
2024-03-21,,125.68
2024-03-22,,125.16
2024-03-25,,125.6
2024-03-26,,126.14
2024-03-27,,126.46
2024-03-28,,126.56
2024-04-02,,125.46
2024-04-03,,126.22
2024-04-04,,126.16
2024-04-05,,124.7
2024-04-08,,125.66
2024-04-09,,124.12
2024-04-10,,124.44
2024-04-11,,123.68
2024-04-12,,123.42
2024-04-15,,124.22
2024-04-16,,122.56
2024-04-17,,122.46
2024-04-18,,122.98
2024-04-19,,122.44
2024-04-22,,123.22
2024-04-23,,125.14
2024-04-24,,124.66
2024-04-25,,123.5
2024-04-26,,125.48
2024-04-29,,124.84
2024-04-30,,123.56
2024-05-02,,122.72
2024-05-03,,123.6
2024-05-06,,124.6
2024-05-07,,126.06
2024-05-08,,126.68
2024-05-09,,127.32
2024-05-10,,128.06
2024-05-13,,128.04
2024-05-14,,128.08
2024-05-15,,128.68
2024-05-16,,128.26
2024-05-17,,128.0
2024-05-20,,128.36
2024-05-21,,127.88
2024-05-22,,127.34
2024-05-23,,127.56
2024-05-24,,127.64
2024-05-27,,128.18
2024-05-28,,127.52
2024-05-29,,125.86
2024-05-30,,126.42
2024-05-31,,126.26
2024-06-03,,126.78
2024-06-04,,125.52
2024-06-05,,127.6
2024-06-06,,128.56
2024-06-07,,128.12
2024-06-10,,127.22
2024-06-11,,125.94
2024-06-12,,127.76
2024-06-13,,125.16
2024-06-14,,122.7
2024-06-17,,123.74
2024-06-18,,124.62
2024-06-19,,123.82
2024-06-20,,125.44
2024-06-21,,124.4
2024-06-24,,125.6
2024-06-25,,125.2
2024-06-26,,124.68
2024-06-27,,124.34
2024-06-28,,124.16
2024-07-01,,125.04
2024-07-02,,124.46
2024-07-03,,126.0
2024-07-04,,126.56
2024-07-05,,126.32
2024-07-08,,126.18
2024-07-09,,124.42
2024-07-10,,125.86
2024-07-11,,126.32
2024-07-12,,128.0
2024-07-15,,126.44
2024-07-16,,125.52
2024-07-17,,124.26
2024-07-18,,123.66
2024-07-19,,122.5
2024-07-22,,124.46
2024-07-23,,124.98
2024-07-24,,123.54
2024-07-25,,122.24
2024-07-26,,123.58
2024-07-29,,122.38
2024-07-30,,123.1
2024-07-31,,123.92
2024-08-01,,121.12
2024-08-02,,117.92
2024-08-05,,116.26
2024-08-06,,116.26
2024-08-07,,118.66
2024-08-08,,118.56
2024-08-09,,118.74
2024-08-12,,118.76
2024-08-13,,119.32
2024-08-14,,120.14
2024-08-15,,122.34
2024-08-16,,123.04
2024-08-19,,123.8
2024-08-20,,123.46
2024-08-21,,124.16
2024-08-22,,124.18
2024-08-23,,124.76
2024-08-26,,124.42
2024-08-27,,124.48
2024-08-28,,124.82
2024-08-29,,126.14
2024-08-30,,125.94
2024-09-02,,126.3
2024-09-03,,124.86
2024-09-04,,123.1
2024-09-05,,122.28
2024-09-06,,120.38
2024-09-09,,121.48
2024-09-10,,120.6
2024-09-11,,121.08
2024-09-12,,122.36
2024-09-13,,123.08
2024-09-16,,122.7
2024-09-17,,123.52
2024-09-18,,122.9
2024-09-19,,125.68
2024-09-20,,123.84
2024-09-23,,124.22
2024-09-24,,125.5
2024-09-25,,124.98
2024-09-26,,127.88
2024-09-27,,128.76
2024-09-30,,126.96
2024-10-01,,125.74
2024-10-02,,126.08
2024-10-03,,125.1
2024-10-04,,125.94
2024-10-07,,126.34
2024-10-08,,125.86
2024-10-09,,126.7
2024-10-10,,126.4
2024-10-11,,127.22
2024-10-14,,128.18
2024-10-15,,125.98
2024-10-16,,124.84
2024-10-17,,125.84
2024-10-18,,126.72
2024-10-21,,125.62
2024-10-22,,125.72
2024-10-23,,125.32
2024-10-24,,125.56
2024-10-25,,125.72
2024-10-28,,126.44
2024-10-29,,126.08
2024-10-30,,124.52
2024-10-31,,122.88
2024-11-01,,124.18
2024-11-04,,123.6
2024-11-05,,123.98
2024-11-06,,122.2
2024-11-07,,123.54
2024-11-08,,122.22
2024-11-11,,123.54
2024-11-12,,120.76
2024-11-13,,120.64
2024-11-14,,123.06
2024-11-15,,122.1
2024-11-18,,122.12
2024-11-19,,121.12
2024-11-20,,120.58
2024-11-21,,121.18
2024-11-22,,122.08
2024-11-25,,122.36
2024-11-26,,121.34
2024-11-27,,120.76
2024-11-28,,121.4
2024-11-29,,122.48
2024-12-02,,123.64
2024-12-03,,124.48
2024-12-04,,125.54
2024-12-05,,126.38
2024-12-06,,127.16
2024-12-09,,127.18
2024-12-10,,126.42
2024-12-11,,126.52
2024-12-12,,126.76
2024-12-13,,126.82
2024-12-16,,126.28
2024-12-17,,126.2
2024-12-18,,126.56
2024-12-19,,124.48
2024-12-20,,124.06
2024-12-23,,123.82
2024-12-24,,126.3
2024-12-27,,125.02
2024-12-30,,124.14
2024-12-31,,125.2
2025-01-02,,125.54
2025-01-03,,124.34
2025-01-06,,127.28
2025-01-07,,127.84
2025-01-08,,127.54
2025-01-09,,128.06
2025-01-10,,127.02
2025-01-13,,126.44
2025-01-14,,127.16
2025-01-15,,128.62
2025-01-16,,130.48
2025-01-17,,131.54
2025-01-20,,132.12
2025-01-21,,132.12
2025-01-22,,133.16
2025-01-23,,133.42
2025-01-24,,133.44
2025-01-27,,132.64
2025-01-28,,132.9
2025-01-29,,133.72
2025-01-30,,135.1
2025-01-31,,135.08
2025-02-03,,133.42
2025-02-04,,134.66
2025-02-05,,134.8
2025-02-06,,137.12
2025-02-07,,136.08
2025-02-10,,137.12
2025-02-11,,137.9
2025-02-12,,138.32
2025-02-13,,140.72
2025-02-14,,140.64
2025-02-17,,141.22
2025-02-18,,141.64
2025-02-19,,139.62
2025-02-20,,139.72
2025-02-21,,140.0
2025-02-24,,139.64
2025-02-25,,139.44
2025-02-26,,141.5
2025-02-27,,140.04
2025-02-28,,139.8
2025-03-03,,141.86
2025-03-04,,137.9
2025-03-05,,140.4
2025-03-06,,141.32
2025-03-07,,139.96
2025-03-10,,137.84
2025-03-11,,135.92
2025-03-12,,137.14
2025-03-13,,136.28
2025-03-14,,138.28
2025-03-17,,139.36
2025-03-18,,140.34
2025-03-19,,140.92
2025-03-20,,139.4
2025-03-21,,138.88
2025-03-24,,138.7
2025-03-25,,140.24
2025-03-26,,138.64
2025-03-27,,137.78
2025-03-28,,136.52
2025-03-31,,134.48
2025-04-01,,136.26
2025-04-02,,135.84
2025-04-03,,130.9
2025-04-04,,124.94
2025-04-07,,119.22
2025-04-08,,122.66
2025-04-09,,118.56
2025-04-10,,123.86
2025-04-11,,123.1
2025-04-14,,126.08
2025-04-15,,127.7
2025-04-16,,127.56
2025-04-17,,126.84
2025-04-22,,127.72
2025-04-23,,131.34
2025-04-24,,131.76
2025-04-25,,132.88
2025-04-28,,133.2
2025-04-29,,133.16
2025-04-30,,132.88
2025-05-02,,136.28
2025-05-05,,136.7
2025-05-06,,136.16
2025-05-07,,135.34
2025-05-08,,136.92
2025-05-09,,137.64
2025-05-12,,139.88
2025-05-13,,140.52
2025-05-14,,140.28
2025-05-15,,140.6
2025-05-16,,141.02
2025-05-19,,141.4
2025-05-20,,142.16
2025-05-21,,142.12
2025-05-22,,141.36
2025-05-23,,138.8
2025-05-26,,140.62
2025-05-27,,141.3
2025-05-28,,140.24
2025-05-29,,140.06
2025-05-30,,139.88
2025-06-02,,139.64
2025-06-03,,140.1
2025-06-04,,141.06
2025-06-05,,141.06
2025-06-06,,141.64
2025-06-09,,141.42
2025-06-10,,141.26
2025-06-11,,140.66
2025-06-12,,139.76
2025-06-13,,138.0
2025-06-16,,139.24
2025-06-17,,137.9
2025-06-18,,137.36
2025-06-19,,135.62
2025-06-20,,136.52
2025-06-23,,136.32
2025-06-24,,138.24
2025-06-25,,137.08
2025-06-26,,136.8
2025-06-27,,138.94
2025-06-30,,138.4
2025-07-01,,137.8
2025-07-02,,138.74
2025-07-03,,139.38
2025-07-04,,138.06
2025-07-07,,139.44
2025-07-08,,140.3
2025-07-09,,142.2
2025-07-10,,142.06
2025-07-11,,140.6
2025-07-14,,140.24
2025-07-15,,139.86
2025-07-16,,138.3
2025-07-17,,140.4
2025-07-18,,139.94
2025-07-21,,139.6
2025-07-22,,138.14
2025-07-23,,139.66
2025-07-24,,140.0
2025-07-25,,139.86
2025-07-28,,139.5
2025-07-29,,140.6
2025-07-30,,140.94
2025-07-31,,138.92
2025-08-01,,134.9
2025-08-04,,137.04
2025-08-05,,137.24
2025-08-06,,137.6
2025-08-07,,139.38
2025-08-08,,139.74
2025-08-11,,139.38
2025-08-12,,139.54
2025-08-13,,140.86
2025-08-14,,142.06
2025-08-15,,142.6
2025-08-18,,142.1
2025-08-19,,143.4
2025-08-20,,143.06
2025-08-21,,142.76
2025-08-22,,143.5
2025-08-25,,142.24
2025-08-26,,140.74
2025-08-27,,140.96
2025-08-28,,141.14
2025-08-29,,139.84
