,ELLE FP Equity_PX_LAST
2017-11-06,8.603
2017-11-07,8.536
2017-11-08,8.535
2017-11-09,8.461
2017-11-10,8.436
2017-11-13,8.418
2017-11-14,8.331
2017-11-15,8.299
2017-11-16,8.361
2017-11-17,8.336
2017-11-20,8.384
2017-11-21,8.411
2017-11-22,8.39
2017-11-23,8.352
2017-11-24,8.315
2017-11-27,8.308
2017-11-28,8.368
2017-11-29,8.445
2017-11-30,8.422
2017-12-01,8.361
2017-12-04,8.511
2017-12-05,8.487
2017-12-06,8.467
2017-12-07,8.487
2017-12-08,8.544
2017-12-11,8.531
2017-12-12,8.603
2017-12-13,8.584
2017-12-14,8.559
2017-12-15,8.58
2017-12-18,8.639
2017-12-19,8.607
2017-12-20,8.552
2017-12-21,8.569
2017-12-22,8.569
2017-12-27,8.57
2017-12-28,8.528
2017-12-29,8.49
2018-01-02,8.495
2018-01-03,8.536
2018-01-04,8.568
2018-01-05,8.646
2018-01-08,8.687
2018-01-09,8.739
2018-01-10,8.687
2018-01-11,8.654
2018-01-12,8.703
2018-01-15,8.648
2018-01-16,8.662
2018-01-17,8.642
2018-01-18,8.64
2018-01-19,8.67
2018-01-22,8.688
2018-01-23,8.705
2018-01-24,8.642
2018-01-25,8.587
2018-01-26,8.659
2018-01-29,8.674
2018-01-30,8.569
2018-01-31,8.559
2018-02-01,8.672
2018-02-02,8.422
2018-02-05,8.316
2018-02-06,8.046
2018-02-07,8.282
2018-02-08,8.148
2018-02-09,7.991
2018-02-12,8.101
2018-02-13,8.079
2018-02-14,8.166
2018-02-15,8.165
2018-02-16,8.274
2018-02-19,8.254
2018-02-20,8.28
2018-02-21,8.309
2018-02-22,8.293
2018-02-23,8.315
2018-02-26,8.379
2018-02-27,8.409
2018-02-28,8.341
2018-03-01,8.27
2018-03-02,8.089
2018-03-05,8.179
2018-03-06,8.172
2018-03-07,8.19
2018-03-08,8.244
2018-03-09,8.33
2018-03-12,8.359
2018-03-13,8.283
2018-03-14,8.263
2018-03-15,8.278
2018-03-16,8.307
2018-03-19,8.196
2018-03-20,8.231
2018-03-21,8.232
2018-03-22,8.093
2018-03-23,7.982
2018-03-26,7.901
2018-03-27,8.006
2018-03-28,7.995
2018-03-29,8.048
2018-04-03,7.988
2018-04-04,8.003
2018-04-06,8.121
2018-04-09,8.122
2018-04-10,8.164
2018-04-11,8.114
2018-04-12,8.112
2018-04-13,8.183
2018-04-16,8.187
2018-04-17,8.278
2018-04-18,8.283
2018-04-19,8.259
2018-04-20,8.266
2018-04-23,8.319
2018-04-24,8.339
2018-04-25,8.264
2018-04-26,8.369
2018-04-27,8.41
2018-04-30,8.446
2018-05-02,8.443
2018-05-03,8.355
2018-05-04,8.459
2018-05-07,8.502
2018-05-08,8.518
2018-05-09,8.555
2018-05-10,8.595
2018-05-11,8.59
2018-05-14,8.585
2018-05-15,8.581
2018-05-16,8.618
2018-05-17,8.658
2018-05-18,8.634
2018-05-21,8.679
2018-05-22,8.697
2018-05-23,8.673
2018-05-24,8.639
2018-05-25,8.672
2018-05-28,8.673
2018-05-29,8.608
2018-05-30,8.616
2018-05-31,8.579
2018-06-01,8.63
2018-06-04,8.665
2018-06-05,8.663
2018-06-06,8.658
2018-06-07,8.663
2018-06-08,8.661
2018-06-11,8.705
2018-06-12,8.702
2018-06-13,8.709
2018-06-14,8.796
2018-06-15,8.732
2018-06-18,8.745
2018-06-19,8.709
2018-06-20,8.737
2018-06-21,8.695
2018-06-22,8.737
2018-06-25,8.572
2018-06-26,8.61
2018-06-27,8.669
2018-06-28,8.607
2018-06-29,8.641
2018-07-02,8.564
2018-07-03,8.658
2018-07-04,8.667
2018-07-05,8.676
2018-07-06,8.707
2018-07-09,8.767
2018-07-10,8.793
2018-07-11,8.731
2018-07-12,8.781
2018-07-13,8.799
2018-07-16,8.741
2018-07-17,8.758
2018-07-18,8.804
2018-07-19,8.795
2018-07-20,8.737
2018-07-23,8.721
2018-07-24,8.77
2018-07-25,8.781
2018-07-26,8.852
2018-07-27,8.864
2018-07-30,8.816
2018-07-31,8.852
2018-08-01,8.844
2018-08-02,8.804
2018-08-03,8.894
2018-08-06,8.922
2018-08-07,8.968
2018-08-08,8.955
2018-08-09,8.995
2018-08-10,8.987
2018-08-13,8.959
2018-08-14,9.002
2018-08-15,8.936
2018-08-16,9.001
2018-08-17,9.012
2018-08-20,9.059
2018-08-21,9.038
2018-08-22,8.999
2018-08-23,8.963
2018-08-24,8.968
2018-08-27,8.999
2018-08-28,8.975
2018-08-29,9.008
2018-08-30,8.996
2018-08-31,8.981
2018-09-03,8.996
2018-09-04,8.978
2018-09-05,8.908
2018-09-06,8.889
2018-09-07,8.908
2018-09-10,8.927
2018-09-11,8.923
2018-09-12,8.924
2018-09-13,8.901
2018-09-14,8.938
2018-09-17,8.937
2018-09-18,8.952
2018-09-19,8.973
2018-09-20,8.982
2018-09-21,9.016
2018-09-24,8.951
2018-09-25,8.951
2018-09-26,8.96
2018-09-27,9.003
2018-09-28,8.983
2018-10-01,8.999
2018-10-02,8.951
2018-10-03,9.005
2018-10-04,8.939
2018-10-05,8.867
2018-10-08,8.834
2018-10-09,8.84
2018-10-10,8.678
2018-10-11,8.455
2018-10-12,8.458
2018-10-15,8.463
2018-10-16,8.57
2018-10-17,8.57
2018-10-18,8.554
2018-10-19,8.563
2018-10-22,8.512
2018-10-23,8.364
2018-10-24,8.385
2018-10-25,8.383
2018-10-26,8.299
2018-10-29,8.355
2018-10-30,8.363
2018-10-31,8.528
2018-11-01,8.564
2018-11-02,8.552
2018-11-05,8.587
2018-11-06,8.61
2018-11-07,8.703
2018-11-08,8.788
2018-11-09,8.744
2018-11-12,8.682
2018-11-13,8.714
2018-11-14,8.643
2018-11-15,8.594
2018-11-16,8.569
2018-11-19,8.554
2018-11-20,8.41
2018-11-21,8.498
2018-11-22,8.423
2018-11-23,8.502
2018-11-26,8.593
2018-11-27,8.623
2018-11-28,8.652
2018-11-29,8.663
2018-11-30,8.68
2018-12-03,8.762
2018-12-04,8.715
2018-12-05,8.603
2018-12-06,8.363
2018-12-07,8.427
2018-12-10,8.256
2018-12-11,8.418
2018-12-12,8.511
2018-12-13,8.463
2018-12-14,8.426
2018-12-17,8.325
2018-12-18,8.219
2018-12-19,8.221
2018-12-20,8.055
2018-12-21,8.032
2018-12-24,7.844
2018-12-27,7.895
2018-12-28,8.023
2018-12-31,8.093
2019-01-02,8.093
2019-01-03,7.987
2019-01-04,8.174
2019-01-07,8.2
2019-01-08,8.26
2019-01-09,8.312
2019-01-10,8.332
2019-01-11,8.381
2019-01-14,8.342
2019-01-15,8.4
2019-01-16,8.46
2019-01-17,8.475
2019-01-18,8.616
2019-01-21,8.586
2019-01-22,8.561
2019-01-23,8.524
2019-01-24,8.566
2019-01-25,8.599
2019-01-28,8.605
2019-01-29,8.567
2019-01-30,8.592
2019-01-31,8.636
2019-02-01,8.659
2019-02-04,8.701
2019-02-05,8.811
2019-02-06,8.819
2019-02-07,8.703
2019-02-08,8.692
2019-02-11,8.776
2019-02-12,8.839
2019-02-13,8.889
2019-02-14,8.858
2019-02-15,8.962
2019-02-18,8.969
2019-02-19,8.953
2019-02-20,8.96
2019-02-21,8.957
2019-02-22,9.009
2019-02-25,9.032
2019-02-26,9.029
2019-02-27,8.996
2019-02-28,8.993
2019-03-01,9.039
2019-03-04,9.043
2019-03-05,9.063
2019-03-06,9.037
2019-03-07,9.036
2019-03-08,8.959
2019-03-11,9.053
2019-03-12,9.047
2019-03-13,9.094
2019-03-14,9.129
2019-03-15,9.185
2019-03-18,9.183
2019-03-19,9.231
2019-03-20,9.122
2019-03-21,9.142
2019-03-22,9.068
2019-03-25,9.027
2019-03-26,9.105
2019-03-27,9.085
2019-03-28,9.108
2019-03-29,9.159
2019-04-01,9.261
2019-04-02,9.294
2019-04-03,9.363
2019-04-04,9.339
2019-04-05,9.365
2019-04-08,9.341
2019-04-09,9.296
2019-04-10,9.32
2019-04-11,9.335
2019-04-12,9.36
2019-04-15,9.364
2019-04-16,9.386
2019-04-17,9.371
2019-04-18,9.417
2019-04-23,9.475
2019-04-24,9.481
2019-04-25,9.474
2019-04-26,9.479
2019-04-29,9.51
2019-04-30,9.469
2019-05-02,9.429
2019-05-03,9.465
2019-05-06,9.392
2019-05-07,9.326
2019-05-08,9.303
2019-05-09,9.152
2019-05-10,9.169
2019-05-13,9.116
2019-05-14,9.216
2019-05-15,9.232
2019-05-16,9.381
2019-05-17,9.327
2019-05-20,9.273
2019-05-21,9.34
2019-05-22,9.353
2019-05-23,9.25
2019-05-24,9.246
2019-05-27,9.268
2019-05-28,9.265
2019-05-29,9.155
2019-05-30,9.168
2019-05-31,9.118
2019-06-03,9.106
2019-06-04,9.169
2019-06-05,9.215
2019-06-06,9.241
2019-06-07,9.329
2019-06-10,9.371
2019-06-11,9.382
2019-06-12,9.365
2019-06-13,9.373
2019-06-14,9.37
2019-06-17,9.361
2019-06-18,9.503
2019-06-19,9.492
2019-06-20,9.502
2019-06-21,9.487
2019-06-24,9.441
2019-06-25,9.412
2019-06-26,9.381
2019-06-27,9.393
2019-06-28,9.448
2019-07-01,9.556
2019-07-02,9.584
2019-07-03,9.71
2019-07-04,9.709
2019-07-05,9.673
2019-07-08,9.634
2019-07-09,9.601
2019-07-10,9.601
2019-07-11,9.584
2019-07-12,9.617
2019-07-15,9.622
2019-07-16,9.668
2019-07-17,9.618
2019-07-18,9.601
2019-07-19,9.64
2019-07-22,9.616
2019-07-23,9.708
2019-07-24,9.778
2019-07-25,9.804
2019-07-26,9.795
2019-07-29,9.799
2019-07-30,9.714
2019-07-31,9.717
2019-08-01,9.79
2019-08-02,9.503
2019-08-05,9.269
2019-08-06,9.19
2019-08-07,9.203
2019-08-08,9.407
2019-08-09,9.347
2019-08-12,9.308
2019-08-13,9.388
2019-08-14,9.254
2019-08-15,9.229
2019-08-16,9.348
2019-08-19,9.472
2019-08-20,9.438
2019-08-21,9.497
2019-08-22,9.477
2019-08-23,9.356
2019-08-26,9.358
2019-08-27,9.421
2019-08-28,9.417
2019-08-29,9.533
2019-08-30,9.64
2019-09-02,9.627
2019-09-03,9.633
2019-09-04,9.656
2019-09-05,9.753
2019-09-06,9.772
2019-09-09,9.762
2019-09-10,9.741
2019-09-11,9.85
2019-09-12,9.885
2019-09-13,9.91
2019-09-16,9.888
2019-09-17,9.877
2019-09-18,9.87
2019-09-19,9.946
2019-09-20,9.959
2019-09-23,9.897
2019-09-24,9.898
2019-09-25,9.866
2019-09-26,9.909
2019-09-27,9.946
2019-09-30,9.974
2019-10-01,9.857
2019-10-02,9.571
2019-10-03,9.549
2019-10-04,9.662
2019-10-07,9.729
2019-10-08,9.59
2019-10-09,9.627
2019-10-10,9.616
2019-10-11,9.83
2019-10-14,9.759
2019-10-15,9.876
2019-10-16,9.811
2019-10-17,9.78
2019-10-18,9.733
2019-10-21,9.812
2019-10-22,9.841
2019-10-23,9.836
2019-10-24,9.846
2019-10-25,9.87
2019-10-28,9.917
2019-10-29,9.905
2019-10-30,9.879
2019-10-31,9.828
2019-11-01,9.909
2019-11-04,9.986
2019-11-05,10.05
2019-11-06,10.042
2019-11-07,10.136
2019-11-08,10.11
2019-11-11,10.114
2019-11-12,10.172
2019-11-13,10.128
2019-11-14,10.088
2019-11-15,10.136
2019-11-18,10.094
2019-11-19,10.108
2019-11-20,10.08
2019-11-21,10.024
2019-11-22,10.084
2019-11-25,10.196
2019-11-26,10.218
2019-11-27,10.282
2019-11-28,10.284
2019-11-29,10.234
2019-12-02,10.086
2019-12-03,9.98
2019-12-04,10.106
2019-12-05,10.092
2019-12-06,10.256
2019-12-09,10.23
2019-12-10,10.19
2019-12-11,10.208
2019-12-12,10.246
2019-12-13,10.28
2019-12-16,10.398
2019-12-17,10.328
2019-12-18,10.388
2019-12-19,10.4
2019-12-20,10.494
2019-12-23,10.508
2019-12-24,10.502
2019-12-27,10.49
2019-12-30,10.396
2019-12-31,10.36
2020-01-02,10.47
2020-01-03,10.428
2020-01-06,10.404
2020-01-07,10.456
2020-01-08,10.48
2020-01-09,10.52
2020-01-10,10.524
2020-01-13,10.52
2020-01-14,10.564
2020-01-15,10.56
2020-01-16,10.632
2020-01-17,10.724
2020-01-20,10.69
2020-01-21,10.674
2020-01-22,10.692
2020-01-23,10.662
2020-01-24,10.694
2020-01-27,10.536
2020-01-28,10.594
2020-01-29,10.626
2020-01-30,10.532
2020-01-31,10.462
2020-02-03,10.532
2020-02-04,10.668
2020-02-05,10.716
2020-02-06,10.812
2020-02-07,10.772
2020-02-10,10.846
2020-02-11,10.864
2020-02-12,10.936
2020-02-13,10.952
2020-02-14,10.986
2020-02-17,11.01
2020-02-18,10.954
2020-02-19,11.058
2020-02-20,10.994
2020-02-21,10.94
2020-02-24,10.608
2020-02-25,10.408
2020-02-26,10.36
2020-02-27,9.921
2020-02-28,9.525
2020-03-02,9.565
2020-03-03,9.654
2020-03-04,9.737
2020-03-05,9.69
2020-03-06,9.314
2020-03-09,8.665
2020-03-10,8.518
2020-03-11,8.534
2020-03-12,7.647
2020-03-13,8.17
2020-03-16,7.439
2020-03-17,7.631
2020-03-18,7.241
2020-03-19,7.411
2020-03-20,7.437
2020-03-23,7.043
2020-03-24,7.561
2020-03-25,7.843
2020-03-26,8.011
2020-03-27,7.742
2020-03-30,7.91
2020-03-31,8.069
2020-04-01,7.728
2020-04-02,7.784
2020-04-03,7.715
2020-04-06,8.015
2020-04-07,8.268
2020-04-08,8.305
2020-04-09,8.519
2020-04-14,8.571
2020-04-15,8.325
2020-04-16,8.417
2020-04-17,8.559
2020-04-20,8.619
2020-04-21,8.257
2020-04-22,8.418
2020-04-23,8.521
2020-04-24,8.447
2020-04-27,8.648
2020-04-28,8.721
2020-04-29,8.919
2020-04-30,8.771
2020-05-04,8.464
2020-05-05,8.702
2020-05-06,8.619
2020-05-07,8.74
2020-05-08,8.772
2020-05-11,8.778
2020-05-12,8.779
2020-05-13,8.57
2020-05-14,8.478
2020-05-15,8.553
2020-05-18,8.872
2020-05-19,8.824
2020-05-20,8.857
2020-05-21,8.776
2020-05-22,8.8
2020-05-25,8.995
2020-05-26,9.018
2020-05-27,9.053
2020-05-28,9.18
2020-05-29,8.977
2020-06-01,9.14
2020-06-02,9.189
2020-06-03,9.398
2020-06-04,9.367
2020-06-05,9.649
2020-06-08,9.656
2020-06-09,9.537
2020-06-10,9.451
2020-06-11,9.02
2020-06-12,9.04
2020-06-15,8.983
2020-06-16,9.301
2020-06-17,9.294
2020-06-18,9.272
2020-06-19,9.33
2020-06-22,9.209
2020-06-23,9.278
2020-06-24,9.018
2020-06-25,9.001
2020-06-26,8.993
2020-06-29,9.027
2020-06-30,9.102
2020-07-01,9.138
2020-07-02,9.298
2020-07-03,9.223
2020-07-06,9.302
2020-07-07,9.261
2020-07-08,9.182
2020-07-09,9.081
2020-07-10,9.157
2020-07-13,9.272
2020-07-14,9.176
2020-07-15,9.334
2020-07-16,9.293
2020-07-17,9.314
2020-07-20,9.337
2020-07-21,9.409
2020-07-22,9.314
2020-07-23,9.361
2020-07-24,9.213
2020-07-27,9.121
2020-07-28,9.179
2020-07-29,9.168
2020-07-30,9.022
2020-07-31,8.962
2020-08-03,9.136
2020-08-04,9.136
2020-08-05,9.147
2020-08-06,9.125
2020-08-07,9.181
2020-08-10,9.268
2020-08-11,9.379
2020-08-12,9.411
2020-08-13,9.413
2020-08-14,9.32
2020-08-17,9.324
2020-08-18,9.265
2020-08-19,9.334
2020-08-20,9.25
2020-08-21,9.269
2020-08-24,9.392
2020-08-25,9.378
2020-08-26,9.481
2020-08-27,9.476
2020-08-28,9.426
2020-08-31,9.375
2020-09-01,9.374
2020-09-02,9.567
2020-09-03,9.421
2020-09-04,9.215
2020-09-07,9.398
2020-09-08,9.276
2020-09-09,9.375
2020-09-10,9.316
2020-09-11,9.275
2020-09-14,9.334
2020-09-15,9.375
2020-09-16,9.436
2020-09-17,9.355
2020-09-18,9.27
2020-09-21,9.036
2020-09-22,9.116
2020-09-23,9.195
2020-09-24,9.056
2020-09-25,9.121
2020-09-28,9.305
2020-09-29,9.209
2020-09-30,9.249
2020-10-01,9.289
2020-10-02,9.339
2020-10-05,9.399
2020-10-06,9.458
2020-10-07,9.453
2020-10-08,9.53
2020-10-09,9.578
2020-10-12,9.661
2020-10-13,9.66
2020-10-14,9.654
2020-10-15,9.561
2020-10-16,9.638
2020-10-19,9.601
2020-10-20,9.51
2020-10-21,9.448
2020-10-22,9.485
2020-10-23,9.546
2020-10-26,9.353
2020-10-27,9.306
2020-10-28,9.109
2020-10-29,9.101
2020-10-30,9.103
2020-11-02,9.26
2020-11-03,9.416
2020-11-04,9.54
2020-11-05,9.61
2020-11-06,9.558
2020-11-09,10.202
2020-11-10,10.1
2020-11-11,10.19
2020-11-12,10.066
2020-11-13,10.104
2020-11-16,10.286
2020-11-17,10.286
2020-11-18,10.34
2020-11-19,10.228
2020-11-20,10.254
2020-11-23,10.31
2020-11-24,10.458
2020-11-25,10.464
2020-11-26,10.426
2020-11-27,10.404
2020-11-30,10.276
2020-12-01,10.372
2020-12-02,10.332
2020-12-03,10.364
2020-12-04,10.45
2020-12-07,10.406
2020-12-08,10.446
2020-12-09,10.494
2020-12-10,10.416
2020-12-11,10.384
2020-12-14,10.396
2020-12-15,10.394
2020-12-16,10.444
2020-12-17,10.434
2020-12-18,10.398
2020-12-21,10.188
2020-12-22,10.326
2020-12-23,10.436
2020-12-24,10.46
2020-12-28,10.494
2020-12-29,10.526
2020-12-30,10.506
2020-12-31,10.468
2021-01-04,10.434
2021-01-05,10.462
2021-01-06,10.732
2021-01-07,10.776
2021-01-08,10.81
2021-01-11,10.816
2021-01-12,10.89
2021-01-13,10.892
2021-01-14,10.93
2021-01-15,10.858
2021-01-18,10.876
2021-01-19,10.886
2021-01-20,10.942
2021-01-21,10.938
2021-01-22,10.852
2021-01-25,10.792
2021-01-26,10.83
2021-01-27,10.732
2021-01-28,10.734
2021-01-29,10.532
2021-02-01,10.622
2021-02-02,10.81
2021-02-03,10.84
2021-02-04,10.95
2021-02-05,10.97
2021-02-08,10.998
2021-02-09,10.948
2021-02-10,10.972
2021-02-11,10.986
2021-02-12,11.0
2021-02-15,11.126
2021-02-16,11.1
2021-02-17,11.07
2021-02-18,11.056
2021-02-19,11.064
2021-02-22,11.072
2021-02-23,11.11
2021-02-24,11.21
2021-02-25,11.128
2021-02-26,10.986
2021-03-01,11.244
2021-03-02,11.228
2021-03-03,11.294
2021-03-04,11.19
2021-03-05,11.178
2021-03-08,11.528
2021-03-09,11.57
2021-03-10,11.582
2021-03-11,11.608
2021-03-12,11.664
2021-03-15,11.698
2021-03-16,11.794
2021-03-17,11.7
2021-03-18,11.804
2021-03-19,11.684
2021-03-22,11.632
2021-03-23,11.594
2021-03-24,11.614
2021-03-25,11.59
2021-03-26,11.78
2021-03-29,11.764
2021-03-30,11.884
2021-03-31,11.826
2021-04-01,11.842
2021-04-06,11.924
2021-04-07,11.858
2021-04-08,11.92
2021-04-09,11.938
2021-04-12,11.948
2021-04-13,11.946
2021-04-14,11.98
2021-04-15,12.066
2021-04-16,12.106
2021-04-19,12.064
2021-04-20,11.848
2021-04-21,11.916
2021-04-22,12.062
2021-04-23,11.992
2021-04-26,12.016
2021-04-27,12.058
2021-04-28,12.052
2021-04-29,11.98
2021-04-30,12.042
2021-05-03,12.106
2021-05-04,12.026
2021-05-05,12.162
2021-05-06,12.138
2021-05-07,12.216
2021-05-10,12.28
2021-05-11,12.034
2021-05-12,12.05
2021-05-13,12.026
2021-05-14,12.168
2021-05-17,12.144
2021-05-18,12.146
2021-05-19,11.918
2021-05-20,12.072
2021-05-21,12.12
2021-05-24,12.136
2021-05-25,12.076
2021-05-26,12.116
2021-05-27,12.156
2021-05-28,12.15
2021-05-31,12.108
2021-06-01,12.18
2021-06-02,12.24
2021-06-03,12.248
2021-06-04,12.272
2021-06-07,12.332
2021-06-08,12.32
2021-06-09,12.334
2021-06-10,12.354
2021-06-11,12.402
2021-06-14,12.374
2021-06-15,12.376
2021-06-16,12.414
2021-06-17,12.41
2021-06-18,12.228
2021-06-21,12.326
2021-06-22,12.336
2021-06-23,12.3
2021-06-24,12.374
2021-06-25,12.432
2021-06-28,12.344
2021-06-29,12.358
2021-06-30,12.364
2021-07-01,12.46
2021-07-02,12.498
2021-07-05,12.552
2021-07-06,12.414
2021-07-07,12.508
2021-07-08,12.308
2021-07-09,12.514
2021-07-12,12.566
2021-07-13,12.556
2021-07-14,12.526
2021-07-15,12.46
2021-07-16,12.41
2021-07-19,12.09
2021-07-20,12.236
2021-07-21,12.392
2021-07-22,12.406
2021-07-23,12.524
2021-07-26,12.506
2021-07-27,12.432
2021-07-28,12.472
2021-07-29,12.504
2021-07-30,12.44
2021-08-02,12.494
2021-08-03,12.506
2021-08-04,12.54
2021-08-05,12.57
2021-08-06,12.672
2021-08-09,12.68
2021-08-10,12.744
2021-08-11,12.794
2021-08-12,12.802
2021-08-13,12.784
2021-08-16,12.76
2021-08-17,12.716
2021-08-18,12.742
2021-08-19,12.566
2021-08-20,12.616
2021-08-23,12.708
2021-08-24,12.706
2021-08-25,12.674
2021-08-26,12.642
2021-08-27,12.684
2021-08-30,12.692
2021-08-31,12.66
2021-09-01,12.624
2021-09-02,12.654
2021-09-03,12.586
2021-09-06,12.654
2021-09-07,12.584
2021-09-08,12.538
2021-09-09,12.516
2021-09-10,12.44
2021-09-13,12.482
2021-09-14,12.428
2021-09-15,12.426
2021-09-16,12.468
2021-09-17,12.402
2021-09-20,12.194
2021-09-21,12.282
2021-09-22,12.378
2021-09-23,12.536
2021-09-24,12.476
2021-09-27,12.554
2021-09-28,12.364
2021-09-29,12.398
2021-09-30,12.364
2021-10-01,12.342
2021-10-04,12.266
2021-10-05,12.422
2021-10-06,12.288
2021-10-07,12.542
2021-10-08,12.504
2021-10-11,12.54
2021-10-12,12.528
2021-10-13,12.482
2021-10-14,12.656
2021-10-15,12.738
2021-10-18,12.672
2021-10-19,12.714
2021-10-20,12.78
2021-10-21,12.724
2021-10-22,12.788
2021-10-25,12.81
2021-10-26,12.918
2021-10-27,12.838
2021-10-28,12.852
2021-10-29,12.914
2021-11-01,12.944
2021-11-02,12.968
2021-11-03,13.0
2021-11-04,13.098
2021-11-05,13.13
2021-11-08,13.122
2021-11-09,13.064
2021-11-10,13.15
2021-11-11,13.16
2021-11-12,13.206
2021-11-15,13.314
2021-11-16,13.35
2021-11-17,13.268
2021-11-18,13.218
2021-11-19,13.222
2021-11-22,13.262
2021-11-23,13.202
2021-11-24,13.212
2021-11-25,13.246
2021-11-26,12.764
2021-11-29,12.852
2021-11-30,12.648
2021-12-01,12.774
2021-12-02,12.628
2021-12-03,12.578
2021-12-06,12.784
2021-12-07,13.006
2021-12-08,12.912
2021-12-09,12.918
2021-12-10,12.882
2021-12-13,12.86
2021-12-14,12.794
2021-12-15,12.756
2021-12-16,12.928
2021-12-17,12.878
2021-12-20,12.638
2021-12-21,12.846
2021-12-22,12.916
2021-12-23,13.048
2021-12-24,13.064
2021-12-27,13.13
2021-12-28,13.206
2021-12-29,13.168
2021-12-30,13.234
2021-12-31,13.172
2022-01-03,13.244
2022-01-04,13.426
2022-01-05,13.396
2022-01-06,13.236
2022-01-07,13.214
2022-01-10,13.094
2022-01-11,13.148
2022-01-12,13.158
2022-01-13,13.216
2022-01-14,13.046
2022-01-17,13.18
2022-01-18,13.002
2022-01-19,13.02
2022-01-20,13.064
2022-01-21,12.78
2022-01-24,12.332
2022-01-25,12.468
2022-01-26,12.644
2022-01-27,12.664
2022-01-28,12.546
2022-01-31,12.702
2022-02-01,12.8
2022-02-02,12.806
2022-02-03,12.604
2022-02-04,12.434
2022-02-07,12.508
2022-02-08,12.58
2022-02-09,12.752
2022-02-10,12.746
2022-02-11,12.688
2022-02-14,12.534
2022-02-15,12.674
2022-02-16,12.606
2022-02-17,12.534
2022-02-18,12.438
2022-02-21,12.322
2022-02-22,12.346
2022-02-23,12.288
2022-02-24,11.966
2022-02-25,12.35
2022-02-28,12.342
2022-03-01,12.2
2022-03-02,12.37
2022-03-03,12.222
2022-03-04,12.046
2022-03-07,11.922
2022-03-08,11.75
2022-03-09,12.002
2022-03-10,11.9
2022-03-11,11.992
2022-03-14,12.006
2022-03-15,12.078
2022-03-16,12.344
2022-03-17,12.39
2022-03-18,12.504
2022-03-21,12.52
2022-03-22,12.632
2022-03-23,12.552
2022-03-24,12.534
2022-03-25,12.598
2022-03-28,12.57
2022-03-29,12.79
2022-03-30,12.724
2022-03-31,12.648
2022-04-01,12.66
2022-04-04,12.766
2022-04-05,12.892
2022-04-06,12.702
2022-04-07,12.654
2022-04-08,12.846
2022-04-11,12.766
2022-04-12,12.782
2022-04-13,12.772
2022-04-14,12.896
2022-04-19,12.866
2022-04-20,12.946
2022-04-21,12.936
2022-04-22,12.698
2022-04-25,12.492
2022-04-26,12.524
2022-04-27,12.624
2022-04-28,12.658
2022-04-29,12.716
2022-05-02,12.44
2022-05-03,12.656
2022-05-04,12.528
2022-05-05,12.52
2022-05-06,12.27
2022-05-09,12.058
2022-05-10,12.006
2022-05-11,12.144
2022-05-12,12.076
2022-05-13,12.342
2022-05-16,12.342
2022-05-17,12.436
2022-05-18,12.266
2022-05-19,12.034
2022-05-20,12.064
2022-05-23,12.202
2022-05-24,11.926
2022-05-25,12.106
2022-05-26,12.236
2022-05-27,12.388
2022-05-30,12.43
2022-05-31,12.332
2022-06-01,12.288
2022-06-02,12.306
2022-06-03,12.28
2022-06-06,12.376
2022-06-07,12.294
2022-06-08,12.286
2022-06-09,12.138
2022-06-10,11.876
2022-06-13,11.534
2022-06-14,11.424
2022-06-15,11.536
2022-06-16,11.212
2022-06-17,11.276
2022-06-20,11.386
2022-06-21,11.42
2022-06-22,11.396
2022-06-23,11.402
2022-06-24,11.696
2022-06-27,11.71
2022-06-28,11.754
2022-06-29,11.638
2022-06-30,11.53
2022-07-01,11.63
2022-07-04,11.692
2022-07-05,11.606
2022-07-06,11.848
2022-07-07,12.034
2022-07-08,12.052
2022-07-11,12.014
2022-07-12,12.088
2022-07-13,11.938
2022-07-14,11.826
2022-07-15,11.952
2022-07-18,12.012
2022-07-19,12.09
2022-07-20,12.156
2022-07-21,12.152
2022-07-22,12.146
2022-07-25,12.192
2022-07-26,12.166
2022-07-27,12.256
2022-07-28,12.386
2022-07-29,12.47
2022-08-01,12.472
2022-08-02,12.456
2022-08-03,12.568
2022-08-04,12.542
2022-08-05,12.51
2022-08-08,12.622
2022-08-09,12.548
2022-08-10,12.636
2022-08-11,12.704
2022-08-12,12.77
2022-08-15,12.85
2022-08-16,12.922
2022-08-17,12.772
2022-08-18,12.832
2022-08-19,12.76
2022-08-22,12.706
2022-08-23,12.63
2022-08-24,12.672
2022-08-25,12.692
2022-08-26,12.51
2022-08-29,12.366
2022-08-30,12.274
2022-08-31,12.144
2022-09-01,12.078
2022-09-02,12.216
2022-09-05,12.132
2022-09-06,12.14
2022-09-07,12.082
2022-09-08,12.218
2022-09-09,12.332
2022-09-12,12.454
2022-09-13,12.276
2022-09-14,12.11
2022-09-15,12.082
2022-09-16,11.904
2022-09-19,11.912
2022-09-20,11.832
2022-09-21,11.96
2022-09-22,11.74
2022-09-23,11.578
2022-09-26,11.544
2022-09-27,11.506
2022-09-28,11.57
2022-09-29,11.362
2022-09-30,11.404
2022-10-03,11.468
2022-10-04,11.65
2022-10-05,11.596
2022-10-06,11.6
2022-10-07,11.4
2022-10-10,11.404
2022-10-11,11.314
2022-10-12,11.268
2022-10-13,11.28
2022-10-14,11.45
2022-10-17,11.542
2022-10-18,11.592
2022-10-19,11.586
2022-10-20,11.606
2022-10-21,11.498
2022-10-24,11.602
2022-10-25,11.8
2022-10-26,11.874
2022-10-27,11.876
2022-10-28,11.938
2022-10-31,12.062
2022-11-01,12.082
2022-11-02,12.042
2022-11-03,11.914
2022-11-04,11.93
2022-11-07,11.934
2022-11-08,12.052
2022-11-09,11.99
2022-11-10,12.238
2022-11-11,12.236
2022-11-14,12.266
2022-11-15,12.338
2022-11-16,12.17
2022-11-17,12.088
2022-11-18,12.254
2022-11-21,12.266
2022-11-22,12.368
2022-11-23,12.386
2022-11-24,12.434
2022-11-25,12.406
2022-11-28,12.302
2022-11-29,12.318
2022-11-30,12.356
2022-12-01,12.51
2022-12-02,12.482
2022-12-05,12.31
2022-12-06,12.3
2022-12-07,12.156
2022-12-08,12.176
2022-12-09,12.166
2022-12-12,12.204
2022-12-13,12.332
2022-12-14,12.272
2022-12-15,11.92
2022-12-16,11.86
2022-12-19,11.864
2022-12-20,11.696
2022-12-21,11.772
2022-12-22,11.78
2022-12-23,11.78
2022-12-27,11.958
2022-12-28,11.75
2022-12-29,11.766
2022-12-30,11.762
2023-01-02,11.962
2023-01-03,11.982
2023-01-04,12.144
2023-01-05,12.15
2023-01-06,12.142
2023-01-09,12.318
2023-01-10,12.18
2023-01-11,12.304
2023-01-12,12.336
2023-01-13,12.414
2023-01-16,12.494
2023-01-17,12.466
2023-01-18,12.458
2023-01-19,12.27
2023-01-20,12.34
2023-01-23,12.368
2023-01-24,12.472
2023-01-25,12.368
2023-01-26,12.47
2023-01-27,12.5
2023-01-30,12.552
2023-01-31,12.572
2023-02-01,12.548
2023-02-02,12.706
2023-02-03,12.824
2023-02-06,12.736
2023-02-07,12.736
2023-02-08,12.764
2023-02-09,12.808
2023-02-10,12.62
2023-02-13,12.64
2023-02-14,12.64
2023-02-15,12.68
2023-02-16,12.69
2023-02-17,12.65
2023-02-20,12.696
2023-02-21,12.642
2023-02-22,12.558
2023-02-23,12.646
2023-02-24,12.58
2023-02-27,12.626
2023-02-28,12.582
2023-03-01,12.412
2023-03-02,12.45
2023-03-03,12.54
2023-03-06,12.62
2023-03-07,12.498
2023-03-08,12.466
2023-03-09,12.46
2023-03-10,12.152
2023-03-13,11.972
2023-03-14,11.964
2023-03-15,11.898
2023-03-16,12.01
2023-03-17,12.082
2023-03-20,11.928
2023-03-21,12.022
2023-03-22,12.032
2023-03-23,11.994
2023-03-24,11.938
2023-03-27,12.036
2023-03-28,11.95
2023-03-29,12.1
2023-03-30,12.15
2023-03-31,12.166
2023-04-03,12.3
2023-04-04,12.268
2023-04-05,12.236
2023-04-06,12.326
2023-04-11,12.398
2023-04-12,12.364
2023-04-13,12.37
2023-04-14,12.454
2023-04-17,12.518
2023-04-18,12.526
2023-04-19,12.504
2023-04-20,12.502
2023-04-21,12.472
2023-04-24,12.44
2023-04-25,12.404
2023-04-26,12.282
2023-04-27,12.282
2023-04-28,12.378
2023-05-02,12.306
2023-05-03,12.314
2023-05-04,12.21
2023-05-05,12.278
2023-05-08,12.392
2023-05-09,12.406
2023-05-10,12.358
2023-05-11,12.422
2023-05-12,12.388
2023-05-15,12.428
2023-05-16,12.328
2023-05-17,12.314
2023-05-18,12.394
2023-05-19,12.412
2023-05-22,12.428
2023-05-23,12.454
2023-05-24,12.234
2023-05-25,12.148
2023-05-26,12.252
2023-05-29,12.276
2023-05-30,12.17
2023-05-31,12.134
2023-06-01,12.27
2023-06-02,12.444
2023-06-05,12.456
2023-06-06,12.472
2023-06-07,12.432
2023-06-08,12.392
2023-06-09,12.396
2023-06-12,12.456
2023-06-13,12.472
2023-06-14,12.522
2023-06-15,12.462
2023-06-16,12.564
2023-06-19,12.52
2023-06-20,12.476
2023-06-21,12.382
2023-06-22,12.242
2023-06-23,12.21
2023-06-26,12.224
2023-06-27,12.212
2023-06-28,12.29
2023-06-29,12.35
2023-06-30,12.426
2023-07-03,12.5
2023-07-04,12.504
2023-07-05,12.448
2023-07-06,12.234
2023-07-07,12.212
2023-07-10,12.256
2023-07-11,12.332
2023-07-12,12.45
2023-07-13,12.498
2023-07-14,12.438
2023-07-17,12.432
2023-07-18,12.548
2023-07-19,12.62
2023-07-20,12.672
2023-07-21,12.704
2023-07-24,12.706
2023-07-25,12.754
2023-07-26,12.672
2023-07-27,12.824
2023-07-28,12.76
2023-07-31,12.776
2023-08-01,12.706
2023-08-02,12.552
2023-08-03,12.494
2023-08-04,12.522
2023-08-07,12.484
2023-08-08,12.442
2023-08-09,12.434
2023-08-10,12.546
2023-08-11,12.456
2023-08-14,12.478
2023-08-15,12.378
2023-08-16,12.322
2023-08-17,12.302
2023-08-18,12.222
2023-08-21,12.138
2023-08-22,12.21
2023-08-23,12.286
2023-08-24,12.244
2023-08-25,12.282
2023-08-28,12.404
2023-08-29,12.472
2023-08-30,12.496
2023-08-31,12.582
2023-09-01,12.626
2023-09-04,12.566
2023-09-05,12.626
2023-09-06,12.506
2023-09-07,12.476
2023-09-08,12.544
2023-09-11,12.568
2023-09-12,12.502
2023-09-13,12.522
2023-09-14,12.704
2023-09-15,12.662
2023-09-18,12.598
2023-09-19,12.532
2023-09-20,12.654
2023-09-21,12.454
2023-09-22,12.42
2023-09-25,12.394
2023-09-26,12.344
2023-09-27,12.274
2023-09-28,12.334
2023-09-29,12.378
2023-10-02,12.27
2023-10-03,12.086
2023-10-04,12.04
2023-10-05,12.044
2023-10-06,12.072
2023-10-09,12.138
2023-10-10,12.32
2023-10-11,12.274
2023-10-12,12.32
2023-10-13,12.188
2023-10-16,12.256
2023-10-17,12.302
2023-10-18,12.168
2023-10-19,12.01
2023-10-20,11.808
2023-10-23,11.8
2023-10-24,11.852
2023-10-25,11.8
2023-10-26,11.752
2023-10-27,11.63
2023-10-30,11.642
2023-10-31,11.762
2023-11-01,11.756
2023-11-02,12.01
2023-11-03,12.118
2023-11-06,12.05
2023-11-07,12.044
2023-11-08,12.02
2023-11-09,12.058
2023-11-10,11.922
2023-11-13,12.006
2023-11-14,12.23
2023-11-15,12.266
2023-11-16,12.228
2023-11-17,12.282
2023-11-20,12.28
2023-11-21,12.27
2023-11-22,12.324
2023-11-23,12.34
2023-11-24,12.354
2023-11-27,12.348
2023-11-28,12.332
2023-11-29,12.438
2023-11-30,12.516
2023-12-01,12.726
2023-12-04,12.762
2023-12-05,12.804
2023-12-06,12.888
2023-12-07,12.868
2023-12-08,12.966
2023-12-11,13.19
2023-12-12,12.968
2023-12-13,13.05
2023-12-14,13.216
2023-12-15,13.244
2023-12-18,13.2
2023-12-19,13.324
2023-12-20,13.348
2023-12-21,13.21
2023-12-22,13.268
2023-12-27,13.32
2023-12-28,13.302
2023-12-29,13.262
2024-01-02,13.324
2024-01-03,13.284
2024-01-04,13.23
2024-01-05,13.278
2024-01-08,13.288
2024-01-09,13.34
2024-01-10,13.338
2024-01-11,13.208
2024-01-12,13.34
2024-01-15,13.248
2024-01-16,13.204
2024-01-17,13.148
2024-01-18,13.184
2024-01-19,13.168
2024-01-22,13.316
2024-01-23,13.328
2024-01-24,13.382
2024-01-25,13.418
2024-01-26,13.544
2024-01-29,13.55
2024-01-30,13.582
2024-01-31,13.606
2024-02-01,13.466
2024-02-02,13.614
2024-02-05,13.562
2024-02-06,13.652
2024-02-07,13.554
2024-02-08,13.572
2024-02-09,13.508
2024-02-12,13.65
2024-02-13,13.426
2024-02-14,13.524
2024-02-15,13.698
2024-02-16,13.716
2024-02-19,13.676
2024-02-20,13.71
2024-02-21,13.594
2024-02-22,13.708
2024-02-23,13.742
2024-02-26,13.69
2024-02-27,13.73
2024-02-28,13.696
2024-02-29,13.73
2024-03-01,13.798
2024-03-04,13.708
2024-03-05,13.724
2024-03-06,13.738
2024-03-07,13.742
2024-03-08,13.868
2024-03-11,13.834
2024-03-12,13.886
2024-03-13,13.922
2024-03-14,13.81
2024-03-15,13.772
2024-03-18,13.816
2024-03-19,13.822
2024-03-20,13.868
2024-03-21,14.042
2024-03-22,14.034
2024-03-25,14.046
2024-03-26,14.014
2024-03-27,14.134
2024-03-28,14.252
2024-04-02,14.0
2024-04-03,14.0
2024-04-04,14.048
2024-04-05,13.914
2024-04-08,13.978
2024-04-09,13.904
2024-04-10,13.932
2024-04-11,13.852
2024-04-12,13.874
2024-04-15,13.828
2024-04-16,13.64
2024-04-17,13.57
2024-04-18,13.704
2024-04-19,13.68
2024-04-22,13.8
2024-04-23,13.966
2024-04-24,13.918
2024-04-25,13.888
2024-04-26,13.928
2024-04-29,13.98
2024-04-30,13.896
2024-05-02,13.904
2024-05-03,13.938
2024-05-06,14.012
2024-05-07,14.176
2024-05-08,14.144
2024-05-09,14.136
2024-05-10,14.292
2024-05-13,14.268
2024-05-14,14.262
2024-05-15,14.35
2024-05-16,14.306
2024-05-17,14.256
2024-05-20,14.314
2024-05-21,14.252
2024-05-22,14.184
2024-05-23,14.1
2024-05-24,14.114
2024-05-27,14.134
2024-05-28,14.138
2024-05-29,13.91
2024-05-30,13.958
2024-05-31,14.102
2024-06-03,14.228
2024-06-04,14.09
2024-06-05,14.256
2024-06-06,14.25
2024-06-07,14.258
2024-06-10,14.238
2024-06-11,14.132
2024-06-12,14.208
2024-06-13,14.074
2024-06-14,13.998
2024-06-17,13.99
2024-06-18,14.114
2024-06-19,14.084
2024-06-20,14.31
2024-06-21,14.31
2024-06-24,14.35
2024-06-25,14.286
2024-06-26,14.172
2024-06-27,14.116
2024-06-28,14.122
2024-07-01,14.184
2024-07-02,14.128
2024-07-03,14.104
2024-07-04,14.098
2024-07-05,14.17
2024-07-08,14.098
2024-07-09,14.074
2024-07-10,14.148
2024-07-11,14.284
2024-07-12,14.396
2024-07-15,14.29
2024-07-16,14.378
2024-07-17,14.37
2024-07-18,14.442
2024-07-19,14.27
2024-07-22,14.33
2024-07-23,14.348
2024-07-24,14.232
2024-07-25,14.254
2024-07-26,14.318
2024-07-29,14.446
2024-07-30,14.442
2024-07-31,14.494
2024-08-01,14.412
2024-08-02,13.902
2024-08-05,13.676
2024-08-06,13.804
2024-08-07,14.06
2024-08-08,14.06
2024-08-09,14.024
2024-08-12,14.07
2024-08-13,14.086
2024-08-14,14.128
2024-08-15,14.336
2024-08-16,14.44
2024-08-19,14.458
2024-08-20,14.474
2024-08-21,14.402
2024-08-22,14.474
2024-08-23,14.678
2024-08-26,14.64
2024-08-27,14.71
2024-08-28,14.684
2024-08-29,14.798
2024-08-30,14.794
2024-09-02,14.892
2024-09-03,14.796
2024-09-04,14.738
2024-09-05,14.73
2024-09-06,14.556
2024-09-09,14.736
2024-09-10,14.714
2024-09-11,14.592
2024-09-12,14.704
2024-09-13,14.786
2024-09-16,14.812
2024-09-17,14.876
2024-09-18,14.85
2024-09-19,14.976
2024-09-20,14.946
2024-09-23,14.932
2024-09-24,14.972
2024-09-25,14.906
2024-09-26,15.034
2024-09-27,15.15
2024-09-30,15.01
2024-10-01,15.072
2024-10-02,15.006
2024-10-03,14.872
2024-10-04,15.018
2024-10-07,14.984
2024-10-08,15.046
2024-10-09,15.172
2024-10-10,15.152
2024-10-11,15.148
2024-10-14,15.26
2024-10-15,15.354
2024-10-16,15.468
2024-10-17,15.52
2024-10-18,15.424
2024-10-21,15.31
2024-10-22,15.22
2024-10-23,15.302
2024-10-24,15.152
2024-10-25,15.158
2024-10-28,15.208
2024-10-29,15.172
2024-10-30,15.086
2024-10-31,14.902
2024-11-01,15.016
2024-11-04,14.96
2024-11-05,14.978
2024-11-06,15.318
2024-11-07,15.32
2024-11-08,15.416
2024-11-11,15.586
2024-11-12,15.394
2024-11-13,15.514
2024-11-14,15.474
2024-11-15,15.372
2024-11-18,15.266
2024-11-19,15.25
2024-11-20,15.266
2024-11-21,15.442
2024-11-22,15.73
2024-11-25,15.816
2024-11-26,15.78
2024-11-27,15.648
2024-11-28,15.852
2024-11-29,15.748
2024-12-02,15.824
2024-12-03,15.704
2024-12-04,15.69
2024-12-05,15.768
2024-12-06,15.682
2024-12-09,15.824
2024-12-10,15.65
2024-12-11,15.684
2024-12-12,15.6
2024-12-13,15.588
2024-12-16,15.626
2024-12-17,15.414
2024-12-18,15.564
2024-12-19,15.278
2024-12-20,15.228
2024-12-23,15.12
2024-12-24,15.252
2024-12-27,15.398
2024-12-30,15.316
2024-12-31,15.178
2025-01-02,15.414
2025-01-03,15.488
2025-01-06,15.576
2025-01-07,15.366
2025-01-08,15.458
2025-01-09,15.576
2025-01-10,15.238
2025-01-13,15.198
2025-01-14,15.234
2025-01-15,15.542
2025-01-16,15.612
2025-01-17,15.632
2025-01-20,15.57
2025-01-21,15.684
2025-01-22,15.594
2025-01-23,15.598
2025-01-24,15.572
2025-01-27,15.626
2025-01-28,15.772
2025-01-29,15.894
2025-01-30,15.9
2025-01-31,15.932
2025-02-03,15.964
2025-02-04,15.884
2025-02-05,15.806
2025-02-06,16.048
2025-02-07,15.992
2025-02-10,16.022
2025-02-11,15.9
2025-02-12,15.824
2025-02-13,15.882
2025-02-14,15.708
2025-02-17,16.0
2025-02-18,16.034
2025-02-19,15.788
2025-02-20,15.722
2025-02-21,15.966
2025-02-24,15.858
2025-02-25,15.864
2025-02-26,15.912
2025-02-27,15.936
2025-02-28,15.852
2025-03-03,15.934
2025-03-04,15.55
2025-03-05,15.246
2025-03-06,15.43
2025-03-07,15.268
2025-03-10,15.284
2025-03-11,14.958
2025-03-12,14.862
2025-03-13,14.86
2025-03-14,15.018
2025-03-17,15.094
2025-03-18,15.07
2025-03-19,15.106
2025-03-20,15.182
2025-03-21,15.206
2025-03-24,15.264
2025-03-25,15.306
2025-03-26,15.336
2025-03-27,15.256
2025-03-28,15.14
2025-03-31,15.062
2025-04-01,15.186
2025-04-02,15.066
2025-04-03,14.602
2025-04-04,13.778
2025-04-07,13.554
2025-04-08,13.698
2025-04-09,13.174
2025-04-10,13.616
2025-04-11,13.538
2025-04-14,13.828
2025-04-15,14.032
2025-04-16,14.028
2025-04-17,13.944
2025-04-22,14.12
2025-04-23,14.232
2025-04-24,14.294
2025-04-25,14.338
2025-04-28,14.43
2025-04-29,14.444
2025-04-30,14.662
2025-05-02,14.7
2025-05-05,14.96
2025-05-06,14.77
2025-05-07,14.856
2025-05-08,14.894
2025-05-09,15.006
2025-05-12,15.2
2025-05-13,15.178
2025-05-14,15.184
2025-05-15,15.29
2025-05-16,15.398
2025-05-19,15.394
2025-05-20,15.448
2025-05-21,15.348
2025-05-22,15.242
2025-05-23,15.094
2025-05-26,15.446
2025-05-27,15.292
2025-05-28,15.372
2025-05-29,15.268
2025-05-30,15.31
2025-06-02,15.154
2025-06-03,15.37
2025-06-04,15.344
2025-06-05,15.266
2025-06-06,15.454
2025-06-09,15.468
2025-06-10,15.292
2025-06-11,15.5
2025-06-12,15.232
2025-06-13,15.162
2025-06-16,15.254
2025-06-17,15.19
2025-06-18,15.1
2025-06-19,14.974
2025-06-20,15.022
2025-06-23,15.062
2025-06-24,15.12
2025-06-25,15.034
2025-06-26,15.034
2025-06-27,15.078
2025-06-30,15.082
2025-07-01,15.3
2025-07-02,15.146
2025-07-03,15.246
2025-07-04,15.168
2025-07-07,15.214
2025-07-08,15.224
2025-07-09,15.224
2025-07-10,15.442
2025-07-11,15.146
2025-07-14,15.188
2025-07-15,15.146
2025-07-16,15.024
2025-07-17,15.222
2025-07-18,15.242
2025-07-21,15.204
2025-07-22,15.244
2025-07-23,15.386
2025-07-24,15.38
2025-07-25,15.366
2025-07-28,15.528
2025-07-29,15.476
2025-07-30,15.554
2025-07-31,15.484
2025-08-01,15.272
2025-08-04,15.338
2025-08-05,15.4
2025-08-06,15.34
2025-08-07,15.374
2025-08-08,15.344
2025-08-11,15.52
2025-08-12,15.364
2025-08-13,15.606
2025-08-14,15.608
2025-08-15,15.618
2025-08-18,15.746
2025-08-19,15.72
2025-08-20,15.724
2025-08-21,15.794
2025-08-22,15.89
2025-08-25,15.808
2025-08-26,15.694
2025-08-27,15.896
2025-08-28,15.678
2025-08-29,15.692
