,EXENS FP Equity_DX_SI_QTY,EXENS FP Equity_DX_SHORT_INTEREST_VALUE,EXENS FP Equity_DX_SHORT_INTEREST_PCT_FREE_FLOAT,EXENS FP Equity_DX_SHORT_INT_RATIO_DAYS_TO_COVER,EXENS FP Equity_DX_SHORT_INTEREST_PCT_SHARES_OUT,EXENS FP Equity_DX_SI_MV,EXENS FP Equity_DX_DSS,EXENS FP Equity_DX_BROKER_SHORT_INTEREST_VALUE,EXENS FP Equity_DX_SUPPLY_SI_QTY,EXENS FP Equity_DX_BROKER_SI_QTY,EXENS FP Equity_DX_SUPPLY_SIDE_SHORT_INT_VAL,EXENS FP Equity_DX_SUPPLY_SI_QTY_INC_x,EXENS FP Equity_DX_BROKER_SI_MV_INC_x,EXENS FP Equity_DX_BROKER_SI_QTY_ADD,EXENS FP Equity_DX_SUPPLY_SI_MV_DEC,EXENS FP Equity_DX_BROKER_SI_QTY_INC,EXENS FP Equity_DX_SUPPLY_SI_QTY_DEC,EXENS FP Equity_DX_BROKER_SI_MV_INC_y,EXENS FP Equity_DX_SUPPLY_SI_QTY_INC_y,EXENS FP Equity_DX_BROKER_SI_MV_ADD,EXENS FP Equity_DX_SUPPLY_SI_QTY_ADD,EXENS FP Equity_DX_BROKER_SI_QTY_DEC,EXENS FP Equity_DX_SUPPLY_SI_MV,EXENS FP Equity_DX_BROKER_SI_MV_DEC,EXENS FP Equity_DX_ACTIVE_UTILIZATION_QUANTITY,EXENS FP Equity_DX_UTILIZATION_QUANTITY,EXENS FP Equity_DX_ACTIVE_AVAIL_SUPPLY_QTY,EXENS FP Equity_DX_ACTIVE_AVAILABILITY_VALUE,EXENS FP Equity_DX_ACTIVE_AVAIL_SUPPLY_MV,EXENS FP Equity_DX_ACTIVE_UTILIZATION_MV,EXENS FP Equity_DX_BROKER_SI_MARKET_SHARE_2,EXENS FP Equity_DX_BROKER_SI_CON_RATIO,EXENS FP Equity_DX_BROKER_SI_MARKET_SHARE_1,EXENS FP Equity_DX_DEMAND_SUPPLY_RATIO
2024-06-10,0.0,0.0,,0.0,0.0,0.0,,0.0,0.0,0.0,0.0,,,,,,,,,,,,0.0,,0.0,0.0,4558.0,103922.4,0.1,0.0,,0.0,,0.0
2024-06-11,119999.0,2639978.0,,1.11,0.24,2.76,0.0,0.0,119999.0,0.0,2639978.0,,,,,,,,,,119999.0,,2.76,,10.57,10.57,1015667.0,22344674.0,22.76,10.81,,1.0,100.0,0.1057
2024-06-12,119999.0,2663977.8,,1.06,0.24,2.67,0.0,2663977.8,119999.0,119999.0,2663977.8,,,119999.0,,,,,,2.67,,,2.67,,10.1,10.1,1067743.0,23703894.6,23.53,10.19,,1.0,100.0,0.101
2024-06-13,119999.0,2636378.03,,1.04,0.24,2.69,0.0,2636378.03,119999.0,119999.0,2636378.03,,,,,,,,,,,,2.69,,7.13,7.13,1562828.0,34335331.16,34.62,7.21,,1.0,100.0,0.0713
2024-06-14,119999.0,2519979.0,,1.03,0.24,2.63,0.0,2519979.0,119999.0,119999.0,2519979.0,,,,,,,,,,,,2.63,,7.08,7.08,1573743.0,33048603.0,34.14,7.15,,1.0,100.0,0.0708
2024-06-17,119999.0,2519979.0,,0.98,0.24,2.54,0.0,2519979.0,119999.0,119999.0,2519979.0,,,,,,,,,,,,2.54,,6.6,6.6,1696820.0,35633220.0,35.6,6.65,,1.0,100.0,0.066
2024-06-18,0.0,0.0,,0.0,0.0,0.0,,0.0,0.0,0.0,0.0,,,,2.54,,119999.0,,,,,119999.0,0.0,2.54,0.0,0.0,1772739.0,37812522.87,37.34,0.0,,0.0,,0.0
2024-06-19,0.0,0.0,,0.0,0.0,0.0,,0.0,0.0,0.0,0.0,,,,,,,,,,,,0.0,,0.0,0.0,1773139.0,37856517.65,37.81,0.0,,0.0,,0.0
2024-06-20,0.0,0.0,,0.0,0.0,0.0,,0.0,0.0,0.0,0.0,,,,,,,,,,,,0.0,,0.0,0.0,1773139.0,38308668.1,38.01,0.0,,0.0,,0.0
2024-06-21,50000.0,1047500.0,,0.4,0.1,1.11,0.0,523750.0,25000.0,25000.0,523750.0,,,25000.0,,,,,,0.57,25000.0,,0.54,,1.87,1.87,1311204.0,27469723.8,28.08,1.89,,1.0,100.0,0.0374
2024-06-24,50000.0,1019000.0,,0.4,0.1,1.07,0.0,509500.0,25000.0,25000.0,509500.0,,,,,,,,,,,,0.52,,1.7,1.7,1446009.0,29469663.42,30.02,1.71,,1.0,100.0,0.034
2024-06-25,0.0,0.0,,0.0,0.0,0.0,0.0,0.0,0.0,0.0,0.0,,,,0.52,,25000.0,,,,,25000.0,0.0,0.55,0.0,0.0,1562937.0,31249362.38,31.71,0.0,,0.0,100.0,0.0
2024-06-26,0.0,0.0,,0.0,0.0,0.0,,0.0,0.0,0.0,0.0,,,,,,,,,,,,0.0,,0.0,0.0,1563018.0,33604887.0,31.92,0.0,,0.0,,0.0
2024-06-27,0.0,0.0,,0.0,0.0,0.0,,0.0,0.0,0.0,0.0,,,,,,,,,,,,0.0,,0.0,0.0,1592198.0,32751512.86,33.81,0.0,,0.0,,0.0
2024-06-28,0.0,0.0,,0.0,0.0,0.0,,0.0,0.0,0.0,0.0,,,,,,,,,,,,0.0,,0.0,0.0,1613886.0,34230522.06,33.5,0.0,,0.0,,0.0
2024-07-01,0.0,0.0,,0.0,0.0,0.0,,0.0,0.0,0.0,0.0,,,,,,,,,,,,0.0,,0.0,0.0,2201954.0,46241034.0,46.59,0.0,,0.0,,0.0
2024-07-02,0.0,0.0,,0.0,0.0,0.0,,0.0,0.0,0.0,0.0,,,,,,,,,,,,0.0,,0.0,0.0,2203514.0,46372952.13,46.31,0.0,,0.0,,0.0
2024-07-03,0.0,0.0,,0.0,0.0,0.0,,0.0,0.0,0.0,0.0,,,,,,,,,,,,0.0,,0.0,0.0,2203885.0,46942750.5,46.62,0.0,,0.0,,0.0
2024-07-04,0.0,0.0,,0.0,0.0,0.0,,0.0,0.0,0.0,0.0,,,,,,,,,,,,0.0,,0.0,0.0,2205487.0,46866598.75,46.85,0.0,,0.0,,0.0
2024-07-05,0.0,0.0,,0.0,0.0,0.0,,0.0,0.0,0.0,0.0,,,,,,,,,,,,0.0,,0.0,0.0,2205485.0,45664566.93,46.28,0.0,,0.0,,0.0
2024-07-08,0.0,0.0,,0.0,0.0,0.0,,0.0,0.0,0.0,0.0,,,,,,,,,,,,0.0,,0.0,0.0,2202711.0,45155575.5,45.51,0.0,,0.0,,0.0
2024-07-09,0.0,0.0,,0.0,0.0,0.0,,0.0,0.0,0.0,0.0,,,,,,,,,,,,0.0,,0.0,0.0,2201159.0,44122232.16,44.68,0.0,,0.0,,0.0
2024-07-10,0.0,0.0,,0.0,0.0,0.0,,0.0,0.0,0.0,0.0,,,,,,,,,,,,0.0,,0.0,0.0,2200888.0,44457937.6,44.27,0.0,,0.0,,0.0
2024-07-11,0.0,0.0,,0.0,0.0,0.0,,0.0,0.0,0.0,0.0,,,,,,,,,,,,0.0,,0.0,0.0,2200788.0,46876784.4,45.6,0.0,,0.0,,0.0
2024-07-12,0.0,0.0,,0.0,0.0,0.0,,0.0,0.0,0.0,0.0,,,,,,,,,,,,0.0,,0.0,0.0,2188519.0,46615454.7,46.6,0.0,,0.0,,0.0
2024-07-15,0.0,0.0,,0.0,0.0,0.0,,0.0,0.0,0.0,0.0,,,,,,,,,,,,0.0,,0.0,0.0,2189918.0,47083237.0,46.86,0.0,,0.0,,0.0
2024-07-16,0.0,0.0,,0.0,0.0,0.0,,0.0,0.0,0.0,0.0,,,,,,,,,,,,0.0,,0.0,0.0,2193403.0,48068426.75,47.59,0.0,,0.0,,0.0
2024-07-17,0.0,0.0,,0.0,0.0,0.0,,0.0,0.0,0.0,0.0,,,,,,,,,,,,0.0,,0.0,0.0,2209174.0,47497241.0,47.94,0.0,,0.0,,0.0
2024-07-18,0.0,0.0,,0.0,0.0,0.0,,0.0,0.0,0.0,0.0,,,,,,,,,,,,0.0,,0.0,0.0,2212338.0,48162598.26,47.92,0.0,,0.0,,0.0
2024-07-19,0.0,0.0,,0.0,0.0,0.0,,0.0,0.0,0.0,0.0,,,,,,,,,,,,0.0,,0.0,0.0,2219726.0,47901687.08,48.25,0.0,,0.0,,0.0
2024-07-22,0.0,0.0,,0.0,0.0,0.0,,0.0,0.0,0.0,0.0,,,,,,,,,,,,0.0,,0.0,0.0,2327001.0,50239951.59,50.23,0.0,,0.0,,0.0
2024-07-23,0.0,0.0,,0.0,0.0,0.0,,0.0,0.0,0.0,0.0,,,,,,,,,,,,0.0,,0.0,0.0,2339621.0,50886756.75,50.72,0.0,,0.0,,0.0
2024-07-24,0.0,0.0,,0.0,0.0,0.0,,0.0,0.0,0.0,0.0,,,,,,,,,,,,0.0,,0.0,0.0,2341493.0,51746995.3,51.34,0.0,,0.0,,0.0
2024-07-25,0.0,0.0,,0.0,0.0,0.0,,0.0,0.0,0.0,0.0,,,,,,,,,,,,0.0,,0.0,0.0,2341751.0,51143841.84,51.47,0.0,,0.0,,0.0
2024-07-26,0.0,0.0,,0.0,0.0,0.0,,0.0,0.0,0.0,0.0,,,,,,,,,,,,0.0,,0.0,0.0,2341751.0,50886249.23,51.0,0.0,,0.0,,0.0
2024-07-29,0.0,0.0,,0.0,0.0,0.0,,0.0,0.0,0.0,0.0,,,,,,,,,,,,0.0,,0.0,0.0,2385549.0,49213875.87,50.57,0.0,,0.0,,0.0
2024-07-30,0.0,0.0,0.0,0.0,0.0,0.0,,0.0,0.0,0.0,0.0,,,,,,,,,,,,0.0,,0.0,0.0,2385939.0,49388937.3,49.3,0.0,,0.0,,0.0
2024-07-31,0.0,0.0,0.0,0.0,0.0,0.0,,0.0,0.0,0.0,0.0,,,,,,,,,,,,0.0,,0.0,0.0,2406943.0,50545803.0,50.19,0.0,,0.0,,0.0
2024-08-01,0.0,0.0,0.0,0.0,0.0,0.0,,0.0,0.0,0.0,0.0,,,,,,,,,,,,0.0,,0.0,0.0,2397555.0,47963087.78,49.15,0.0,,0.0,,0.0
2024-08-02,0.0,0.0,0.0,0.0,0.0,0.0,,0.0,0.0,0.0,0.0,,,,,,,,,,,,0.0,,0.0,0.0,2400991.0,48079844.78,47.99,0.0,,0.0,,0.0
2024-08-05,0.0,0.0,0.0,0.0,0.0,0.0,,0.0,0.0,0.0,0.0,,,,,,,,,,,,0.0,,0.0,0.0,2313875.0,45444505.0,45.86,0.0,,0.0,,0.0
2024-08-06,1240.0,24673.52,0.01,0.05,0.0,0.02,0.0,12336.76,620.0,620.0,12336.76,,,620.0,,,,,,0.01,620.0,,0.01,,100.0,0.03,0.0,0.0,0.0,100.0,,1.0,100.0,0.0005
2024-08-07,1240.0,24795.04,0.01,0.05,0.0,0.02,0.0,12397.52,620.0,620.0,12397.52,,,,,,,,,,,,0.01,,100.0,0.03,0.0,0.0,0.0,100.0,,1.0,100.0,0.0005
2024-08-08,1240.0,24482.56,0.01,0.05,0.0,0.02,0.0,12241.28,620.0,620.0,12241.28,,,,,,,,,,,,0.01,,100.0,0.03,0.0,0.0,0.0,100.0,,1.0,100.0,0.0005
2024-08-09,1240.0,24467.68,0.01,0.05,0.0,0.02,0.0,12233.84,620.0,620.0,12233.84,,,,,,,,,,,,0.01,,100.0,0.03,0.0,0.0,0.0,100.0,,1.0,100.0,0.0005
2024-08-12,11240.0,223451.2,0.05,0.49,0.02,0.22,0.0,111725.6,5620.0,5620.0,111725.6,,,5000.0,,,,,,0.1,5000.0,,0.11,,0.24,0.24,2306356.0,45850357.28,45.62,0.24,19.66,0.6841,80.34,0.0049
2024-08-13,1240.0,23671.6,0.01,0.05,0.0,0.02,0.0,11835.8,620.0,620.0,11835.8,,,,0.1,,5000.0,,,,,5000.0,0.01,0.1,100.0,0.03,0.0,0.0,0.0,100.0,,1.0,100.0,0.0005
2024-08-14,1240.0,24313.92,0.01,0.05,0.0,0.02,0.0,12156.96,620.0,620.0,12156.96,,,,,,,,,,,,0.01,,100.0,0.03,0.0,0.0,0.0,100.0,,1.0,100.0,0.0005
2024-08-15,1840.0,36281.12,0.01,0.08,0.0,0.04,0.0,20112.36,820.0,1020.0,16168.76,,,400.0,,,,,,0.01,200.0,,0.02,,100.0,0.04,0.0,0.0,0.0,100.0,10.87,0.4896,67.39,0.0008
2024-08-16,1840.0,35696.0,0.01,0.08,0.0,0.04,0.0,19788.0,820.0,1020.0,15908.0,,,,,,,,,,,,0.02,,100.0,0.04,0.0,0.0,0.0,100.0,10.87,0.4896,67.39,0.0008
2024-08-19,1840.0,35066.72,0.01,0.08,0.0,0.04,0.0,19439.16,820.0,1020.0,15627.56,,,,,,,,,,,,0.02,,100.0,0.04,0.0,0.0,0.0,100.0,10.87,0.4896,67.39,0.0008
2024-08-20,1840.0,35512.0,0.01,0.08,0.0,0.04,0.0,19686.0,820.0,1020.0,15826.0,,,,,,,,,,,,0.02,,100.0,0.04,0.0,0.0,0.0,100.0,10.87,0.4896,67.39,0.0008
2024-08-21,1840.0,35769.6,0.01,0.09,0.0,0.04,0.0,19828.8,820.0,1020.0,15940.8,,,,,,,,,,,,0.02,,100.0,0.04,0.0,0.0,0.0,100.0,10.87,0.4896,67.39,0.0008
2024-08-22,1840.0,35637.12,0.01,0.08,0.0,0.04,0.0,19755.36,820.0,1020.0,15881.76,,,,,,,,,,,,0.02,,100.0,0.04,0.0,0.0,0.0,100.0,10.87,0.4896,67.39,0.0008
2024-08-23,4954.0,98326.99,0.02,0.23,0.01,0.1,0.0,86080.78,4137.0,4337.0,82111.18,400.0,0.02,2500.0,,817.0,,0.02,400.0,0.05,2917.0,,0.08,,100.0,0.18,0.0,0.0,0.0,100.0,31.77,0.409,54.98,0.0022
2024-08-26,7831.0,152406.92,0.03,0.4,0.02,0.16,0.0,140398.87,1902.0,7214.0,37016.72,,0.01,5112.0,0.05,214.0,2449.0,0.01,,0.1,214.0,2449.0,0.04,0.05,2.22,0.08,83759.0,1630117.66,1.66,2.22,22.34,0.5273,68.93,0.0034
2024-08-27,3013.0,58500.41,0.01,0.14,0.01,0.06,0.0,44948.04,2115.0,2315.0,41064.84,30.0,0.0,,,30.0,,0.0,30.0,,183.0,4929.0,0.04,0.1,1.03,0.09,203545.0,3952029.72,3.96,1.03,7.7,0.4309,63.57,0.0013
2024-08-28,6368.0,127360.0,0.03,0.29,0.01,0.12,0.0,78020.0,3701.0,3901.0,74020.0,1850.0,0.04,,0.01,1850.0,264.0,0.04,1850.0,,,264.0,0.07,0.01,4.23,0.16,83759.0,1675180.0,1.63,4.22,4.87,0.7362,85.39,0.0028
2024-08-29,13460.0,269200.0,0.06,0.58,0.03,0.27,0.0,198420.0,9721.0,9921.0,194420.0,,0.02,4948.0,,1072.0,,0.02,,0.1,6020.0,,0.19,,3.05,0.43,308815.0,6176300.0,6.18,3.05,44.03,0.4513,50.64,0.0059
2024-08-30,8512.0,172368.0,0.04,0.37,0.02,0.17,0.0,100703.25,4773.0,4973.0,96653.25,,,,0.1,,4948.0,,,,,4948.0,0.1,0.1,2.41,0.21,193408.0,3916512.0,3.9,2.39,3.17,0.8218,90.48,0.0038
2024-09-02,7278.0,142648.8,0.03,0.32,0.01,0.15,0.0,73284.4,3539.0,3739.0,69364.4,,,,0.02,,1234.0,,,,,1234.0,0.07,0.02,3.1,0.14,110624.0,2168230.4,2.17,3.2,3.96,0.7812,88.12,0.0029
2024-09-03,4878.0,100486.8,0.02,0.2,0.01,0.1,0.0,52303.4,2339.0,2539.0,48183.4,,,,0.03,,1200.0,,,,,1200.0,0.05,0.03,2.06,0.09,111407.0,2294984.2,2.3,1.96,6.57,0.6576,80.29,0.0019
2024-09-04,8262.0,171436.5,0.03,0.3,0.02,0.17,0.0,87793.25,4031.0,4231.0,83643.25,,0.04,,,1692.0,,0.04,,,1692.0,,0.08,,1.72,0.16,229714.0,4766565.5,4.75,1.72,3.11,0.8249,90.67,0.0033
2024-09-05,18943.0,379901.87,0.08,0.74,0.04,0.39,0.0,299060.16,14712.0,14912.0,295049.16,10681.0,,10681.0,,,,,10681.0,0.22,,,0.3,,6.29,0.59,219033.0,4392706.82,4.47,6.38,34.09,0.5059,62.39,0.0076
2024-09-06,35521.0,718589.83,0.15,1.41,0.07,0.71,0.0,642889.17,31579.0,31779.0,638843.17,17056.0,0.33,,0.01,17156.0,289.0,0.33,17056.0,,100.0,289.0,0.63,0.01,25.85,1.29,90570.0,1832231.1,1.81,25.76,15.59,0.7069,82.61,0.0146
2024-09-09,25107.0,533523.75,0.1,0.97,0.05,0.51,0.0,454006.25,21165.0,21365.0,449756.25,2200.0,,,0.25,,12614.0,,2200.0,,,10414.0,0.43,0.2,17.02,0.87,103184.0,2192660.0,2.09,17.0,22.52,0.6119,74.9,0.0103
2024-09-10,29695.0,623446.53,0.12,1.11,0.06,0.63,0.0,544883.24,25753.0,25953.0,540684.24,,0.12,,0.0,4588.0,100.0,0.12,,,4688.0,,0.55,,7.3,1.06,327174.0,6869018.13,6.88,7.35,18.67,0.6621,79.19,0.0122
2024-09-11,11633.0,240105.12,0.05,0.42,0.02,0.25,0.0,201054.24,9451.0,9741.0,195068.64,,,,0.35,,16302.0,,,,,16212.0,0.2,0.34,2.69,0.39,341626.0,7051160.64,7.09,2.72,28.3,0.5254,66.67,0.0048
2024-09-12,4745.0,97296.23,0.02,0.17,0.01,0.1,0.0,58500.77,2563.0,2853.0,52554.32,,,,0.14,,6888.0,,,,,6888.0,0.05,0.15,2.13,0.11,117636.0,2412126.18,2.42,2.13,16.04,0.5394,71.3,0.002
2024-09-13,3984.0,81353.28,0.02,0.14,0.01,0.08,0.0,42718.64,1892.0,2092.0,38634.64,,,,0.01,,671.0,,,,,761.0,0.04,0.02,1.57,0.08,118307.0,2415828.94,2.43,1.57,5.02,0.7289,84.93,0.0017
2024-09-16,3984.0,79345.34,0.02,0.13,0.01,0.08,0.0,41664.27,1892.0,2092.0,37681.07,,,,,,,,,,,,0.04,,1.57,0.08,118307.0,2356202.21,2.41,1.58,5.02,0.7291,84.95,0.0017
2024-09-17,3984.0,78564.48,0.02,0.14,0.01,0.08,0.0,41254.24,1892.0,2092.0,37310.24,,,,,,,,,,,,0.04,,1.57,0.08,118307.0,2333014.04,2.36,1.57,5.03,0.7288,84.92,0.0017
2024-09-18,3984.0,76891.2,0.02,0.14,0.01,0.08,0.0,40375.6,1892.0,2092.0,36515.6,,,,,,,,,,,,0.04,,1.57,0.08,118307.0,2283325.1,2.34,1.58,5.0,0.7298,84.99,0.0017
2024-09-19,3984.0,79576.42,0.02,0.14,0.01,0.08,0.0,41785.61,1892.0,2092.0,37790.81,,,,,,,,,,,,0.04,,1.57,0.08,118307.0,2363064.02,2.29,1.58,5.0,0.7299,84.99,0.0017
2024-09-20,3984.0,78309.5,0.02,0.14,0.01,0.08,0.0,41120.35,1892.0,2092.0,37189.15,,,,,,,,,,,,0.04,,1.57,0.08,118307.0,2325442.39,2.37,1.58,5.01,0.7296,84.97,0.0017
2024-09-23,3984.0,77688.0,0.02,0.14,0.01,0.08,0.0,40794.0,1892.0,2092.0,36894.0,,,,,,,,,,,,0.04,,1.57,0.08,118307.0,2306986.5,2.32,1.59,4.99,0.7304,85.03,0.0017
2024-09-24,6568.0,132509.4,0.03,0.23,0.01,0.13,0.0,68272.2,3184.0,3384.0,64237.2,,0.03,,,1292.0,,0.03,,,1292.0,,0.06,,1.37,0.14,228711.0,4614244.43,4.54,1.35,3.02,0.83,90.95,0.0028
2024-09-25,6568.0,128076.0,0.03,0.22,0.01,0.13,0.0,65988.0,3184.0,3384.0,62088.0,,,,,,,,,,,,0.06,,1.37,0.14,228711.0,4459864.5,4.53,1.4,3.02,0.8299,90.95,0.0028
2024-09-26,6568.0,131458.52,0.03,0.22,0.01,0.13,0.0,67730.76,3184.0,3384.0,63727.76,,,,,,,,,,,,0.06,,1.37,0.14,228711.0,4577650.67,4.52,1.37,3.0,0.8308,91.0,0.0028
2024-09-27,6568.0,133855.84,0.03,0.22,0.01,0.13,0.0,68965.92,3184.0,3384.0,64889.92,,,,,,,,,,,,0.06,,1.37,0.14,228711.0,4661130.18,4.62,1.36,3.02,0.8297,90.94,0.0028
2024-09-30,6568.0,132673.6,0.03,0.21,0.01,0.14,0.0,68356.8,3184.0,3384.0,64316.8,,,,,,,,,,,,0.07,,1.37,0.14,228711.0,4619962.2,4.64,1.38,3.01,0.8303,90.97,0.0028
2024-10-01,6568.0,129389.6,0.03,0.21,0.01,0.13,0.0,66664.8,3184.0,3384.0,62724.8,,,,,,,,,,,,0.06,,1.37,0.13,228711.0,4505606.7,4.56,1.39,3.01,0.8303,90.97,0.0026
2024-10-02,4442.0,86521.28,0.02,0.14,0.01,0.09,0.0,45208.44,2121.0,2321.0,41312.84,,,,0.02,,1063.0,,,,,1063.0,0.04,0.02,0.91,0.08,229774.0,4475537.97,4.51,0.93,4.59,0.7537,86.46,0.0018
2024-10-03,4442.0,84842.2,0.02,0.13,0.01,0.09,0.0,44331.1,2121.0,2321.0,40511.1,,,,,,,,,,,,0.04,,0.91,0.08,229774.0,4388683.4,4.43,0.92,4.52,0.7532,86.43,0.0018
2024-10-04,4442.0,88395.8,0.02,0.13,0.01,0.09,0.0,46187.9,2121.0,2321.0,42207.9,,,,,,,,,,,,0.04,,1.87,0.08,111467.0,2218193.3,2.22,1.79,4.48,0.7555,86.57,0.0018
2024-10-07,4442.0,91971.61,0.02,0.12,0.01,0.09,0.0,48056.31,2121.0,2321.0,43915.31,,,,,,,,,,,,0.04,,1.87,0.08,111467.0,2307924.24,2.31,1.8,4.67,0.752,86.36,0.0018
2024-10-08,4442.0,94459.13,0.02,0.13,0.01,0.09,0.0,49356.07,2121.0,2321.0,45103.07,,,,,,,,,,,,0.04,,1.87,0.08,111467.0,2370345.76,2.37,1.8,4.63,0.7521,86.36,0.0018
2024-10-09,4242.0,91033.32,0.02,0.12,0.01,0.09,0.0,49808.66,1921.0,2321.0,41224.66,,,,0.0,,200.0,,,,,,0.04,,1.69,0.08,111467.0,2392081.82,2.39,1.68,4.74,0.8247,90.57,0.0017
2024-10-10,25784.0,547910.0,0.11,0.74,0.05,0.55,0.0,276080.0,12792.0,12992.0,271830.0,,0.23,,0.0,10900.0,229.0,0.23,,,11100.0,229.0,0.27,0.0,17.87,0.51,58800.0,1249500.0,1.26,17.86,20.02,0.6427,77.61,0.0103
2024-10-11,22400.0,472864.0,0.09,0.63,0.04,0.48,0.0,238543.0,11100.0,11300.0,234321.0,,,,0.04,,1692.0,,,,,1692.0,0.24,0.04,15.88,0.45,58800.0,1241268.0,1.25,15.88,1.47,0.9425,97.06,0.009
2024-10-14,22400.0,474880.0,0.09,0.61,0.04,0.47,0.0,239560.0,11100.0,11300.0,235320.0,,,,,,,,,,,,0.23,,15.88,0.44,58800.0,1246560.0,1.24,15.88,1.47,0.9427,97.07,0.0089
2024-10-15,22400.0,470400.0,0.09,0.61,0.04,0.47,0.0,237300.0,11100.0,11300.0,233100.0,,,,,,,,,,,,0.24,,15.88,0.44,58800.0,1234800.0,1.25,15.88,1.48,0.942,97.04,0.0089
2024-10-16,13600.0,283492.0,0.06,0.42,0.03,0.29,0.0,52112.5,11100.0,2500.0,231379.5,,,,,,,,,,,8800.0,0.23,0.19,20.67,0.44,42613.0,888267.99,0.89,20.67,4.18,0.8432,91.64,0.0055
2024-10-17,4800.0,100752.0,0.02,0.15,0.01,0.1,0.0,52475.0,2300.0,2500.0,48277.0,,,,0.18,,8800.0,,,,,,0.05,,5.12,0.09,42613.0,894446.87,0.89,5.12,4.15,0.8442,91.69,0.0019
2024-10-18,4800.0,100944.0,0.02,0.15,0.01,0.1,0.0,52575.0,2300.0,2500.0,48369.0,,,,,,,,,,,,0.05,,5.12,0.09,42613.0,896151.39,0.89,5.12,4.16,0.8439,91.67,0.0019
2024-10-21,4800.0,100800.0,0.02,0.16,0.01,0.1,0.0,52500.0,2300.0,2500.0,48300.0,,,,,,,,,,,,0.05,,5.12,0.09,42613.0,894873.0,0.9,5.12,4.17,0.8437,91.66,0.0019
2024-10-22,4800.0,104640.0,0.02,0.16,0.01,0.1,0.0,54500.0,2300.0,2500.0,50140.0,,,,,,,,,,,,0.05,,5.12,0.09,42613.0,928963.4,0.89,5.12,4.09,0.8464,91.82,0.0019
2024-10-23,4800.0,101664.0,0.02,0.16,0.01,0.1,0.0,52950.0,2300.0,2500.0,48714.0,,,,,,,,,,,,0.05,,5.12,0.09,42613.0,902543.34,0.93,5.12,4.22,0.8417,91.55,0.0019
2024-10-24,4800.0,98832.0,0.02,0.16,0.01,0.1,0.0,51475.0,2300.0,2500.0,47357.0,,,,,,,,,,,,0.05,,5.12,0.09,42613.0,877401.67,0.9,5.12,4.22,0.8418,91.55,0.0019
2024-10-25,4800.0,93840.0,0.02,0.16,0.01,0.1,0.0,48875.0,2300.0,2500.0,44965.0,,,,,,,,,,,,0.05,,5.12,0.09,42613.0,833084.15,0.88,5.12,4.17,0.8438,91.67,0.0019
2024-10-28,5000.0,99420.0,0.02,0.18,0.01,0.1,0.0,51698.4,2400.0,2600.0,47721.6,100.0,0.0,,,100.0,,0.0,100.0,,,,0.05,,5.33,0.1,42613.0,847316.89,0.83,5.33,3.99,0.8501,92.03,0.002
2024-10-29,5000.0,98420.0,0.02,0.17,0.01,0.1,0.0,51178.4,2400.0,2600.0,47241.6,,,,,,,,,,,,0.05,,5.33,0.1,42613.0,838794.29,0.85,5.33,3.99,0.8499,92.02,0.002
2024-10-30,2900.0,56555.8,0.01,0.1,0.01,0.06,0.0,9751.0,2400.0,500.0,46804.8,,,,,,,,,,,2100.0,0.05,0.04,5.33,0.1,42613.0,831038.73,0.84,5.33,6.9,0.7525,86.19,0.0012
2024-10-31,5800.0,112543.2,0.02,0.2,0.01,0.11,0.0,9702.0,5300.0,500.0,102841.2,,,,0.04,,2100.0,,,,5000.0,,0.1,,3.25,0.21,157612.0,3058303.25,3.08,3.2,7.0,0.7471,86.01,0.0023
2024-11-01,5800.0,110269.6,0.02,0.21,0.01,0.11,0.0,9506.0,5300.0,500.0,100763.6,,,,,,,,,,,,0.1,,3.25,0.21,157612.0,2996519.34,3.06,3.24,6.83,0.7507,86.24,0.0023
2024-11-04,5800.0,110919.2,0.02,0.21,0.01,0.11,0.0,9562.0,5300.0,500.0,101357.2,,,,,,,,,,,,0.1,,3.25,0.21,157612.0,3014171.89,3.0,3.25,6.99,0.7489,86.12,0.0023
2024-11-05,5700.0,110659.8,0.02,0.21,0.01,0.11,0.0,7765.6,5300.0,400.0,102894.2,,,,,,,,,,,100.0,0.1,0.0,3.25,0.21,157612.0,3059879.37,3.01,3.26,5.3,0.7743,87.69,0.0023
2024-11-06,5600.0,109569.6,0.02,0.2,0.01,0.11,0.0,7826.4,5200.0,400.0,101743.2,,,,0.0,,100.0,,,,,,0.1,,3.19,0.21,157612.0,3083836.39,3.06,3.22,3.57,0.8018,89.33,0.0022
2024-11-07,5600.0,111440.0,0.02,0.2,0.01,0.11,0.0,7960.0,5200.0,400.0,103480.0,,,,,,,,,,,,0.1,,3.19,0.21,157612.0,3136478.8,3.07,3.22,3.62,0.8005,89.26,0.0022
2024-11-08,5600.0,112924.0,0.02,0.19,0.01,0.11,0.0,8066.0,5200.0,400.0,104858.0,,,,,,,,,,,,0.1,,3.19,0.21,157612.0,3178245.98,3.14,3.2,3.61,0.8007,89.27,0.0022
2024-11-11,5600.0,114324.0,0.02,0.19,0.01,0.11,0.0,8166.0,5200.0,400.0,106158.0,,,,,,,,,,,,0.11,,4.33,0.21,114999.0,2347704.59,2.31,4.35,3.61,0.8005,89.26,0.0022
2024-11-12,5400.0,110295.0,0.02,0.19,0.01,0.11,0.0,8170.0,5000.0,400.0,102125.0,,,,0.0,,200.0,,,,,,0.1,,4.17,0.2,114999.0,2348854.58,2.34,4.16,3.73,0.8593,92.55,0.0022
2024-11-13,5400.0,110700.0,0.02,0.17,0.01,0.11,0.0,8200.0,5000.0,400.0,102500.0,,,,,,,,,,,,0.1,,4.17,0.2,114999.0,2357479.5,2.35,4.14,3.74,0.8591,92.54,0.0022
2024-11-14,5400.0,110619.0,0.02,0.17,0.01,0.11,0.0,8194.0,10100.0,400.0,206898.5,5100.0,,,,,,,5100.0,,,,0.21,,8.42,0.41,109899.0,2251281.02,2.24,8.38,3.73,0.8597,92.57,0.0022
2024-11-15,5400.0,108756.0,0.02,0.18,0.01,0.11,0.0,8056.0,5200.0,400.0,104728.0,,,,0.1,,4900.0,,,,,,0.11,,4.33,0.21,114799.0,2312051.86,2.35,4.32,3.7,0.8611,92.65,0.0022
2024-11-18,125400.0,2557533.0,0.52,4.16,0.25,2.55,0.0,2455558.0,125200.0,120400.0,2553454.0,,,120000.0,,,,,,2.44,120000.0,,2.51,,27.35,5.11,332493.0,6781194.74,6.76,27.06,3.93,0.9184,95.75,0.0512
2024-11-19,126580.0,2596788.7,0.53,4.2,0.25,2.59,0.0,2494213.7,125200.0,121580.0,2568478.0,,,1180.0,,,,,,0.02,,,2.51,,27.35,5.11,332493.0,6821093.9,6.78,27.01,3.92,0.9011,94.84,0.0517
2024-11-20,126580.0,2430842.32,0.53,4.25,0.25,2.43,0.0,2334822.32,125200.0,121580.0,2404340.8,,,,,,,,,,,,2.58,,27.35,5.11,332493.0,6385195.57,6.52,28.33,4.21,0.8943,94.47,0.0517
2024-11-21,126580.0,2471854.24,0.53,4.23,0.25,2.48,0.0,2374214.24,125200.0,121580.0,2444905.6,,,,,,,,,,,,2.42,,27.35,5.11,332493.0,6492923.3,6.46,27.24,3.9,0.9016,94.87,0.0517
2024-11-22,126580.0,2569574.0,0.53,4.25,0.25,2.56,0.0,2468074.0,125200.0,121580.0,2541560.0,,,,,,,,,,,,2.46,,27.35,5.11,332493.0,6749607.9,6.65,26.98,3.8,0.9038,94.99,0.0516
2024-11-25,126580.0,2451348.28,0.53,4.14,0.25,2.45,0.0,2354518.28,125200.0,121580.0,2424623.2,,,,,,,,,,,,2.52,,27.35,5.05,332493.0,6439059.44,6.53,27.84,4.11,0.8967,94.6,0.051
2024-11-26,125400.0,2339211.6,0.52,2.49,0.25,2.34,0.0,2245941.6,125200.0,120400.0,2335480.8,,,,,,,,,,,1180.0,2.43,0.02,31.63,5.09,270659.0,5048872.99,5.08,32.3,4.13,0.9146,95.55,0.051
2024-11-27,249540.0,4797656.04,1.04,4.77,0.49,4.7,0.0,2394406.04,146635.0,124540.0,2819204.51,,,4140.0,,,,,,0.08,21435.0,,2.72,,35.3,5.26,268726.0,5166526.08,5.14,34.57,1.99,0.9265,96.22,0.0895
2024-11-28,150983.0,2793487.47,0.63,2.83,0.3,2.9,0.0,83999.08,150783.0,4540.0,2789787.07,4148.0,,,,,,,4148.0,,,120000.0,2.9,2.31,35.94,5.32,268726.0,4971968.45,5.0,36.66,16.95,0.6615,79.48,0.0533
2024-11-29,42672.0,776630.4,0.18,0.77,0.08,0.79,0.0,112130.2,40851.0,6161.0,743488.2,,,1621.0,2.31,,120000.0,,,0.03,10068.0,,0.75,,43.54,1.44,52965.0,963963.0,0.98,43.51,12.21,0.7033,82.88,0.015
2024-12-02,109813.0,1915138.72,0.46,1.95,0.22,2.07,0.0,1278386.88,107992.0,73302.0,1883380.48,,0.02,70000.0,0.08,1281.0,4140.0,0.02,,1.35,71281.0,4140.0,1.97,0.08,3.8,3.8,2730216.0,47614967.04,49.11,3.85,4.47,0.8599,92.58,0.0387
2024-12-03,50584.0,909500.32,0.21,0.88,0.1,0.92,0.0,563996.64,48763.0,31368.0,876758.74,4094.0,0.07,,1.17,4094.0,63323.0,0.07,4094.0,,,46028.0,0.85,0.88,23.77,1.73,156416.0,2812359.68,2.73,23.75,13.57,0.6034,75.86,0.018
2024-12-04,52522.0,940669.02,0.22,0.91,0.1,0.97,0.0,601543.17,48482.0,33587.0,868312.62,,,2219.0,0.04,,2500.0,,,0.04,2219.0,,0.87,,23.38,1.72,158916.0,2846185.56,2.86,23.37,13.42,0.6766,81.01,0.0187
2024-12-05,66522.0,1207241.26,0.28,1.15,0.13,1.21,0.0,736572.88,55482.0,40587.0,1006887.34,,,7000.0,,,,,,0.12,7000.0,,0.99,,1.97,1.97,2761796.0,50121073.81,49.79,1.96,21.03,0.466,63.96,0.0236
2024-12-06,67782.0,1240410.6,0.28,1.17,0.13,1.25,0.0,754271.1,56112.0,41217.0,1026849.6,630.0,0.01,,,630.0,,0.01,630.0,,,,1.02,,26.43,2.0,156184.0,2858167.2,2.83,26.43,20.47,0.4739,64.79,0.0242
2024-12-09,68837.0,1280368.2,0.29,1.17,0.14,1.28,0.0,766636.2,57167.0,41217.0,1063306.2,1055.0,,,,,,,1055.0,,,,1.05,,26.79,2.03,156184.0,2905022.4,2.86,26.78,20.09,0.4796,65.37,0.0245
2024-12-10,74997.0,1378894.84,0.31,1.29,0.15,1.42,0.0,826340.38,60894.0,44944.0,1119597.08,2433.0,0.08,,,3727.0,,0.08,2433.0,,1294.0,,1.13,,28.37,2.16,153751.0,2826865.89,2.86,28.4,18.26,0.4898,66.53,0.0267
2024-12-11,86799.0,1554049.3,0.36,1.47,0.17,1.62,0.0,910328.88,66795.0,50845.0,1195897.68,5901.0,0.1,,,5901.0,,0.1,5901.0,,,,1.23,,31.12,2.37,147850.0,2647106.4,2.72,31.14,15.87,0.4744,65.11,0.0308
2024-12-12,89279.0,1589344.76,0.37,1.49,0.18,1.62,0.0,927217.17,68035.0,52085.0,1211159.07,1240.0,0.03,,,1870.0,,0.03,1240.0,,,630.0,1.22,0.02,31.7,2.41,146610.0,2609951.22,2.63,31.69,19.38,0.4441,61.76,0.0316
2024-12-13,94511.0,1658668.05,0.39,1.56,0.19,1.7,0.0,934291.8,74777.0,53236.0,1312336.35,2661.0,0.04,,0.03,2661.0,1510.0,0.04,2661.0,,5591.0,1510.0,1.33,0.03,33.78,2.64,146610.0,2573005.5,2.61,33.71,21.1,0.3743,55.11,0.0334
2024-12-16,88455.0,1551500.7,0.37,1.44,0.17,1.58,0.0,938039.2,69430.0,53480.0,1217802.2,,,3228.0,0.1,,5347.0,,,0.06,,2984.0,1.22,0.06,31.8,2.46,148885.0,2611442.9,2.61,31.76,22.4,0.375,54.54,0.0314
2024-12-17,106061.0,1826582.54,0.44,1.72,0.21,1.89,0.0,1169081.03,83833.0,67883.0,1443771.93,2714.0,0.06,11200.0,,3203.0,,0.06,2714.0,0.2,11689.0,,1.47,,2.97,2.97,2736638.0,47130379.64,47.54,3.0,23.92,0.3013,46.24,0.0376
2024-12-18,113771.0,1944346.39,0.47,1.84,0.22,2.0,0.0,1245502.11,88829.0,72879.0,1518087.61,9514.0,0.08,,0.1,4996.0,5600.0,0.08,9514.0,,1082.0,,1.53,,3.15,3.15,2731642.0,46683761.78,46.99,3.16,27.04,0.2959,44.07,0.0403
2024-12-19,128135.0,2421751.5,0.53,2.05,0.25,2.22,0.0,1482648.3,94397.0,78447.0,1784103.3,8796.0,0.14,,0.06,8796.0,3228.0,0.14,8796.0,,,3228.0,1.61,0.06,9.09,3.35,944397.0,17849103.3,16.14,9.09,28.28,0.2923,40.84,0.0454
2024-12-20,117313.0,2232935.64,0.49,1.8,0.23,2.18,0.0,1382344.25,88575.0,72625.0,1685936.55,,,,0.04,,5822.0,,,,,5822.0,1.67,0.11,8.29,3.14,980185.0,18656841.29,18.53,8.27,31.6,0.3125,43.17,0.0416
2024-12-23,79493.0,1500827.84,0.33,1.21,0.16,1.52,0.0,1313613.76,79459.0,69577.0,1500185.92,,0.05,,0.18,2552.0,9748.0,0.05,,,632.0,5600.0,1.51,0.1,7.46,2.82,985463.0,18605541.44,18.76,7.44,33.34,0.3388,46.08,0.0282
2024-12-24,110219.0,2104080.71,0.46,1.66,0.22,2.1,0.0,1182682.77,79561.0,61953.0,1518819.49,7726.0,,,0.15,,7624.0,,7726.0,,,7624.0,1.5,0.15,7.7,2.87,953696.0,18206056.64,18.0,7.7,37.86,0.3413,42.43,0.0397
2024-12-25,110219.0,2104080.71,0.46,1.75,0.22,2.11,0.0,1182682.77,79561.0,61953.0,1518819.49,,,,,,,,,,,,1.52,,7.47,2.87,985361.0,18810541.49,18.8,7.46,37.87,0.3408,42.35,0.0397
2024-12-26,115897.0,2212473.73,0.48,1.84,0.23,2.22,0.0,1266621.5,79561.0,66350.0,1518819.49,,,5200.0,,,,,,0.1,,803.0,1.52,0.01,7.47,2.87,985361.0,18810541.49,18.81,7.46,36.45,0.3173,40.25,0.0418
2024-12-27,125963.0,2455774.65,0.52,2.0,0.25,2.42,0.0,1313055.6,88200.0,67350.0,1719547.2,2614.0,0.02,,0.03,1000.0,1708.0,0.02,2614.0,,7733.0,,1.69,,8.47,3.17,952921.0,18578147.82,18.19,8.48,35.36,0.2953,37.04,0.0453
2024-12-30,122280.0,2371742.88,0.51,1.94,0.24,2.4,0.0,1479158.36,86143.0,76261.0,1670829.63,2516.0,0.2,,0.09,9400.0,4573.0,0.2,2516.0,,,489.0,1.68,0.01,8.29,3.1,952921.0,18482855.72,18.58,8.28,36.83,0.3124,39.09,0.044
2024-12-31,131915.0,2563108.45,0.55,2.09,0.26,2.58,0.0,1522709.67,95778.0,78369.0,1860966.54,13727.0,,6200.0,0.08,,4092.0,,13727.0,0.12,,4092.0,1.86,0.08,9.19,3.45,946721.0,18394789.03,18.36,9.19,34.25,0.2876,38.27,0.0475
2025-01-01,131915.0,2563108.45,0.55,2.1,0.26,2.58,0.0,1522709.67,95778.0,78369.0,1860966.54,,,,,,,,,,,,1.86,,10.06,3.56,856722.0,16646108.46,16.65,10.06,34.22,0.2876,38.28,0.049
2025-01-02,143994.0,2769580.6,0.6,2.3,0.28,2.81,0.0,1733252.68,99996.0,90114.0,1923323.06,4218.0,0.23,,,11745.0,,0.23,4218.0,,,,1.94,,10.45,3.71,856722.0,16478190.95,16.65,10.44,32.92,0.3035,41.84,0.0535
2025-01-03,146008.0,2939871.08,0.61,2.31,0.29,2.81,0.0,1616417.67,95420.0,80279.0,1921281.7,7531.0,0.01,,0.24,1268.0,12107.0,0.01,7531.0,,,11103.0,1.83,0.23,11.21,3.55,755550.0,15212999.25,14.53,11.18,31.19,0.3169,43.77,0.0543
2025-01-06,97087.0,1956788.49,0.4,1.52,0.19,1.92,0.0,1906400.99,94767.0,94587.0,1910028.89,18939.0,0.41,200.0,0.31,18625.0,19592.0,0.41,18939.0,0.0,,4517.0,1.91,0.09,11.56,3.52,724967.0,14611709.89,14.59,11.57,34.89,0.3101,39.78,0.0361
2025-01-07,100230.0,2060728.8,0.42,1.57,0.2,2.01,0.0,2009328.8,97910.0,97730.0,2013029.6,7500.0,0.15,,0.09,7500.0,4357.0,0.15,7500.0,,,4357.0,1.97,0.09,12.01,3.64,717467.0,14751121.52,14.46,12.0,30.01,0.2782,38.16,0.0373
2025-01-08,105645.0,2368560.9,0.44,1.66,0.21,2.14,0.0,2312510.9,103325.0,103145.0,2316546.5,2388.0,0.06,6000.0,0.05,2388.0,2973.0,0.06,2388.0,0.12,6000.0,2973.0,2.12,0.06,4.13,4.13,2397537.0,53752779.54,50.18,4.04,25.79,0.2554,38.45,0.0422
2025-01-09,152539.0,3432890.2,0.64,2.32,0.3,3.33,0.0,2159894.87,96554.0,95974.0,2172947.77,,,,0.02,,6771.0,,,,,7171.0,2.16,0.13,11.08,3.86,774837.0,17437706.68,17.37,11.04,17.93,0.3173,49.53,0.061
2025-01-10,124294.0,2784807.07,0.52,2.67,0.24,2.76,0.0,1657947.6,78210.0,73999.0,1752295.05,,,,0.41,,18344.0,,,,,21975.0,1.75,0.44,9.48,2.91,746751.0,16730956.16,16.81,9.45,15.55,0.3929,58.23,0.0462
2025-01-13,109944.0,2459447.28,0.46,2.44,0.22,2.44,0.0,1486844.42,70689.0,66466.0,1581312.93,1977.0,,,0.22,,9498.0,,1977.0,,,7533.0,1.58,0.15,8.56,2.63,754955.0,16888343.35,16.91,8.54,18.09,0.4486,62.2,0.0409
2025-01-14,70107.0,1418264.61,0.29,1.58,0.14,1.55,0.0,1367689.61,68187.0,67607.0,1379423.01,,0.09,,0.06,4314.0,2502.0,0.09,,,,3173.0,1.52,0.06,8.26,2.54,757457.0,15323355.11,16.94,8.22,23.12,0.3731,52.42,0.0261
2025-01-15,70789.0,1401622.2,0.29,1.24,0.14,1.44,0.0,1352122.2,68869.0,68289.0,1363606.2,,0.0,,,682.0,,0.0,,,682.0,,1.39,,2.56,2.56,2621772.0,51911085.6,52.75,2.57,24.66,0.3681,51.41,0.0263
2025-01-16,43491.0,861991.62,0.18,0.74,0.09,0.86,0.0,812441.62,41571.0,40991.0,823937.22,,,,0.57,,27298.0,,,,,27298.0,0.83,0.57,56.45,1.53,32069.0,635607.58,0.63,56.54,9.93,0.7242,84.32,0.016
2025-01-17,44481.0,892733.67,0.19,0.74,0.09,0.88,0.0,842558.67,42561.0,41981.0,854199.27,,,990.0,,,,,,0.02,990.0,,0.84,,1.54,1.54,2714547.0,54480958.29,54.17,1.53,9.68,0.6914,82.36,0.0161
2025-01-20,44481.0,910970.88,0.19,0.75,0.09,0.88,0.0,859770.88,38247.0,41981.0,783298.56,,,,0.08,,4314.0,,,,,,0.77,,1.39,1.39,2717891.0,55662407.68,55.07,1.37,9.68,0.691,82.33,0.0161
2025-01-21,65956.0,1371884.8,0.27,1.09,0.13,1.35,0.0,652288.0,37257.0,31360.0,774945.6,,,,0.02,,990.0,,,,,10621.0,0.76,0.19,53.74,1.36,32069.0,667035.2,0.65,53.83,3.79,0.9271,96.21,0.024
2025-01-22,4337.0,89992.75,0.02,0.07,0.01,0.09,0.0,38117.75,2500.0,1837.0,51875.0,,,1837.0,0.71,,34757.0,,,0.04,,31360.0,0.05,0.64,100.0,0.09,0.0,0.0,0.0,100.0,42.35,0.5117,57.65,0.0016
2025-01-23,4337.0,92811.8,0.02,0.07,0.01,0.09,0.0,39311.8,2500.0,1837.0,53500.0,,,,,,,,,,,,0.05,,100.0,0.09,0.0,0.0,0.0,100.0,42.31,0.5118,57.69,0.0016
2025-01-24,4337.0,97430.71,0.02,0.07,0.01,0.09,0.0,41268.21,2500.0,1837.0,56162.5,,,,,,,,,,,,0.05,,100.0,0.09,0.0,0.0,0.0,100.0,43.02,0.5098,56.98,0.0016
2025-01-27,4337.0,95240.52,0.02,0.07,0.01,0.1,0.0,40340.52,2500.0,1837.0,54900.0,,,,,,,,,,,,0.06,,100.0,0.09,0.0,0.0,0.0,100.0,42.41,0.5115,57.59,0.0016
2025-01-28,4337.0,98645.07,0.02,0.07,0.01,0.1,0.0,41782.57,2500.0,1837.0,56862.5,,,,,,,,,,,,0.06,,100.0,0.09,0.0,0.0,0.0,100.0,42.27,0.5119,57.73,0.0016
2025-01-29,4337.0,99317.3,0.02,0.07,0.01,0.1,0.0,42067.3,2500.0,1837.0,57250.0,,,,,,,,,,,,0.06,,100.0,0.09,0.0,0.0,0.0,100.0,42.41,0.5115,57.59,0.0016
2025-01-30,8477.0,191580.2,0.04,0.13,0.02,0.19,0.0,135080.2,6640.0,5977.0,150064.0,,,4140.0,,,,,,0.1,4140.0,,0.15,,100.0,0.24,0.0,0.0,0.0,100.0,29.39,0.373,48.96,0.0031
2025-01-31,8477.0,193996.15,0.04,0.13,0.02,0.19,0.0,136783.64,6640.0,5977.0,151956.4,,,,,,,,,,,,0.15,,100.0,0.24,0.0,0.0,0.0,100.0,29.43,0.373,48.96,0.003
2025-02-03,16977.0,390216.35,0.07,0.27,0.03,0.39,0.0,332753.84,6640.0,14477.0,152620.4,,0.2,,,8500.0,,0.2,,,,,0.15,,0.24,0.24,2769642.0,63660221.37,63.52,0.24,14.76,0.5877,74.45,0.0061
2025-02-04,16977.0,388348.88,0.07,0.27,0.03,0.39,0.0,331161.38,6640.0,14477.0,151890.0,,,,,,,,,,,,0.15,,0.24,0.24,2769692.0,63356704.5,63.48,0.24,14.88,0.5851,74.24,0.0061
2025-02-05,16977.0,390386.12,0.07,0.28,0.03,0.39,0.0,332898.62,6640.0,14477.0,152686.8,,,,,,,,,,,,0.15,,0.24,0.24,2770303.0,63703117.49,63.54,0.24,14.71,0.5876,74.44,0.0061
2025-02-06,15172.0,345011.28,0.06,0.26,0.03,0.35,0.0,193290.0,6672.0,8500.0,151721.28,,,,0.1,,4140.0,,,,4172.0,5977.0,0.15,0.13,0.95,0.24,693926.0,15779877.24,15.96,0.95,27.49,0.4173,56.1,0.0055
2025-02-07,20981.0,464309.53,0.09,0.36,0.04,0.48,0.0,280431.36,16863.0,12672.0,373178.19,,,4172.0,,,,,,0.09,10191.0,,0.38,,2.37,0.61,693926.0,15356582.38,15.78,2.38,27.42,0.4177,56.18,0.0076
2025-02-10,29603.0,660146.9,0.12,0.5,0.06,0.66,0.0,474856.2,16863.0,21294.0,376044.9,,0.09,4382.0,,4240.0,,0.09,,0.1,,,0.37,,2.37,0.62,693926.0,15474549.8,15.36,2.37,35.22,0.4308,54.4,0.0109
2025-02-11,25431.0,560753.55,0.11,0.43,0.05,0.57,0.0,377540.1,12691.0,17122.0,279836.55,,,,0.09,,4172.0,,,,,4172.0,0.28,0.09,100.0,0.47,0.0,0.0,0.0,100.0,42.48,0.3983,44.95,0.0093
2025-02-12,25431.0,559482.0,0.11,0.43,0.05,0.57,0.0,376684.0,12691.0,17122.0,279202.0,,,,,,,,,,,,0.28,,100.0,0.47,0.0,0.0,0.0,100.0,42.55,0.3987,44.94,0.0094
2025-02-13,25431.0,548292.36,0.11,0.42,0.05,0.56,0.0,369150.32,12691.0,17122.0,273617.96,,,,,,,,,,,,0.28,,100.0,0.47,0.0,0.0,0.0,100.0,42.45,0.3981,44.94,0.0094
2025-02-14,25431.0,556557.44,0.11,0.42,0.05,0.56,0.0,374714.97,12691.0,17122.0,277742.53,,,,,,,,,,,,0.27,,100.0,0.47,0.0,0.0,0.0,100.0,42.49,0.3981,44.91,0.0094
2025-02-17,23862.0,538088.1,0.1,0.4,0.05,0.53,0.0,386101.1,11122.0,17122.0,250801.1,,,,0.03,,1569.0,,,,,,0.24,,100.0,0.41,0.0,0.0,0.0,100.0,42.79,0.3976,44.55,0.0088
2025-02-18,22920.0,538620.0,0.1,0.36,0.05,0.52,0.0,380230.0,10180.0,16180.0,239230.0,,,,0.02,,942.0,,,,,942.0,0.23,0.02,100.0,0.38,0.0,0.0,0.0,100.0,41.98,0.3946,44.83,0.0085
2025-02-19,22920.0,545610.6,0.1,0.35,0.05,0.55,0.0,385164.9,10180.0,16180.0,242334.9,,,,,,,,,,,,0.24,,100.0,0.38,0.0,0.0,0.0,100.0,41.98,0.3945,44.81,0.0085
2025-02-20,11525.0,274006.88,0.05,0.18,0.02,0.27,0.0,214569.38,5940.0,9025.0,141223.5,,,,0.1,,4240.0,,,,,7155.0,0.14,0.17,0.22,0.22,2657812.0,63189480.3,63.2,0.22,21.82,0.5879,73.34,0.0043
2025-02-21,11725.0,280168.88,0.05,0.18,0.02,0.28,0.0,218041.88,6040.0,9125.0,144325.8,,,100.0,,,,,,0.0,100.0,,0.14,,0.23,0.23,2658246.0,63518788.17,63.38,0.23,21.21,0.5713,72.37,0.0044
2025-02-24,15184.0,373526.4,0.06,0.23,0.03,0.36,0.0,211560.0,6584.0,8600.0,161966.4,,,,0.05,,1956.0,,,,2500.0,525.0,0.16,0.01,20.51,0.25,25516.0,627693.6,0.61,20.49,26.24,0.4094,55.98,0.0057
2025-02-25,12896.0,320788.0,0.05,0.19,0.03,0.32,0.0,256113.0,4296.0,10296.0,106863.0,,,1696.0,0.05,,2288.0,,,0.04,,,0.11,,100.0,0.16,0.0,0.0,0.0,100.0,19.22,0.4852,65.52,0.0048
2025-02-26,26886.0,656959.41,0.11,0.48,0.05,0.67,0.0,244789.83,18286.0,10018.0,446818.41,14268.0,,,0.01,,278.0,,14268.0,,,278.0,0.45,0.01,32.6,0.69,37812.0,923936.22,0.94,32.62,31.62,0.3917,52.92,0.0101
2025-02-27,18689.0,465449.55,0.08,0.35,0.04,0.46,0.0,223024.28,11152.0,8955.0,277740.56,,,,0.18,,7134.0,,,,,1063.0,0.27,0.03,19.88,0.41,44946.0,1119380.13,1.09,19.98,38.01,0.3706,45.59,0.0068
2025-02-28,18689.0,485540.22,0.08,0.36,0.04,0.47,0.0,232650.9,11152.0,8955.0,289728.96,,,,,,,,,,,,0.28,,19.88,0.41,44946.0,1167697.08,1.12,19.96,38.16,0.3702,45.4,0.0068
2025-03-03,19489.0,606497.68,0.08,0.34,0.04,0.51,0.0,291127.6,10489.0,9355.0,326417.68,400.0,0.01,,0.03,400.0,1063.0,0.01,400.0,,,,0.27,,18.92,0.38,44946.0,1398719.52,1.17,18.93,36.57,0.34,43.16,0.0071
2025-03-04,19134.0,601381.62,0.07,0.28,0.04,0.59,0.0,282870.0,10134.0,9000.0,318511.62,,,,0.01,,355.0,,,,,355.0,0.32,0.01,18.4,0.36,44946.0,1412652.78,1.41,18.29,37.52,0.3549,44.05,0.0068
2025-03-05,20200.0,672862.0,0.07,0.25,0.04,0.63,0.0,335298.46,10134.0,10066.0,337563.54,,,1066.0,,,,,,0.03,,,0.31,,0.35,0.35,2865227.0,95440711.37,92.85,0.34,35.19,0.3209,41.99,0.007
2025-03-06,20400.0,712776.0,0.07,0.24,0.04,0.67,0.0,355200.04,10234.0,10166.0,357575.96,100.0,0.0,,,100.0,,0.0,100.0,,,,0.34,,9.55,0.35,96946.0,3387293.24,3.32,9.22,34.83,0.3185,41.98,0.0071
2025-03-07,34374.0,1122654.84,0.12,0.4,0.07,1.19,0.0,555415.96,24568.0,17006.0,802390.88,7134.0,,7200.0,,,,,7134.0,0.25,7200.0,360.0,0.84,0.01,0.85,0.85,2865710.0,93594088.6,96.73,0.86,24.79,0.2857,41.59,0.0119
2025-03-10,27240.0,872769.6,0.1,0.3,0.05,0.89,0.0,544872.24,17434.0,17006.0,558585.36,,,,0.27,,7134.0,,,,,,0.56,,0.61,0.61,2850257.0,91322234.28,92.16,0.61,26.52,0.2477,31.34,0.0095
2025-03-11,20040.0,628454.4,0.07,0.21,0.04,0.64,0.0,307516.16,10234.0,9806.0,320938.24,,,,0.23,,7200.0,,,,,7200.0,0.33,0.24,0.35,0.35,2884324.0,90452400.64,91.34,0.36,35.71,0.3274,42.36,0.0069
2025-03-12,20040.0,640278.0,0.07,0.21,0.04,0.63,0.0,313301.7,10234.0,9806.0,326976.3,,,,,,,,,,,,0.32,,0.35,0.35,2920219.0,93300997.05,92.52,0.35,35.59,0.327,42.42,0.0068
2025-03-13,25066.0,783312.5,0.09,0.26,0.05,0.8,0.0,384968.75,12747.0,12319.0,398343.75,2513.0,,2513.0,,,,,2513.0,0.08,,,0.41,,0.44,0.44,2867351.0,89604718.75,90.54,0.45,28.59,0.25,33.98,0.0087
2025-03-14,34202.0,1101304.4,0.12,0.34,0.07,1.07,0.0,396671.8,21883.0,12319.0,704632.6,9136.0,,,,,,,9136.0,,,,0.68,,0.76,0.76,2858606.0,92047113.2,90.82,0.75,24.81,0.3165,47.58,0.0119
2025-03-17,34202.0,1165091.13,0.12,0.32,0.07,1.1,0.0,419646.74,21883.0,12319.0,745444.4,,,,,,,,,,,,0.7,,0.76,0.76,2865711.0,97620445.22,95.18,0.73,24.82,0.3158,47.49,0.0118
2025-03-18,34202.0,1142346.8,0.12,0.31,0.07,1.16,0.0,411454.6,21883.0,12319.0,730892.2,,,,,,,,,,,,0.75,,0.76,0.76,2864283.0,95667052.2,96.51,0.77,24.83,0.3178,47.7,0.0119
2025-03-19,29176.0,995047.48,0.11,0.23,0.06,0.98,0.0,334433.63,19370.0,9806.0,660613.85,,,,0.1,,2513.0,,,,,2513.0,0.65,0.09,0.66,0.66,2904299.0,99051117.4,98.11,0.66,29.19,0.4058,55.77,0.01
2025-03-20,29551.0,954792.81,0.11,0.22,0.06,1.01,0.0,328948.11,19370.0,10181.0,625844.7,,0.02,,,475.0,,0.02,,,,100.0,0.67,0.0,0.58,0.58,3312888.0,107039411.28,109.97,0.6,28.75,0.3987,55.32,0.0089
2025-03-21,29451.0,971883.0,0.11,0.21,0.06,0.96,0.0,335973.0,19270.0,10181.0,635910.0,,,,0.0,,100.0,,,,,,0.63,,0.57,0.57,3386044.0,111739452.0,110.59,0.57,28.73,0.3988,55.34,0.0086
2025-03-24,30379.0,1010253.65,0.11,0.21,0.06,1.0,0.0,369429.8,19270.0,11109.0,640823.85,,0.03,,,928.0,,0.03,,,,,0.64,,0.56,0.56,3403490.0,113183059.95,112.76,0.56,27.98,0.3786,53.65,0.0089
2025-03-25,29979.0,1028579.49,0.11,0.21,0.06,1.0,0.0,367425.79,19270.0,10709.0,661153.7,,,,,,,,,,,400.0,0.65,0.01,0.56,0.56,3402175.0,116728624.25,114.93,0.56,28.29,0.3889,54.48,0.0088
2025-03-26,29470.0,1008021.35,0.11,0.2,0.06,1.01,0.0,362573.0,18870.0,10600.0,645448.35,,,,0.01,,400.0,,,,,109.0,0.65,0.0,0.52,0.52,3623844.0,123953584.02,124.24,0.52,28.93,0.4025,55.44,0.0081
2025-03-27,29470.0,1000948.55,0.11,0.19,0.06,1.0,0.0,360029.0,18870.0,10600.0,640919.55,,,,,,,,,,,,0.64,,0.52,0.52,3622014.0,123021705.51,123.45,0.52,28.9,0.402,55.41,0.0081
2025-03-28,29470.0,978404.0,0.11,0.19,0.06,1.0,0.0,351920.0,18870.0,10600.0,626484.0,,,,,,,,,,,,0.64,,0.52,0.52,3620293.0,120193727.6,121.61,0.52,28.87,0.4019,55.41,0.0081
2025-03-31,29370.0,993587.1,0.11,0.19,0.06,0.97,0.0,355215.0,18870.0,10500.0,638372.1,,,,,,,,,,,100.0,0.62,0.0,0.51,0.51,3699665.0,125159666.95,123.93,0.5,29.08,0.4023,55.35,0.0079
2025-04-01,29170.0,1003739.7,0.11,0.18,0.06,0.98,0.0,354423.0,18870.0,10300.0,649316.7,,,,,,,,,,,200.0,0.64,0.01,0.53,0.53,3531782.0,121528618.62,119.68,0.53,29.3,0.4077,55.79,0.0082
2025-04-02,28170.0,945666.9,0.1,0.18,0.06,0.97,0.0,312201.0,18870.0,9300.0,633465.9,,,,,,,,,,,1000.0,0.65,0.03,0.53,0.53,3535657.0,118692005.49,119.98,0.54,30.08,0.435,57.97,0.0079
2025-04-03,75353.0,2485141.94,0.27,0.47,0.15,2.5,0.0,306714.0,66053.0,9300.0,2178427.94,12205.0,,,,,,,12205.0,,34978.0,,2.19,,54.73,1.85,54636.0,1801895.28,1.83,54.52,21.95,0.4488,62.17,0.0211
2025-04-04,76032.0,2433024.0,0.28,0.48,0.15,2.55,0.0,1807456.0,66053.0,56483.0,2113696.0,,,47183.0,,,,,,1.61,,,2.16,,54.73,1.85,54636.0,1748352.0,1.83,54.15,20.87,0.4618,63.62,0.0213
2025-04-07,59453.0,1819261.8,0.22,0.35,0.12,1.9,0.0,1221062.4,49474.0,39904.0,1513904.4,,,10000.0,0.88,,26579.0,,,0.32,10000.0,26579.0,1.56,0.94,1.39,1.39,3507131.0,107318208.6,110.19,1.39,27.31,0.2522,35.51,0.0167
2025-04-08,106376.0,3334887.6,0.39,0.62,0.21,3.3,0.0,2722026.45,96397.0,86827.0,3022045.95,23621.0,,54643.0,0.24,,7720.0,,23621.0,1.71,31022.0,7720.0,2.95,0.27,80.33,2.72,23605.0,740016.75,0.73,80.07,15.03,0.3242,52.03,0.03
2025-04-09,111729.0,3385388.7,0.41,0.64,0.22,3.47,0.0,2793054.0,101750.0,92180.0,3083025.0,,0.12,,,5353.0,,0.12,,,5353.0,,3.18,,39.83,2.82,153732.0,4658079.6,4.68,40.46,14.88,0.3333,53.1,0.031
2025-04-10,53222.0,1623271.0,0.19,0.3,0.1,1.64,0.0,1047736.0,43922.0,34352.0,1339621.0,,,,2.08,,65354.0,,,,7526.0,57828.0,1.33,1.77,1.21,1.21,3582815.0,109275857.5,108.61,1.21,28.65,0.2364,29.97,0.0147
2025-04-11,45696.0,1391443.2,0.17,0.25,0.09,1.4,0.0,816851.7,36396.0,26826.0,1108258.2,,,,0.23,,7526.0,,,,,7526.0,1.1,0.24,1.0,1.0,3595248.0,109475301.6,109.29,1.0,22.82,0.2387,35.14,0.0126
2025-04-14,45696.0,1471411.2,0.17,0.26,0.09,1.44,0.0,863797.2,36396.0,26826.0,1171951.2,,,,,,,,,,,,1.11,,0.94,0.94,3847484.0,123888984.8,120.46,0.91,23.64,0.237,34.29,0.0118
2025-04-15,45696.0,1533100.8,0.17,0.28,0.09,1.53,0.0,900012.3,36396.0,26826.0,1221085.8,,,,,,,,,,,,1.19,,0.93,0.93,3897090.0,130747369.5,127.85,0.92,23.21,0.2388,34.93,0.0116
2025-04-16,45696.0,1555948.8,0.17,0.29,0.09,1.56,0.0,913425.3,36396.0,26826.0,1239283.8,,,,,,,,,,,,1.22,,0.93,0.93,3891786.0,132515313.3,131.18,0.92,22.92,0.2395,35.21,0.0116
2025-04-17,130591.0,4387857.6,0.47,0.85,0.26,4.45,0.0,901353.6,121291.0,26826.0,4075377.6,28284.0,,,,,,,28284.0,,56611.0,,4.12,,3.09,3.09,3805926.0,127879113.6,129.21,3.09,8.04,0.6074,77.0,0.0333
2025-04-18,130591.0,4387857.6,0.47,0.87,0.26,4.39,0.0,901353.6,121291.0,26826.0,4075377.6,,,,,,,,,,,,4.06,,3.09,3.09,3803935.0,127812216.0,127.78,3.08,8.14,0.6053,76.85,0.0333
2025-04-21,130591.0,4387857.6,0.47,0.87,0.26,4.37,0.0,901353.6,121291.0,26826.0,4075377.6,,,,,,,,,,,,4.04,,3.12,3.12,3762506.0,126420201.6,126.03,3.11,8.15,0.605,76.83,0.0336
2025-04-22,131082.0,4502666.7,0.48,0.87,0.26,4.44,0.0,662955.0,121782.0,19300.0,4183211.7,,,,0.24,,7526.0,,,,8017.0,7526.0,4.1,0.25,3.12,3.12,3785903.0,130045768.05,128.19,3.1,8.29,0.6931,82.56,0.0335
2025-04-23,131255.0,4462670.0,0.48,0.88,0.26,4.55,0.0,662082.0,121955.0,19473.0,4146470.0,173.0,,173.0,,,,,173.0,0.01,,,4.22,,3.1,3.1,3813318.0,129652812.0,130.43,3.13,7.9,0.6972,82.84,0.0334
2025-04-24,72265.0,2522048.5,0.26,0.49,0.14,2.51,0.0,2168651.1,55439.0,62139.0,1934821.1,11556.0,0.4,31110.0,3.52,11556.0,101656.0,0.4,11556.0,1.07,23584.0,,1.91,,1.4,1.4,3901550.0,136164095.0,133.91,1.4,16.33,0.343,52.96,0.0183
2025-04-25,95045.0,3302813.75,0.35,0.66,0.19,3.33,0.0,2950935.25,78219.0,84919.0,2718110.25,22780.0,0.79,,,22780.0,,0.79,22780.0,,,,2.73,,1.98,1.98,3877906.0,134757233.5,135.12,1.98,36.04,0.3151,40.55,0.024
2025-04-28,97932.0,3285618.6,0.36,0.68,0.19,3.37,0.0,2945891.3,81106.0,87806.0,2721106.3,,0.1,,,2887.0,,0.1,,,2887.0,,2.8,,2.02,2.02,3925460.0,131699183.0,134.36,2.04,34.34,0.3218,42.95,0.0244
2025-04-29,169823.0,5672088.2,0.62,1.18,0.33,5.74,0.0,4388726.6,127517.0,131399.0,4259067.8,28298.0,1.44,,,43593.0,,1.44,28298.0,,18113.0,,4.28,,3.15,3.15,3914647.0,130749209.8,131.05,3.17,34.66,0.3408,45.83,0.042
2025-04-30,220054.0,7558854.9,0.69,1.55,0.43,7.45,0.0,6238990.5,177748.0,181630.0,6105643.8,37364.0,1.5,4568.0,,45663.0,,1.5,37364.0,0.15,12867.0,,5.95,,4.37,4.37,3888484.0,133569425.4,130.46,4.36,27.53,0.3889,55.35,0.0541
2025-05-01,220054.0,7558854.9,0.69,1.57,0.43,7.57,0.0,6238990.5,177748.0,181630.0,6105643.8,,,,,,,,,,,,6.12,,4.35,4.35,3905842.0,134165672.7,133.32,4.39,26.97,0.3918,55.89,0.0539
2025-05-02,236225.0,8527722.5,0.74,1.68,0.47,8.26,0.0,7140616.1,189019.0,197801.0,6823585.9,11271.0,0.67,,,16171.0,,0.67,11271.0,,,,6.53,,4.63,4.63,3891635.0,140488023.5,136.33,4.57,28.28,0.3968,55.76,0.0579
2025-05-05,236225.0,8574967.5,0.74,1.88,0.47,8.37,0.0,7180176.3,184098.0,197801.0,6682757.4,,,,0.08,,4921.0,,,,,,6.66,,4.51,4.51,3896736.0,141451516.8,140.6,4.52,28.08,0.3939,55.58,0.0579
2025-05-06,237711.0,8510053.8,0.74,1.96,0.47,8.39,0.0,5328149.8,168370.0,148831.0,6027646.0,36554.0,,,1.87,,52282.0,,36554.0,,,48970.0,6.09,1.82,4.12,4.12,3915016.0,140157572.8,140.65,4.15,26.45,0.3906,55.58,0.0582
2025-05-07,214805.0,7700759.25,0.67,1.86,0.42,7.54,0.0,5335591.35,103683.0,148831.0,3717035.55,,,,2.43,,66687.0,,,,2000.0,,3.72,,2.54,2.54,3980283.0,142693145.55,142.31,2.55,30.15,0.3536,49.79,0.0526
2025-05-08,240015.0,8784549.0,0.81,2.13,0.47,8.53,0.0,6369900.6,118146.0,174041.0,4324143.6,25210.0,0.94,,0.38,25210.0,10747.0,0.94,25210.0,,,,4.27,,2.92,2.92,3928415.0,143779989.0,141.97,2.92,26.97,0.3135,44.18,0.0593
2025-05-09,135910.0,4743259.0,0.46,1.22,0.27,4.88,0.0,2440766.4,113610.0,69936.0,3964989.0,,,,0.16,,4536.0,,,,,104105.0,4.16,3.58,2.81,2.81,3934717.0,137321623.3,140.78,2.87,34.73,0.3522,47.35,0.0336
2025-05-12,142007.0,4828238.0,0.48,1.29,0.28,4.95,0.0,2585122.0,119707.0,76033.0,4070038.0,,0.35,,0.2,11430.0,5333.0,0.35,,,11430.0,5333.0,4.21,0.19,2.99,2.99,3886640.0,132145760.0,134.68,3.03,35.53,0.3434,45.21,0.0354
2025-05-13,145705.0,4924829.0,0.49,1.32,0.29,4.93,0.0,2694907.8,123405.0,79731.0,4171089.0,2730.0,0.07,968.0,,2730.0,,0.07,2730.0,0.04,968.0,,4.18,,3.1,3.1,3860495.0,130484731.0,130.75,3.1,35.45,0.3294,43.4,0.0366
2025-05-14,145936.0,4961824.0,0.49,1.32,0.29,4.95,0.0,2692494.0,122865.0,79191.0,4177410.0,3590.0,0.08,,0.17,2361.0,4901.0,0.08,3590.0,,771.0,2901.0,4.15,0.09,3.08,3.08,3867183.0,131484222.0,131.0,3.07,33.53,0.3151,43.21,0.0366
2025-05-15,120230.0,4418452.5,0.41,1.12,0.24,4.23,0.0,1965573.75,97159.0,53485.0,3570593.25,,,,0.87,,25706.0,,,,,25706.0,3.32,0.77,2.44,2.44,3889711.0,142946879.25,136.69,2.37,33.47,0.383,51.47,0.0302
2025-05-16,118475.0,4596830.0,0.4,1.12,0.23,4.46,0.0,2075218.0,95404.0,53485.0,3701675.2,,,,0.05,,1755.0,,,,,,3.53,,2.41,2.41,3864602.0,149946557.6,145.36,2.37,33.5,0.3869,51.8,0.0299
2025-05-19,110005.0,4257193.5,0.37,1.01,0.22,4.24,0.0,1742080.5,95404.0,45015.0,3692134.8,,,,,,,,,,,8470.0,3.68,0.33,2.39,2.39,3900918.0,150965526.6,150.94,2.38,27.71,0.4047,56.6,0.0275
2025-05-20,110005.0,4158189.0,0.37,0.99,0.22,4.21,0.0,1701567.0,95404.0,45015.0,3606271.2,,,,,,,,,,,,3.68,,2.39,2.39,3897904.0,147340771.2,149.3,2.4,27.24,0.4068,57.0,0.0275
2025-05-21,121534.0,4782362.9,0.41,1.09,0.24,4.66,0.0,2225006.4,106503.0,56544.0,4190893.05,4881.0,0.5,,,11529.0,,0.5,4881.0,,6218.0,,4.01,,2.64,2.64,3927799.0,154558890.65,150.82,2.59,35.04,0.3843,50.55,0.0301
2025-05-22,88726.0,3593403.0,0.3,0.81,0.17,3.53,0.0,961308.0,74796.0,23736.0,3029238.0,,,,1.18,,31707.0,,,,,32808.0,2.96,1.28,1.85,1.85,3959065.0,160342132.5,157.78,1.84,11.22,0.5152,70.08,0.022
2025-05-23,93726.0,3744353.7,0.32,0.88,0.18,3.77,0.0,1148003.2,79796.0,28736.0,3187850.2,,,5000.0,,,,,,0.2,5000.0,,3.21,,1.97,1.97,3962803.0,158313979.85,159.36,1.97,10.36,0.4659,66.48,0.0232
2025-05-26,149837.0,6300645.85,0.5,1.38,0.3,6.02,0.0,1141068.8,135907.0,27136.0,5714889.35,55291.0,,,0.07,,1600.0,,55291.0,,2420.0,1600.0,5.44,0.07,3.36,3.36,3903693.0,164150290.65,159.11,3.31,38.46,0.3292,41.44,0.0371
2025-05-27,151015.0,6425686.1,0.51,1.39,0.3,6.37,0.0,937844.24,137204.0,22041.0,5838028.24,500.0,,,0.02,,595.0,,500.0,,1392.0,5095.0,5.78,0.21,3.38,3.38,3924172.0,166973462.68,166.11,3.36,38.07,0.3257,41.42,0.0372
2025-05-28,145915.0,6223274.75,0.49,1.36,0.29,6.24,0.0,726798.65,132104.0,17041.0,5634235.6,,,,0.22,,5100.0,,,,,5000.0,5.65,0.21,3.24,3.24,3946881.0,168334474.65,168.46,3.24,39.5,0.3479,42.81,0.0358
2025-05-29,255915.0,11145098.25,0.86,2.32,0.5,10.89,0.0,5532635.55,242104.0,127041.0,10543629.2,,,110000.0,,,,,,4.69,110000.0,,10.27,,5.93,5.93,3843026.0,167363782.3,165.17,5.85,24.35,0.2982,43.08,0.0626
2025-05-30,210013.0,9104063.55,0.71,1.91,0.41,9.14,0.0,5507227.35,196202.0,127041.0,8505356.7,,,,1.93,,45902.0,,,,,,8.55,,4.8,4.8,3891479.0,168695614.65,169.18,4.81,27.42,0.3605,52.44,0.0514
2025-06-02,270013.0,11921073.95,0.91,2.3,0.53,11.64,0.0,4505110.15,171202.0,102041.0,7558568.3,,,,1.12,,25000.0,,,,,25000.0,7.36,1.11,4.12,4.12,3983661.0,175878633.15,173.72,4.06,21.26,0.4492,63.07,0.065
2025-06-03,146367.0,6601151.7,0.49,1.23,0.29,6.49,0.0,5054853.1,128516.0,112081.0,5796071.6,,0.33,3000.0,2.19,7040.0,51406.0,0.33,,0.14,8720.0,,5.7,,3.0,3.0,4161226.0,187671292.6,185.41,2.98,11.27,0.3608,57.8,0.0341
2025-06-04,146367.0,6557241.6,0.49,1.23,0.29,6.6,0.0,5021228.8,128516.0,112081.0,5757516.8,,,,,,,,,,,,5.78,,2.96,2.96,4207122.0,188479065.6,189.16,2.96,11.23,0.3633,58.05,0.0338
2025-06-05,61367.0,2776856.75,0.21,0.48,0.12,2.76,0.0,1225415.25,43516.0,27081.0,1969099.0,,,,3.82,,85000.0,,,,,85000.0,1.95,3.83,0.97,0.97,4439172.0,200872533.0,199.61,0.97,15.89,0.1497,26.69,0.0137
2025-06-06,61822.0,2775807.8,0.21,0.48,0.12,2.81,0.0,1236366.4,43516.0,27536.0,1953868.4,,0.02,,,455.0,,0.02,,,,,1.97,,0.87,0.87,4986401.0,223889404.9,225.24,0.87,15.65,0.1486,26.7,0.0123
2025-06-09,57402.0,2534298.3,0.19,0.44,0.11,2.58,0.0,1140659.4,40796.0,25836.0,1801143.4,,0.06,,0.12,1300.0,2720.0,0.06,,,,3000.0,1.83,0.14,0.81,0.81,4998104.0,220666291.6,223.75,0.81,16.84,0.167,28.64,0.0114
2025-06-10,59636.0,2483839.4,0.2,0.46,0.12,2.63,0.0,1190606.9,40280.0,28586.0,1677662.0,,0.12,,0.12,2750.0,2500.0,0.12,,,1984.0,,1.78,,0.8,0.8,4987241.0,207718587.65,215.56,0.82,16.32,0.169,27.64,0.0119
2025-06-11,48755.0,2062336.5,0.15,0.37,0.1,2.04,0.0,955387.8,34280.0,22586.0,1450044.0,,,,0.26,,6000.0,,,,,6000.0,1.42,0.26,0.67,0.67,5046095.0,213449818.5,211.18,0.67,17.57,0.2029,33.39,0.0096
2025-06-12,59306.0,2517539.7,0.19,0.45,0.12,2.53,0.0,1383105.9,44831.0,32582.0,1903075.95,7755.0,,14877.0,0.26,,6428.0,,7755.0,0.65,9224.0,4881.0,1.88,0.21,0.89,0.89,4976042.0,211232982.9,210.36,0.89,25.74,0.1974,27.27,0.0118
2025-06-13,80655.0,3439935.75,0.25,0.61,0.16,3.47,0.0,1855658.85,55253.0,43509.0,2356540.45,,0.47,,,10927.0,,0.47,,,10422.0,,2.35,,1.11,1.11,4900810.0,209019546.5,208.58,1.12,20.21,0.2709,44.52,0.0163
2025-06-16,43007.0,1827797.5,0.13,0.33,0.08,1.85,0.0,773925.0,28027.0,18210.0,1191147.5,,,,1.16,,27226.0,,,,,25299.0,1.19,1.1,0.57,0.57,4890250.0,207835625.0,208.21,0.57,19.61,0.2408,38.02,0.0087
2025-06-17,246387.0,10311295.95,0.77,1.85,0.49,10.49,0.0,9963564.3,17891.0,238078.0,748738.35,,,220048.0,0.7,,16488.0,,,9.35,6352.0,180.0,0.77,0.01,0.37,0.37,4840779.0,202586601.15,204.92,0.37,3.47,0.7535,86.6,0.0507
2025-06-18,258257.0,11001748.2,0.81,1.92,0.51,10.84,0.0,10517854.8,27664.0,246898.0,1178486.4,6723.0,0.42,,,9773.0,,0.42,6723.0,,3050.0,953.0,1.16,0.04,0.58,0.58,4780750.0,203659950.0,201.64,0.57,7.53,0.689,82.51,0.0537
2025-06-19,258257.0,11260005.2,0.81,1.9,0.51,11.03,0.0,10764752.8,27664.0,246898.0,1206150.4,,,,,,,,,,,,1.18,,0.58,0.58,4776179.0,208241404.4,205.36,0.57,7.54,0.6895,82.55,0.0538
2025-06-20,241922.0,10838105.6,0.76,1.78,0.48,10.57,0.0,10454886.4,22879.0,233368.0,1024979.2,,,,0.28,,6830.0,,,,2045.0,13530.0,0.99,0.57,0.47,0.47,4799145.0,215001696.0,211.32,0.47,4.74,0.7943,88.93,0.0502
2025-06-23,240761.0,10376799.1,0.75,1.78,0.47,10.76,0.0,10058160.8,21718.0,233368.0,936045.8,,,,0.05,,1161.0,,,,,,0.97,,0.45,0.45,4819499.0,207720406.9,212.43,0.45,4.47,0.8078,89.71,0.0497
2025-06-24,271591.0,11447560.65,0.85,1.97,0.53,11.67,0.0,11135945.7,52548.0,264198.0,2214898.2,,1.29,,,30830.0,,1.29,,,30830.0,,2.26,,1.08,1.08,4792907.0,202021030.05,204.48,1.09,15.25,0.6563,79.51,0.0561
2025-06-25,252229.0,10669286.7,0.79,1.81,0.5,10.65,0.0,10356562.8,30986.0,244836.0,1310707.8,,0.09,,0.94,2200.0,21562.0,0.09,,,,21562.0,1.3,0.91,0.64,0.64,4803385.0,203183185.5,202.57,0.64,8.14,0.7353,85.28,0.0522
2025-06-26,239889.0,9943399.05,0.75,1.71,0.47,10.15,0.0,9636959.2,30986.0,232496.0,1284369.7,,0.05,,,1300.0,,0.05,,,,13640.0,1.31,0.58,0.64,0.64,4797642.0,198862260.9,201.04,0.65,3.86,0.8089,89.79,0.0497
2025-06-27,239889.0,9703510.05,0.75,1.69,0.47,9.96,0.0,9404463.2,17346.0,232496.0,701645.7,,,,0.58,,13640.0,,,,,,0.72,,0.36,0.36,4815666.0,194793689.7,197.75,0.36,3.93,0.8076,89.71,0.0496
2025-06-30,239889.0,9679521.15,0.75,1.73,0.47,9.74,0.0,9109940.55,17346.0,225773.0,699911.1,,,,,,,,,,,6723.0,0.71,0.27,0.36,0.36,4822523.0,194588803.05,194.75,0.36,4.02,0.8042,89.52,0.0496
2025-07-01,228251.0,8970264.3,0.71,1.66,0.45,9.24,0.0,8893511.4,5183.0,226298.0,203691.9,,0.02,,0.5,525.0,12163.0,0.02,,,,,0.21,,0.11,0.11,4629624.0,181944223.2,185.17,0.11,4.43,0.8728,93.31,0.0492
2025-07-02,227290.0,8739300.5,0.71,1.65,0.45,8.94,0.0,8701158.1,4222.0,226298.0,162335.9,,,,0.04,,961.0,,,,,,0.17,,0.09,0.09,4628025.0,177947561.25,180.37,0.09,4.23,0.8839,93.91,0.0491
2025-07-03,226298.0,8701158.1,0.71,1.69,0.45,8.72,0.0,8701158.1,3230.0,226298.0,124193.5,,,,0.04,,992.0,,,,,,0.12,,0.07,0.07,4646926.0,178674304.7,178.69,0.07,4.34,0.8899,94.23,0.0487
2025-07-04,225576.0,8662118.4,0.71,1.71,0.44,8.69,0.0,8662118.4,3230.0,225576.0,124032.0,,,,,,,,,,,722.0,0.12,0.03,0.07,0.07,4662078.0,179023795.2,179.08,0.07,4.02,0.8957,94.55,0.0484
2025-07-07,225576.0,8741070.0,0.71,1.77,0.44,8.68,0.0,8741070.0,3230.0,225576.0,125162.5,,,,,,,,,,,,0.12,,0.07,0.07,4680533.0,181370653.75,180.53,0.07,4.02,0.8954,94.53,0.0482
2025-07-08,225576.0,8797464.0,0.71,1.79,0.44,8.76,0.0,8797464.0,3230.0,225576.0,125970.0,,,,,,,,,,,,0.13,,0.07,0.07,4664638.0,181920882.0,181.21,0.07,3.99,0.8961,94.57,0.0483
2025-07-09,225576.0,8876415.6,0.71,1.81,0.44,8.81,0.0,8876415.6,3230.0,225576.0,127100.5,,,,,,,,,,,,0.13,,0.07,0.07,4668420.0,183702327.0,182.17,0.07,3.96,0.8966,94.6,0.0483
2025-07-10,225576.0,8853858.0,0.71,1.84,0.44,8.89,0.0,8853858.0,3230.0,225576.0,126777.5,,,,,,,,,,,,0.13,,0.07,0.07,4655210.0,182716992.5,183.08,0.07,3.93,0.8972,94.63,0.0484
2025-07-11,222796.0,9134636.0,0.7,1.82,0.44,8.76,0.0,9134636.0,500.0,222796.0,20500.0,,,,0.11,,2730.0,,,,,2780.0,0.02,0.11,0.01,0.01,4654106.0,190818346.0,185.51,0.01,3.96,0.9192,95.79,0.0479
2025-07-14,222796.0,9379711.6,0.7,1.97,0.44,9.13,0.0,9379711.6,500.0,222796.0,21050.0,,,,,,,,,,,,0.02,,0.01,0.01,4685657.0,197266159.7,194.02,0.01,3.8,0.9222,95.96,0.0475
2025-07-15,222786.0,9056250.9,0.7,2.0,0.44,9.36,0.0,9056250.9,500.0,222786.0,20325.0,,,,,,,,,,,10.0,0.02,0.0,0.01,0.01,4687758.0,190557362.7,195.27,0.01,3.7,0.9243,96.07,0.0475
2025-07-16,228818.0,8969665.6,0.72,2.05,0.45,9.32,0.0,8969665.6,4065.0,228818.0,159348.0,,,6032.0,,,,,,0.27,3565.0,,0.16,,0.09,0.09,4737744.0,185719564.8,190.09,0.09,3.72,0.8706,93.21,0.0483
2025-07-17,240479.0,9751423.45,0.75,2.38,0.47,9.47,0.0,9751423.45,14186.0,240479.0,575242.3,,0.47,,,11661.0,,0.47,,,10121.0,,0.57,,0.3,0.3,4735203.0,192012481.65,187.85,0.3,6.03,0.7872,88.43,0.0506
2025-07-18,263613.0,10860855.6,0.82,2.67,0.52,10.71,0.0,10366455.6,37320.0,251613.0,1537584.0,,0.45,,,11134.0,,0.45,,,23134.0,,1.53,,0.78,0.78,4742823.0,195404307.6,193.31,0.78,9.57,0.6676,80.94,0.0551
2025-07-21,256749.0,10398334.5,0.8,2.64,0.51,10.59,0.0,9912334.5,34463.0,244749.0,1395751.5,,,,0.12,,2857.0,,,,,6864.0,1.43,0.27,0.72,0.72,4745846.0,192206763.0,194.18,0.73,7.16,0.7001,83.15,0.0537
2025-07-22,265171.0,10460995.95,0.83,2.75,0.52,10.76,0.0,9987595.95,38878.0,253171.0,1533737.1,4415.0,0.33,,,8422.0,,0.33,4415.0,,,,1.57,,0.81,0.81,4734746.0,186785729.7,189.83,0.82,10.13,0.6604,80.43,0.0555
2025-07-23,283142.0,11085009.3,0.89,3.1,0.56,11.2,0.0,10615209.3,56849.0,271142.0,2225638.35,,0.81,,0.11,20799.0,2828.0,0.81,,,20799.0,2828.0,2.26,0.13,1.18,1.18,4758851.0,186309016.65,187.12,1.19,16.97,0.5985,75.3,0.0588
2025-07-24,296871.0,11756091.6,0.93,3.32,0.58,11.63,0.0,11280891.6,70578.0,284871.0,2794888.8,,0.5,,,13729.0,,0.5,,,13729.0,,2.8,,1.47,1.47,4741909.0,187779596.4,186.18,1.48,20.67,0.5625,71.92,0.0617
2025-07-25,285254.0,11067855.2,0.89,3.22,0.56,11.32,0.0,10170256.0,45170.0,262120.0,1752596.0,,,6664.0,1.0,,25408.0,,,0.26,,29415.0,1.81,1.14,0.93,0.93,4821891.0,187089370.8,189.41,0.95,15.27,0.5858,74.79,0.0586
2025-07-28,189884.0,7111155.8,0.59,2.16,0.37,7.37,0.0,7111155.8,22036.0,189884.0,825248.2,,,,0.94,,23134.0,,,,,72236.0,0.86,3.0,0.44,0.44,4949034.0,185341323.3,191.09,0.45,10.95,0.6608,80.34,0.0382
2025-07-29,228585.0,8400498.75,0.71,2.66,0.45,8.56,0.0,8019915.75,32392.0,218229.0,1190406.0,,0.65,10356.0,,17989.0,,0.65,,0.39,10356.0,,1.21,,0.6,0.6,5406704.0,198696372.0,201.55,0.6,10.56,0.4746,66.74,0.042
2025-07-30,219762.0,8812456.2,0.69,2.52,0.43,8.19,0.0,8157061.8,17581.0,203418.0,704998.1,,0.21,,0.78,5988.0,20799.0,0.21,,,5988.0,20799.0,0.65,0.78,0.33,0.33,5250798.0,210556999.8,199.72,0.32,14.66,0.5063,68.43,0.0417
2025-07-31,393589.0,16097790.1,1.23,4.32,0.78,15.39,0.0,15233286.8,174444.0,372452.0,7134759.6,,1.73,136336.0,,40618.0,,1.73,,5.01,156863.0,7920.0,7.0,0.31,3.12,3.12,5419657.0,221663971.3,219.06,3.1,32.57,0.3023,39.77,0.0704
2025-08-01,654856.0,27111038.4,2.05,6.87,1.29,26.84,1.0,22364818.2,267950.0,540213.0,11093130.0,3780.0,7.09,,,171768.0,,7.09,3780.0,,89726.0,4007.0,10.95,0.0,5.19,5.19,4898820.0,202811148.0,200.37,5.18,23.25,0.2623,34.93,0.1267
2025-08-04,654856.0,28224293.6,2.05,6.86,1.29,27.34,1.0,23283180.3,267950.0,540213.0,11548645.0,,,,,,,,,,,,11.09,,4.91,4.91,5191323.0,223746021.3,217.67,4.85,23.1,0.2618,34.72,0.12
2025-08-05,672595.0,28820695.75,2.1,7.19,1.32,28.92,1.0,23908243.2,281682.0,557952.0,12070073.7,13732.0,0.96,,,17739.0,,0.96,13732.0,,,,12.14,,5.36,5.36,4971767.0,213040215.95,213.8,5.37,22.74,0.2602,34.17,0.128
2025-08-06,905770.0,38540513.5,2.83,9.71,1.78,38.72,1.0,30473799.4,366016.0,716188.0,15573980.8,66048.0,6.67,,1.36,158661.0,30993.0,6.67,66048.0,,49279.0,425.0,15.67,0.02,7.1,7.1,4788143.0,203735484.65,204.49,7.12,23.66,0.2906,41.96,0.1757
2025-08-07,715062.0,28888504.8,2.24,7.68,1.41,29.98,1.0,24411013.2,175308.0,604233.0,7082443.2,,,,8.2,,190708.0,,,,,111955.0,7.46,5.23,3.26,3.26,5208774.0,210434469.6,220.28,3.28,25.94,0.3051,42.64,0.1328
2025-08-08,497691.0,19733448.15,1.56,5.56,0.98,20.01,0.0,16762116.8,141604.0,422752.0,5614598.6,,0.0,,1.66,2186.0,35890.0,0.0,,,2186.0,183667.0,5.72,8.23,2.71,2.71,5087878.0,201734362.7,207.35,2.68,28.37,0.2799,37.5,0.0952
2025-08-11,406549.0,16160322.75,1.27,4.55,0.8,16.13,0.0,13181497.5,120482.0,331610.0,4789159.5,,0.02,,0.86,520.0,21122.0,0.02,,,,91662.0,4.81,3.77,2.18,2.18,5418010.0,215365897.5,215.53,2.18,35.19,0.3187,36.85,0.0734
2025-08-12,328443.0,13022764.95,1.03,3.7,0.65,13.05,0.0,10228629.45,76502.0,257973.0,3033304.3,,,,1.77,,43980.0,,,,,73637.0,3.04,2.93,1.42,1.42,5328776.0,211285968.4,211.41,1.42,29.84,0.3368,44.3,0.0608
2025-08-13,194932.0,7816773.2,0.61,2.23,0.38,7.74,0.0,7507000.7,12087.0,187207.0,484688.7,,,,2.68,,67528.0,,,,3113.0,70766.0,0.48,2.8,0.23,0.23,5283740.0,211877974.0,210.06,0.23,41.25,0.4255,50.18,0.0368
2025-08-14,123755.0,5012077.5,0.39,1.44,0.24,4.97,0.0,4699215.0,11670.0,116030.0,472635.0,,,,0.02,,417.0,,,,,71177.0,0.47,2.82,0.22,0.22,5374935.0,217684867.5,216.19,0.22,8.96,0.6402,78.99,0.023
2025-08-15,123755.0,4993514.25,0.39,1.45,0.24,5.01,0.0,4681810.5,9901.0,116030.0,399505.35,,,,0.07,,1769.0,,,,,,0.4,,0.18,0.18,5628967.0,227128818.45,227.6,0.18,8.97,0.6418,79.1,0.0219
2025-08-18,148190.0,6164704.0,0.46,1.74,0.29,6.01,0.0,5581763.2,16189.0,134177.0,673462.4,,0.76,,,18147.0,,0.76,,,6288.0,,0.65,,0.29,0.29,5494026.0,228551481.6,224.14,0.29,15.91,0.4787,65.76,0.0269
2025-08-19,179827.0,7013253.0,0.56,2.12,0.35,7.39,0.0,6211101.0,22744.0,159259.0,887016.0,11812.0,1.1,,0.22,28306.0,5551.0,1.1,11812.0,,294.0,3224.0,0.95,0.13,0.43,0.43,5269266.0,205501374.0,215.21,0.44,23.82,0.3983,55.09,0.034
2025-08-20,175514.0,6695859.1,0.55,2.01,0.35,6.82,0.0,5911189.9,22744.0,154946.0,867683.6,,0.05,,,1238.0,,0.05,,,,5551.0,0.89,0.28,0.43,0.43,5269332.0,201025015.8,204.42,0.43,21.03,0.4,55.96,0.0332
2025-08-21,306017.0,11934663.0,0.96,3.47,0.6,11.77,0.0,9758697.0,60144.0,250223.0,2345616.0,31811.0,3.7,,,95277.0,,3.7,31811.0,,5589.0,,2.3,,1.09,1.09,5435917.0,212000763.0,209.13,1.09,32.24,0.3148,33.66,0.0557
2025-08-22,362250.0,14526225.0,1.13,4.08,0.71,14.26,0.0,11894863.0,69970.0,296630.0,2805797.0,9826.0,2.06,,,48422.0,,2.06,9826.0,,,2015.0,2.72,0.08,1.3,1.3,5322546.0,213434094.6,208.13,1.29,33.24,0.3267,37.73,0.0672
2025-08-25,344752.0,14031406.4,1.08,3.92,0.68,13.91,0.0,11360672.4,66857.0,279132.0,2721079.9,,,,0.12,,3113.0,,,,,17498.0,2.68,0.54,1.25,1.25,5302583.0,215815128.1,214.13,1.24,33.76,0.323,35.63,0.0642
2025-08-26,469152.0,18320385.6,1.47,5.41,0.92,18.91,0.0,14475405.45,99700.0,370689.0,3893285.0,30588.0,3.77,,0.24,91773.0,6016.0,3.77,30588.0,,8271.0,216.0,4.06,0.01,1.8,1.8,5452402.0,212916298.1,219.06,1.82,23.7,0.3888,53.59,0.0845
2025-08-27,426391.0,16778485.85,1.33,4.37,0.84,16.84,0.0,12982784.85,97697.0,329931.0,3844376.95,,,,0.08,,2003.0,,,,,40758.0,3.97,1.84,1.8,1.8,5315224.0,209154064.4,209.12,1.86,26.8,0.3618,48.7,0.0788
2025-08-28,582813.0,23050254.15,1.82,6.02,1.15,23.07,1.0,17443685.7,165873.0,441054.0,6560277.15,45299.0,3.63,20100.0,,91023.0,,3.63,45299.0,0.8,22877.0,,6.64,,2.99,2.99,5380164.0,212785486.2,212.29,3.03,25.48,0.2888,42.37,0.1051
