,GREAL FP Equity_DX_SI_QTY,GREAL FP Equity_DX_SHORT_INTEREST_VALUE,GREAL FP Equity_DX_SHORT_INT_RATIO_DAYS_TO_COVER,GREAL FP Equity_DX_SHORT_INTEREST_PCT_SHARES_OUT,GREAL FP Equity_DX_SI_MV,GREAL FP Equity_DX_BROKER_SHORT_INTEREST_VALUE,GREAL FP Equity_DX_SUPPLY_SI_QTY,GREAL FP Equity_DX_BROKER_SI_QTY,GREAL FP Equity_DX_SUPPLY_SIDE_SHORT_INT_VAL,GREAL FP Equity_DX_BROKER_SI_QTY_ADD,GREAL FP Equity_DX_BROKER_SI_MV_ADD,GREAL FP Equity_DX_BROKER_SI_QTY_DEC,GREAL FP Equity_DX_SUPPLY_SI_MV,GREAL FP Equity_DX_BROKER_SI_MV_DEC,GREAL FP Equity_DX_ACTIVE_UTILIZATION_QUANTITY,GREAL FP Equity_DX_UTILIZATION_QUANTITY,GREAL FP Equity_DX_ACTIVE_AVAIL_SUPPLY_QTY,GREAL FP Equity_DX_ACTIVE_AVAILABILITY_VALUE,GREAL FP Equity_DX_ACTIVE_AVAIL_SUPPLY_MV,GREAL FP Equity_DX_ACTIVE_UTILIZATION_MV,GREAL FP Equity_DX_BROKER_SI_CON_RATIO,GREAL FP Equity_DX_BROKER_SI_MARKET_SHARE_1,GREAL FP Equity_DX_DEMAND_SUPPLY_RATIO,GREAL FP Equity_PX_LAST
2019-11-14,,,,,,,,,,,,,,,,,,,,,,,,10.1722
2019-11-15,,,,,,,,,,,,,,,,,,,,,,,,10.2151
2019-11-18,,,,,,,,,,,,,,,,,,,,,,,,10.3331
2019-11-19,,,,,,,,,,,,,,,,,,,,,,,,10.3348
2019-11-20,,,,,,,,,,,,,,,,,,,,,,,,10.2662
2019-11-21,,,,,,,,,,,,,,,,,,,,,,,,10.1747
2019-11-22,,,,,,,,,,,,,,,,,,,,,,,,10.1668
2019-11-25,,,,,,,,,,,,,,,,,,,,,,,,10.2085
2019-11-26,,,,,,,,,,,,,,,,,,,,,,,,10.3413
2019-11-27,,,,,,,,,,,,,,,,,,,,,,,,10.3402
2019-11-28,,,,,,,,,,,,,,,,,,,,,,,,10.321
2019-11-29,,,,,,,,,,,,,,,,,,,,,,,,10.306
2019-12-02,,,,,,,,,,,,,,,,,,,,,,,,10.1894
2019-12-03,,,,,,,,,,,,,,,,,,,,,,,,10.2007
2019-12-04,,,,,,,,,,,,,,,,,,,,,,,,10.2311
2019-12-05,,,,,,,,,,,,,,,,,,,,,,,,10.242
2019-12-06,,,,,,,,,,,,,,,,,,,,,,,,10.3373
2019-12-09,,,,,,,,,,,,,,,,,,,,,,,,10.351
2019-12-10,,,,,,,,,,,,,,,,,,,,,,,,10.3592
2019-12-11,,,,,,,,,,,,,,,,,,,,,,,,10.3229
2019-12-12,,,,,,,,,,,,,,,,,,,,,,,,10.255
2019-12-13,,,,,,,,,,,,,,,,,,,,,,,,10.2401
2019-12-16,,,,,,,,,,,,,,,,,,,,,,,,10.33
2019-12-17,,,,,,,,,,,,,,,,,,,,,,,,10.3129
2019-12-18,,,,,,,,,,,,,,,,,,,,,,,,10.3598
2019-12-19,,,,,,,,,,,,,,,,,,,,,,,,10.4255
2019-12-20,,,,,,,,,,,,,,,,,,,,,,,,10.5095
2019-12-23,,,,,,,,,,,,,,,,,,,,,,,,10.501
2019-12-24,,,,,,,,,,,,,,,,,,,,,,,,10.5069
2019-12-27,,,,,,,,,,,,,,,,,,,,,,,,10.6199
2019-12-30,,,,,,,,,,,,,,,,,,,,,,,,10.5623
2019-12-31,,,,,,,,,,,,,,,,,,,,,,,,10.558
2020-01-02,,,,,,,,,,,,,,,,,,,,,,,,10.5652
2020-01-03,,,,,,,,,,,,,,,,,,,,,,,,10.6995
2020-01-06,,,,,,,,,,,,,,,,,,,,,,,,10.645
2020-01-07,,,,,,,,,,,,,,,,,,,,,,,,10.6626
2020-01-08,,,,,,,,,,,,,,,,,,,,,,,,10.5788
2020-01-09,,,,,,,,,,,,,,,,,,,,,,,,10.5728
2020-01-10,,,,,,,,,,,,,,,,,,,,,,,,10.558
2020-01-13,,,,,,,,,,,,,,,,,,,,,,,,10.6205
2020-01-14,,,,,,,,,,,,,,,,,,,,,,,,10.6437
2020-01-15,,,,,,,,,,,,,,,,,,,,,,,,10.6288
2020-01-16,,,,,,,,,,,,,,,,,,,,,,,,10.7276
2020-01-17,,,,,,,,,,,,,,,,,,,,,,,,10.7862
2020-01-20,,,,,,,,,,,,,,,,,,,,,,,,10.7638
2020-01-21,,,,,,,,,,,,,,,,,,,,,,,,10.7685
2020-01-22,,,,,,,,,,,,,,,,,,,,,,,,10.7892
2020-01-23,,,,,,,,,,,,,,,,,,,,,,,,10.8142
2020-01-24,,,,,,,,,,,,,,,,,,,,,,,,10.9351
2020-01-27,,,,,,,,,,,,,,,,,,,,,,,,10.7624
2020-01-28,,,,,,,,,,,,,,,,,,,,,,,,10.784
2020-01-29,,,,,,,,,,,,,,,,,,,,,,,,10.9035
2020-01-30,,,,,,,,,,,,,,,,,,,,,,,,10.8503
2020-01-31,,,,,,,,,,,,,,,,,,,,,,,,10.8334
2020-02-03,,,,,,,,,,,,,,,,,,,,,,,,10.8524
2020-02-04,,,,,,,,,,,,,,,,,,,,,,,,10.9201
2020-02-05,,,,,,,,,,,,,,,,,,,,,,,,10.9494
2020-02-06,,,,,,,,,,,,,,,,,,,,,,,,10.9751
2020-02-07,,,,,,,,,,,,,,,,,,,,,,,,10.9762
2020-02-10,,,,,,,,,,,,,,,,,,,,,,,,11.0425
2020-02-11,,,,,,,,,,,,,,,,,,,,,,,,11.1504
2020-02-12,,,,,,,,,,,,,,,,,,,,,,,,11.1133
2020-02-13,,,,,,,,,,,,,,,,,,,,,,,,11.1914
2020-02-14,,,,,,,,,,,,,,,,,,,,,,,,11.3629
2020-02-17,,,,,,,,,,,,,,,,,,,,,,,,11.3235
2020-02-18,,,,,,,,,,,,,,,,,,,,,,,,11.3515
2020-02-19,,,,,,,,,,,,,,,,,,,,,,,,11.454
2020-02-20,,,,,,,,,,,,,,,,,,,,,,,,11.3925
2020-02-21,,,,,,,,,,,,,,,,,,,,,,,,11.3932
2020-02-24,,,,,,,,,,,,,,,,,,,,,,,,11.1867
2020-02-25,,,,,,,,,,,,,,,,,,,,,,,,11.0053
2020-02-26,,,,,,,,,,,,,,,,,,,,,,,,10.9317
2020-02-27,,,,,,,,,,,,,,,,,,,,,,,,10.6067
2020-02-28,,,,,,,,,,,,,,,,,,,,,,,,10.1522
2020-03-02,,,,,,,,,,,,,,,,,,,,,,,,10.1722
2020-03-03,,,,,,,,,,,,,,,,,,,,,,,,10.4501
2020-03-04,,,,,,,,,,,,,,,,,,,,,,,,10.636
2020-03-05,,,,,,,,,,,,,,,,,,,,,,,,10.5404
2020-03-06,,,,,,,,,,,,,,,,,,,,,,,,10.2398
2020-03-09,,,,,,,,,,,,,,,,,,,,,,,,9.6359
2020-03-10,,,,,,,,,,,,,,,,,,,,,,,,9.3328
2020-03-11,,,,,,,,,,,,,,,,,,,,,,,,9.3118
2020-03-12,,,,,,,,,,,,,,,,,,,,,,,,8.199
2020-03-13,,,,,,,,,,,,,,,,,,,,,,,,8.0287
2020-03-16,,,,,,,,,,,,,,,,,,,,,,,,7.2782
2020-03-17,,,,,,,,,,,,,,,,,,,,,,,,6.9164
2020-03-18,,,,,,,,,,,,,,,,,,,,,,,,6.5471
2020-03-19,,,,,,,,,,,,,,,,,,,,,,,,6.9063
2020-03-20,,,,,,,,,,,,,,,,,,,,,,,,7.2763
2020-03-23,,,,,,,,,,,,,,,,,,,,,,,,7.0133
2020-03-24,,,,,,,,,,,,,,,,,,,,,,,,7.5309
2020-03-25,,,,,,,,,,,,,,,,,,,,,,,,7.7681
2020-03-26,,,,,,,,,,,,,,,,,,,,,,,,7.8212
2020-03-27,,,,,,,,,,,,,,,,,,,,,,,,7.6115
2020-03-30,,,,,,,,,,,,,,,,,,,,,,,,7.6848
2020-03-31,,,,,,,,,,,,,,,,,,,,,,,,7.8051
2020-04-01,,,,,,,,,,,,,,,,,,,,,,,,7.6614
2020-04-02,,,,,,,,,,,,,,,,,,,,,,,,7.6095
2020-04-03,,,,,,,,,,,,,,,,,,,,,,,,7.5324
2020-04-06,,,,,,,,,,,,,,,,,,,,,,,,7.7275
2020-04-07,,,,,,,,,,,,,,,,,,,,,,,,7.9824
2020-04-08,,,,,,,,,,,,,,,,,,,,,,,,8.0536
2020-04-09,,,,,,,,,,,,,,,,,,,,,,,,8.2485
2020-04-14,,,,,,,,,,,,,,,,,,,,,,,,8.0439
2020-04-15,,,,,,,,,,,,,,,,,,,,,,,,7.8204
2020-04-16,,,,,,,,,,,,,,,,,,,,,,,,7.7363
2020-04-17,,,,,,,,,,,,,,,,,,,,,,,,7.9019
2020-04-20,,,,,,,,,,,,,,,,,,,,,,,,7.8258
2020-04-21,,,,,,,,,,,,,,,,,,,,,,,,7.6711
2020-04-22,,,,,,,,,,,,,,,,,,,,,,,,7.7114
2020-04-23,,,,,,,,,,,,,,,,,,,,,,,,7.7734
2020-04-24,,,,,,,,,,,,,,,,,,,,,,,,7.7814
2020-04-27,,,,,,,,,,,,,,,,,,,,,,,,7.8489
2020-04-28,,,,,,,,,,,,,,,,,,,,,,,,7.9151
2020-04-29,,,,,,,,,,,,,,,,,,,,,,,,8.0595
2020-04-30,,,,,,,,,,,,,,,,,,,,,,,,8.0635
2020-05-04,,,,,,,,,,,,,,,,,,,,,,,,7.7807
2020-05-05,,,,,,,,,,,,,,,,,,,,,,,,7.977
2020-05-06,,,,,,,,,,,,,,,,,,,,,,,,7.9129
2020-05-07,,,,,,,,,,,,,,,,,,,,,,,,8.0871
2020-05-08,,,,,,,,,,,,,,,,,,,,,,,,8.1711
2020-05-11,,,,,,,,,,,,,,,,,,,,,,,,8.0902
2020-05-12,,,,,,,,,,,,,,,,,,,,,,,,7.983
2020-05-13,,,,,,,,,,,,,,,,,,,,,,,,7.8192
2020-05-14,,,,,,,,,,,,,,,,,,,,,,,,7.6449
2020-05-15,,,,,,,,,,,,,,,,,,,,,,,,7.6825
2020-05-18,,,,,,,,,,,,,,,,,,,,,,,,7.915
2020-05-19,,,,,,,,,,,,,,,,,,,,,,,,7.9249
2020-05-20,,,,,,,,,,,,,,,,,,,,,,,,7.9034
2020-05-21,,,,,,,,,,,,,,,,,,,,,,,,7.8309
2020-05-22,,,,,,,,,,,,,,,,,,,,,,,,7.8806
2020-05-25,,,,,,,,,,,,,,,,,,,,,,,,8.1089
2020-05-26,,,,,,,,,,,,,,,,,,,,,,,,8.1886
2020-05-27,,,,,,,,,,,,,,,,,,,,,,,,8.1475
2020-05-28,,,,,,,,,,,,,,,,,,,,,,,,8.3262
2020-05-29,,,,,,,,,,,,,,,,,,,,,,,,8.2737
2020-06-01,,,,,,,,,,,,,,,,,,,,,,,,8.4183
2020-06-02,,,,,,,,,,,,,,,,,,,,,,,,8.6675
2020-06-03,,,,,,,,,,,,,,,,,,,,,,,,8.93
2020-06-04,,,,,,,,,,,,,,,,,,,,,,,,9.0011
2020-06-05,,,,,,,,,,,,,,,,,,,,,,,,9.1862
2020-06-08,,,,,,,,,,,,,,,,,,,,,,,,9.0622
2020-06-09,,,,,,,,,,,,,,,,,,,,,,,,8.8152
2020-06-10,,,,,,,,,,,,,,,,,,,,,,,,8.7477
2020-06-11,,,,,,,,,,,,,,,,,,,,,,,,8.4889
2020-06-12,,,,,,,,,,,,,,,,,,,,,,,,8.5899
2020-06-15,,,,,,,,,,,,,,,,,,,,,,,,8.5825
2020-06-16,,,,,,,,,,,,,,,,,,,,,,,,8.73
2020-06-17,,,,,,,,,,,,,,,,,,,,,,,,8.7905
2020-06-18,,,,,,,,,,,,,,,,,,,,,,,,8.8485
2020-06-19,,,,,,,,,,,,,,,,,,,,,,,,8.7549
2020-06-22,,,,,,,,,,,,,,,,,,,,,,,,8.6141
2020-06-23,,,,,,,,,,,,,,,,,,,,,,,,8.5836
2020-06-24,,,,,,,,,,,,,,,,,,,,,,,,8.3528
2020-06-25,,,,,,,,,,,,,,,,,,,,,,,,8.3387
2020-06-26,,,,,,,,,,,,,,,,,,,,,,,,8.3485
2020-06-29,,,,,,,,,,,,,,,,,,,,,,,,8.3183
2020-06-30,,,,,,,,,,,,,,,,,,,,,,,,8.3669
2020-07-01,,,,,,,,,,,,,,,,,,,,,,,,8.4459
2020-07-02,,,,,,,,,,,,,,,,,,,,,,,,8.5723
2020-07-03,,,,,,,,,,,,,,,,,,,,,,,,8.5848
2020-07-06,,,,,,,,,,,,,,,,,,,,,,,,8.6941
2020-07-07,,,,,,,,,,,,,,,,,,,,,,,,8.5281
2020-07-08,,,,,,,,,,,,,,,,,,,,,,,,8.5434
2020-07-09,,,,,,,,,,,,,,,,,,,,,,,,8.4414
2020-07-10,,,,,,,,,,,,,,,,,,,,,,,,8.5084
2020-07-13,,,,,,,,,,,,,,,,,,,,,,,,8.5208
2020-07-14,,,,,,,,,,,,,,,,,,,,,,,,8.4757
2020-07-15,,,,,,,,,,,,,,,,,,,,,,,,8.4695
2020-07-16,,,,,,,,,,,,,,,,,,,,,,,,8.3917
2020-07-17,,,,,,,,,,,,,,,,,,,,,,,,8.3414
2020-07-20,,,,,,,,,,,,,,,,,,,,,,,,8.4072
2020-07-21,,,,,,,,,,,,,,,,,,,,,,,,8.4936
2020-07-22,,,,,,,,,,,,,,,,,,,,,,,,8.5178
2020-07-23,,,,,,,,,,,,,,,,,,,,,,,,8.3986
2020-07-24,,,,,,,,,,,,,,,,,,,,,,,,8.3216
2020-07-27,,,,,,,,,,,,,,,,,,,,,,,,8.1873
2020-07-28,,,,,,,,,,,,,,,,,,,,,,,,8.3196
2020-07-29,,,,,,,,,,,,,,,,,,,,,,,,8.5009
2020-07-30,,,,,,,,,,,,,,,,,,,,,,,,8.3367
2020-07-31,,,,,,,,,,,,,,,,,,,,,,,,8.3681
2020-08-03,,,,,,,,,,,,,,,,,,,,,,,,8.3604
2020-08-04,,,,,,,,,,,,,,,,,,,,,,,,8.4487
2020-08-05,,,,,,,,,,,,,,,,,,,,,,,,8.6236
2020-08-06,,,,,,,,,,,,,,,,,,,,,,,,8.5704
2020-08-07,,,,,,,,,,,,,,,,,,,,,,,,8.6276
2020-08-10,,,,,,,,,,,,,,,,,,,,,,,,8.6532
2020-08-11,,,,,,,,,,,,,,,,,,,,,,,,8.7074
2020-08-12,,,,,,,,,,,,,,,,,,,,,,,,8.6872
2020-08-13,,,,,,,,,,,,,,,,,,,,,,,,8.6859
2020-08-14,,,,,,,,,,,,,,,,,,,,,,,,8.5969
2020-08-17,,,,,,,,,,,,,,,,,,,,,,,,8.5293
2020-08-18,,,,,,,,,,,,,,,,,,,,,,,,8.4266
2020-08-19,,,,,,,,,,,,,,,,,,,,,,,,8.3992
2020-08-20,,,,,,,,,,,,,,,,,,,,,,,,8.5988
2020-08-21,,,,,,,,,,,,,,,,,,,,,,,,8.6074
2020-08-24,,,,,,,,,,,,,,,,,,,,,,,,8.6365
2020-08-25,,,,,,,,,,,,,,,,,,,,,,,,8.5636
2020-08-26,,,,,,,,,,,,,,,,,,,,,,,,8.6882
2020-08-27,,,,,,,,,,,,,,,,,,,,,,,,8.593
2020-08-28,,,,,,,,,,,,,,,,,,,,,,,,8.6099
2020-08-31,,,,,,,,,,,,,,,,,,,,,,,,8.521
2020-09-01,,,,,,,,,,,,,,,,,,,,,,,,8.5623
2020-09-02,,,,,,,,,,,,,,,,,,,,,,,,8.7159
2020-09-03,,,,,,,,,,,,,,,,,,,,,,,,8.7289
2020-09-04,,,,,,,,,,,,,,,,,,,,,,,,8.438
2020-09-07,,,,,,,,,,,,,,,,,,,,,,,,8.6222
2020-09-08,,,,,,,,,,,,,,,,,,,,,,,,8.6524
2020-09-09,,,,,,,,,,,,,,,,,,,,,,,,8.8027
2020-09-10,,,,,,,,,,,,,,,,,,,,,,,,8.7927
2020-09-11,,,,,,,,,,,,,,,,,,,,,,,,8.7794
2020-09-14,,,,,,,,,,,,,,,,,,,,,,,,8.7426
2020-09-15,,,,,,,,,,,,,,,,,,,,,,,,8.8338
2020-09-16,,,,,,,,,,,,,,,,,,,,,,,,8.9703
2020-09-17,,,,,,,,,,,,,,,,,,,,,,,,8.9458
2020-09-18,,,,,,,,,,,,,,,,,,,,,,,,8.7996
2020-09-21,,,,,,,,,,,,,,,,,,,,,,,,8.5382
2020-09-22,,,,,,,,,,,,,,,,,,,,,,,,8.5365
2020-09-23,,,,,,,,,,,,,,,,,,,,,,,,8.4511
2020-09-24,,,,,,,,,,,,,,,,,,,,,,,,8.4252
2020-09-25,,,,,,,,,,,,,,,,,,,,,,,,8.3804
2020-09-28,,,,,,,,,,,,,,,,,,,,,,,,8.5598
2020-09-29,,,,,,,,,,,,,,,,,,,,,,,,8.5008
2020-09-30,,,,,,,,,,,,,,,,,,,,,,,,8.6241
2020-10-01,,,,,,,,,,,,,,,,,,,,,,,,8.6725
2020-10-02,,,,,,,,,,,,,,,,,,,,,,,,8.6819
2020-10-05,,,,,,,,,,,,,,,,,,,,,,,,8.7703
2020-10-06,,,,,,,,,,,,,,,,,,,,,,,,8.8106
2020-10-07,,,,,,,,,,,,,,,,,,,,,,,,8.7226
2020-10-08,,,,,,,,,,,,,,,,,,,,,,,,8.7952
2020-10-09,,,,,,,,,,,,,,,,,,,,,,,,8.7972
2020-10-12,,,,,,,,,,,,,,,,,,,,,,,,8.8636
2020-10-13,,,,,,,,,,,,,,,,,,,,,,,,8.7941
2020-10-14,,,,,,,,,,,,,,,,,,,,,,,,8.7828
2020-10-15,,,,,,,,,,,,,,,,,,,,,,,,8.7615
2020-10-16,,,,,,,,,,,,,,,,,,,,,,,,8.629
2020-10-19,,,,,,,,,,,,,,,,,,,,,,,,8.7236
2020-10-20,,,,,,,,,,,,,,,,,,,,,,,,8.716
2020-10-21,,,,,,,,,,,,,,,,,,,,,,,,8.5085
2020-10-22,,,,,,,,,,,,,,,,,,,,,,,,8.523
2020-10-23,,,,,,,,,,,,,,,,,,,,,,,,8.5375
2020-10-26,0.0,0.0,0.0,0.0,0.0,0.0,0.0,0.0,0.0,,,,0.0,,0.0,0.0,183.0,1528.51,0.0,0.0,0.0,,0.0,8.3525
2020-10-27,0.0,0.0,0.0,0.0,0.0,0.0,0.0,0.0,0.0,,,,0.0,,0.0,0.0,183.0,1513.96,0.0,0.0,0.0,,0.0,8.273
2020-10-28,0.0,0.0,0.0,0.0,0.0,0.0,0.0,0.0,0.0,,,,0.0,,0.0,0.0,183.0,1458.95,0.0,0.0,0.0,,0.0,7.9724
2020-10-29,0.0,0.0,0.0,0.0,0.0,0.0,0.0,0.0,0.0,,,,0.0,,0.0,0.0,183.0,1477.8,0.0,0.0,0.0,,0.0,8.0754
2020-10-30,0.0,0.0,0.0,0.0,0.0,0.0,0.0,0.0,0.0,,,,0.0,,0.0,0.0,183.0,1489.71,0.0,0.0,0.0,,0.0,8.1405
2020-11-02,0.0,0.0,0.0,0.0,0.0,0.0,0.0,0.0,0.0,,,,0.0,,0.0,0.0,183.0,1504.11,0.0,0.0,0.0,,0.0,8.2192
2020-11-03,0.0,0.0,0.0,0.0,0.0,0.0,0.0,0.0,0.0,,,,0.0,,0.0,0.0,183.0,1530.72,0.0,0.0,0.0,,0.0,8.3646
2020-11-04,0.0,0.0,0.0,0.0,0.0,0.0,0.0,0.0,0.0,,,,0.0,,0.0,0.0,183.0,1571.13,0.0,0.0,0.0,,0.0,8.5854
2020-11-05,0.0,0.0,0.0,0.0,0.0,0.0,0.0,0.0,0.0,,,,0.0,,0.0,0.0,183.0,1583.44,0.0,0.0,0.0,,0.0,8.6527
2020-11-06,0.0,0.0,0.0,0.0,0.0,0.0,0.0,0.0,0.0,,,,0.0,,0.0,0.0,183.0,1584.69,0.0,0.0,0.0,,0.0,8.6595
2020-11-09,0.0,0.0,0.0,0.0,0.0,0.0,0.0,0.0,0.0,,,,0.0,,0.0,0.0,183.0,1637.37,0.0,0.0,0.0,,0.0,8.9474
2020-11-10,0.0,0.0,0.0,0.0,0.0,0.0,0.0,0.0,0.0,,,,0.0,,0.0,0.0,183.0,1669.34,0.0,0.0,0.0,,0.0,9.1221
2020-11-11,0.0,0.0,0.0,0.0,0.0,0.0,0.0,0.0,0.0,,,,0.0,,0.0,0.0,183.0,1699.85,0.0,0.0,0.0,,0.0,9.2888
2020-11-12,0.0,0.0,0.0,0.0,0.0,0.0,0.0,0.0,0.0,,,,0.0,,0.0,0.0,183.0,1685.17,0.0,0.0,0.0,,0.0,9.2086
2020-11-13,0.0,0.0,0.0,0.0,0.0,0.0,0.0,0.0,0.0,,,,0.0,,0.0,0.0,183.0,1681.86,0.0,0.0,0.0,,0.0,9.1905
2020-11-16,0.0,0.0,0.0,0.0,0.0,0.0,0.0,0.0,0.0,,,,0.0,,0.0,0.0,183.0,1712.92,0.0,0.0,0.0,,0.0,9.3602
2020-11-17,0.0,0.0,0.0,0.0,0.0,0.0,0.0,0.0,0.0,,,,0.0,,0.0,0.0,183.0,1705.45,0.0,0.0,0.0,,0.0,9.3194
2020-11-18,0.0,0.0,0.0,0.0,0.0,0.0,0.0,0.0,0.0,,,,0.0,,0.0,0.0,183.0,1720.2,0.0,0.0,0.0,,0.0,9.4
2020-11-19,0.0,0.0,0.0,0.0,0.0,0.0,0.0,0.0,0.0,,,,0.0,,0.0,0.0,183.0,1708.4,0.0,0.0,0.0,,0.0,9.3355
2020-11-20,0.0,0.0,0.0,0.0,0.0,0.0,0.0,0.0,0.0,,,,0.0,,0.0,0.0,183.0,1702.27,0.0,0.0,0.0,,0.0,9.302
2020-11-23,0.0,0.0,0.0,0.0,0.0,0.0,0.0,0.0,0.0,,,,0.0,,0.0,0.0,183.0,1695.73,0.0,0.0,0.0,,0.0,9.2663
2020-11-24,0.0,0.0,0.0,0.0,0.0,0.0,0.0,0.0,0.0,,,,0.0,,0.0,0.0,183.0,1697.33,0.0,0.0,0.0,,0.0,9.275
2020-11-25,0.0,0.0,0.0,0.0,0.0,0.0,0.0,0.0,0.0,,,,0.0,,0.0,0.0,183.0,1710.67,0.0,0.0,0.0,,0.0,9.3479
2020-11-26,0.0,0.0,0.0,0.0,0.0,0.0,0.0,0.0,0.0,,,,0.0,,0.0,0.0,183.0,1716.81,0.0,0.0,0.0,,0.0,9.3815
2020-11-27,0.0,0.0,0.0,0.0,0.0,0.0,0.0,0.0,0.0,,,,0.0,,0.0,0.0,183.0,1708.32,0.0,0.0,0.0,,0.0,9.3351
2020-11-30,0.0,0.0,0.0,0.0,0.0,0.0,0.0,0.0,0.0,,,,0.0,,0.0,0.0,183.0,1695.68,0.0,0.0,0.0,,0.0,9.266
2020-12-01,0.0,0.0,0.0,0.0,0.0,0.0,0.0,0.0,0.0,,,,0.0,,0.0,0.0,183.0,1698.73,0.0,0.0,0.0,,0.0,9.2827
2020-12-02,0.0,0.0,0.0,0.0,0.0,0.0,0.0,0.0,0.0,,,,0.0,,0.0,0.0,183.0,1690.74,0.0,0.0,0.0,,0.0,9.239
2020-12-03,0.0,0.0,0.0,0.0,0.0,0.0,0.0,0.0,0.0,,,,0.0,,0.0,0.0,183.0,1689.55,0.0,0.0,0.0,,0.0,9.2325
2020-12-04,0.0,0.0,0.0,0.0,0.0,0.0,0.0,0.0,0.0,,,,0.0,,0.0,0.0,183.0,1702.63,0.0,0.0,0.0,,0.0,9.304
2020-12-07,0.0,0.0,0.0,0.0,0.0,0.0,0.0,0.0,0.0,,,,0.0,,0.0,0.0,183.0,1708.56,0.0,0.0,0.0,,0.0,9.3364
2020-12-08,0.0,0.0,0.0,0.0,0.0,0.0,0.0,0.0,0.0,,,,0.0,,0.0,0.0,183.0,1701.81,0.0,0.0,0.0,,0.0,9.2995
2020-12-09,0.0,0.0,0.0,0.0,0.0,0.0,0.0,0.0,0.0,,,,0.0,,0.0,0.0,183.0,1691.74,0.0,0.0,0.0,,0.0,9.2445
2020-12-10,0.0,0.0,0.0,0.0,0.0,0.0,0.0,0.0,0.0,,,,0.0,,0.0,0.0,183.0,1701.44,0.0,0.0,0.0,,0.0,9.2975
2020-12-11,0.0,0.0,0.0,0.0,0.0,0.0,0.0,0.0,0.0,,,,0.0,,0.0,0.0,183.0,1703.88,0.0,0.0,0.0,,0.0,9.3108
2020-12-14,0.0,0.0,0.0,0.0,0.0,0.0,0.0,0.0,0.0,,,,0.0,,0.0,0.0,183.0,1700.88,0.0,0.0,0.0,,0.0,9.2944
2020-12-15,0.0,0.0,0.0,0.0,0.0,0.0,0.0,0.0,0.0,,,,0.0,,0.0,0.0,183.0,1705.56,0.0,0.0,0.0,,0.0,9.32
2020-12-16,0.0,0.0,0.0,0.0,0.0,0.0,0.0,0.0,0.0,,,,0.0,,0.0,0.0,183.0,1723.22,0.0,0.0,0.0,,0.0,9.4165
2020-12-17,0.0,0.0,0.0,0.0,0.0,0.0,0.0,0.0,0.0,,,,0.0,,0.0,0.0,183.0,1736.76,0.0,0.0,0.0,,0.0,9.4905
2020-12-18,0.0,0.0,0.0,0.0,0.0,0.0,0.0,0.0,0.0,,,,0.0,,0.0,0.0,183.0,1713.89,0.0,0.0,0.0,,0.0,9.3655
2020-12-21,0.0,0.0,0.0,0.0,0.0,0.0,0.0,0.0,0.0,,,,0.0,,0.0,0.0,183.0,1682.79,0.0,0.0,0.0,,0.0,9.1956
2020-12-22,0.0,0.0,0.0,0.0,0.0,0.0,0.0,0.0,0.0,,,,0.0,,0.0,0.0,183.0,1697.89,0.0,0.0,0.0,,0.0,9.2781
2020-12-23,0.0,0.0,0.0,0.0,0.0,0.0,0.0,0.0,0.0,,,,0.0,,0.0,0.0,183.0,1727.06,0.0,0.0,0.0,,0.0,9.4375
2020-12-24,0.0,0.0,0.0,0.0,0.0,0.0,0.0,0.0,0.0,,,,0.0,,0.0,0.0,183.0,1731.73,0.0,0.0,0.0,,0.0,9.463
2020-12-25,0.0,0.0,0.0,0.0,0.0,0.0,0.0,0.0,0.0,,,,0.0,,0.0,0.0,183.0,1731.73,0.0,0.0,0.0,,0.0,
2020-12-28,0.0,0.0,0.0,0.0,0.0,0.0,0.0,0.0,0.0,,,,0.0,,0.0,0.0,183.0,1736.03,0.0,0.0,0.0,,0.0,9.4865
2020-12-29,0.0,0.0,0.0,0.0,0.0,0.0,0.0,0.0,0.0,,,,0.0,,0.0,0.0,183.0,1762.56,0.0,0.0,0.0,,0.0,9.6315
2020-12-30,0.0,0.0,0.0,0.0,0.0,0.0,0.0,0.0,0.0,,,,0.0,,0.0,0.0,183.0,1756.53,0.0,0.0,0.0,,0.0,9.5985
2020-12-31,0.0,0.0,0.0,0.0,0.0,0.0,0.0,0.0,0.0,,,,0.0,,0.0,0.0,183.0,1752.04,0.0,0.0,0.0,,0.0,9.574
2021-01-01,0.0,0.0,0.0,0.0,0.0,0.0,0.0,0.0,0.0,,,,0.0,,0.0,0.0,183.0,1752.04,0.0,0.0,0.0,,0.0,
2021-01-04,0.0,0.0,0.0,0.0,0.0,0.0,0.0,0.0,0.0,,,,0.0,,0.0,0.0,183.0,1759.78,0.0,0.0,0.0,,0.0,9.6163
2021-01-05,0.0,0.0,0.0,0.0,0.0,0.0,0.0,0.0,0.0,,,,0.0,,0.0,0.0,183.0,1748.71,0.0,0.0,0.0,,0.0,9.5558
2021-01-06,0.0,0.0,0.0,0.0,0.0,0.0,0.0,0.0,0.0,,,,0.0,,0.0,0.0,366.0,3470.23,0.0,0.0,0.0,,0.0,9.4815
2021-01-07,0.0,0.0,0.0,0.0,0.0,0.0,0.0,0.0,0.0,,,,0.0,,0.0,0.0,183.0,1713.06,0.0,0.0,0.0,,0.0,9.361
2021-01-08,0.0,0.0,0.0,0.0,0.0,0.0,0.0,0.0,0.0,,,,0.0,,0.0,0.0,183.0,1722.67,0.0,0.0,0.0,,0.0,9.4135
2021-01-11,0.0,0.0,0.0,0.0,0.0,0.0,0.0,0.0,0.0,,,,0.0,,0.0,0.0,183.0,1706.48,0.0,0.0,0.0,,0.0,9.325
2021-01-12,0.0,0.0,0.0,0.0,0.0,0.0,0.0,0.0,0.0,,,,0.0,,0.0,0.0,183.0,1695.28,0.0,0.0,0.0,,0.0,9.2638
2021-01-13,0.0,0.0,0.0,0.0,0.0,0.0,0.0,0.0,0.0,,,,0.0,,0.0,0.0,183.0,1714.93,0.0,0.0,0.0,,0.0,9.3712
2021-01-14,0.0,0.0,0.0,0.0,0.0,0.0,0.0,0.0,0.0,,,,0.0,,0.0,0.0,183.0,1740.9,0.0,0.0,0.0,,0.0,9.5131
2021-01-15,0.0,0.0,0.0,0.0,0.0,0.0,0.0,0.0,0.0,,,,0.0,,0.0,0.0,183.0,1724.5,0.0,0.0,0.0,,0.0,9.4235
2021-01-18,0.0,0.0,0.0,0.0,0.0,0.0,0.0,0.0,0.0,,,,0.0,,0.0,0.0,183.0,1727.43,0.0,0.0,0.0,,0.0,9.4395
2021-01-19,0.0,0.0,0.0,0.0,0.0,0.0,0.0,0.0,0.0,,,,0.0,,0.0,0.0,183.0,1723.44,0.0,0.0,0.0,,0.0,9.4177
2021-01-20,0.0,0.0,0.0,0.0,0.0,0.0,0.0,0.0,0.0,,,,0.0,,0.0,0.0,183.0,1732.88,0.0,0.0,0.0,,0.0,9.4693
2021-01-21,0.0,0.0,0.0,0.0,0.0,0.0,0.0,0.0,0.0,,,,0.0,,0.0,0.0,183.0,1698.22,0.0,0.0,0.0,,0.0,9.2799
2021-01-22,0.0,0.0,0.0,0.0,0.0,0.0,0.0,0.0,0.0,,,,0.0,,0.0,0.0,183.0,1696.59,0.0,0.0,0.0,,0.0,9.271
2021-01-25,0.0,0.0,0.0,0.0,0.0,0.0,0.0,0.0,0.0,,,,0.0,,0.0,0.0,183.0,1678.38,0.0,0.0,0.0,,0.0,9.1715
2021-01-26,0.0,0.0,0.0,0.0,0.0,0.0,0.0,0.0,0.0,,,,0.0,,0.0,0.0,183.0,1703.55,0.0,0.0,0.0,,0.0,9.309
2021-01-27,0.0,0.0,0.0,0.0,0.0,0.0,0.0,0.0,0.0,,,,0.0,,0.0,0.0,183.0,1714.98,0.0,0.0,0.0,,0.0,9.3715
2021-01-28,0.0,0.0,0.0,0.0,0.0,0.0,0.0,0.0,0.0,,,,0.0,,0.0,0.0,183.0,1708.85,0.0,0.0,0.0,,0.0,9.338
2021-01-29,3000.0,27775.5,0.03,0.02,0.03,27775.5,0.0,3000.0,0.0,3000.0,0.03,,0.0,,0.0,0.0,0.0,0.0,0.0,0.0,1.0,100.0,16.3934,9.2585
2021-02-01,3000.0,28109.7,0.03,0.02,0.03,28109.7,0.0,3000.0,0.0,,,,0.0,,0.0,0.0,0.0,0.0,0.0,0.0,1.0,100.0,16.3934,9.3699
2021-02-02,3000.0,28381.5,0.07,0.02,0.03,28381.5,0.0,3000.0,0.0,,,,0.0,,0.0,0.0,0.0,0.0,0.0,0.0,1.0,100.0,16.3934,9.4605
2021-02-03,3000.0,28243.5,0.07,0.02,0.03,28243.5,0.0,3000.0,0.0,,,,0.0,,0.0,0.0,0.0,0.0,0.0,0.0,1.0,100.0,16.3934,9.4145
2021-02-04,3000.0,28092.0,0.07,0.02,0.03,28092.0,0.0,3000.0,0.0,,,,0.0,,0.0,0.0,0.0,0.0,0.0,0.0,1.0,100.0,16.3934,9.364
2021-02-05,3000.0,27885.0,0.07,0.02,0.03,27885.0,0.0,3000.0,0.0,,,,0.0,,0.0,0.0,0.0,0.0,0.0,0.0,1.0,100.0,16.3934,9.295
2021-02-08,3000.0,27609.3,0.07,0.02,0.03,27609.3,0.0,3000.0,0.0,,,,0.0,,0.0,0.0,0.0,0.0,0.0,0.0,1.0,100.0,16.3934,9.2031
2021-02-09,3000.0,27685.5,0.07,0.02,0.03,27685.5,0.0,3000.0,0.0,,,,0.0,,0.0,0.0,0.0,0.0,0.0,0.0,1.0,100.0,16.3934,9.2285
2021-02-10,340.0,3130.21,0.01,0.0,0.0,3130.21,0.0,340.0,0.0,,,2660.0,0.0,0.02,0.0,0.0,0.0,0.0,0.0,0.0,1.0,100.0,1.8579,9.2065
2021-02-11,0.0,0.0,0.0,0.0,0.0,0.0,0.0,0.0,0.0,,,340.0,0.0,0.0,0.0,0.0,183.0,1685.52,0.0,0.0,0.0,,0.0,9.2105
2021-02-12,0.0,0.0,0.0,0.0,0.0,0.0,0.0,0.0,0.0,,,,0.0,,0.0,0.0,183.0,1678.35,0.0,0.0,0.0,,0.0,9.1713
2021-02-15,0.0,0.0,0.0,0.0,0.0,0.0,0.0,0.0,0.0,,,,0.0,,0.0,0.0,183.0,1687.99,0.0,0.0,0.0,,0.0,9.224
2021-02-16,0.0,0.0,0.0,0.0,0.0,0.0,0.0,0.0,0.0,,,,0.0,,0.0,0.0,183.0,1670.74,0.0,0.0,0.0,,0.0,9.1297
2021-02-17,0.0,0.0,0.0,0.0,0.0,0.0,0.0,0.0,0.0,,,,0.0,,0.0,0.0,183.0,1668.54,0.0,0.0,0.0,,0.0,9.1177
2021-02-18,0.0,0.0,0.0,0.0,0.0,0.0,0.0,0.0,0.0,,,,0.0,,0.0,0.0,183.0,1650.48,0.0,0.0,0.0,,0.0,9.019
2021-02-19,0.0,0.0,0.0,0.0,0.0,0.0,0.0,0.0,0.0,,,,0.0,,0.0,0.0,183.0,1640.6,0.0,0.0,0.0,,0.0,8.965
2021-02-22,0.0,0.0,0.0,0.0,0.0,0.0,0.0,0.0,0.0,,,,0.0,,0.0,0.0,183.0,1650.93,0.0,0.0,0.0,,0.0,9.0215
2021-02-23,0.0,0.0,0.0,0.0,0.0,0.0,0.0,0.0,0.0,,,,0.0,,0.0,0.0,183.0,1668.81,0.0,0.0,0.0,,0.0,9.1192
2021-02-24,0.0,0.0,0.0,0.0,0.0,0.0,0.0,0.0,0.0,,,,0.0,,0.0,0.0,183.0,1659.54,0.0,0.0,0.0,,0.0,9.0685
2021-02-25,0.0,0.0,0.0,0.0,0.0,0.0,0.0,0.0,0.0,,,,0.0,,0.0,0.0,183.0,1666.03,0.0,0.0,0.0,,0.0,9.104
2021-02-26,0.0,0.0,0.0,0.0,0.0,0.0,0.0,0.0,0.0,,,,0.0,,0.0,0.0,183.0,1648.96,0.0,0.0,0.0,,0.0,9.0107
2021-03-01,0.0,0.0,0.0,0.0,0.0,0.0,0.0,0.0,0.0,,,,0.0,,0.0,0.0,183.0,1681.59,0.0,0.0,0.0,,0.0,9.189
2021-03-02,0.0,0.0,0.0,0.0,0.0,0.0,0.0,0.0,0.0,,,,0.0,,0.0,0.0,183.0,1674.82,0.0,0.0,0.0,,0.0,9.152
2021-03-03,0.0,0.0,0.0,0.0,0.0,0.0,0.0,0.0,0.0,,,,0.0,,0.0,0.0,183.0,1664.11,0.0,0.0,0.0,,0.0,9.0935
2021-03-04,0.0,0.0,0.0,0.0,0.0,0.0,0.0,0.0,0.0,,,,0.0,,0.0,0.0,183.0,1678.93,0.0,0.0,0.0,,0.0,9.1745
2021-03-05,0.0,0.0,0.0,0.0,0.0,0.0,0.0,0.0,0.0,,,,0.0,,0.0,0.0,183.0,1652.49,0.0,0.0,0.0,,0.0,9.03
2021-03-08,0.0,0.0,0.0,0.0,0.0,0.0,0.0,0.0,0.0,,,,0.0,,0.0,0.0,183.0,1680.78,0.0,0.0,0.0,,0.0,9.1846
2021-03-09,0.0,0.0,0.0,0.0,0.0,0.0,0.0,0.0,0.0,,,,0.0,,0.0,0.0,183.0,1678.38,0.0,0.0,0.0,,0.0,9.1715
2021-03-10,0.0,0.0,0.0,0.0,0.0,0.0,0.0,0.0,0.0,,,,0.0,,0.0,0.0,183.0,1691.19,0.0,0.0,0.0,,0.0,9.2415
2021-03-11,0.0,0.0,0.0,0.0,0.0,0.0,0.0,0.0,0.0,,,,0.0,,0.0,0.0,183.0,1708.58,0.0,0.0,0.0,,0.0,9.3365
2021-03-12,0.0,0.0,0.0,0.0,0.0,0.0,0.0,0.0,0.0,,,,0.0,,0.0,0.0,183.0,1702.67,0.0,0.0,0.0,,0.0,9.3042
2021-03-15,0.0,0.0,0.0,0.0,0.0,0.0,0.0,0.0,0.0,,,,0.0,,0.0,0.0,183.0,1703.97,0.0,0.0,0.0,,0.0,9.3113
2021-03-16,0.0,0.0,0.0,0.0,0.0,0.0,0.0,0.0,0.0,,,,0.0,,0.0,0.0,683.0,6451.96,0.0,0.0,0.0,,0.0,9.4465
2021-03-17,0.0,0.0,0.0,0.0,0.0,0.0,0.0,0.0,0.0,,,,0.0,,0.0,0.0,783.0,7312.83,0.01,0.0,0.0,,0.0,9.3395
2021-03-18,0.0,0.0,0.0,0.0,0.0,0.0,0.0,0.0,0.0,,,,0.0,,0.0,0.0,183.0,1691.93,0.0,0.0,0.0,,0.0,9.2455
2021-03-19,0.0,0.0,0.0,0.0,0.0,0.0,0.0,0.0,0.0,,,,0.0,,0.0,0.0,183.0,1706.84,0.0,0.0,0.0,,0.0,9.327
2021-03-22,0.0,0.0,0.0,0.0,0.0,0.0,0.0,0.0,0.0,,,,0.0,,0.0,0.0,183.0,1689.73,0.0,0.0,0.0,,0.0,9.2335
2021-03-23,0.0,0.0,0.0,0.0,0.0,0.0,0.0,0.0,0.0,,,,0.0,,0.0,0.0,183.0,1712.97,0.0,0.0,0.0,,0.0,9.3605
2021-03-24,0.0,0.0,0.0,0.0,0.0,0.0,0.0,0.0,0.0,,,,0.0,,0.0,0.0,183.0,1713.3,0.0,0.0,0.0,,0.0,9.3623
2021-03-25,0.0,0.0,0.0,0.0,0.0,0.0,0.0,0.0,0.0,,,,0.0,,0.0,0.0,183.0,1686.99,0.0,0.0,0.0,,0.0,9.2185
2021-03-26,0.0,0.0,0.0,0.0,0.0,0.0,0.0,0.0,0.0,,,,0.0,,0.0,0.0,183.0,1696.78,0.0,0.0,0.0,,0.0,9.272
2021-03-29,0.0,0.0,0.0,0.0,0.0,0.0,0.0,0.0,0.0,,,,0.0,,0.0,0.0,183.0,1688.72,0.0,0.0,0.0,,0.0,9.228
2021-03-30,0.0,0.0,0.0,0.0,0.0,0.0,0.0,0.0,0.0,,,,0.0,,0.0,0.0,583.0,5421.67,0.0,0.0,0.0,,0.0,9.2996
2021-03-31,0.0,0.0,0.0,0.0,0.0,0.0,0.0,0.0,0.0,,,,0.0,,0.0,0.0,183.0,1694.4,0.0,0.0,0.0,,0.0,9.259
2021-04-01,0.0,0.0,0.0,0.0,0.0,0.0,0.0,0.0,0.0,,,,0.0,,0.0,0.0,783.0,7372.57,0.01,0.0,0.0,,0.0,9.4158
2021-04-02,0.0,0.0,0.0,0.0,0.0,0.0,0.0,0.0,0.0,,,,0.0,,0.0,0.0,183.0,1723.09,0.0,0.0,0.0,,0.0,
2021-04-05,0.0,0.0,0.0,0.0,0.0,0.0,0.0,0.0,0.0,,,,0.0,,0.0,0.0,183.0,1723.09,0.0,0.0,0.0,,0.0,
2021-04-06,0.0,0.0,0.0,0.0,0.0,0.0,0.0,0.0,0.0,,,,0.0,,0.0,0.0,183.0,1732.83,0.0,0.0,0.0,,0.0,9.469
2021-04-07,0.0,0.0,0.0,0.0,0.0,0.0,0.0,0.0,0.0,,,,0.0,,0.0,0.0,183.0,1753.74,0.0,0.0,0.0,,0.0,9.5833
2021-04-08,0.0,0.0,0.0,0.0,0.0,0.0,0.0,0.0,0.0,,,,0.0,,0.0,0.0,283.0,2715.67,0.0,0.0,0.0,,0.0,9.596
2021-04-09,0.0,0.0,0.0,0.0,0.0,0.0,0.0,0.0,0.0,,,,0.0,,0.0,0.0,183.0,1759.44,0.0,0.0,0.0,,0.0,9.6144
2021-04-12,0.0,0.0,0.0,0.0,0.0,0.0,0.0,0.0,0.0,,,,0.0,,0.0,0.0,183.0,1755.15,0.0,0.0,0.0,,0.0,9.591
2021-04-13,0.0,0.0,0.0,0.0,0.0,0.0,0.0,0.0,0.0,,,,0.0,,0.0,0.0,183.0,1772.19,0.0,0.0,0.0,,0.0,9.6841
2021-04-14,0.0,0.0,0.0,0.0,0.0,0.0,0.0,0.0,0.0,,,,0.0,,0.0,0.0,683.0,6655.49,0.0,0.0,0.0,,0.0,9.7445
2021-04-15,0.0,0.0,0.0,0.0,0.0,0.0,0.0,0.0,0.0,,,,0.0,,0.0,0.0,183.0,1794.13,0.0,0.0,0.0,,0.0,9.804
2021-04-16,0.0,0.0,0.0,0.0,0.0,0.0,0.0,0.0,0.0,,,,0.0,,0.0,0.0,183.0,1811.0,0.0,0.0,0.0,,0.0,9.8962
2021-04-19,0.0,0.0,0.0,0.0,0.0,0.0,0.0,0.0,0.0,,,,0.0,,0.0,0.0,183.0,1814.43,0.0,0.0,0.0,,0.0,9.9149
2021-04-20,0.0,0.0,0.0,0.0,0.0,0.0,0.0,0.0,0.0,,,,0.0,,0.0,0.0,183.0,1822.92,0.0,0.0,0.0,,0.0,9.9613
2021-04-21,0.0,0.0,0.0,0.0,0.0,0.0,0.0,0.0,0.0,,,,0.0,,0.0,0.0,183.0,1805.37,0.0,0.0,0.0,,0.0,9.8654
2021-04-22,0.0,0.0,0.0,0.0,0.0,0.0,0.0,0.0,0.0,,,,0.0,,0.0,0.0,183.0,1827.73,0.0,0.0,0.0,,0.0,9.9876
2021-04-23,0.0,0.0,0.0,0.0,0.0,0.0,0.0,0.0,0.0,,,,0.0,,0.0,0.0,183.0,1810.44,0.0,0.0,0.0,,0.0,9.8931
2021-04-26,0.0,0.0,0.0,0.0,0.0,0.0,0.0,0.0,0.0,,,,0.0,,0.0,0.0,183.0,1810.88,0.0,0.0,0.0,,0.0,9.8955
2021-04-27,0.0,0.0,0.0,0.0,0.0,0.0,0.0,0.0,0.0,,,,0.0,,0.0,0.0,183.0,1812.94,0.0,0.0,0.0,,0.0,9.9068
2021-04-28,0.0,0.0,0.0,0.0,0.0,0.0,0.0,0.0,0.0,,,,0.0,,0.0,0.0,183.0,1806.32,0.0,0.0,0.0,,0.0,9.8706
2021-04-29,0.0,0.0,0.0,0.0,0.0,0.0,0.0,0.0,0.0,,,,0.0,,0.0,0.0,183.0,1803.03,0.0,0.0,0.0,,0.0,9.8526
2021-04-30,0.0,0.0,0.0,0.0,0.0,0.0,0.0,0.0,0.0,,,,0.0,,0.0,0.0,183.0,1793.78,0.0,0.0,0.0,,0.0,9.8021
2021-05-03,0.0,0.0,0.0,0.0,0.0,0.0,0.0,0.0,0.0,,,,0.0,,0.0,0.0,183.0,1815.09,0.0,0.0,0.0,,0.0,9.9185
2021-05-04,0.0,0.0,0.0,0.0,0.0,0.0,0.0,0.0,0.0,,,,0.0,,0.0,0.0,183.0,1799.71,0.0,0.0,0.0,,0.0,9.8345
2021-05-05,0.0,0.0,0.0,0.0,0.0,0.0,0.0,0.0,0.0,,,,0.0,,0.0,0.0,183.0,1799.09,0.0,0.0,0.0,,0.0,9.8311
2021-05-06,0.0,0.0,0.0,0.0,0.0,0.0,0.0,0.0,0.0,,,,0.0,,0.0,0.0,183.0,1798.38,0.0,0.0,0.0,,0.0,9.8272
2021-05-07,0.0,0.0,0.0,0.0,0.0,0.0,0.0,0.0,0.0,,,,0.0,,0.0,0.0,183.0,1809.87,0.0,0.0,0.0,,0.0,9.89
2021-05-10,0.0,0.0,0.0,0.0,0.0,0.0,0.0,0.0,0.0,,,,0.0,,0.0,0.0,183.0,1826.61,0.0,0.0,0.0,,0.0,9.9815
2021-05-11,0.0,0.0,0.0,0.0,0.0,0.0,0.0,0.0,0.0,,,,0.0,,0.0,0.0,183.0,1791.59,0.0,0.0,0.0,,0.0,9.7901
2021-05-12,0.0,0.0,0.0,0.0,0.0,0.0,0.0,0.0,0.0,,,,0.0,,0.0,0.0,183.0,1793.4,0.0,0.0,0.0,,0.0,9.8
2021-05-13,0.0,0.0,0.0,0.0,0.0,0.0,0.0,0.0,0.0,,,,0.0,,0.0,0.0,183.0,1791.09,0.0,0.0,0.0,,0.0,9.7874
2021-05-14,0.0,0.0,0.0,0.0,0.0,0.0,0.0,0.0,0.0,,,,0.0,,0.0,0.0,183.0,1808.02,0.0,0.0,0.0,,0.0,9.8799
2021-05-17,0.0,0.0,0.0,0.0,0.0,0.0,0.0,0.0,0.0,,,,0.0,,0.0,0.0,183.0,1809.87,0.0,0.0,0.0,,0.0,9.89
2021-05-18,0.0,0.0,0.0,0.0,0.0,0.0,0.0,0.0,0.0,,,,0.0,,0.0,0.0,183.0,1837.47,0.0,0.0,0.0,,0.0,10.0408
2021-05-19,0.0,0.0,0.0,0.0,0.0,0.0,0.0,0.0,0.0,,,,0.0,,0.0,0.0,183.0,1817.06,0.0,0.0,0.0,,0.0,9.9293
2021-05-20,0.0,0.0,0.0,0.0,0.0,0.0,0.0,0.0,0.0,,,,0.0,,0.0,0.0,183.0,1829.96,0.0,0.0,0.0,,0.0,9.9998
2021-05-21,0.0,0.0,0.0,0.0,0.0,0.0,0.0,0.0,0.0,,,,0.0,,0.0,0.0,183.0,1828.12,0.0,0.0,0.0,,0.0,9.9897
2021-05-24,0.0,0.0,0.0,0.0,0.0,0.0,0.0,0.0,0.0,,,,0.0,,0.0,0.0,1683.0,17037.51,0.01,0.0,0.0,,0.0,10.1233
2021-05-25,0.0,0.0,0.0,0.0,0.0,0.0,0.0,0.0,0.0,,,,0.0,,0.0,0.0,183.0,1868.96,0.0,0.0,0.0,,0.0,10.2129
2021-05-26,0.0,0.0,0.0,0.0,0.0,0.0,0.0,0.0,0.0,,,,0.0,,0.0,0.0,183.0,1877.51,0.0,0.0,0.0,,0.0,10.2596
2021-05-27,0.0,0.0,0.0,0.0,0.0,0.0,0.0,0.0,0.0,,,,0.0,,0.0,0.0,183.0,1893.74,0.0,0.0,0.0,,0.0,10.3483
2021-05-28,0.0,0.0,0.0,0.0,0.0,0.0,0.0,0.0,0.0,,,,0.0,,0.0,0.0,183.0,1900.16,0.0,0.0,0.0,,0.0,10.3834
2021-05-31,0.0,0.0,0.0,0.0,0.0,0.0,0.0,0.0,0.0,,,,0.0,,0.0,0.0,183.0,1895.95,0.0,0.0,0.0,,0.0,10.3604
2021-06-01,0.0,0.0,0.0,0.0,0.0,0.0,0.0,0.0,0.0,,,,0.0,,0.0,0.0,183.0,1911.76,0.0,0.0,0.0,,0.0,10.4468
2021-06-02,0.0,0.0,0.0,0.0,0.0,0.0,0.0,0.0,0.0,,,,0.0,,0.0,0.0,183.0,1921.54,0.0,0.0,0.0,,0.0,10.5002
2021-06-03,0.0,0.0,0.0,0.0,0.0,0.0,0.0,0.0,0.0,,,,0.0,,0.0,0.0,183.0,1914.77,0.0,0.0,0.0,,0.0,10.4632
2021-06-04,0.0,0.0,0.0,0.0,0.0,0.0,0.0,0.0,0.0,,,,0.0,,0.0,0.0,183.0,1934.53,0.0,0.0,0.0,,0.0,10.5712
2021-06-07,0.0,0.0,0.0,0.0,0.0,0.0,0.0,0.0,0.0,,,,0.0,,0.0,0.0,183.0,1944.01,0.0,0.0,0.0,,0.0,10.623
2021-06-08,0.0,0.0,0.0,0.0,0.0,0.0,0.0,0.0,0.0,,,,0.0,,0.0,0.0,183.0,1967.58,0.0,0.0,0.0,,0.0,10.7518
2021-06-09,0.0,0.0,0.0,0.0,0.0,0.0,0.0,0.0,0.0,,,,0.0,,0.0,0.0,183.0,1979.27,0.0,0.0,0.0,,0.0,10.8157
2021-06-10,0.0,0.0,0.0,0.0,0.0,0.0,0.0,0.0,0.0,,,,0.0,,0.0,0.0,183.0,1979.05,0.0,0.0,0.0,,0.0,10.8145
2021-06-11,0.0,0.0,0.0,0.0,0.0,0.0,0.0,0.0,0.0,,,,0.0,,0.0,0.0,183.0,1971.97,0.0,0.0,0.0,,0.0,10.7758
2021-06-14,0.0,0.0,0.0,0.0,0.0,0.0,0.0,0.0,0.0,,,,0.0,,0.0,0.0,183.0,1982.18,0.0,0.0,0.0,,0.0,10.8316
2021-06-15,0.0,0.0,0.0,0.0,0.0,0.0,0.0,0.0,0.0,,,,0.0,,0.0,0.0,183.0,1971.53,0.0,0.0,0.0,,0.0,10.7734
2021-06-16,0.0,0.0,0.0,0.0,0.0,0.0,0.0,0.0,0.0,,,,0.0,,0.0,0.0,183.0,1965.55,0.0,0.0,0.0,,0.0,10.7407
2021-06-17,0.0,0.0,0.0,0.0,0.0,0.0,0.0,0.0,0.0,,,,0.0,,0.0,0.0,183.0,1942.23,0.0,0.0,0.0,,0.0,10.6133
2021-06-18,0.0,0.0,0.0,0.0,0.0,0.0,0.0,0.0,0.0,,,,0.0,,0.0,0.0,183.0,1936.58,0.0,0.0,0.0,,0.0,10.5824
2021-06-21,0.0,0.0,0.0,0.0,0.0,0.0,0.0,0.0,0.0,,,,0.0,,0.0,0.0,183.0,1929.42,0.0,0.0,0.0,,0.0,10.5433
2021-06-22,0.0,0.0,0.0,0.0,0.0,0.0,0.0,0.0,0.0,,,,0.0,,0.0,0.0,183.0,1940.97,0.0,0.0,0.0,,0.0,10.6064
2021-06-23,0.0,0.0,0.0,0.0,0.0,0.0,0.0,0.0,0.0,,,,0.0,,0.0,0.0,183.0,1930.1,0.0,0.0,0.0,,0.0,10.547
2021-06-24,0.0,0.0,0.0,0.0,0.0,0.0,0.0,0.0,0.0,,,,0.0,,0.0,0.0,1483.0,15709.42,0.01,0.0,0.0,,0.0,10.593
2021-06-25,0.0,0.0,0.0,0.0,0.0,0.0,0.0,0.0,0.0,,,,0.0,,0.0,0.0,183.0,1935.35,0.0,0.0,0.0,,0.0,10.5757
2021-06-28,0.0,0.0,0.0,0.0,0.0,0.0,0.0,0.0,0.0,,,,0.0,,0.0,0.0,183.0,1916.69,0.0,0.0,0.0,,0.0,10.4737
2021-06-29,0.0,0.0,0.0,0.0,0.0,0.0,0.0,0.0,0.0,,,,0.0,,0.0,0.0,183.0,1920.05,0.0,0.0,0.0,,0.0,10.4921
2021-06-30,0.0,0.0,0.0,0.0,0.0,0.0,0.0,0.0,0.0,,,,0.0,,0.0,0.0,183.0,1903.68,0.0,0.0,0.0,,0.0,10.4026
2021-07-01,21000.0,219870.0,0.28,0.1,0.22,219870.0,0.0,21000.0,0.0,21000.0,0.22,,0.0,,0.0,0.0,0.0,0.0,0.0,0.0,1.0,100.0,114.7541,10.47
2021-07-02,21000.0,222499.2,0.28,0.1,0.22,222499.2,0.0,21000.0,0.0,,,,0.0,,0.0,0.0,0.0,0.0,0.0,0.0,1.0,100.0,114.7541,10.5952
2021-07-05,21000.0,223868.4,0.28,0.1,0.22,223868.4,0.0,21000.0,0.0,,,,0.0,,0.0,0.0,0.0,0.0,0.0,0.0,1.0,100.0,114.7541,10.6604
2021-07-06,21000.0,226323.3,0.28,0.1,0.22,226323.3,0.0,21000.0,0.0,,,,0.0,,0.0,0.0,0.0,0.0,0.0,0.0,1.0,100.0,114.7541,10.7773
2021-07-07,21000.0,227778.6,0.28,0.1,0.23,227778.6,0.0,21000.0,0.0,,,,0.0,,0.0,0.0,0.0,0.0,0.0,0.0,1.0,100.0,114.7541,10.8466
2021-07-08,0.0,0.0,0.0,0.0,0.0,0.0,0.0,0.0,0.0,,,21000.0,0.0,0.23,0.0,0.0,183.0,1977.66,0.0,0.0,0.0,,0.0,10.8069
2021-07-09,0.0,0.0,0.0,0.0,0.0,0.0,0.0,0.0,0.0,,,,0.0,,0.0,0.0,183.0,2012.87,0.0,0.0,0.0,,0.0,10.9993
2021-07-12,0.0,0.0,0.0,0.0,0.0,0.0,0.0,0.0,0.0,,,,0.0,,0.0,0.0,183.0,2050.94,0.0,0.0,0.0,,0.0,11.2073
2021-07-13,0.0,0.0,0.0,0.0,0.0,0.0,0.0,0.0,0.0,,,,0.0,,0.0,0.0,183.0,2032.09,0.0,0.0,0.0,,0.0,11.1043
2021-07-14,0.0,0.0,0.0,0.0,0.0,0.0,0.0,0.0,0.0,,,,0.0,,0.0,0.0,183.0,2007.91,0.0,0.0,0.0,,0.0,10.9722
2021-07-15,0.0,0.0,0.0,0.0,0.0,0.0,0.0,0.0,0.0,,,,0.0,,0.0,0.0,183.0,1989.45,0.0,0.0,0.0,,0.0,10.8713
2021-07-16,0.0,0.0,0.0,0.0,0.0,0.0,0.0,0.0,0.0,,,,0.0,,0.0,0.0,183.0,2011.52,0.0,0.0,0.0,,0.0,10.9919
2021-07-19,0.0,0.0,0.0,0.0,0.0,0.0,0.0,0.0,0.0,,,,0.0,,0.0,0.0,183.0,1976.07,0.0,0.0,0.0,,0.0,10.7982
2021-07-20,0.0,0.0,0.0,0.0,0.0,0.0,0.0,0.0,0.0,,,,0.0,,0.0,0.0,183.0,1986.85,0.0,0.0,0.0,,0.0,10.8571
2021-07-21,0.0,0.0,0.0,0.0,0.0,0.0,0.0,0.0,0.0,,,,0.0,,0.0,0.0,183.0,2015.87,0.0,0.0,0.0,,0.0,11.0157
2021-07-22,0.0,0.0,0.0,0.0,0.0,0.0,0.0,0.0,0.0,,,,0.0,,0.0,0.0,183.0,2014.87,0.0,0.0,0.0,,0.0,11.0102
2021-07-23,0.0,0.0,0.0,0.0,0.0,0.0,0.0,0.0,0.0,,,,0.0,,0.0,0.0,183.0,2014.26,0.0,0.0,0.0,,0.0,11.0069
2021-07-26,0.0,0.0,0.0,0.0,0.0,0.0,0.0,0.0,0.0,,,,0.0,,0.0,0.0,183.0,2013.4,0.0,0.0,0.0,,0.0,11.0022
2021-07-27,0.0,0.0,0.0,0.0,0.0,0.0,0.0,0.0,0.0,,,,0.0,,0.0,0.0,183.0,2013.16,0.0,0.0,0.0,,0.0,11.0009
2021-07-28,0.0,0.0,0.0,0.0,0.0,0.0,0.0,0.0,0.0,,,,0.0,,0.0,0.0,183.0,2027.55,0.0,0.0,0.0,,0.0,11.0795
2021-07-29,0.0,0.0,0.0,0.0,0.0,0.0,0.0,0.0,0.0,,,,0.0,,0.0,0.0,183.0,2017.08,0.0,0.0,0.0,,0.0,11.0223
2021-07-30,0.0,0.0,0.0,0.0,0.0,0.0,0.0,0.0,0.0,,,,0.0,,0.0,0.0,183.0,2023.49,0.0,0.0,0.0,,0.0,11.0573
2021-08-02,0.0,0.0,0.0,0.0,0.0,0.0,0.0,0.0,0.0,,,,0.0,,0.0,0.0,183.0,2051.87,0.0,0.0,0.0,,0.0,11.2124
2021-08-03,0.0,0.0,0.0,0.0,0.0,0.0,0.0,0.0,0.0,,,,0.0,,0.0,0.0,183.0,2042.98,0.0,0.0,0.0,,0.0,11.1638
2021-08-04,0.0,0.0,0.0,0.0,0.0,0.0,0.0,0.0,0.0,,,,0.0,,0.0,0.0,183.0,2059.24,0.0,0.0,0.0,,0.0,11.2527
2021-08-05,0.0,0.0,0.0,0.0,0.0,0.0,0.0,0.0,0.0,,,,0.0,,0.0,0.0,183.0,2077.2,0.0,0.0,0.0,,0.0,11.3508
2021-08-06,0.0,0.0,0.0,0.0,0.0,0.0,0.0,0.0,0.0,,,,0.0,,0.0,0.0,183.0,2072.8,0.0,0.0,0.0,,0.0,11.3268
2021-08-09,0.0,0.0,0.0,0.0,0.0,0.0,0.0,0.0,0.0,,,,0.0,,0.0,0.0,183.0,2060.65,0.0,0.0,0.0,,0.0,11.2604
2021-08-10,0.0,0.0,0.0,0.0,0.0,0.0,0.0,0.0,0.0,,,,0.0,,0.0,0.0,183.0,2061.99,0.0,0.0,0.0,,0.0,11.2677
2021-08-11,0.0,0.0,0.0,0.0,0.0,0.0,0.0,0.0,0.0,,,,0.0,,0.0,0.0,183.0,2079.63,0.0,0.0,0.0,,0.0,11.3641
2021-08-12,0.0,0.0,0.0,0.0,0.0,0.0,0.0,0.0,0.0,,,,0.0,,0.0,0.0,183.0,2078.7,0.0,0.0,0.0,,0.0,11.359
2021-08-13,0.0,0.0,0.0,0.0,0.0,0.0,0.0,0.0,0.0,,,,0.0,,0.0,0.0,183.0,2090.87,0.0,0.0,0.0,,0.0,11.4255
2021-08-16,0.0,0.0,0.0,0.0,0.0,0.0,0.0,0.0,0.0,,,,0.0,,0.0,0.0,183.0,2097.07,0.0,0.0,0.0,,0.0,11.4594
2021-08-17,0.0,0.0,0.0,0.0,0.0,0.0,0.0,0.0,0.0,,,,0.0,,0.0,0.0,183.0,2081.11,0.0,0.0,0.0,,0.0,11.3722
2021-08-18,0.0,0.0,0.0,0.0,0.0,0.0,0.0,0.0,0.0,,,,0.0,,0.0,0.0,183.0,2102.34,0.0,0.0,0.0,,0.0,11.4882
2021-08-19,0.0,0.0,0.0,0.0,0.0,0.0,0.0,0.0,0.0,,,,0.0,,0.0,0.0,183.0,2079.47,0.0,0.0,0.0,,0.0,11.3632
2021-08-20,0.0,0.0,0.0,0.0,0.0,0.0,0.0,0.0,0.0,,,,0.0,,0.0,0.0,183.0,2085.54,0.0,0.0,0.0,,0.0,11.3964
2021-08-23,0.0,0.0,0.0,0.0,0.0,0.0,0.0,0.0,0.0,,,,0.0,,0.0,0.0,183.0,2056.83,0.0,0.0,0.0,,0.0,11.2395
2021-08-24,0.0,0.0,0.0,0.0,0.0,0.0,0.0,0.0,0.0,,,,0.0,,0.0,0.0,183.0,2055.86,0.0,0.0,0.0,,0.0,11.2342
2021-08-25,0.0,0.0,0.0,0.0,0.0,0.0,0.0,0.0,0.0,,,,0.0,,0.0,0.0,183.0,2033.94,0.0,0.0,0.0,,0.0,11.1144
2021-08-26,0.0,0.0,0.0,0.0,0.0,0.0,0.0,0.0,0.0,,,,0.0,,0.0,0.0,183.0,2028.04,0.0,0.0,0.0,,0.0,11.0822
2021-08-27,0.0,0.0,0.0,0.0,0.0,0.0,0.0,0.0,0.0,,,,0.0,,0.0,0.0,183.0,2076.57,0.0,0.0,0.0,,0.0,11.3474
2021-08-30,0.0,0.0,0.0,0.0,0.0,0.0,0.0,0.0,0.0,,,,0.0,,0.0,0.0,183.0,2070.86,0.0,0.0,0.0,,0.0,11.3162
2021-08-31,0.0,0.0,0.0,0.0,0.0,0.0,0.0,0.0,0.0,,,,0.0,,0.0,0.0,183.0,2062.74,0.0,0.0,0.0,,0.0,11.2718
2021-09-01,16000.0,180078.4,0.63,0.08,0.18,180078.4,0.0,16000.0,0.0,16000.0,0.18,,0.0,,0.0,0.0,0.0,0.0,0.0,0.0,1.0,100.0,87.4317,11.2549
2021-09-02,16000.0,178443.2,0.64,0.08,0.18,178443.2,0.0,16000.0,0.0,,,,0.0,,0.0,0.0,0.0,0.0,0.0,0.0,1.0,100.0,87.4317,11.1527
2021-09-03,16000.0,177086.4,0.64,0.08,0.18,177086.4,0.0,16000.0,0.0,,,,0.0,,0.0,0.0,0.0,0.0,0.0,0.0,1.0,100.0,87.4317,11.0679
2021-09-06,16000.0,175734.4,0.61,0.08,0.18,175734.4,0.0,16000.0,0.0,,,,0.0,,0.0,0.0,0.0,0.0,0.0,0.0,1.0,100.0,87.4317,10.9834
2021-09-07,16000.0,175320.0,0.59,0.08,0.18,175320.0,0.0,16000.0,0.0,,,,0.0,,0.0,0.0,0.0,0.0,0.0,0.0,1.0,100.0,87.4317,10.9575
2021-09-08,16000.0,170944.0,0.57,0.08,0.18,170944.0,0.0,16000.0,0.0,,,,0.0,,0.0,0.0,0.0,0.0,0.0,0.0,1.0,100.0,87.4317,10.684
2021-09-09,0.0,0.0,0.0,0.0,0.0,0.0,0.0,0.0,0.0,,,16000.0,0.0,0.18,0.0,0.0,183.0,1977.64,0.0,0.0,0.0,,0.0,10.8068
2021-09-10,0.0,0.0,0.0,0.0,0.0,0.0,0.0,0.0,0.0,,,,0.0,,0.0,0.0,183.0,1959.29,0.0,0.0,0.0,,0.0,10.7065
2021-09-13,0.0,0.0,0.0,0.0,0.0,0.0,0.0,0.0,0.0,,,,0.0,,0.0,0.0,183.0,1976.31,0.0,0.0,0.0,,0.0,10.7995
2021-09-14,0.0,0.0,0.0,0.0,0.0,0.0,0.0,0.0,0.0,,,,0.0,,0.0,0.0,183.0,1975.83,0.0,0.0,0.0,,0.0,10.7969
2021-09-15,0.0,0.0,0.0,0.0,0.0,0.0,0.0,0.0,0.0,,,,0.0,,0.0,0.0,183.0,1949.81,0.0,0.0,0.0,,0.0,10.6547
2021-09-16,0.0,0.0,0.0,0.0,0.0,0.0,0.0,0.0,0.0,,,,0.0,,0.0,0.0,183.0,1959.55,0.0,0.0,0.0,,0.0,10.7079
2021-09-17,0.0,0.0,0.0,0.0,0.0,0.0,0.0,0.0,0.0,,,,0.0,,0.0,0.0,183.0,1947.1,0.0,0.0,0.0,,0.0,10.6399
2021-09-20,0.0,0.0,0.0,0.0,0.0,0.0,0.0,0.0,0.0,,,,0.0,,0.0,0.0,183.0,1896.9,0.0,0.0,0.0,,0.0,10.3656
2021-09-21,0.0,0.0,0.0,0.0,0.0,0.0,0.0,0.0,0.0,,,,0.0,,0.0,0.0,183.0,1927.06,0.0,0.0,0.0,,0.0,10.5304
2021-09-22,0.0,0.0,0.0,0.0,0.0,0.0,0.0,0.0,0.0,,,,0.0,,0.0,0.0,183.0,1932.44,0.0,0.0,0.0,,0.0,10.5598
2021-09-23,0.0,0.0,0.0,0.0,0.0,0.0,0.0,0.0,0.0,,,,0.0,,0.0,0.0,183.0,1947.41,0.0,0.0,0.0,,0.0,10.6416
2021-09-24,0.0,0.0,0.0,0.0,0.0,0.0,0.0,0.0,0.0,,,,0.0,,0.0,0.0,183.0,1929.77,0.0,0.0,0.0,,0.0,10.5452
2021-09-27,0.0,0.0,0.0,0.0,0.0,0.0,0.0,0.0,0.0,,,,0.0,,0.0,0.0,183.0,1940.97,0.0,0.0,0.0,,0.0,10.6064
2021-09-28,0.0,0.0,0.0,0.0,0.0,0.0,0.0,0.0,0.0,,,,0.0,,0.0,0.0,183.0,1870.74,0.0,0.0,0.0,,0.0,10.2226
2021-09-29,0.0,0.0,0.0,0.0,0.0,0.0,0.0,0.0,0.0,,,,0.0,,0.0,0.0,183.0,1872.42,0.0,0.0,0.0,,0.0,10.2318
2021-09-30,0.0,0.0,0.0,0.0,0.0,0.0,0.0,0.0,0.0,,,,0.0,,0.0,0.0,183.0,1863.29,0.0,0.0,0.0,,0.0,10.1819
2021-10-01,0.0,0.0,0.0,0.0,0.0,0.0,0.0,0.0,0.0,,,,0.0,,0.0,0.0,183.0,1848.3,0.0,0.0,0.0,,0.0,10.1
2021-10-04,0.0,0.0,0.0,0.0,0.0,0.0,0.0,0.0,0.0,,,,0.0,,0.0,0.0,183.0,1866.01,0.0,0.0,0.0,,0.0,10.1968
2021-10-05,0.0,0.0,0.0,0.0,0.0,0.0,0.0,0.0,0.0,,,,0.0,,0.0,0.0,183.0,1865.04,0.0,0.0,0.0,,0.0,10.1915
2021-10-06,0.0,0.0,0.0,0.0,0.0,0.0,0.0,0.0,0.0,,,,0.0,,0.0,0.0,183.0,1844.62,0.0,0.0,0.0,,0.0,10.0799
2021-10-07,0.0,0.0,0.0,0.0,0.0,0.0,0.0,0.0,0.0,,,,0.0,,0.0,0.0,183.0,1874.36,0.0,0.0,0.0,,0.0,10.2424
2021-10-08,0.0,0.0,0.0,0.0,0.0,0.0,0.0,0.0,0.0,,,,0.0,,0.0,0.0,183.0,1864.84,0.0,0.0,0.0,,0.0,10.1904
2021-10-11,0.0,0.0,0.0,0.0,0.0,0.0,0.0,0.0,0.0,,,,0.0,,0.0,0.0,183.0,1874.27,0.0,0.0,0.0,,0.0,10.2419
2021-10-12,0.0,0.0,0.0,0.0,0.0,0.0,0.0,0.0,0.0,,,,0.0,,0.0,0.0,183.0,1900.46,0.0,0.0,0.0,,0.0,10.385
2021-10-13,0.0,0.0,0.0,0.0,0.0,0.0,0.0,0.0,0.0,,,,0.0,,0.0,0.0,183.0,1914.78,0.0,0.0,0.0,,0.0,10.4633
2021-10-14,0.0,0.0,0.0,0.0,0.0,0.0,0.0,0.0,0.0,,,,0.0,,0.0,0.0,183.0,1939.53,0.0,0.0,0.0,,0.0,10.5985
2021-10-15,0.0,0.0,0.0,0.0,0.0,0.0,0.0,0.0,0.0,,,,0.0,,0.0,0.0,183.0,1953.27,0.0,0.0,0.0,,0.0,10.6736
2021-10-18,0.0,0.0,0.0,0.0,0.0,0.0,0.0,0.0,0.0,,,,0.0,,0.0,0.0,183.0,1961.98,0.0,0.0,0.0,,0.0,10.7212
2021-10-19,0.0,0.0,0.0,0.0,0.0,0.0,0.0,0.0,0.0,,,,0.0,,0.0,0.0,183.0,1972.56,0.0,0.0,0.0,,0.0,10.779
2021-10-20,0.0,0.0,0.0,0.0,0.0,0.0,0.0,0.0,0.0,,,,0.0,,0.0,0.0,183.0,1960.92,0.0,0.0,0.0,,0.0,10.7154
2021-10-21,0.0,0.0,0.0,0.0,0.0,0.0,0.0,0.0,0.0,,,,0.0,,0.0,0.0,183.0,1977.99,0.0,0.0,0.0,,0.0,10.8087
2021-10-22,0.0,0.0,0.0,0.0,0.0,0.0,0.0,0.0,0.0,,,,0.0,,0.0,0.0,183.0,1992.39,0.0,0.0,0.0,,0.0,10.8874
2021-10-25,0.0,0.0,0.0,0.0,0.0,0.0,0.0,0.0,0.0,,,,0.0,,0.0,0.0,183.0,1981.63,0.0,0.0,0.0,,0.0,10.8286
2021-10-26,0.0,0.0,0.0,0.0,0.0,0.0,0.0,0.0,0.0,,,,0.0,,0.0,0.0,183.0,1984.89,0.0,0.0,0.0,,0.0,10.8464
2021-10-27,0.0,0.0,0.0,0.0,0.0,0.0,0.0,0.0,0.0,,,,0.0,,0.0,0.0,183.0,2005.17,0.0,0.0,0.0,,0.0,10.9572
2021-10-28,0.0,0.0,0.0,0.0,0.0,0.0,0.0,0.0,0.0,,,,0.0,,0.0,0.0,183.0,2009.29,0.0,0.0,0.0,,0.0,10.9797
2021-10-29,0.0,0.0,0.0,0.0,0.0,0.0,0.0,0.0,0.0,,,,0.0,,0.0,0.0,183.0,1963.22,0.0,0.0,0.0,,0.0,10.728
2021-11-01,0.0,0.0,0.0,0.0,0.0,0.0,0.0,0.0,0.0,,,,0.0,,0.0,0.0,183.0,1957.5,0.0,0.0,0.0,,0.0,10.6967
2021-11-02,0.0,0.0,0.0,0.0,0.0,0.0,0.0,0.0,0.0,,,,0.0,,0.0,0.0,183.0,1954.04,0.0,0.0,0.0,,0.0,10.6778
2021-11-03,0.0,0.0,0.0,0.0,0.0,0.0,0.0,0.0,0.0,,,,0.0,,0.0,0.0,183.0,1972.19,0.0,0.0,0.0,,0.0,10.777
2021-11-04,0.0,0.0,0.0,0.0,0.0,0.0,0.0,0.0,0.0,,,,0.0,,0.0,0.0,183.0,2021.62,0.0,0.0,0.0,,0.0,11.0471
2021-11-05,0.0,0.0,0.0,0.0,0.0,0.0,0.0,0.0,0.0,,,,0.0,,0.0,0.0,183.0,2025.06,0.0,0.0,0.0,,0.0,11.0659
2021-11-08,0.0,0.0,0.0,0.0,0.0,0.0,0.0,0.0,0.0,,,,0.0,,0.0,0.0,183.0,2000.43,0.0,0.0,0.0,,0.0,10.9313
2021-11-09,0.0,0.0,0.0,0.0,0.0,0.0,0.0,0.0,0.0,,,,0.0,,0.0,0.0,183.0,2021.67,0.0,0.0,0.0,,0.0,11.0474
2021-11-10,0.0,0.0,0.0,0.0,0.0,0.0,0.0,0.0,0.0,,,,0.0,,0.0,0.0,183.0,2007.09,0.0,0.0,0.0,,0.0,10.9677
2021-11-11,0.0,0.0,0.0,0.0,0.0,0.0,0.0,0.0,0.0,,,,0.0,,0.0,0.0,183.0,1999.9,0.0,0.0,0.0,,0.0,10.9284
2021-11-12,0.0,0.0,0.0,0.0,0.0,0.0,0.0,0.0,0.0,,,,0.0,,0.0,0.0,183.0,2005.55,0.0,0.0,0.0,,0.0,10.9593
2021-11-15,0.0,0.0,0.0,0.0,0.0,0.0,0.0,0.0,0.0,,,,0.0,,0.0,0.0,183.0,2016.59,0.0,0.0,0.0,,0.0,11.0196
2021-11-16,0.0,0.0,0.0,0.0,0.0,0.0,0.0,0.0,0.0,,,,0.0,,0.0,0.0,183.0,2045.76,0.0,0.0,0.0,,0.0,11.179
2021-11-17,0.0,0.0,0.0,0.0,0.0,0.0,0.0,0.0,0.0,,,,0.0,,0.0,0.0,183.0,2034.91,0.0,0.0,0.0,,0.0,11.1197
2021-11-18,0.0,0.0,0.0,0.0,0.0,0.0,0.0,0.0,0.0,,,,0.0,,0.0,0.0,183.0,2048.41,0.0,0.0,0.0,,0.0,11.1935
2021-11-19,0.0,0.0,0.0,0.0,0.0,0.0,0.0,0.0,0.0,,,,0.0,,0.0,0.0,183.0,2058.6,0.0,0.0,0.0,,0.0,11.2492
2021-11-22,0.0,0.0,0.0,0.0,0.0,0.0,0.0,0.0,0.0,,,,0.0,,0.0,0.0,183.0,2029.52,0.0,0.0,0.0,,0.0,11.0903
2021-11-23,0.0,0.0,0.0,0.0,0.0,0.0,0.0,0.0,0.0,,,,0.0,,0.0,0.0,183.0,1985.6,0.0,0.0,0.0,,0.0,10.8503
2021-11-24,0.0,0.0,0.0,0.0,0.0,0.0,0.0,0.0,0.0,,,,0.0,,0.0,0.0,183.0,2017.37,0.0,0.0,0.0,,0.0,11.0239
2021-11-25,0.0,0.0,0.0,0.0,0.0,0.0,0.0,0.0,0.0,,,,0.0,,0.0,0.0,183.0,2043.43,0.0,0.0,0.0,,0.0,11.1663
2021-11-26,0.0,0.0,0.0,0.0,0.0,0.0,0.0,0.0,0.0,,,,0.0,,0.0,0.0,183.0,1976.69,0.0,0.0,0.0,,0.0,10.8016
2021-11-29,0.0,0.0,0.0,0.0,0.0,0.0,0.0,0.0,0.0,,,,0.0,,0.0,0.0,183.0,1969.72,0.0,0.0,0.0,,0.0,10.7635
2021-11-30,0.0,0.0,0.0,0.0,0.0,0.0,0.0,0.0,0.0,,,,0.0,,0.0,0.0,183.0,1963.75,0.0,0.0,0.0,,0.0,10.7309
2021-12-01,0.0,0.0,0.0,0.0,0.0,0.0,0.0,0.0,0.0,,,,0.0,,0.0,0.0,183.0,1969.61,0.0,0.0,0.0,,0.0,10.7629
2021-12-02,0.0,0.0,0.0,0.0,0.0,0.0,0.0,0.0,0.0,,,,0.0,,0.0,0.0,183.0,1963.32,0.0,0.0,0.0,,0.0,10.7285
2021-12-03,0.0,0.0,0.0,0.0,0.0,0.0,0.0,0.0,0.0,,,,0.0,,0.0,0.0,183.0,1938.37,0.0,0.0,0.0,,0.0,10.5922
2021-12-06,0.0,0.0,0.0,0.0,0.0,0.0,0.0,0.0,0.0,,,,0.0,,0.0,0.0,183.0,1954.66,0.0,0.0,0.0,,0.0,10.6812
2021-12-07,0.0,0.0,0.0,0.0,0.0,0.0,0.0,0.0,0.0,,,,0.0,,0.0,0.0,183.0,1979.68,0.0,0.0,0.0,,0.0,10.8179
2021-12-08,0.0,0.0,0.0,0.0,0.0,0.0,0.0,0.0,0.0,,,,0.0,,0.0,0.0,183.0,1954.51,0.0,0.0,0.0,,0.0,10.6804
2021-12-09,0.0,0.0,0.0,0.0,0.0,0.0,0.0,0.0,0.0,,,,0.0,,0.0,0.0,183.0,1945.05,0.0,0.0,0.0,,0.0,10.6287
2021-12-10,0.0,0.0,0.0,0.0,0.0,0.0,0.0,0.0,0.0,,,,0.0,,0.0,0.0,183.0,1954.4,0.0,0.0,0.0,,0.0,10.6798
2021-12-13,0.0,0.0,0.0,0.0,0.0,0.0,0.0,0.0,0.0,,,,0.0,,0.0,0.0,183.0,1933.82,0.0,0.0,0.0,,0.0,10.5673
2021-12-14,0.0,0.0,0.0,0.0,0.0,0.0,0.0,0.0,0.0,,,,0.0,,0.0,0.0,183.0,1900.0,0.0,0.0,0.0,,0.0,10.3825
2021-12-15,0.0,0.0,0.0,0.0,0.0,0.0,0.0,0.0,0.0,,,,0.0,,0.0,0.0,183.0,1912.9,0.0,0.0,0.0,,0.0,10.453
2021-12-16,0.0,0.0,0.0,0.0,0.0,0.0,0.0,0.0,0.0,,,,0.0,,0.0,0.0,183.0,1921.59,0.0,0.0,0.0,,0.0,10.5005
2021-12-17,0.0,0.0,0.0,0.0,0.0,0.0,0.0,0.0,0.0,,,,0.0,,0.0,0.0,183.0,1939.05,0.0,0.0,0.0,,0.0,10.5959
2021-12-20,0.0,0.0,0.0,0.0,0.0,0.0,0.0,0.0,0.0,,,,0.0,,0.0,0.0,183.0,1886.13,0.0,0.0,0.0,,0.0,10.3067
2021-12-21,0.0,0.0,0.0,0.0,0.0,0.0,0.0,0.0,0.0,,,,0.0,,0.0,0.0,183.0,1912.37,0.0,0.0,0.0,,0.0,10.4501
2021-12-22,0.0,0.0,0.0,0.0,0.0,0.0,0.0,0.0,0.0,,,,0.0,,0.0,0.0,183.0,1911.58,0.0,0.0,0.0,,0.0,10.4458
2021-12-23,0.0,0.0,0.0,0.0,0.0,0.0,0.0,0.0,0.0,,,,0.0,,0.0,0.0,183.0,1922.25,0.0,0.0,0.0,,0.0,10.5041
2021-12-24,0.0,0.0,0.0,0.0,0.0,0.0,0.0,0.0,0.0,,,,0.0,,0.0,0.0,183.0,1915.37,0.0,0.0,0.0,,0.0,10.4665
2021-12-27,0.0,0.0,0.0,0.0,0.0,0.0,0.0,0.0,0.0,,,,0.0,,0.0,0.0,183.0,1934.88,0.0,0.0,0.0,,0.0,10.5731
2021-12-28,0.0,0.0,0.0,0.0,0.0,0.0,0.0,0.0,0.0,,,,0.0,,0.0,0.0,183.0,1952.02,0.0,0.0,0.0,,0.0,10.6668
2021-12-29,0.0,0.0,0.0,0.0,0.0,0.0,0.0,0.0,0.0,,,,0.0,,0.0,0.0,183.0,1953.2,0.0,0.0,0.0,,0.0,10.6732
2021-12-30,0.0,0.0,0.0,0.0,0.0,0.0,0.0,0.0,0.0,,,,0.0,,0.0,0.0,183.0,1967.07,0.0,0.0,0.0,,0.0,10.749
2021-12-31,0.0,0.0,0.0,0.0,0.0,0.0,0.0,0.0,0.0,,,,0.0,,0.0,0.0,183.0,1964.6,0.0,0.0,0.0,,0.0,10.7355
2022-01-03,0.0,0.0,0.0,0.0,0.0,0.0,0.0,0.0,0.0,,,,0.0,,0.0,0.0,183.0,1969.7,0.0,0.0,0.0,,0.0,10.7634
2022-01-04,0.0,0.0,0.0,0.0,0.0,0.0,0.0,0.0,0.0,,,,0.0,,0.0,0.0,183.0,1970.27,0.0,0.0,0.0,,0.0,10.7665
2022-01-05,0.0,0.0,0.0,0.0,0.0,0.0,0.0,0.0,0.0,,,,0.0,,0.0,0.0,183.0,1983.72,0.0,0.0,0.0,,0.0,10.84
2022-01-06,0.0,0.0,0.0,0.0,0.0,0.0,0.0,0.0,0.0,,,,0.0,,0.0,0.0,183.0,1963.19,0.0,0.0,0.0,,0.0,10.7278
2022-01-07,0.0,0.0,0.0,0.0,0.0,0.0,0.0,0.0,0.0,,,,0.0,,0.0,0.0,183.0,1925.14,0.0,0.0,0.0,,0.0,10.5199
2022-01-10,0.0,0.0,0.0,0.0,0.0,0.0,0.0,0.0,0.0,,,,0.0,,0.0,0.0,183.0,1888.05,0.0,0.0,0.0,,0.0,10.3172
2022-01-11,0.0,0.0,0.0,0.0,0.0,0.0,0.0,0.0,0.0,,,,0.0,,0.0,0.0,183.0,1892.84,0.0,0.0,0.0,,0.0,10.3434
2022-01-12,0.0,0.0,0.0,0.0,0.0,0.0,0.0,0.0,0.0,,,,0.0,,0.0,0.0,183.0,1912.61,0.0,0.0,0.0,,0.0,10.4514
2022-01-13,0.0,0.0,0.0,0.0,0.0,0.0,0.0,0.0,0.0,,,,0.0,,0.0,0.0,183.0,1916.12,0.0,0.0,0.0,,0.0,10.4706
2022-01-14,0.0,0.0,0.0,0.0,0.0,0.0,0.0,0.0,0.0,,,,0.0,,0.0,0.0,183.0,1896.54,0.0,0.0,0.0,,0.0,10.3636
2022-01-17,0.0,0.0,0.0,0.0,0.0,0.0,0.0,0.0,0.0,,,,0.0,,0.0,0.0,183.0,1877.96,0.0,0.0,0.0,,0.0,10.2621
2022-01-18,0.0,0.0,0.0,0.0,0.0,0.0,0.0,0.0,0.0,,,,0.0,,0.0,0.0,183.0,1852.25,0.0,0.0,0.0,,0.0,10.1216
2022-01-19,0.0,0.0,0.0,0.0,0.0,0.0,0.0,0.0,0.0,,,,0.0,,0.0,0.0,183.0,1865.14,0.0,0.0,0.0,,0.0,10.192
2022-01-20,0.0,0.0,0.0,0.0,0.0,0.0,0.0,0.0,0.0,,,,0.0,,0.0,0.0,183.0,1886.62,0.0,0.0,0.0,,0.0,10.3094
2022-01-21,0.0,0.0,0.0,0.0,0.0,0.0,0.0,0.0,0.0,,,,0.0,,0.0,0.0,183.0,1857.12,0.0,0.0,0.0,,0.0,10.1482
2022-01-24,0.0,0.0,0.0,0.0,0.0,0.0,0.0,0.0,0.0,,,,0.0,,0.0,0.0,183.0,1799.24,0.0,0.0,0.0,,0.0,9.8319
2022-01-25,0.0,0.0,0.0,0.0,0.0,0.0,0.0,0.0,0.0,,,,0.0,,0.0,0.0,183.0,1798.69,0.0,0.0,0.0,,0.0,9.8289
2022-01-26,0.0,0.0,0.0,0.0,0.0,0.0,0.0,0.0,0.0,,,,0.0,,0.0,0.0,183.0,1854.81,0.0,0.0,0.0,,0.0,10.1356
2022-01-27,0.0,0.0,0.0,0.0,0.0,0.0,0.0,0.0,0.0,,,,0.0,,0.0,0.0,183.0,1868.27,0.0,0.0,0.0,,0.0,10.2091
2022-01-28,0.0,0.0,0.0,0.0,0.0,0.0,0.0,0.0,0.0,,,,0.0,,0.0,0.0,183.0,1850.81,0.0,0.0,0.0,,0.0,10.1137
2022-01-31,0.0,0.0,0.0,0.0,0.0,0.0,0.0,0.0,0.0,,,,0.0,,0.0,0.0,183.0,1884.13,0.0,0.0,0.0,,0.0,10.2958
2022-02-01,0.0,0.0,0.0,0.0,0.0,0.0,0.0,0.0,0.0,,,,0.0,,0.0,0.0,183.0,1872.93,0.0,0.0,0.0,,0.0,10.2346
2022-02-02,0.0,0.0,0.0,0.0,0.0,0.0,0.0,0.0,0.0,,,,0.0,,0.0,0.0,183.0,1897.64,0.0,0.0,0.0,,0.0,10.3696
2022-02-03,0.0,0.0,0.0,0.0,0.0,0.0,0.0,0.0,0.0,,,,0.0,,0.0,0.0,183.0,1868.08,0.0,0.0,0.0,,0.0,10.2081
2022-02-04,0.0,0.0,0.0,0.0,0.0,0.0,0.0,0.0,0.0,,,,0.0,,0.0,0.0,183.0,1815.16,0.0,0.0,0.0,,0.0,9.9189
2022-02-07,0.0,0.0,0.0,0.0,0.0,0.0,0.0,0.0,0.0,,,,0.0,,0.0,0.0,183.0,1799.95,0.0,0.0,0.0,,0.0,9.8358
2022-02-08,0.0,0.0,0.0,0.0,0.0,0.0,0.0,0.0,0.0,,,,0.0,,0.0,0.0,183.0,1781.16,0.0,0.0,0.0,,0.0,9.7331
2022-02-09,0.0,0.0,0.0,0.0,0.0,0.0,0.0,0.0,0.0,,,,0.0,,0.0,0.0,183.0,1810.97,0.0,0.0,0.0,,0.0,9.896
2022-02-10,0.0,0.0,0.0,0.0,0.0,0.0,0.0,0.0,0.0,,,,0.0,,0.0,0.0,183.0,1822.61,0.0,0.0,0.0,,0.0,9.9596
2022-02-11,0.0,0.0,0.0,0.0,0.0,0.0,0.0,0.0,0.0,,,,0.0,,0.0,0.0,183.0,1812.96,0.0,0.0,0.0,,0.0,9.9069
2022-02-14,0.0,0.0,0.0,0.0,0.0,0.0,0.0,0.0,0.0,,,,0.0,,0.0,0.0,183.0,1787.07,0.0,0.0,0.0,,0.0,9.7654
2022-02-15,0.0,0.0,0.0,0.0,0.0,0.0,0.0,0.0,0.0,,,,0.0,,0.0,0.0,183.0,1813.62,0.0,0.0,0.0,,0.0,9.9105
2022-02-16,0.0,0.0,0.0,0.0,0.0,0.0,0.0,0.0,0.0,,,,0.0,,0.0,0.0,183.0,1841.05,0.0,0.0,0.0,,0.0,10.0604
2022-02-17,0.0,0.0,0.0,0.0,0.0,0.0,0.0,0.0,0.0,,,,0.0,,0.0,0.0,183.0,1814.65,0.0,0.0,0.0,,0.0,9.9161
2022-02-18,0.0,0.0,0.0,0.0,0.0,0.0,0.0,0.0,0.0,,,,0.0,,0.0,0.0,183.0,1790.66,0.0,0.0,0.0,,0.0,9.785
2022-02-21,0.0,0.0,0.0,0.0,0.0,0.0,0.0,0.0,0.0,,,,0.0,,0.0,0.0,183.0,1762.84,0.0,0.0,0.0,,0.0,9.633
2022-02-22,0.0,0.0,0.0,0.0,0.0,0.0,0.0,0.0,0.0,,,,0.0,,0.0,0.0,183.0,1790.0,0.0,0.0,0.0,,0.0,9.7814
2022-02-23,0.0,0.0,0.0,0.0,0.0,0.0,0.0,0.0,0.0,,,,0.0,,0.0,0.0,183.0,1774.15,0.0,0.0,0.0,,0.0,9.6948
2022-02-24,0.0,0.0,0.0,0.0,0.0,0.0,0.0,0.0,0.0,,,,0.0,,0.0,0.0,183.0,1728.8,0.0,0.0,0.0,,0.0,9.447
2022-02-25,0.0,0.0,0.0,0.0,0.0,0.0,0.0,0.0,0.0,,,,0.0,,0.0,0.0,183.0,1793.86,0.0,0.0,0.0,,0.0,9.8025
2022-02-28,0.0,0.0,0.0,0.0,0.0,0.0,0.0,0.0,0.0,,,,0.0,,0.0,0.0,183.0,1802.68,0.0,0.0,0.0,,0.0,9.8507
2022-03-01,0.0,0.0,0.0,0.0,0.0,0.0,0.0,0.0,0.0,,,,0.0,,0.0,0.0,183.0,1766.39,0.0,0.0,0.0,,0.0,9.6524
2022-03-02,0.0,0.0,0.0,0.0,0.0,0.0,0.0,0.0,0.0,,,,0.0,,0.0,0.0,183.0,1783.5,0.0,0.0,0.0,,0.0,9.7459
2022-03-03,0.0,0.0,0.0,0.0,0.0,0.0,0.0,0.0,0.0,,,,0.0,,0.0,0.0,183.0,1759.75,0.0,0.0,0.0,,0.0,9.6161
2022-03-04,0.0,0.0,0.0,0.0,0.0,0.0,0.0,0.0,0.0,,,,0.0,,0.0,0.0,183.0,1701.72,0.0,0.0,0.0,,0.0,9.299
2022-03-07,0.0,0.0,0.0,0.0,0.0,0.0,0.0,0.0,0.0,,,,0.0,,0.0,0.0,183.0,1654.39,0.0,0.0,0.0,,0.0,9.0404
2022-03-08,0.0,0.0,0.0,0.0,0.0,0.0,0.0,0.0,0.0,,,,0.0,,0.0,0.0,183.0,1660.12,0.0,0.0,0.0,,0.0,9.0717
2022-03-09,0.0,0.0,0.0,0.0,0.0,0.0,0.0,0.0,0.0,,,,0.0,,0.0,0.0,183.0,1763.97,0.0,0.0,0.0,,0.0,9.6392
2022-03-10,0.0,0.0,0.0,0.0,0.0,0.0,0.0,0.0,0.0,,,,0.0,,0.0,0.0,183.0,1748.14,0.0,0.0,0.0,,0.0,9.5527
2022-03-11,0.0,0.0,0.0,0.0,0.0,0.0,0.0,0.0,0.0,,,,0.0,,0.0,0.0,183.0,1775.06,0.0,0.0,0.0,,0.0,9.6998
2022-03-14,0.0,0.0,0.0,0.0,0.0,0.0,0.0,0.0,0.0,,,,0.0,,0.0,0.0,183.0,1809.05,0.0,0.0,0.0,,0.0,9.8855
2022-03-15,0.0,0.0,0.0,0.0,0.0,0.0,0.0,0.0,0.0,,,,0.0,,0.0,0.0,183.0,1783.15,0.0,0.0,0.0,,0.0,9.744
2022-03-16,0.0,0.0,0.0,0.0,0.0,0.0,0.0,0.0,0.0,,,,0.0,,0.0,0.0,183.0,1827.16,0.0,0.0,0.0,,0.0,9.9845
2022-03-17,0.0,0.0,0.0,0.0,0.0,0.0,0.0,0.0,0.0,,,,0.0,,0.0,0.0,183.0,1850.66,0.0,0.0,0.0,,0.0,10.1129
2022-03-18,0.0,0.0,0.0,0.0,0.0,0.0,0.0,0.0,0.0,,,,0.0,,0.0,0.0,183.0,1858.95,0.0,0.0,0.0,,0.0,10.1582
2022-03-21,0.0,0.0,0.0,0.0,0.0,0.0,0.0,0.0,0.0,,,,0.0,,0.0,0.0,183.0,1830.42,0.0,0.0,0.0,,0.0,10.0023
2022-03-22,0.0,0.0,0.0,0.0,0.0,0.0,0.0,0.0,0.0,,,,0.0,,0.0,0.0,183.0,1844.07,0.0,0.0,0.0,,0.0,10.0769
2022-03-23,0.0,0.0,0.0,0.0,0.0,0.0,0.0,0.0,0.0,,,,0.0,,0.0,0.0,183.0,1782.27,0.0,0.0,0.0,,0.0,9.7392
2022-03-24,0.0,0.0,0.0,0.0,0.0,0.0,0.0,0.0,0.0,,,,0.0,,0.0,0.0,183.0,1749.06,0.0,0.0,0.0,,0.0,9.5577
2022-03-25,0.0,0.0,0.0,0.0,0.0,0.0,0.0,0.0,0.0,,,,0.0,,0.0,0.0,183.0,1779.8,0.0,0.0,0.0,,0.0,9.7257
2022-03-28,0.0,0.0,0.0,0.0,0.0,0.0,0.0,0.0,0.0,,,,0.0,,0.0,0.0,183.0,1783.26,0.0,0.0,0.0,,0.0,9.7446
2022-03-29,0.0,0.0,0.0,0.0,0.0,0.0,0.0,0.0,0.0,,,,0.0,,0.0,0.0,183.0,1828.66,0.0,0.0,0.0,,0.0,9.9927
2022-03-30,0.0,0.0,0.0,0.0,0.0,0.0,0.0,0.0,0.0,,,,0.0,,0.0,0.0,183.0,1824.62,0.0,0.0,0.0,,0.0,9.9706
2022-03-31,0.0,0.0,0.0,0.0,0.0,0.0,0.0,0.0,0.0,,,,0.0,,0.0,0.0,183.0,1807.82,0.0,0.0,0.0,,0.0,9.8788
2022-04-01,0.0,0.0,0.0,0.0,0.0,0.0,0.0,0.0,0.0,,,,0.0,,0.0,0.0,183.0,1815.38,0.0,0.0,0.0,,0.0,9.9201
2022-04-04,0.0,0.0,0.0,0.0,0.0,0.0,0.0,0.0,0.0,,,,0.0,,0.0,0.0,183.0,1825.57,0.0,0.0,0.0,,0.0,9.9758
2022-04-05,0.0,0.0,0.0,0.0,0.0,0.0,0.0,0.0,0.0,,,,0.0,,0.0,0.0,183.0,1831.81,0.0,0.0,0.0,,0.0,10.0099
2022-04-06,0.0,0.0,0.0,0.0,0.0,0.0,0.0,0.0,0.0,,,,0.0,,0.0,0.0,183.0,1777.0,0.0,0.0,0.0,,0.0,9.7104
2022-04-07,0.0,0.0,0.0,0.0,0.0,0.0,0.0,0.0,0.0,,,,0.0,,0.0,0.0,183.0,1764.16,0.0,0.0,0.0,,0.0,9.6402
2022-04-08,0.0,0.0,0.0,0.0,0.0,0.0,0.0,0.0,0.0,,,,0.0,,0.0,0.0,183.0,1787.78,0.0,0.0,0.0,,0.0,9.7693
2022-04-11,0.0,0.0,0.0,0.0,0.0,0.0,0.0,0.0,0.0,,,,0.0,,0.0,0.0,183.0,1783.81,0.0,0.0,0.0,,0.0,9.7476
2022-04-12,0.0,0.0,0.0,0.0,0.0,0.0,0.0,0.0,0.0,,,,0.0,,0.0,0.0,183.0,1761.63,0.0,0.0,0.0,,0.0,9.6264
2022-04-13,0.0,0.0,0.0,0.0,0.0,0.0,0.0,0.0,0.0,,,,0.0,,0.0,0.0,183.0,1733.67,0.0,0.0,0.0,,0.0,9.4736
2022-04-14,0.0,0.0,0.0,0.0,0.0,0.0,0.0,0.0,0.0,,,,0.0,,0.0,0.0,183.0,1746.97,0.0,0.0,0.0,,0.0,9.5463
2022-04-15,0.0,0.0,0.0,0.0,0.0,0.0,0.0,0.0,0.0,,,,0.0,,0.0,0.0,183.0,1746.97,0.0,0.0,0.0,,0.0,
2022-04-18,0.0,0.0,0.0,0.0,0.0,0.0,0.0,0.0,0.0,,,,0.0,,0.0,0.0,183.0,1746.97,0.0,0.0,0.0,,0.0,
2022-04-19,0.0,0.0,0.0,0.0,0.0,0.0,0.0,0.0,0.0,,,,0.0,,0.0,0.0,183.0,1700.07,0.0,0.0,0.0,,0.0,9.29
2022-04-20,0.0,0.0,0.0,0.0,0.0,0.0,0.0,0.0,0.0,,,,0.0,,0.0,0.0,183.0,1705.8,0.0,0.0,0.0,,0.0,9.3213
2022-04-21,0.0,0.0,0.0,0.0,0.0,0.0,0.0,0.0,0.0,,,,0.0,,0.0,0.0,183.0,1719.29,0.0,0.0,0.0,,0.0,9.395
2022-04-22,0.0,0.0,0.0,0.0,0.0,0.0,0.0,0.0,0.0,,,,0.0,,0.0,0.0,183.0,1687.74,0.0,0.0,0.0,,0.0,9.2226
2022-04-25,0.0,0.0,0.0,0.0,0.0,0.0,0.0,0.0,0.0,,,,0.0,,0.0,0.0,183.0,1653.19,0.0,0.0,0.0,,0.0,9.0338
2022-04-26,0.0,0.0,0.0,0.0,0.0,0.0,0.0,0.0,0.0,,,,0.0,,0.0,0.0,183.0,1641.03,0.0,0.0,0.0,,0.0,8.9674
2022-04-27,0.0,0.0,0.0,0.0,0.0,0.0,0.0,0.0,0.0,,,,0.0,,0.0,0.0,183.0,1651.54,0.0,0.0,0.0,,0.0,9.0248
2022-04-28,0.0,0.0,0.0,0.0,0.0,0.0,0.0,0.0,0.0,,,,0.0,,0.0,0.0,183.0,1652.91,0.0,0.0,0.0,,0.0,9.0323
2022-04-29,0.0,0.0,0.0,0.0,0.0,0.0,0.0,0.0,0.0,,,,0.0,,0.0,0.0,183.0,1635.69,0.0,0.0,0.0,,0.0,8.9382
2022-05-02,0.0,0.0,0.0,0.0,0.0,0.0,0.0,0.0,0.0,,,,0.0,,0.0,0.0,183.0,1598.93,0.0,0.0,0.0,,0.0,8.7373
2022-05-03,0.0,0.0,0.0,0.0,0.0,0.0,0.0,0.0,0.0,,,,0.0,,0.0,0.0,183.0,1606.58,0.0,0.0,0.0,,0.0,8.7791
2022-05-04,0.0,0.0,0.0,0.0,0.0,0.0,0.0,0.0,0.0,,,,0.0,,0.0,0.0,183.0,1576.71,0.0,0.0,0.0,,0.0,8.6159
2022-05-05,0.0,0.0,0.0,0.0,0.0,0.0,0.0,0.0,0.0,,,,0.0,,0.0,0.0,183.0,1581.93,0.0,0.0,0.0,,0.0,8.6444
2022-05-06,0.0,0.0,0.0,0.0,0.0,0.0,0.0,0.0,0.0,,,,0.0,,0.0,0.0,183.0,1531.38,0.0,0.0,0.0,,0.0,8.3682
2022-05-09,0.0,0.0,0.0,0.0,0.0,0.0,0.0,0.0,0.0,,,,0.0,,0.0,0.0,183.0,1471.91,0.0,0.0,0.0,,0.0,8.0432
2022-05-10,0.0,0.0,0.0,0.0,0.0,0.0,0.0,0.0,0.0,,,,0.0,,0.0,0.0,183.0,1487.3,0.0,0.0,0.0,,0.0,8.1273
2022-05-11,0.0,0.0,0.0,0.0,0.0,0.0,0.0,0.0,0.0,,,,0.0,,0.0,0.0,183.0,1550.98,0.0,0.0,0.0,,0.0,8.4753
2022-05-12,0.0,0.0,0.0,0.0,0.0,0.0,0.0,0.0,0.0,,,,0.0,,0.0,0.0,183.0,1535.33,0.0,0.0,0.0,,0.0,8.3898
2022-05-13,0.0,0.0,0.0,0.0,0.0,0.0,0.0,0.0,0.0,,,,0.0,,0.0,0.0,183.0,1544.72,0.0,0.0,0.0,,0.0,8.4411
2022-05-16,0.0,0.0,0.0,0.0,0.0,0.0,0.0,0.0,0.0,,,,0.0,,0.0,0.0,183.0,1573.21,0.0,0.0,0.0,,0.0,8.5968
2022-05-17,0.0,0.0,0.0,0.0,0.0,0.0,0.0,0.0,0.0,,,,0.0,,0.0,0.0,183.0,1577.15,0.0,0.0,0.0,,0.0,8.6183
2022-05-18,0.0,0.0,0.0,0.0,0.0,0.0,0.0,0.0,0.0,,,,0.0,,0.0,0.0,183.0,1578.41,0.0,0.0,0.0,,0.0,8.6252
2022-05-19,0.0,0.0,0.0,0.0,0.0,0.0,0.0,0.0,0.0,,,,0.0,,0.0,0.0,183.0,1573.21,0.0,0.0,0.0,,0.0,8.5968
2022-05-20,0.0,0.0,0.0,0.0,0.0,0.0,0.0,0.0,0.0,,,,0.0,,0.0,0.0,183.0,1589.5,0.0,0.0,0.0,,0.0,8.6858
2022-05-23,0.0,0.0,0.0,0.0,0.0,0.0,0.0,0.0,0.0,,,,0.0,,0.0,0.0,183.0,1605.57,0.0,0.0,0.0,,0.0,8.7736
2022-05-24,0.0,0.0,0.0,0.0,0.0,0.0,0.0,0.0,0.0,,,,0.0,,0.0,0.0,183.0,1565.82,0.0,0.0,0.0,,0.0,8.5564
2022-05-25,0.0,0.0,0.0,0.0,0.0,0.0,0.0,0.0,0.0,,,,0.0,,0.0,0.0,183.0,1559.67,0.0,0.0,0.0,,0.0,8.5228
2022-05-26,0.0,0.0,0.0,0.0,0.0,0.0,0.0,0.0,0.0,,,,0.0,,0.0,0.0,183.0,1563.72,0.0,0.0,0.0,,0.0,8.5449
2022-05-27,0.0,0.0,0.0,0.0,0.0,0.0,0.0,0.0,0.0,,,,0.0,,0.0,0.0,183.0,1596.44,0.0,0.0,0.0,,0.0,8.7237
2022-05-30,0.0,0.0,0.0,0.0,0.0,0.0,0.0,0.0,0.0,,,,0.0,,0.0,0.0,183.0,1598.45,0.0,0.0,0.0,,0.0,8.7347
2022-05-31,0.0,0.0,0.0,0.0,0.0,0.0,0.0,0.0,0.0,,,,0.0,,0.0,0.0,183.0,1585.49,0.0,0.0,0.0,,0.0,8.6639
2022-06-01,0.0,0.0,0.0,0.0,0.0,0.0,0.0,0.0,0.0,,,,0.0,,0.0,0.0,183.0,1546.95,0.0,0.0,0.0,,0.0,8.4533
2022-06-02,0.0,0.0,0.0,0.0,0.0,0.0,0.0,0.0,0.0,,,,0.0,,0.0,0.0,183.0,1538.79,0.0,0.0,0.0,,0.0,8.4087
2022-06-03,0.0,0.0,0.0,0.0,0.0,0.0,0.0,0.0,0.0,,,,0.0,,0.0,0.0,183.0,1536.69,0.0,0.0,0.0,,0.0,8.3972
2022-06-06,0.0,0.0,0.0,0.0,0.0,0.0,0.0,0.0,0.0,,,,0.0,,0.0,0.0,183.0,1553.91,0.0,0.0,0.0,,0.0,8.4913
2022-06-07,0.0,0.0,0.0,0.0,0.0,0.0,0.0,0.0,0.0,,,,0.0,,0.0,0.0,183.0,1536.98,0.0,0.0,0.0,,0.0,8.3988
2022-06-08,0.0,0.0,0.0,0.0,0.0,0.0,0.0,0.0,0.0,,,,0.0,,0.0,0.0,183.0,1530.12,0.0,0.0,0.0,,0.0,8.3613
2022-06-09,0.0,0.0,0.0,0.0,0.0,0.0,0.0,0.0,0.0,,,,0.0,,0.0,0.0,183.0,1476.68,0.0,0.0,0.0,,0.0,8.0693
2022-06-10,0.0,0.0,0.0,0.0,0.0,0.0,0.0,0.0,0.0,,,,0.0,,0.0,0.0,183.0,1436.9,0.0,0.0,0.0,,0.0,7.8519
2022-06-13,0.0,0.0,0.0,0.0,0.0,0.0,0.0,0.0,0.0,,,,0.0,,0.0,0.0,183.0,1365.07,0.0,0.0,0.0,,0.0,7.4594
2022-06-14,0.0,0.0,0.0,0.0,0.0,0.0,0.0,0.0,0.0,,,,0.0,,0.0,0.0,183.0,1354.18,0.0,0.0,0.0,,0.0,7.3999
2022-06-15,0.0,0.0,0.0,0.0,0.0,0.0,0.0,0.0,0.0,,,,0.0,,0.0,0.0,183.0,1358.68,0.0,0.0,0.0,,0.0,7.4245
2022-06-16,0.0,0.0,0.0,0.0,0.0,0.0,0.0,0.0,0.0,,,,0.0,,0.0,0.0,183.0,1294.08,0.0,0.0,0.0,,0.0,7.0715
2022-06-17,0.0,0.0,0.0,0.0,0.0,0.0,0.0,0.0,0.0,,,,0.0,,0.0,0.0,183.0,1332.0,0.0,0.0,0.0,,0.0,7.2787
2022-06-20,0.0,0.0,0.0,0.0,0.0,0.0,0.0,0.0,0.0,,,,0.0,,0.0,0.0,183.0,1349.37,0.0,0.0,0.0,,0.0,7.3736
2022-06-21,0.0,0.0,0.0,0.0,0.0,0.0,0.0,0.0,0.0,,,,0.0,,0.0,0.0,183.0,1337.11,0.0,0.0,0.0,,0.0,7.3066
2022-06-22,0.0,0.0,0.0,0.0,0.0,0.0,0.0,0.0,0.0,,,,0.0,,0.0,0.0,183.0,1337.05,0.0,0.0,0.0,,0.0,7.3063
2022-06-23,0.0,0.0,0.0,0.0,0.0,0.0,0.0,0.0,0.0,,,,0.0,,0.0,0.0,183.0,1305.96,0.0,0.0,0.0,,0.0,7.1364
2022-06-24,0.0,0.0,0.0,0.0,0.0,0.0,0.0,0.0,0.0,,,,0.0,,0.0,0.0,183.0,1339.49,0.0,0.0,0.0,,0.0,7.3196
2022-06-27,0.0,0.0,0.0,0.0,0.0,0.0,0.0,0.0,0.0,,,,0.0,,0.0,0.0,183.0,1349.0,0.0,0.0,0.0,,0.0,7.3716
2022-06-28,0.0,0.0,0.0,0.0,0.0,0.0,0.0,0.0,0.0,,,,0.0,,0.0,0.0,183.0,1356.38,0.0,0.0,0.0,,0.0,7.4119
2022-06-29,0.0,0.0,0.0,0.0,0.0,0.0,0.0,0.0,0.0,,,,0.0,,0.0,0.0,183.0,1309.93,0.0,0.0,0.0,,0.0,7.1581
2022-06-30,0.0,0.0,0.0,0.0,0.0,0.0,0.0,0.0,0.0,,,,0.0,,0.0,0.0,183.0,1272.95,0.0,0.0,0.0,,0.0,6.956
2022-07-01,0.0,0.0,0.0,0.0,0.0,0.0,0.0,0.0,0.0,,,,0.0,,0.0,0.0,183.0,1289.56,0.0,0.0,0.0,,0.0,7.0468
2022-07-04,0.0,0.0,0.0,0.0,0.0,0.0,0.0,0.0,0.0,,,,0.0,,0.0,0.0,183.0,1234.94,0.0,0.0,0.0,,0.0,6.7483
2022-07-05,0.0,0.0,0.0,0.0,0.0,0.0,0.0,0.0,0.0,,,,0.0,,0.0,0.0,183.0,1246.19,0.0,0.0,0.0,,0.0,6.8098
2022-07-06,0.0,0.0,0.0,0.0,0.0,0.0,0.0,0.0,0.0,,,,0.0,,0.0,0.0,183.0,1285.83,0.0,0.0,0.0,,0.0,7.0264
2022-07-07,0.0,0.0,0.0,0.0,0.0,0.0,0.0,0.0,0.0,,,,0.0,,0.0,0.0,183.0,1307.74,0.0,0.0,0.0,,0.0,7.1461
2022-07-08,0.0,0.0,0.0,0.0,0.0,0.0,0.0,0.0,0.0,,,,0.0,,0.0,0.0,183.0,1291.74,0.0,0.0,0.0,,0.0,7.0587
2022-07-11,0.0,0.0,0.0,0.0,0.0,0.0,0.0,0.0,0.0,,,,0.0,,0.0,0.0,183.0,1282.96,0.0,0.0,0.0,,0.0,7.0107
2022-07-12,0.0,0.0,0.0,0.0,0.0,0.0,0.0,0.0,0.0,,,,0.0,,0.0,0.0,183.0,1307.06,0.0,0.0,0.0,,0.0,7.1424
2022-07-13,0.0,0.0,0.0,0.0,0.0,0.0,0.0,0.0,0.0,,,,0.0,,0.0,0.0,183.0,1302.03,0.0,0.0,0.0,,0.0,7.1149
2022-07-14,0.0,0.0,0.0,0.0,0.0,0.0,0.0,0.0,0.0,,,,0.0,,0.0,0.0,183.0,1264.66,0.0,0.0,0.0,,0.0,6.9107
2022-07-15,0.0,0.0,0.0,0.0,0.0,0.0,0.0,0.0,0.0,,,,0.0,,0.0,0.0,183.0,1303.78,0.0,0.0,0.0,,0.0,7.1245
2022-07-18,0.0,0.0,0.0,0.0,0.0,0.0,0.0,0.0,0.0,,,,0.0,,0.0,0.0,183.0,1327.9,0.0,0.0,0.0,,0.0,7.2563
2022-07-19,0.0,0.0,0.0,0.0,0.0,0.0,0.0,0.0,0.0,,,,0.0,,0.0,0.0,183.0,1348.75,0.0,0.0,0.0,,0.0,7.3702
2022-07-20,0.0,0.0,0.0,0.0,0.0,0.0,0.0,0.0,0.0,,,,0.0,,0.0,0.0,183.0,1351.47,0.0,0.0,0.0,,0.0,7.3851
2022-07-21,0.0,0.0,0.0,0.0,0.0,0.0,0.0,0.0,0.0,,,,0.0,,0.0,0.0,183.0,1353.52,0.0,0.0,0.0,,0.0,7.3963
2022-07-22,0.0,0.0,0.0,0.0,0.0,0.0,0.0,0.0,0.0,,,,0.0,,0.0,0.0,183.0,1415.6,0.0,0.0,0.0,,0.0,7.7355
2022-07-25,0.0,0.0,0.0,0.0,0.0,0.0,0.0,0.0,0.0,,,,0.0,,0.0,0.0,183.0,1395.56,0.0,0.0,0.0,,0.0,7.626
2022-07-26,0.0,0.0,0.0,0.0,0.0,0.0,0.0,0.0,0.0,,,,0.0,,0.0,0.0,183.0,1369.66,0.0,0.0,0.0,,0.0,7.4845
2022-07-27,0.0,0.0,0.0,0.0,0.0,0.0,0.0,0.0,0.0,,,,0.0,,0.0,0.0,183.0,1365.89,0.0,0.0,0.0,,0.0,7.4639
2022-07-28,0.0,0.0,0.0,0.0,0.0,0.0,0.0,0.0,0.0,,,,0.0,,0.0,0.0,183.0,1408.48,0.0,0.0,0.0,,0.0,7.6966
2022-07-29,0.0,0.0,0.0,0.0,0.0,0.0,0.0,0.0,0.0,,,,0.0,,0.0,0.0,183.0,1440.37,0.0,0.0,0.0,,0.0,7.8709
2022-08-01,0.0,0.0,0.0,0.0,0.0,0.0,0.0,0.0,0.0,,,,0.0,,0.0,0.0,183.0,1419.2,0.0,0.0,0.0,,0.0,7.7552
2022-08-02,0.0,0.0,0.0,0.0,0.0,0.0,0.0,0.0,0.0,,,,0.0,,0.0,0.0,183.0,1402.59,0.0,0.0,0.0,,0.0,7.6644
2022-08-03,0.0,0.0,0.0,0.0,0.0,0.0,0.0,0.0,0.0,,,,0.0,,0.0,0.0,183.0,1424.38,0.0,0.0,0.0,,0.0,7.7835
2022-08-04,0.0,0.0,0.0,0.0,0.0,0.0,0.0,0.0,0.0,,,,0.0,,0.0,0.0,183.0,1406.15,0.0,0.0,0.0,,0.0,7.6839
2022-08-05,0.0,0.0,0.0,0.0,0.0,0.0,0.0,0.0,0.0,,,,0.0,,0.0,0.0,183.0,1392.06,0.0,0.0,0.0,,0.0,7.6069
2022-08-08,0.0,0.0,0.0,0.0,0.0,0.0,0.0,0.0,0.0,,,,0.0,,0.0,0.0,183.0,1419.37,0.0,0.0,0.0,,0.0,7.7561
2022-08-09,0.0,0.0,0.0,0.0,0.0,0.0,0.0,0.0,0.0,,,,0.0,,0.0,0.0,183.0,1404.16,0.0,0.0,0.0,,0.0,7.673
2022-08-10,0.0,0.0,0.0,0.0,0.0,0.0,0.0,0.0,0.0,,,,0.0,,0.0,0.0,183.0,1462.37,0.0,0.0,0.0,,0.0,7.9911
2022-08-11,0.0,0.0,0.0,0.0,0.0,0.0,0.0,0.0,0.0,,,,0.0,,0.0,0.0,183.0,1460.07,0.0,0.0,0.0,,0.0,7.9785
2022-08-12,0.0,0.0,0.0,0.0,0.0,0.0,0.0,0.0,0.0,,,,0.0,,0.0,0.0,183.0,1488.5,0.0,0.0,0.0,,0.0,8.1339
2022-08-15,0.0,0.0,0.0,0.0,0.0,0.0,0.0,0.0,0.0,,,,0.0,,0.0,0.0,183.0,1472.47,0.0,0.0,0.0,,0.0,8.0463
2022-08-16,0.0,0.0,0.0,0.0,0.0,0.0,0.0,0.0,0.0,,,,0.0,,0.0,0.0,183.0,1454.3,0.0,0.0,0.0,,0.0,7.947
2022-08-17,0.0,0.0,0.0,0.0,0.0,0.0,0.0,0.0,0.0,,,,0.0,,0.0,0.0,183.0,1403.83,0.0,0.0,0.0,,0.0,7.6712
2022-08-18,0.0,0.0,0.0,0.0,0.0,0.0,0.0,0.0,0.0,,,,0.0,,0.0,0.0,183.0,1413.03,0.0,0.0,0.0,,0.0,7.7215
2022-08-19,0.0,0.0,0.0,0.0,0.0,0.0,0.0,0.0,0.0,,,,0.0,,0.0,0.0,183.0,1367.23,0.0,0.0,0.0,,0.0,7.4712
2022-08-22,0.0,0.0,0.0,0.0,0.0,0.0,0.0,0.0,0.0,,,,0.0,,0.0,0.0,183.0,1348.98,0.0,0.0,0.0,,0.0,7.3715
2022-08-23,0.0,0.0,0.0,0.0,0.0,0.0,0.0,0.0,0.0,,,,0.0,,0.0,0.0,183.0,1339.23,0.0,0.0,0.0,,0.0,7.3182
2022-08-24,0.0,0.0,0.0,0.0,0.0,0.0,0.0,0.0,0.0,,,,0.0,,0.0,0.0,183.0,1342.52,0.0,0.0,0.0,,0.0,7.3362
2022-08-25,0.0,0.0,0.0,0.0,0.0,0.0,0.0,0.0,0.0,,,,0.0,,0.0,0.0,183.0,1341.96,0.0,0.0,0.0,,0.0,7.3331
2022-08-26,0.0,0.0,0.0,0.0,0.0,0.0,0.0,0.0,0.0,,,,0.0,,0.0,0.0,183.0,1307.75,0.0,0.0,0.0,,0.0,7.1462
2022-08-29,0.0,0.0,0.0,0.0,0.0,0.0,0.0,0.0,0.0,,,,0.0,,0.0,0.0,183.0,1308.5,0.0,0.0,0.0,,0.0,7.1503
2022-08-30,0.0,0.0,0.0,0.0,0.0,0.0,0.0,0.0,0.0,,,,0.0,,0.0,0.0,183.0,1297.47,0.0,0.0,0.0,,0.0,7.09
2022-08-31,0.0,0.0,0.0,0.0,0.0,0.0,0.0,0.0,0.0,,,,0.0,,0.0,0.0,183.0,1301.75,0.0,0.0,0.0,,0.0,7.1134
2022-09-01,0.0,0.0,0.0,0.0,0.0,0.0,0.0,0.0,0.0,,,,0.0,,0.0,0.0,183.0,1264.91,0.0,0.0,0.0,,0.0,6.9121
2022-09-02,0.0,0.0,0.0,0.0,0.0,0.0,0.0,0.0,0.0,,,,0.0,,0.0,0.0,183.0,1289.0,0.0,0.0,0.0,,0.0,7.0437
2022-09-05,0.0,0.0,0.0,0.0,0.0,0.0,0.0,0.0,0.0,,,,0.0,,0.0,0.0,183.0,1273.92,0.0,0.0,0.0,,0.0,6.9613
2022-09-06,0.0,0.0,0.0,0.0,0.0,0.0,0.0,0.0,0.0,,,,0.0,,0.0,0.0,183.0,1283.01,0.0,0.0,0.0,,0.0,7.011
2022-09-07,0.0,0.0,0.0,0.0,0.0,0.0,0.0,0.0,0.0,,,,0.0,,0.0,0.0,183.0,1277.72,0.0,0.0,0.0,,0.0,6.9821
2022-09-08,0.0,0.0,0.0,0.0,0.0,0.0,0.0,0.0,0.0,,,,0.0,,0.0,0.0,183.0,1270.13,0.0,0.0,0.0,,0.0,6.9406
2022-09-09,0.0,0.0,0.0,0.0,0.0,0.0,0.0,0.0,0.0,,,,0.0,,0.0,0.0,183.0,1284.04,0.0,0.0,0.0,,0.0,7.0166
2022-09-12,0.0,0.0,0.0,0.0,0.0,0.0,0.0,0.0,0.0,,,,0.0,,0.0,0.0,183.0,1323.99,0.0,0.0,0.0,,0.0,7.2349
2022-09-13,0.0,0.0,0.0,0.0,0.0,0.0,0.0,0.0,0.0,,,,0.0,,0.0,0.0,183.0,1270.33,0.0,0.0,0.0,,0.0,6.9417
2022-09-14,0.0,0.0,0.0,0.0,0.0,0.0,0.0,0.0,0.0,,,,0.0,,0.0,0.0,183.0,1237.23,0.0,0.0,0.0,,0.0,6.7608
2022-09-15,0.0,0.0,0.0,0.0,0.0,0.0,0.0,0.0,0.0,,,,0.0,,0.0,0.0,183.0,1220.66,0.0,0.0,0.0,,0.0,6.6703
2022-09-16,0.0,0.0,0.0,0.0,0.0,0.0,0.0,0.0,0.0,,,,0.0,,0.0,0.0,183.0,1227.89,0.0,0.0,0.0,,0.0,6.7098
2022-09-19,0.0,0.0,0.0,0.0,0.0,0.0,0.0,0.0,0.0,,,,0.0,,0.0,0.0,183.0,1204.52,0.0,0.0,0.0,,0.0,6.5821
2022-09-20,,,,,,,,,,,,,,,,,,,,,,,,6.2833
2022-09-21,,,,,,,,,,,,,,,,,,,,,,,,6.3614
2022-09-22,,,,,,,,,,,,,,,,,,,,,,,,6.1027
2022-09-23,,,,,,,,,,,,,,,,,,,,,,,,5.9938
2022-09-26,,,,,,,,,,,,,,,,,,,,,,,,5.8723
2022-09-27,,,,,,,,,,,,,,,,,,,,,,,,5.6761
2022-09-28,,,,,,,,,,,,,,,,,,,,,,,,5.8542
2022-09-29,,,,,,,,,,,,,,,,,,,,,,,,5.7333
2022-09-30,,,,,,,,,,,,,,,,,,,,,,,,6.0023
2022-10-03,,,,,,,,,,,,,,,,,,,,,,,,6.0617
2022-10-04,,,,,,,,,,,,,,,,,,,,,,,,6.0811
2022-10-05,,,,,,,,,,,,,,,,,,,,,,,,5.8138
2022-10-06,,,,,,,,,,,,,,,,,,,,,,,,5.8975
2022-10-07,,,,,,,,,,,,,,,,,,,,,,,,5.7154
2022-10-10,,,,,,,,,,,,,,,,,,,,,,,,5.6257
2022-10-11,,,,,,,,,,,,,,,,,,,,,,,,5.6507
2022-10-12,,,,,,,,,,,,,,,,,,,,,,,,5.4954
2022-10-13,,,,,,,,,,,,,,,,,,,,,,,,5.4627
2022-10-14,,,,,,,,,,,,,,,,,,,,,,,,5.6976
2022-10-17,,,,,,,,,,,,,,,,,,,,,,,,5.9049
2022-10-18,,,,,,,,,,,,,,,,,,,,,,,,5.9232
2022-10-19,,,,,,,,,,,,,,,,,,,,,,,,5.7594
2022-10-20,,,,,,,,,,,,,,,,,,,,,,,,5.8511
2022-10-21,,,,,,,,,,,,,,,,,,,,,,,,5.7507
2022-10-24,,,,,,,,,,,,,,,,,,,,,,,,5.8041
2022-10-25,,,,,,,,,,,,,,,,,,,,,,,,6.108
2022-10-26,,,,,,,,,,,,,,,,,,,,,,,,6.0771
2022-10-27,,,,,,,,,,,,,,,,,,,,,,,,6.2629
2022-10-28,,,,,,,,,,,,,,,,,,,,,,,,6.0909
2022-10-31,,,,,,,,,,,,,,,,,,,,,,,,6.2018
2022-11-01,,,,,,,,,,,,,,,,,,,,,,,,6.406
2022-11-02,,,,,,,,,,,,,,,,,,,,,,,,6.3174
2022-11-03,,,,,,,,,,,,,,,,,,,,,,,,6.1569
2022-11-04,,,,,,,,,,,,,,,,,,,,,,,,6.2875
2022-11-07,,,,,,,,,,,,,,,,,,,,,,,,6.3647
2022-11-08,,,,,,,,,,,,,,,,,,,,,,,,6.4054
2022-11-09,,,,,,,,,,,,,,,,,,,,,,,,6.4712
2022-11-10,,,,,,,,,,,,,,,,,,,,,,,,6.8196
2022-11-11,,,,,,,,,,,,,,,,,,,,,,,,6.9032
2022-11-14,,,,,,,,,,,,,,,,,,,,,,,,6.8371
2022-11-15,,,,,,,,,,,,,,,,,,,,,,,,6.8288
2022-11-16,,,,,,,,,,,,,,,,,,,,,,,,6.6198
2022-11-17,,,,,,,,,,,,,,,,,,,,,,,,6.5376
2022-11-18,,,,,,,,,,,,,,,,,,,,,,,,6.6142
2022-11-21,,,,,,,,,,,,,,,,,,,,,,,,6.5901
2022-11-22,,,,,,,,,,,,,,,,,,,,,,,,6.5661
2022-11-23,,,,,,,,,,,,,,,,,,,,,,,,6.5484
2022-11-24,,,,,,,,,,,,,,,,,,,,,,,,6.7332
2022-11-25,,,,,,,,,,,,,,,,,,,,,,,,6.7006
2022-11-28,,,,,,,,,,,,,,,,,,,,,,,,6.6447
2022-11-29,,,,,,,,,,,,,,,,,,,,,,,,6.5769
2022-11-30,,,,,,,,,,,,,,,,,,,,,,,,6.478
2022-12-01,,,,,,,,,,,,,,,,,,,,,,,,6.5454
2022-12-02,,,,,,,,,,,,,,,,,,,,,,,,6.6275
2022-12-05,,,,,,,,,,,,,,,,,,,,,,,,6.675
2022-12-06,,,,,,,,,,,,,,,,,,,,,,,,6.6523
2022-12-07,,,,,,,,,,,,,,,,,,,,,,,,6.5614
2022-12-08,,,,,,,,,,,,,,,,,,,,,,,,6.622
2022-12-09,,,,,,,,,,,,,,,,,,,,,,,,6.6901
2022-12-12,,,,,,,,,,,,,,,,,,,,,,,,6.5997
2022-12-13,,,,,,,,,,,,,,,,,,,,,,,,6.8033
2022-12-14,,,,,,,,,,,,,,,,,,,,,,,,6.8851
2022-12-15,,,,,,,,,,,,,,,,,,,,,,,,6.6941
2022-12-16,,,,,,,,,,,,,,,,,,,,,,,,6.6479
2022-12-19,,,,,,,,,,,,,,,,,,,,,,,,6.295
2022-12-20,,,,,,,,,,,,,,,,,,,,,,,,6.1656
2022-12-21,,,,,,,,,,,,,,,,,,,,,,,,6.405
2022-12-22,,,,,,,,,,,,,,,,,,,,,,,,6.3787
2022-12-23,,,,,,,,,,,,,,,,,,,,,,,,6.4001
2022-12-27,,,,,,,,,,,,,,,,,,,,,,,,6.3862
2022-12-28,,,,,,,,,,,,,,,,,,,,,,,,6.4008
2022-12-29,,,,,,,,,,,,,,,,,,,,,,,,6.4917
2022-12-30,,,,,,,,,,,,,,,,,,,,,,,,6.3929
2023-01-02,,,,,,,,,,,,,,,,,,,,,,,,6.569
2023-01-03,,,,,,,,,,,,,,,,,,,,,,,,6.6592
2023-01-04,,,,,,,,,,,,,,,,,,,,,,,,6.8261
2023-01-05,,,,,,,,,,,,,,,,,,,,,,,,6.6867
2023-01-06,,,,,,,,,,,,,,,,,,,,,,,,6.7507
2023-01-09,,,,,,,,,,,,,,,,,,,,,,,,6.8801
2023-01-10,,,,,,,,,,,,,,,,,,,,,,,,6.8216
2023-01-11,,,,,,,,,,,,,,,,,,,,,,,,7.1141
2023-01-12,,,,,,,,,,,,,,,,,,,,,,,,7.197
2023-01-13,,,,,,,,,,,,,,,,,,,,,,,,7.2458
2023-01-16,,,,,,,,,,,,,,,,,,,,,,,,7.3603
2023-01-17,,,,,,,,,,,,,,,,,,,,,,,,7.3278
2023-01-18,,,,,,,,,,,,,,,,,,,,,,,,7.22
2023-01-19,,,,,,,,,,,,,,,,,,,,,,,,7.0457
2023-01-20,,,,,,,,,,,,,,,,,,,,,,,,7.0578
2023-01-23,,,,,,,,,,,,,,,,,,,,,,,,7.1091
2023-01-24,,,,,,,,,,,,,,,,,,,,,,,,7.1639
2023-01-25,,,,,,,,,,,,,,,,,,,,,,,,7.063
2023-01-26,,,,,,,,,,,,,,,,,,,,,,,,7.0763
2023-01-27,,,,,,,,,,,,,,,,,,,,,,,,7.1248
2023-01-30,,,,,,,,,,,,,,,,,,,,,,,,6.9981
2023-01-31,,,,,,,,,,,,,,,,,,,,,,,,6.9386
2023-02-01,,,,,,,,,,,,,,,,,,,,,,,,6.9753
2023-02-02,,,,,,,,,,,,,,,,,,,,,,,,7.4333
2023-02-03,,,,,,,,,,,,,,,,,,,,,,,,7.3085
2023-02-06,,,,,,,,,,,,,,,,,,,,,,,,7.1197
2023-02-07,,,,,,,,,,,,,,,,,,,,,,,,7.0521
2023-02-08,,,,,,,,,,,,,,,,,,,,,,,,7.0985
2023-02-09,,,,,,,,,,,,,,,,,,,,,,,,7.1074
2023-02-10,,,,,,,,,,,,,,,,,,,,,,,,7.0481
2023-02-13,,,,,,,,,,,,,,,,,,,,,,,,7.057
2023-02-14,,,,,,,,,,,,,,,,,,,,,,,,7.067
2023-02-15,,,,,,,,,,,,,,,,,,,,,,,,6.9548
2023-02-16,,,,,,,,,,,,,,,,,,,,,,,,6.8727
2023-02-17,,,,,,,,,,,,,,,,,,,,,,,,6.8924
2023-02-20,,,,,,,,,,,,,,,,,,,,,,,,6.9117
2023-02-21,,,,,,,,,,,,,,,,,,,,,,,,6.7786
2023-02-22,,,,,,,,,,,,,,,,,,,,,,,,6.7319
2023-02-23,,,,,,,,,,,,,,,,,,,,,,,,6.8344
2023-02-24,,,,,,,,,,,,,,,,,,,,,,,,6.666
2023-02-27,,,,,,,,,,,,,,,,,,,,,,,,6.7678
2023-02-28,,,,,,,,,,,,,,,,,,,,,,,,6.7541
2023-03-01,,,,,,,,,,,,,,,,,,,,,,,,6.5399
2023-03-02,,,,,,,,,,,,,,,,,,,,,,,,6.5662
2023-03-03,,,,,,,,,,,,,,,,,,,,,,,,6.6575
2023-03-06,,,,,,,,,,,,,,,,,,,,,,,,6.7639
2023-03-07,,,,,,,,,,,,,,,,,,,,,,,,6.5988
2023-03-08,,,,,,,,,,,,,,,,,,,,,,,,6.5237
2023-03-09,,,,,,,,,,,,,,,,,,,,,,,,6.2739
2023-03-10,,,,,,,,,,,,,,,,,,,,,,,,6.1749
2023-03-13,,,,,,,,,,,,,,,,,,,,,,,,6.196
2023-03-14,,,,,,,,,,,,,,,,,,,,,,,,6.3093
2023-03-15,,,,,,,,,,,,,,,,,,,,,,,,6.2336
2023-03-16,,,,,,,,,,,,,,,,,,,,,,,,6.1104
2023-03-17,,,,,,,,,,,,,,,,,,,,,,,,6.0057
2023-03-20,,,,,,,,,,,,,,,,,,,,,,,,6.0458
2023-03-21,,,,,,,,,,,,,,,,,,,,,,,,6.0419
2023-03-22,,,,,,,,,,,,,,,,,,,,,,,,5.7932
2023-03-23,,,,,,,,,,,,,,,,,,,,,,,,5.8363
2023-03-24,,,,,,,,,,,,,,,,,,,,,,,,5.6586
2023-03-27,,,,,,,,,,,,,,,,,,,,,,,,5.6737
2023-03-28,,,,,,,,,,,,,,,,,,,,,,,,5.4802
2023-03-29,,,,,,,,,,,,,,,,,,,,,,,,5.6124
2023-03-30,,,,,,,,,,,,,,,,,,,,,,,,5.8358
2023-03-31,,,,,,,,,,,,,,,,,,,,,,,,5.8558
2023-04-03,,,,,,,,,,,,,,,,,,,,,,,,5.8055
2023-04-04,,,,,,,,,,,,,,,,,,,,,,,,5.8521
2023-04-05,,,,,,,,,,,,,,,,,,,,,,,,5.7018
2023-04-06,,,,,,,,,,,,,,,,,,,,,,,,5.8405
2023-04-11,,,,,,,,,,,,,,,,,,,,,,,,5.9087
2023-04-12,,,,,,,,,,,,,,,,,,,,,,,,6.0089
2023-04-13,,,,,,,,,,,,,,,,,,,,,,,,5.9985
2023-04-14,,,,,,,,,,,,,,,,,,,,,,,,6.1555
2023-04-17,,,,,,,,,,,,,,,,,,,,,,,,6.2114
2023-04-18,,,,,,,,,,,,,,,,,,,,,,,,6.1832
2023-04-19,,,,,,,,,,,,,,,,,,,,,,,,6.0887
2023-04-20,,,,,,,,,,,,,,,,,,,,,,,,6.0552
2023-04-21,,,,,,,,,,,,,,,,,,,,,,,,6.0346
2023-04-24,,,,,,,,,,,,,,,,,,,,,,,,6.0299
2023-04-25,,,,,,,,,,,,,,,,,,,,,,,,5.9503
2023-04-26,,,,,,,,,,,,,,,,,,,,,,,,5.9429
2023-04-27,,,,,,,,,,,,,,,,,,,,,,,,5.961
2023-04-28,,,,,,,,,,,,,,,,,,,,,,,,6.1341
2023-05-02,,,,,,,,,,,,,,,,,,,,,,,,5.9444
2023-05-03,,,,,,,,,,,,,,,,,,,,,,,,5.9132
2023-05-04,,,,,,,,,,,,,,,,,,,,,,,,5.9315
2023-05-05,,,,,,,,,,,,,,,,,,,,,,,,5.9594
2023-05-08,,,,,,,,,,,,,,,,,,,,,,,,5.8675
2023-05-09,,,,,,,,,,,,,,,,,,,,,,,,5.7168
2023-05-10,,,,,,,,,,,,,,,,,,,,,,,,5.7674
2023-05-11,,,,,,,,,,,,,,,,,,,,,,,,5.7982
2023-05-12,,,,,,,,,,,,,,,,,,,,,,,,5.6922
2023-05-15,,,,,,,,,,,,,,,,,,,,,,,,5.7924
2023-05-16,,,,,,,,,,,,,,,,,,,,,,,,5.759
2023-05-17,,,,,,,,,,,,,,,,,,,,,,,,5.7074
2023-05-18,,,,,,,,,,,,,,,,,,,,,,,,5.6903
2023-05-19,,,,,,,,,,,,,,,,,,,,,,,,5.7004
2023-05-22,,,,,,,,,,,,,,,,,,,,,,,,5.7359
2023-05-23,,,,,,,,,,,,,,,,,,,,,,,,5.8318
2023-05-24,,,,,,,,,,,,,,,,,,,,,,,,5.6447
2023-05-25,,,,,,,,,,,,,,,,,,,,,,,,5.561
2023-05-26,,,,,,,,,,,,,,,,,,,,,,,,5.5772
2023-05-29,,,,,,,,,,,,,,,,,,,,,,,,5.5326
2023-05-30,,,,,,,,,,,,,,,,,,,,,,,,5.5232
2023-05-31,,,,,,,,,,,,,,,,,,,,,,,,5.5073
2023-06-01,,,,,,,,,,,,,,,,,,,,,,,,5.4938
2023-06-02,,,,,,,,,,,,,,,,,,,,,,,,5.7751
2023-06-05,,,,,,,,,,,,,,,,,,,,,,,,5.7976
2023-06-06,,,,,,,,,,,,,,,,,,,,,,,,5.8638
2023-06-07,,,,,,,,,,,,,,,,,,,,,,,,5.9101
2023-06-08,,,,,,,,,,,,,,,,,,,,,,,,5.8769
2023-06-09,,,,,,,,,,,,,,,,,,,,,,,,5.9508
2023-06-12,,,,,,,,,,,,,,,,,,,,,,,,5.8681
2023-06-13,,,,,,,,,,,,,,,,,,,,,,,,5.8369
2023-06-14,,,,,,,,,,,,,,,,,,,,,,,,5.9071
2023-06-15,,,,,,,,,,,,,,,,,,,,,,,,5.8323
2023-06-16,,,,,,,,,,,,,,,,,,,,,,,,5.8113
2023-06-19,,,,,,,,,,,,,,,,,,,,,,,,5.695
2023-06-20,,,,,,,,,,,,,,,,,,,,,,,,5.6574
2023-06-21,,,,,,,,,,,,,,,,,,,,,,,,5.5993
2023-06-22,,,,,,,,,,,,,,,,,,,,,,,,5.5692
2023-06-23,,,,,,,,,,,,,,,,,,,,,,,,5.507
2023-06-26,,,,,,,,,,,,,,,,,,,,,,,,5.499
2023-06-27,,,,,,,,,,,,,,,,,,,,,,,,5.4905
2023-06-28,,,,,,,,,,,,,,,,,,,,,,,,5.5964
2023-06-29,,,,,,,,,,,,,,,,,,,,,,,,5.5376
2023-06-30,,,,,,,,,,,,,,,,,,,,,,,,5.6196
2023-07-03,,,,,,,,,,,,,,,,,,,,,,,,5.7068
2023-07-04,,,,,,,,,,,,,,,,,,,,,,,,5.919
2023-07-05,,,,,,,,,,,,,,,,,,,,,,,,5.8861
2023-07-06,,,,,,,,,,,,,,,,,,,,,,,,5.6479
2023-07-07,,,,,,,,,,,,,,,,,,,,,,,,5.6825
2023-07-10,,,,,,,,,,,,,,,,,,,,,,,,5.6085
2023-07-11,,,,,,,,,,,,,,,,,,,,,,,,5.7618
2023-07-12,,,,,,,,,,,,,,,,,,,,,,,,5.9536
2023-07-13,,,,,,,,,,,,,,,,,,,,,,,,5.9774
2023-07-14,,,,,,,,,,,,,,,,,,,,,,,,5.891
2023-07-17,,,,,,,,,,,,,,,,,,,,,,,,5.8508
2023-07-18,,,,,,,,,,,,,,,,,,,,,,,,5.9633
2023-07-19,,,,,,,,,,,,,,,,,,,,,,,,6.1586
2023-07-20,,,,,,,,,,,,,,,,,,,,,,,,6.1492
2023-07-21,,,,,,,,,,,,,,,,,,,,,,,,6.1739
2023-07-24,,,,,,,,,,,,,,,,,,,,,,,,6.1526
2023-07-25,,,,,,,,,,,,,,,,,,,,,,,,6.1649
2023-07-26,,,,,,,,,,,,,,,,,,,,,,,,6.2111
2023-07-27,,,,,,,,,,,,,,,,,,,,,,,,6.1993
2023-07-28,,,,,,,,,,,,,,,,,,,,,,,,6.1743
2023-07-31,,,,,,,,,,,,,,,,,,,,,,,,6.1963
2023-08-01,,,,,,,,,,,,,,,,,,,,,,,,6.0949
2023-08-02,,,,,,,,,,,,,,,,,,,,,,,,6.0158
2023-08-03,,,,,,,,,,,,,,,,,,,,,,,,6.0435
2023-08-04,,,,,,,,,,,,,,,,,,,,,,,,6.0961
2023-08-07,,,,,,,,,,,,,,,,,,,,,,,,6.025
2023-08-08,,,,,,,,,,,,,,,,,,,,,,,,5.9812
2023-08-09,,,,,,,,,,,,,,,,,,,,,,,,6.0542
2023-08-10,,,,,,,,,,,,,,,,,,,,,,,,6.1674
2023-08-11,,,,,,,,,,,,,,,,,,,,,,,,6.0296
2023-08-14,,,,,,,,,,,,,,,,,,,,,,,,5.989
2023-08-15,,,,,,,,,,,,,,,,,,,,,,,,5.9232
2023-08-16,,,,,,,,,,,,,,,,,,,,,,,,5.9111
2023-08-17,,,,,,,,,,,,,,,,,,,,,,,,5.8489
2023-08-18,,,,,,,,,,,,,,,,,,,,,,,,5.7436
2023-08-21,,,,,,,,,,,,,,,,,,,,,,,,5.6165
2023-08-22,,,,,,,,,,,,,,,,,,,,,,,,5.7383
2023-08-23,,,,,,,,,,,,,,,,,,,,,,,,5.858
2023-08-24,,,,,,,,,,,,,,,,,,,,,,,,5.8497
2023-08-25,,,,,,,,,,,,,,,,,,,,,,,,5.8177
2023-08-28,,,,,,,,,,,,,,,,,,,,,,,,5.8962
2023-08-29,,,,,,,,,,,,,,,,,,,,,,,,5.9737
2023-08-30,,,,,,,,,,,,,,,,,,,,,,,,6.0008
2023-08-31,,,,,,,,,,,,,,,,,,,,,,,,6.1474
2023-09-01,,,,,,,,,,,,,,,,,,,,,,,,6.0583
2023-09-04,,,,,,,,,,,,,,,,,,,,,,,,6.0866
2023-09-05,,,,,,,,,,,,,,,,,,,,,,,,6.0663
2023-09-06,,,,,,,,,,,,,,,,,,,,,,,,6.1033
2023-09-07,,,,,,,,,,,,,,,,,,,,,,,,6.0725
2023-09-08,,,,,,,,,,,,,,,,,,,,,,,,6.05
2023-09-11,,,,,,,,,,,,,,,,,,,,,,,,6.1594
2023-09-12,,,,,,,,,,,,,,,,,,,,,,,,6.0506
2023-09-13,,,,,,,,,,,,,,,,,,,,,,,,6.0913
2023-09-14,,,,,,,,,,,,,,,,,,,,,,,,6.2841
2023-09-15,,,,,,,,,,,,,,,,,,,,,,,,6.1799
2023-09-18,,,,,,,,,,,,,,,,,,,,,,,,6.064
2023-09-19,,,,,,,,,,,,,,,,,,,,,,,,6.1554
2023-09-20,,,,,,,,,,,,,,,,,,,,,,,,6.283
2023-09-21,,,,,,,,,,,,,,,,,,,,,,,,6.1984
2023-09-22,,,,,,,,,,,,,,,,,,,,,,,,6.1491
2023-09-25,,,,,,,,,,,,,,,,,,,,,,,,6.1839
2023-09-26,,,,,,,,,,,,,,,,,,,,,,,,5.9842
2023-09-27,,,,,,,,,,,,,,,,,,,,,,,,5.8671
2023-09-28,,,,,,,,,,,,,,,,,,,,,,,,5.8707
2023-09-29,,,,,,,,,,,,,,,,,,,,,,,,6.0476
2023-10-02,,,,,,,,,,,,,,,,,,,,,,,,6.0172
2023-10-03,,,,,,,,,,,,,,,,,,,,,,,,5.8202
2023-10-04,,,,,,,,,,,,,,,,,,,,,,,,5.7969
2023-10-05,,,,,,,,,,,,,,,,,,,,,,,,5.8503
2023-10-06,,,,,,,,,,,,,,,,,,,,,,,,5.922
2023-10-09,,,,,,,,,,,,,,,,,,,,,,,,5.9299
2023-10-10,,,,,,,,,,,,,,,,,,,,,,,,6.0535
2023-10-11,,,,,,,,,,,,,,,,,,,,,,,,6.1128
2023-10-12,,,,,,,,,,,,,,,,,,,,,,,,6.059
2023-10-13,,,,,,,,,,,,,,,,,,,,,,,,5.9711
2023-10-16,,,,,,,,,,,,,,,,,,,,,,,,6.0039
2023-10-17,,,,,,,,,,,,,,,,,,,,,,,,5.943
2023-10-18,,,,,,,,,,,,,,,,,,,,,,,,5.8204
2023-10-19,,,,,,,,,,,,,,,,,,,,,,,,5.6734
2023-10-20,,,,,,,,,,,,,,,,,,,,,,,,5.7127
2023-10-23,,,,,,,,,,,,,,,,,,,,,,,,5.6549
2023-10-24,,,,,,,,,,,,,,,,,,,,,,,,5.7365
2023-10-25,,,,,,,,,,,,,,,,,,,,,,,,5.6018
2023-10-26,,,,,,,,,,,,,,,,,,,,,,,,5.6218
2023-10-27,,,,,,,,,,,,,,,,,,,,,,,,5.6614
2023-10-30,,,,,,,,,,,,,,,,,,,,,,,,5.6762
2023-10-31,,,,,,,,,,,,,,,,,,,,,,,,5.8829
2023-11-01,,,,,,,,,,,,,,,,,,,,,,,,5.8896
2023-11-02,,,,,,,,,,,,,,,,,,,,,,,,6.2387
2023-11-03,,,,,,,,,,,,,,,,,,,,,,,,6.4029
2023-11-06,,,,,,,,,,,,,,,,,,,,,,,,6.2287
2023-11-07,,,,,,,,,,,,,,,,,,,,,,,,6.294
2023-11-08,,,,,,,,,,,,,,,,,,,,,,,,6.2066
2023-11-09,,,,,,,,,,,,,,,,,,,,,,,,6.3437
2023-11-10,,,,,,,,,,,,,,,,,,,,,,,,6.2209
2023-11-13,,,,,,,,,,,,,,,,,,,,,,,,6.2038
2023-11-14,,,,,,,,,,,,,,,,,,,,,,,,6.7068
2023-11-15,,,,,,,,,,,,,,,,,,,,,,,,6.5922
2023-11-16,,,,,,,,,,,,,,,,,,,,,,,,6.5181
2023-11-17,,,,,,,,,,,,,,,,,,,,,,,,6.6504
2023-11-20,,,,,,,,,,,,,,,,,,,,,,,,6.6725
2023-11-21,,,,,,,,,,,,,,,,,,,,,,,,6.5205
2023-11-22,,,,,,,,,,,,,,,,,,,,,,,,6.6125
2023-11-23,,,,,,,,,,,,,,,,,,,,,,,,6.6418
2023-11-24,,,,,,,,,,,,,,,,,,,,,,,,6.6495
2023-11-27,,,,,,,,,,,,,,,,,,,,,,,,6.683
2023-11-28,,,,,,,,,,,,,,,,,,,,,,,,6.6599
2023-11-29,,,,,,,,,,,,,,,,,,,,,,,,6.7493
2023-11-30,,,,,,,,,,,,,,,,,,,,,,,,6.7149
2023-12-01,,,,,,,,,,,,,,,,,,,,,,,,6.7859
2023-12-04,,,,,,,,,,,,,,,,,,,,,,,,6.7991
2023-12-05,,,,,,,,,,,,,,,,,,,,,,,,6.9125
2023-12-06,,,,,,,,,,,,,,,,,,,,,,,,6.9615
2023-12-07,,,,,,,,,,,,,,,,,,,,,,,,6.9675
2023-12-08,,,,,,,,,,,,,,,,,,,,,,,,6.8812
2023-12-11,,,,,,,,,,,,,,,,,,,,,,,,6.9144
2023-12-12,,,,,,,,,,,,,,,,,,,,,,,,6.8689
2023-12-13,,,,,,,,,,,,,,,,,,,,,,,,6.9203
2023-12-14,,,,,,,,,,,,,,,,,,,,,,,,7.2376
2023-12-15,,,,,,,,,,,,,,,,,,,,,,,,7.1926
2023-12-18,,,,,,,,,,,,,,,,,,,,,,,,7.201
2023-12-19,,,,,,,,,,,,,,,,,,,,,,,,7.2513
2023-12-20,,,,,,,,,,,,,,,,,,,,,,,,7.3071
2023-12-21,,,,,,,,,,,,,,,,,,,,,,,,7.2728
2023-12-22,,,,,,,,,,,,,,,,,,,,,,,,7.3258
2023-12-27,,,,,,,,,,,,,,,,,,,,,,,,7.3991
2023-12-28,,,,,,,,,,,,,,,,,,,,,,,,7.4088
2023-12-29,,,,,,,,,,,,,,,,,,,,,,,,7.361
2024-01-02,,,,,,,,,,,,,,,,,,,,,,,,7.2746
2024-01-03,,,,,,,,,,,,,,,,,,,,,,,,7.1506
2024-01-04,,,,,,,,,,,,,,,,,,,,,,,,7.2068
2024-01-05,,,,,,,,,,,,,,,,,,,,,,,,7.1568
2024-01-08,,,,,,,,,,,,,,,,,,,,,,,,7.1361
2024-01-09,,,,,,,,,,,,,,,,,,,,,,,,7.0658
2024-01-10,,,,,,,,,,,,,,,,,,,,,,,,7.102
2024-01-11,,,,,,,,,,,,,,,,,,,,,,,,7.0189
2024-01-12,,,,,,,,,,,,,,,,,,,,,,,,7.1149
2024-01-15,,,,,,,,,,,,,,,,,,,,,,,,7.0391
2024-01-16,,,,,,,,,,,,,,,,,,,,,,,,6.9925
2024-01-17,,,,,,,,,,,,,,,,,,,,,,,,6.8265
2024-01-18,,,,,,,,,,,,,,,,,,,,,,,,6.8235
2024-01-19,,,,,,,,,,,,,,,,,,,,,,,,6.8197
2024-01-22,,,,,,,,,,,,,,,,,,,,,,,,6.8748
2024-01-23,,,,,,,,,,,,,,,,,,,,,,,,6.8246
2024-01-24,,,,,,,,,,,,,,,,,,,,,,,,6.9165
2024-01-25,,,,,,,,,,,,,,,,,,,,,,,,6.9407
2024-01-26,,,,,,,,,,,,,,,,,,,,,,,,6.9648
2024-01-29,,,,,,,,,,,,,,,,,,,,,,,,6.9885
2024-01-30,,,,,,,,,,,,,,,,,,,,,,,,6.9616
2024-01-31,,,,,,,,,,,,,,,,,,,,,,,,6.997
2024-02-01,,,,,,,,,,,,,,,,,,,,,,,,6.8514
2024-02-02,,,,,,,,,,,,,,,,,,,,,,,,6.8146
2024-02-05,,,,,,,,,,,,,,,,,,,,,,,,6.7564
2024-02-06,,,,,,,,,,,,,,,,,,,,,,,,6.7414
2024-02-07,,,,,,,,,,,,,,,,,,,,,,,,6.7168
2024-02-08,,,,,,,,,,,,,,,,,,,,,,,,6.6968
2024-02-09,,,,,,,,,,,,,,,,,,,,,,,,6.6023
2024-02-12,,,,,,,,,,,,,,,,,,,,,,,,6.7199
2024-02-13,,,,,,,,,,,,,,,,,,,,,,,,6.5495
2024-02-14,,,,,,,,,,,,,,,,,,,,,,,,6.5426
2024-02-15,,,,,,,,,,,,,,,,,,,,,,,,6.6388
2024-02-16,,,,,,,,,,,,,,,,,,,,,,,,6.6068
2024-02-19,,,,,,,,,,,,,,,,,,,,,,,,6.6054
2024-02-20,,,,,,,,,,,,,,,,,,,,,,,,6.5902
2024-02-21,,,,,,,,,,,,,,,,,,,,,,,,6.5572
2024-02-22,,,,,,,,,,,,,,,,,,,,,,,,6.6045
2024-02-23,,,,,,,,,,,,,,,,,,,,,,,,6.57
2024-02-26,,,,,,,,,,,,,,,,,,,,,,,,6.5161
2024-02-27,,,,,,,,,,,,,,,,,,,,,,,,6.5381
2024-02-28,,,,,,,,,,,,,,,,,,,,,,,,6.4181
2024-02-29,,,,,,,,,,,,,,,,,,,,,,,,6.4152
2024-03-01,,,,,,,,,,,,,,,,,,,,,,,,6.4786
2024-03-04,,,,,,,,,,,,,,,,,,,,,,,,6.4257
2024-03-05,,,,,,,,,,,,,,,,,,,,,,,,6.3944
2024-03-06,,,,,,,,,,,,,,,,,,,,,,,,6.4371
2024-03-07,,,,,,,,,,,,,,,,,,,,,,,,6.4886
2024-03-08,,,,,,,,,,,,,,,,,,,,,,,,6.6639
2024-03-11,,,,,,,,,,,,,,,,,,,,,,,,6.6923
2024-03-12,,,,,,,,,,,,,,,,,,,,,,,,6.6117
2024-03-13,,,,,,,,,,,,,,,,,,,,,,,,6.5897
2024-03-14,,,,,,,,,,,,,,,,,,,,,,,,6.551
2024-03-15,,,,,,,,,,,,,,,,,,,,,,,,6.4754
2024-03-18,,,,,,,,,,,,,,,,,,,,,,,,6.4924
2024-03-19,,,,,,,,,,,,,,,,,,,,,,,,6.5469
2024-03-20,,,,,,,,,,,,,,,,,,,,,,,,6.566
2024-03-21,,,,,,,,,,,,,,,,,,,,,,,,6.7067
2024-03-22,,,,,,,,,,,,,,,,,,,,,,,,6.7629
2024-03-25,,,,,,,,,,,,,,,,,,,,,,,,6.8076
2024-03-26,,,,,,,,,,,,,,,,,,,,,,,,6.801
2024-03-27,,,,,,,,,,,,,,,,,,,,,,,,6.8487
2024-03-28,,,,,,,,,,,,,,,,,,,,,,,,6.8951
2024-04-02,,,,,,,,,,,,,,,,,,,,,,,,6.7136
2024-04-03,,,,,,,,,,,,,,,,,,,,,,,,6.7216
2024-04-04,,,,,,,,,,,,,,,,,,,,,,,,6.69
2024-04-05,,,,,,,,,,,,,,,,,,,,,,,,6.645
2024-04-08,,,,,,,,,,,,,,,,,,,,,,,,6.6955
2024-04-09,,,,,,,,,,,,,,,,,,,,,,,,6.6257
2024-04-10,,,,,,,,,,,,,,,,,,,,,,,,6.5254
2024-04-11,,,,,,,,,,,,,,,,,,,,,,,,6.5005
2024-04-12,,,,,,,,,,,,,,,,,,,,,,,,6.5315
2024-04-15,,,,,,,,,,,,,,,,,,,,,,,,6.5355
2024-04-16,,,,,,,,,,,,,,,,,,,,,,,,6.4073
2024-04-17,,,,,,,,,,,,,,,,,,,,,,,,6.4134
2024-04-18,,,,,,,,,,,,,,,,,,,,,,,,6.4896
2024-04-19,,,,,,,,,,,,,,,,,,,,,,,,6.558
2024-04-22,,,,,,,,,,,,,,,,,,,,,,,,6.6217
2024-04-23,,,,,,,,,,,,,,,,,,,,,,,,6.6822
2024-04-24,,,,,,,,,,,,,,,,,,,,,,,,6.5567
2024-04-25,,,,,,,,,,,,,,,,,,,,,,,,6.4895
2024-04-26,,,,,,,,,,,,,,,,,,,,,,,,6.6104
2024-04-29,,,,,,,,,,,,,,,,,,,,,,,,6.676
2024-04-30,,,,,,,,,,,,,,,,,,,,,,,,6.6561
2024-05-02,,,,,,,,,,,,,,,,,,,,,,,,6.7735
2024-05-03,,,,,,,,,,,,,,,,,,,,,,,,6.8263
2024-05-06,,,,,,,,,,,,,,,,,,,,,,,,6.8265
2024-05-07,,,,,,,,,,,,,,,,,,,,,,,,6.9343
2024-05-08,,,,,,,,,,,,,,,,,,,,,,,,6.8455
2024-05-09,,,,,,,,,,,,,,,,,,,,,,,,6.8628
2024-05-10,,,,,,,,,,,,,,,,,,,,,,,,6.7876
2024-05-13,,,,,,,,,,,,,,,,,,,,,,,,6.8001
2024-05-14,,,,,,,,,,,,,,,,,,,,,,,,6.8567
2024-05-15,,,,,,,,,,,,,,,,,,,,,,,,7.0595
2024-05-16,,,,,,,,,,,,,,,,,,,,,,,,7.0804
2024-05-17,,,,,,,,,,,,,,,,,,,,,,,,6.9842
2024-05-20,,,,,,,,,,,,,,,,,,,,,,,,6.975
2024-05-21,,,,,,,,,,,,,,,,,,,,,,,,6.9539
2024-05-22,,,,,,,,,,,,,,,,,,,,,,,,7.0594
2024-05-23,,,,,,,,,,,,,,,,,,,,,,,,6.9175
2024-05-24,,,,,,,,,,,,,,,,,,,,,,,,6.8781
2024-05-27,,,,,,,,,,,,,,,,,,,,,,,,6.8997
2024-05-28,,,,,,,,,,,,,,,,,,,,,,,,6.9385
2024-05-29,,,,,,,,,,,,,,,,,,,,,,,,6.8058
2024-05-30,,,,,,,,,,,,,,,,,,,,,,,,6.9146
2024-05-31,,,,,,,,,,,,,,,,,,,,,,,,6.9662
2024-06-03,,,,,,,,,,,,,,,,,,,,,,,,7.0516
2024-06-04,,,,,,,,,,,,,,,,,,,,,,,,7.0917
2024-06-05,,,,,,,,,,,,,,,,,,,,,,,,7.1108
2024-06-06,,,,,,,,,,,,,,,,,,,,,,,,7.098
2024-06-07,,,,,,,,,,,,,,,,,,,,,,,,6.8797
2024-06-10,,,,,,,,,,,,,,,,,,,,,,,,6.8927
2024-06-11,,,,,,,,,,,,,,,,,,,,,,,,6.7261
2024-06-12,,,,,,,,,,,,,,,,,,,,,,,,6.8782
2024-06-13,,,,,,,,,,,,,,,,,,,,,,,,6.7792
2024-06-14,,,,,,,,,,,,,,,,,,,,,,,,6.6784
2024-06-17,,,,,,,,,,,,,,,,,,,,,,,,6.628
2024-06-18,,,,,,,,,,,,,,,,,,,,,,,,6.6912
2024-06-19,,,,,,,,,,,,,,,,,,,,,,,,6.615
2024-06-20,,,,,,,,,,,,,,,,,,,,,,,,6.7149
2024-06-21,,,,,,,,,,,,,,,,,,,,,,,,6.6477
2024-06-24,,,,,,,,,,,,,,,,,,,,,,,,6.7186
2024-06-25,,,,,,,,,,,,,,,,,,,,,,,,6.6625
2024-06-26,,,,,,,,,,,,,,,,,,,,,,,,6.6031
2024-06-27,,,,,,,,,,,,,,,,,,,,,,,,6.6452
2024-06-28,,,,,,,,,,,,,,,,,,,,,,,,6.6315
2024-07-01,,,,,,,,,,,,,,,,,,,,,,,,6.656
2024-07-02,,,,,,,,,,,,,,,,,,,,,,,,6.6922
2024-07-03,,,,,,,,,,,,,,,,,,,,,,,,6.7642
2024-07-04,,,,,,,,,,,,,,,,,,,,,,,,6.7865
2024-07-05,,,,,,,,,,,,,,,,,,,,,,,,6.8561
2024-07-08,,,,,,,,,,,,,,,,,,,,,,,,6.7694
2024-07-09,,,,,,,,,,,,,,,,,,,,,,,,6.7752
2024-07-10,,,,,,,,,,,,,,,,,,,,,,,,6.8907
2024-07-11,,,,,,,,,,,,,,,,,,,,,,,,6.9958
2024-07-12,,,,,,,,,,,,,,,,,,,,,,,,6.9854
2024-07-15,,,,,,,,,,,,,,,,,,,,,,,,6.8828
2024-07-16,,,,,,,,,,,,,,,,,,,,,,,,6.8631
2024-07-17,,,,,,,,,,,,,,,,,,,,,,,,6.8736
2024-07-18,,,,,,,,,,,,,,,,,,,,,,,,6.8519
2024-07-19,,,,,,,,,,,,,,,,,,,,,,,,6.8041
2024-07-22,,,,,,,,,,,,,,,,,,,,,,,,6.8371
2024-07-23,,,,,,,,,,,,,,,,,,,,,,,,6.7683
2024-07-24,,,,,,,,,,,,,,,,,,,,,,,,6.7522
2024-07-25,0.0,0.0,0.0,0.0,0.0,0.0,0.0,0.0,0.0,,,,0.0,,0.0,0.0,300.0,2030.16,0.0,0.0,0.0,,0.0,6.7672
2024-07-26,0.0,0.0,0.0,0.0,0.0,0.0,0.0,0.0,0.0,,,,0.0,,0.0,0.0,300.0,2030.67,0.0,0.0,0.0,,0.0,6.7689
2024-07-29,0.0,0.0,0.0,0.0,0.0,0.0,0.0,0.0,0.0,,,,0.0,,0.0,0.0,300.0,2045.52,0.0,0.0,0.0,,0.0,6.8184
2024-07-30,,,,,,,,,,,,,,,,,,,,,,,,6.8629
2024-07-31,,,,,,,,,,,,,,,,,,,,,,,,6.8542
2024-08-01,,,,,,,,,,,,,,,,,,,,,,,,6.9263
2024-08-02,,,,,,,,,,,,,,,,,,,,,,,,7.0186
2024-08-05,,,,,,,,,,,,,,,,,,,,,,,,6.7853
2024-08-06,0.0,0.0,0.0,0.0,0.0,0.0,0.0,0.0,0.0,,,,0.0,,0.0,0.0,300.0,2037.57,0.0,0.0,0.0,,0.0,6.7919
2024-08-07,,,,,,,,,,,,,,,,,,,,,,,,6.9215
2024-08-08,,,,,,,,,,,,,,,,,,,,,,,,6.8979
2024-08-09,,,,,,,,,,,,,,,,,,,,,,,,6.9965
2024-08-12,,,,,,,,,,,,,,,,,,,,,,,,6.9413
2024-08-13,,,,,,,,,,,,,,,,,,,,,,,,6.9915
2024-08-14,,,,,,,,,,,,,,,,,,,,,,,,7.0389
2024-08-15,,,,,,,,,,,,,,,,,,,,,,,,6.9932
2024-08-16,,,,,,,,,,,,,,,,,,,,,,,,6.9671
2024-08-19,,,,,,,,,,,,,,,,,,,,,,,,7.0403
2024-08-20,,,,,,,,,,,,,,,,,,,,,,,,7.0704
2024-08-21,,,,,,,,,,,,,,,,,,,,,,,,7.0607
2024-08-22,,,,,,,,,,,,,,,,,,,,,,,,7.1135
2024-08-23,,,,,,,,,,,,,,,,,,,,,,,,7.2295
2024-08-26,,,,,,,,,,,,,,,,,,,,,,,,7.3309
2024-08-27,,,,,,,,,,,,,,,,,,,,,,,,7.2585
2024-08-28,,,,,,,,,,,,,,,,,,,,,,,,7.2758
2024-08-29,,,,,,,,,,,,,,,,,,,,,,,,7.146
2024-08-30,,,,,,,,,,,,,,,,,,,,,,,,7.236
2024-09-02,,,,,,,,,,,,,,,,,,,,,,,,7.2869
2024-09-03,,,,,,,,,,,,,,,,,,,,,,,,7.2027
2024-09-04,,,,,,,,,,,,,,,,,,,,,,,,7.2954
2024-09-05,,,,,,,,,,,,,,,,,,,,,,,,7.4018
2024-09-06,,,,,,,,,,,,,,,,,,,,,,,,7.4489
2024-09-09,,,,,,,,,,,,,,,,,,,,,,,,7.4297
2024-09-10,,,,,,,,,,,,,,,,,,,,,,,,7.5617
2024-09-11,,,,,,,,,,,,,,,,,,,,,,,,7.49
2024-09-12,,,,,,,,,,,,,,,,,,,,,,,,7.5383
2024-09-13,,,,,,,,,,,,,,,,,,,,,,,,7.6388
2024-09-16,,,,,,,,,,,,,,,,,,,,,,,,7.5896
2024-09-17,,,,,,,,,,,,,,,,,,,,,,,,7.5186
2024-09-18,,,,,,,,,,,,,,,,,,,,,,,,7.4855
2024-09-19,,,,,,,,,,,,,,,,,,,,,,,,7.6528
2024-09-20,,,,,,,,,,,,,,,,,,,,,,,,7.5271
2024-09-23,,,,,,,,,,,,,,,,,,,,,,,,7.6344
2024-09-24,,,,,,,,,,,,,,,,,,,,,,,,7.58
2024-09-25,,,,,,,,,,,,,,,,,,,,,,,,7.5543
2024-09-26,,,,,,,,,,,,,,,,,,,,,,,,7.6045
2024-09-27,,,,,,,,,,,,,,,,,,,,,,,,7.7093
2024-09-30,,,,,,,,,,,,,,,,,,,,,,,,7.6439
2024-10-01,,,,,,,,,,,,,,,,,,,,,,,,7.7494
2024-10-02,,,,,,,,,,,,,,,,,,,,,,,,7.6651
2024-10-03,,,,,,,,,,,,,,,,,,,,,,,,7.529
2024-10-04,,,,,,,,,,,,,,,,,,,,,,,,7.4923
2024-10-07,,,,,,,,,,,,,,,,,,,,,,,,7.4377
2024-10-08,,,,,,,,,,,,,,,,,,,,,,,,7.4166
2024-10-09,,,,,,,,,,,,,,,,,,,,,,,,7.459
2024-10-10,,,,,,,,,,,,,,,,,,,,,,,,7.3811
2024-10-11,,,,,,,,,,,,,,,,,,,,,,,,7.4746
2024-10-14,,,,,,,,,,,,,,,,,,,,,,,,7.3992
2024-10-15,,,,,,,,,,,,,,,,,,,,,,,,7.504
2024-10-16,,,,,,,,,,,,,,,,,,,,,,,,7.5435
2024-10-17,,,,,,,,,,,,,,,,,,,,,,,,7.5049
2024-10-18,,,,,,,,,,,,,,,,,,,,,,,,7.4391
2024-10-21,,,,,,,,,,,,,,,,,,,,,,,,7.2488
2024-10-22,,,,,,,,,,,,,,,,,,,,,,,,7.2104
2024-10-23,,,,,,,,,,,,,,,,,,,,,,,,7.2198
2024-10-24,,,,,,,,,,,,,,,,,,,,,,,,7.2326
2024-10-25,,,,,,,,,,,,,,,,,,,,,,,,7.22
2024-10-28,,,,,,,,,,,,,,,,,,,,,,,,7.2588
2024-10-29,,,,,,,,,,,,,,,,,,,,,,,,7.2023
2024-10-30,,,,,,,,,,,,,,,,,,,,,,,,7.1462
2024-10-31,,,,,,,,,,,,,,,,,,,,,,,,6.9635
2024-11-01,,,,,,,,,,,,,,,,,,,,,,,,6.9538
2024-11-04,,,,,,,,,,,,,,,,,,,,,,,,6.9121
2024-11-05,,,,,,,,,,,,,,,,,,,,,,,,6.8909
2024-11-06,,,,,,,,,,,,,,,,,,,,,,,,6.7646
2024-11-07,,,,,,,,,,,,,,,,,,,,,,,,6.9102
2024-11-08,,,,,,,,,,,,,,,,,,,,,,,,6.9581
2024-11-11,,,,,,,,,,,,,,,,,,,,,,,,6.9624
2024-11-12,,,,,,,,,,,,,,,,,,,,,,,,6.8433
2024-11-13,,,,,,,,,,,,,,,,,,,,,,,,6.7584
2024-11-14,,,,,,,,,,,,,,,,,,,,,,,,6.838
2024-11-15,,,,,,,,,,,,,,,,,,,,,,,,6.8317
2024-11-18,,,,,,,,,,,,,,,,,,,,,,,,6.7188
2024-11-19,,,,,,,,,,,,,,,,,,,,,,,,6.7976
2024-11-20,,,,,,,,,,,,,,,,,,,,,,,,6.7305
2024-11-21,,,,,,,,,,,,,,,,,,,,,,,,6.7105
2024-11-22,,,,,,,,,,,,,,,,,,,,,,,,6.8985
2024-11-25,,,,,,,,,,,,,,,,,,,,,,,,6.8994
2024-11-26,,,,,,,,,,,,,,,,,,,,,,,,6.9022
2024-11-27,,,,,,,,,,,,,,,,,,,,,,,,6.9718
2024-11-28,,,,,,,,,,,,,,,,,,,,,,,,6.9843
2024-11-29,,,,,,,,,,,,,,,,,,,,,,,,6.9803
2024-12-02,,,,,,,,,,,,,,,,,,,,,,,,6.9203
2024-12-03,,,,,,,,,,,,,,,,,,,,,,,,6.8857
2024-12-04,,,,,,,,,,,,,,,,,,,,,,,,6.9636
2024-12-05,,,,,,,,,,,,,,,,,,,,,,,,6.877
2024-12-06,,,,,,,,,,,,,,,,,,,,,,,,6.9071
2024-12-09,,,,,,,,,,,,,,,,,,,,,,,,6.7929
2024-12-10,,,,,,,,,,,,,,,,,,,,,,,,6.803
2024-12-11,,,,,,,,,,,,,,,,,,,,,,,,6.7833
2024-12-12,,,,,,,,,,,,,,,,,,,,,,,,6.7707
2024-12-13,,,,,,,,,,,,,,,,,,,,,,,,6.6846
2024-12-16,,,,,,,,,,,,,,,,,,,,,,,,6.6033
2024-12-17,,,,,,,,,,,,,,,,,,,,,,,,6.5966
2024-12-18,,,,,,,,,,,,,,,,,,,,,,,,6.6127
2024-12-19,,,,,,,,,,,,,,,,,,,,,,,,6.4331
2024-12-20,,,,,,,,,,,,,,,,,,,,,,,,6.5344
2024-12-23,,,,,,,,,,,,,,,,,,,,,,,,6.5304
2024-12-24,,,,,,,,,,,,,,,,,,,,,,,,6.5791
2024-12-27,,,,,,,,,,,,,,,,,,,,,,,,6.5631
2024-12-30,,,,,,,,,,,,,,,,,,,,,,,,6.5572
2024-12-31,,,,,,,,,,,,,,,,,,,,,,,,6.6069
2025-01-02,,,,,,,,,,,,,,,,,,,,,,,,6.5853
2025-01-03,,,,,,,,,,,,,,,,,,,,,,,,6.6011
2025-01-06,,,,,,,,,,,,,,,,,,,,,,,,6.5372
2025-01-07,,,,,,,,,,,,,,,,,,,,,,,,6.5052
2025-01-08,,,,,,,,,,,,,,,,,,,,,,,,6.3734
2025-01-09,,,,,,,,,,,,,,,,,,,,,,,,6.41
2025-01-10,,,,,,,,,,,,,,,,,,,,,,,,6.3473
2025-01-13,0.0,0.0,0.0,0.0,0.0,0.0,0.0,0.0,0.0,,,,0.0,,0.0,0.0,100.0,626.45,0.0,0.0,0.0,,0.0,6.2645
2025-01-14,,,,,,,,,,,,,,,,,,,,,,,,6.3251
2025-01-15,,,,,,,,,,,,,,,,,,,,,,,,6.4949
2025-01-16,,,,,,,,,,,,,,,,,,,,,,,,6.5533
2025-01-17,,,,,,,,,,,,,,,,,,,,,,,,6.624
2025-01-20,,,,,,,,,,,,,,,,,,,,,,,,6.521
2025-01-21,,,,,,,,,,,,,,,,,,,,,,,,6.5694
2025-01-22,,,,,,,,,,,,,,,,,,,,,,,,6.4805
2025-01-23,,,,,,,,,,,,,,,,,,,,,,,,6.5571
2025-01-24,,,,,,,,,,,,,,,,,,,,,,,,6.5163
2025-01-27,,,,,,,,,,,,,,,,,,,,,,,,6.6554
2025-01-28,,,,,,,,,,,,,,,,,,,,,,,,6.7385
2025-01-29,,,,,,,,,,,,,,,,,,,,,,,,6.6656
2025-01-30,,,,,,,,,,,,,,,,,,,,,,,,6.7825
2025-01-31,,,,,,,,,,,,,,,,,,,,,,,,6.7741
2025-02-03,0.0,0.0,0.0,0.0,0.0,0.0,0.0,0.0,0.0,,,,0.0,,0.0,0.0,1200.0,8092.08,0.01,0.0,0.0,,0.0,6.7434
2025-02-04,0.0,0.0,0.0,0.0,0.0,0.0,0.0,0.0,0.0,,,,0.0,,0.0,0.0,300.0,2020.32,0.0,0.0,0.0,,0.0,6.7344
2025-02-05,,,,,,,,,,,,,,,,,,,,,,,,6.8298
2025-02-06,,,,,,,,,,,,,,,,,,,,,,,,6.8805
2025-02-07,,,,,,,,,,,,,,,,,,,,,,,,6.7779
2025-02-10,,,,,,,,,,,,,,,,,,,,,,,,6.8457
2025-02-11,,,,,,,,,,,,,,,,,,,,,,,,6.8208
2025-02-12,,,,,,,,,,,,,,,,,,,,,,,,6.7417
2025-02-13,,,,,,,,,,,,,,,,,,,,,,,,6.83
2025-02-14,,,,,,,,,,,,,,,,,,,,,,,,6.8199
2025-02-17,,,,,,,,,,,,,,,,,,,,,,,,6.7937
2025-02-18,,,,,,,,,,,,,,,,,,,,,,,,6.754
2025-02-19,,,,,,,,,,,,,,,,,,,,,,,,6.6652
2025-02-20,,,,,,,,,,,,,,,,,,,,,,,,6.7074
2025-02-21,,,,,,,,,,,,,,,,,,,,,,,,6.7175
2025-02-24,,,,,,,,,,,,,,,,,,,,,,,,6.7467
2025-02-25,,,,,,,,,,,,,,,,,,,,,,,,6.7473
2025-02-26,,,,,,,,,,,,,,,,,,,,,,,,6.7492
2025-02-27,,,,,,,,,,,,,,,,,,,,,,,,6.7548
2025-02-28,,,,,,,,,,,,,,,,,,,,,,,,6.7279
2025-03-03,,,,,,,,,,,,,,,,,,,,,,,,6.7101
2025-03-04,,,,,,,,,,,,,,,,,,,,,,,,6.6839
2025-03-05,,,,,,,,,,,,,,,,,,,,,,,,6.4639
2025-03-06,,,,,,,,,,,,,,,,,,,,,,,,6.3122
2025-03-07,,,,,,,,,,,,,,,,,,,,,,,,6.3917
2025-03-10,,,,,,,,,,,,,,,,,,,,,,,,6.3762
2025-03-11,,,,,,,,,,,,,,,,,,,,,,,,6.3576
2025-03-12,,,,,,,,,,,,,,,,,,,,,,,,6.3643
2025-03-13,,,,,,,,,,,,,,,,,,,,,,,,6.3475
2025-03-14,,,,,,,,,,,,,,,,,,,,,,,,6.4101
2025-03-17,,,,,,,,,,,,,,,,,,,,,,,,6.475
2025-03-18,,,,,,,,,,,,,,,,,,,,,,,,6.404
2025-03-19,,,,,,,,,,,,,,,,,,,,,,,,6.4197
2025-03-20,,,,,,,,,,,,,,,,,,,,,,,,6.4473
2025-03-21,,,,,,,,,,,,,,,,,,,,,,,,6.4666
2025-03-24,,,,,,,,,,,,,,,,,,,,,,,,6.3683
2025-03-25,,,,,,,,,,,,,,,,,,,,,,,,6.4353
2025-03-26,,,,,,,,,,,,,,,,,,,,,,,,6.4422
2025-03-27,,,,,,,,,,,,,,,,,,,,,,,,6.4308
2025-03-28,,,,,,,,,,,,,,,,,,,,,,,,6.5504
2025-03-31,,,,,,,,,,,,,,,,,,,,,,,,6.4978
2025-04-01,,,,,,,,,,,,,,,,,,,,,,,,6.5906
2025-04-02,,,,,,,,,,,,,,,,,,,,,,,,6.5295
2025-04-03,,,,,,,,,,,,,,,,,,,,,,,,6.6523
2025-04-04,,,,,,,,,,,,,,,,,,,,,,,,6.3303
2025-04-07,,,,,,,,,,,,,,,,,,,,,,,,6.1858
2025-04-08,,,,,,,,,,,,,,,,,,,,,,,,6.131
2025-04-09,,,,,,,,,,,,,,,,,,,,,,,,5.8589
2025-04-10,,,,,,,,,,,,,,,,,,,,,,,,6.1295
2025-04-11,,,,,,,,,,,,,,,,,,,,,,,,6.2424
2025-04-14,,,,,,,,,,,,,,,,,,,,,,,,6.3888
2025-04-15,,,,,,,,,,,,,,,,,,,,,,,,6.5632
2025-04-16,,,,,,,,,,,,,,,,,,,,,,,,6.5793
2025-04-17,,,,,,,,,,,,,,,,,,,,,,,,6.669
2025-04-22,,,,,,,,,,,,,,,,,,,,,,,,6.6957
2025-04-23,,,,,,,,,,,,,,,,,,,,,,,,6.7333
2025-04-24,0.0,0.0,0.0,0.0,0.0,0.0,0.0,0.0,0.0,,,,0.0,,0.0,0.0,2800.0,18816.56,0.02,0.0,0.0,,0.0,6.7202
2025-04-25,0.0,0.0,0.0,0.0,0.0,0.0,0.0,0.0,0.0,,,,0.0,,0.0,0.0,2800.0,18741.52,0.02,0.0,0.0,,0.0,6.6934
2025-04-28,,,,,,,,,,,,,,,,,,,,,,,,6.7074
2025-04-29,,,,,,,,,,,,,,,,,,,,,,,,6.7499
2025-04-30,,,,,,,,,,,,,,,,,,,,,,,,6.8091
2025-05-02,,,,,,,,,,,,,,,,,,,,,,,,6.7308
2025-05-05,,,,,,,,,,,,,,,,,,,,,,,,6.9378
2025-05-06,,,,,,,,,,,,,,,,,,,,,,,,6.9125
2025-05-07,,,,,,,,,,,,,,,,,,,,,,,,6.8891
2025-05-08,,,,,,,,,,,,,,,,,,,,,,,,6.862
2025-05-09,,,,,,,,,,,,,,,,,,,,,,,,6.8766
2025-05-12,,,,,,,,,,,,,,,,,,,,,,,,6.83
2025-05-13,,,,,,,,,,,,,,,,,,,,,,,,6.7425
2025-05-14,,,,,,,,,,,,,,,,,,,,,,,,6.7345
2025-05-15,,,,,,,,,,,,,,,,,,,,,,,,6.8209
2025-05-16,,,,,,,,,,,,,,,,,,,,,,,,6.9367
2025-05-19,,,,,,,,,,,,,,,,,,,,,,,,6.927
2025-05-20,,,,,,,,,,,,,,,,,,,,,,,,6.955
2025-05-21,,,,,,,,,,,,,,,,,,,,,,,,6.9101
2025-05-22,,,,,,,,,,,,,,,,,,,,,,,,6.8223
2025-05-23,,,,,,,,,,,,,,,,,,,,,,,,6.8367
2025-05-26,,,,,,,,,,,,,,,,,,,,,,,,6.9118
2025-05-27,,,,,,,,,,,,,,,,,,,,,,,,6.8995
2025-05-28,,,,,,,,,,,,,,,,,,,,,,,,6.951
2025-05-29,,,,,,,,,,,,,,,,,,,,,,,,7.0572
2025-05-30,,,,,,,,,,,,,,,,,,,,,,,,7.0973
2025-06-02,,,,,,,,,,,,,,,,,,,,,,,,7.0078
2025-06-03,,,,,,,,,,,,,,,,,,,,,,,,7.0088
2025-06-04,,,,,,,,,,,,,,,,,,,,,,,,7.0187
2025-06-05,,,,,,,,,,,,,,,,,,,,,,,,6.9711
2025-06-06,,,,,,,,,,,,,,,,,,,,,,,,6.9792
2025-06-09,,,,,,,,,,,,,,,,,,,,,,,,7.0685
2025-06-10,,,,,,,,,,,,,,,,,,,,,,,,7.1076
2025-06-11,,,,,,,,,,,,,,,,,,,,,,,,7.0905
2025-06-12,,,,,,,,,,,,,,,,,,,,,,,,7.0096
2025-06-13,,,,,,,,,,,,,,,,,,,,,,,,6.9096
2025-06-16,,,,,,,,,,,,,,,,,,,,,,,,6.9973
2025-06-17,,,,,,,,,,,,,,,,,,,,,,,,7.0114
2025-06-18,,,,,,,,,,,,,,,,,,,,,,,,7.0767
2025-06-19,,,,,,,,,,,,,,,,,,,,,,,,7.0349
2025-06-20,,,,,,,,,,,,,,,,,,,,,,,,7.063
2025-06-23,,,,,,,,,,,,,,,,,,,,,,,,7.0702
2025-06-24,,,,,,,,,,,,,,,,,,,,,,,,7.1025
2025-06-25,,,,,,,,,,,,,,,,,,,,,,,,7.0398
2025-06-26,,,,,,,,,,,,,,,,,,,,,,,,7.0759
2025-06-27,,,,,,,,,,,,,,,,,,,,,,,,7.1199
2025-06-30,,,,,,,,,,,,,,,,,,,,,,,,7.1051
2025-07-01,,,,,,,,,,,,,,,,,,,,,,,,7.1447
2025-07-02,,,,,,,,,,,,,,,,,,,,,,,,6.9649
2025-07-03,,,,,,,,,,,,,,,,,,,,,,,,7.0016
2025-07-04,,,,,,,,,,,,,,,,,,,,,,,,6.9584
2025-07-07,,,,,,,,,,,,,,,,,,,,,,,,6.9162
2025-07-08,,,,,,,,,,,,,,,,,,,,,,,,6.855
2025-07-09,,,,,,,,,,,,,,,,,,,,,,,,6.9
2025-07-10,,,,,,,,,,,,,,,,,,,,,,,,6.8818
2025-07-11,,,,,,,,,,,,,,,,,,,,,,,,6.8503
2025-07-14,,,,,,,,,,,,,,,,,,,,,,,,6.8357
2025-07-15,,,,,,,,,,,,,,,,,,,,,,,,6.8033
2025-07-16,,,,,,,,,,,,,,,,,,,,,,,,6.756
2025-07-17,,,,,,,,,,,,,,,,,,,,,,,,6.79
2025-07-18,,,,,,,,,,,,,,,,,,,,,,,,6.8438
2025-07-21,,,,,,,,,,,,,,,,,,,,,,,,6.931
2025-07-22,,,,,,,,,,,,,,,,,,,,,,,,6.9313
2025-07-23,,,,,,,,,,,,,,,,,,,,,,,,6.9027
2025-07-24,,,,,,,,,,,,,,,,,,,,,,,,6.8797
2025-07-25,,,,,,,,,,,,,,,,,,,,,,,,6.8311
2025-07-28,,,,,,,,,,,,,,,,,,,,,,,,6.8548
2025-07-29,,,,,,,,,,,,,,,,,,,,,,,,6.8156
2025-07-30,,,,,,,,,,,,,,,,,,,,,,,,6.8041
2025-07-31,,,,,,,,,,,,,,,,,,,,,,,,6.7933
2025-08-01,,,,,,,,,,,,,,,,,,,,,,,,6.6977
2025-08-04,,,,,,,,,,,,,,,,,,,,,,,,6.799
2025-08-05,,,,,,,,,,,,,,,,,,,,,,,,6.8145
2025-08-06,,,,,,,,,,,,,,,,,,,,,,,,6.8889
2025-08-07,,,,,,,,,,,,,,,,,,,,,,,,6.8972
2025-08-08,,,,,,,,,,,,,,,,,,,,,,,,6.9111
2025-08-11,,,,,,,,,,,,,,,,,,,,,,,,6.8846
2025-08-12,,,,,,,,,,,,,,,,,,,,,,,,6.8164
2025-08-13,,,,,,,,,,,,,,,,,,,,,,,,6.8134
2025-08-14,,,,,,,,,,,,,,,,,,,,,,,,6.8521
2025-08-15,,,,,,,,,,,,,,,,,,,,,,,,6.8098
2025-08-18,,,,,,,,,,,,,,,,,,,,,,,,6.7808
2025-08-19,,,,,,,,,,,,,,,,,,,,,,,,6.7818
2025-08-20,,,,,,,,,,,,,,,,,,,,,,,,6.8407
2025-08-21,,,,,,,,,,,,,,,,,,,,,,,,6.8213
2025-08-22,,,,,,,,,,,,,,,,,,,,,,,,6.8966
2025-08-25,,,,,,,,,,,,,,,,,,,,,,,,6.8399
2025-08-26,,,,,,,,,,,,,,,,,,,,,,,,6.8082
2025-08-27,,,,,,,,,,,,,,,,,,,,,,,,6.7953
2025-08-28,,,,,,,,,,,,,,,,,,,,,,,,6.745
2025-08-29,,,,,,,,,,,,,,,,,,,,,,,,6.702
