,MFED FP Equity_PX_LAST
2013-04-26,101.51
2013-04-29,102.61
2013-04-30,102.42
2013-05-02,102.88
2013-05-03,104.28
2013-05-06,104.22
2013-05-07,104.77
2013-05-08,105.58
2013-05-09,105.27
2013-05-10,105.85
2013-05-13,105.69
2013-05-14,106.06
2013-05-15,107.03
2013-05-16,107.01
2013-05-17,106.87
2013-05-20,107.97
2013-05-21,107.85
2013-05-22,108.5
2013-05-23,106.3
2013-05-24,105.98
2013-05-27,106.85
2013-05-28,108.56
2013-05-29,106.69
2013-05-30,107.12
2013-05-31,106.34
2013-06-03,105.46
2013-06-04,105.62
2013-06-05,104.15
2013-06-06,103.1
2013-06-07,104.48
2013-06-10,104.39
2013-06-11,103.16
2013-06-12,102.59
2013-06-13,102.45
2013-06-14,102.75
2013-06-17,103.8
2013-06-18,103.89
2013-06-19,104.05
2013-06-20,100.31
2013-06-21,100.55
2013-06-24,97.07
2013-06-25,98.18
2013-06-26,98.19
2013-06-27,100.99
2013-06-28,100.31
2013-07-01,101.18
2013-07-02,100.7
2013-07-03,99.91
2013-07-04,100.49
2013-07-05,101.0
2013-07-08,102.71
2013-07-09,103.45
2013-07-10,103.12
2013-07-11,104.31
2013-07-12,103.9
2013-07-15,104.42
2013-07-16,103.84
2013-07-17,104.02
2013-07-18,105.5
2013-07-19,105.58
2013-07-22,105.78
2013-07-23,105.69
2013-07-24,106.7
2013-07-25,106.4
2013-07-26,106.39
2013-07-29,106.24
2013-07-30,106.96
2013-07-31,106.74
2013-08-01,108.59
2013-08-02,108.85
2013-08-05,108.9
2013-08-06,108.22
2013-08-07,108.15
2013-08-08,109.15
2013-08-09,109.68
2013-08-12,109.85
2013-08-13,110.36
2013-08-14,110.83
2013-08-15,110.09
2013-08-16,110.63
2013-08-19,109.73
2013-08-20,109.02
2013-08-21,108.06
2013-08-22,109.42
2013-08-23,110.0
2013-08-26,109.65
2013-08-27,107.29
2013-08-28,106.64
2013-08-29,107.34
2013-08-30,106.2
2013-09-02,107.36
2013-09-03,107.54
2013-09-04,107.59
2013-09-05,108.12
2013-09-06,108.98
2013-09-09,109.12
2013-09-10,111.06
2013-09-11,111.26
2013-09-12,111.36
2013-09-13,111.61
2013-09-16,112.59
2013-09-17,112.45
2013-09-18,112.91
2013-09-19,113.73
2013-09-23,113.03
2013-09-24,113.53
2013-09-25,113.54
2013-09-26,113.36
2013-09-27,113.19
2013-09-30,112.23
2013-10-01,113.64
2013-10-02,113.23
2013-10-03,112.69
2013-10-04,112.76
2013-10-07,113.15
2013-10-08,112.75
2013-10-09,112.35
2013-10-10,114.66
2013-10-11,114.93
2013-10-14,114.98
2013-10-15,116.13
2013-10-16,116.54
2013-10-17,115.7
2013-10-18,117.31
2013-10-21,117.57
2013-10-22,118.0
2013-10-23,116.94
2013-10-24,117.65
2013-10-25,117.34
2013-10-28,116.97
2013-10-29,117.82
2013-10-30,117.73
2013-10-31,118.56
2013-11-01,118.51
2013-11-04,118.54
2013-11-05,118.09
2013-11-06,118.34
2013-11-07,118.59
2013-11-08,118.1
2013-11-11,118.91
2013-11-12,118.57
2013-11-13,117.61
2013-11-14,118.68
2013-11-15,118.79
2013-11-18,119.73
2013-11-19,118.96
2013-11-20,118.48
2013-11-21,118.5
2013-11-22,118.78
2013-11-25,119.45
2013-11-26,119.47
2013-11-27,119.81
2013-11-28,120.23
2013-11-29,120.12
2013-12-02,119.77
2013-12-03,117.78
2013-12-04,116.62
2013-12-05,115.49
2013-12-06,116.24
2013-12-09,116.71
2013-12-10,116.23
2013-12-11,115.28
2013-12-12,114.39
2013-12-13,114.22
2013-12-16,115.95
2013-12-17,114.99
2013-12-18,115.69
2013-12-19,117.62
2013-12-20,118.64
2013-12-23,119.46
2013-12-27,121.04
2013-12-30,120.99
2014-01-02,119.63
2014-01-03,120.24
2014-01-06,120.16
2014-01-07,121.78
2014-01-08,121.5
2014-01-09,121.11
2014-01-10,121.63
2014-01-13,122.13
2014-01-14,122.29
2014-01-15,123.99
2014-01-16,123.66
2014-01-17,123.86
2014-01-20,123.69
2014-01-21,123.3
2014-01-22,123.59
2014-01-23,122.54
2014-01-24,119.14
2014-01-27,118.66
2014-01-28,119.8
2014-01-29,118.89
2014-01-30,119.06
2014-01-31,118.75
2014-02-03,116.99
2014-02-04,116.74
2014-02-05,117.47
2014-02-06,119.12
2014-02-07,120.01
2014-02-10,119.95
2014-02-11,121.21
2014-02-12,122.24
2014-02-13,122.5
2014-02-14,123.19
2014-02-17,123.47
2014-02-18,123.73
2014-02-19,123.37
2014-02-20,123.17
2014-02-21,123.8
2014-02-24,124.49
2014-02-25,125.09
2014-02-26,124.42
2014-02-27,124.02
2014-02-28,124.21
2014-03-03,121.02
2014-03-04,124.25
2014-03-05,123.97
2014-03-06,124.59
2014-03-07,122.84
2014-03-10,122.48
2014-03-11,122.79
2014-03-12,121.38
2014-03-13,119.77
2014-03-14,118.88
2014-03-17,120.7
2014-03-18,121.96
2014-03-19,121.72
2014-03-20,121.96
2014-03-21,122.25
2014-03-24,120.36
2014-03-25,121.9
2014-03-26,123.31
2014-03-27,123.47
2014-03-28,124.76
2014-03-31,124.96
2014-04-01,126.09
2014-04-02,125.96
2014-04-03,126.4
2014-04-04,127.18
2014-04-07,125.67
2014-04-08,125.21
2014-04-09,125.34
2014-04-10,124.38
2014-04-11,122.79
2014-04-14,122.95
2014-04-15,121.54
2014-04-16,123.49
2014-04-17,124.25
2014-04-22,125.68
2014-04-23,125.35
2014-04-24,125.52
2014-04-25,124.23
2014-04-28,124.41
2014-04-29,126.4
2014-04-30,125.88
2014-05-02,125.39
2014-05-05,125.38
2014-05-06,125.01
2014-05-07,124.89
2014-05-08,126.52
2014-05-09,125.93
2014-05-12,126.98
2014-05-13,127.57
2014-05-14,127.12
2014-05-15,125.16
2014-05-16,125.28
2014-05-19,125.69
2014-05-20,126.03
2014-05-21,126.33
2014-05-22,126.73
2014-05-23,127.24
2014-05-26,128.81
2014-05-27,129.43
2014-05-28,129.14
2014-05-29,129.25
2014-05-30,129.38
2014-06-02,129.75
2014-06-03,129.51
2014-06-04,129.19
2014-06-05,130.25
2014-06-06,131.37
2014-06-09,131.92
2014-06-10,132.44
2014-06-11,131.06
2014-06-12,131.11
2014-06-13,130.79
2014-06-16,130.2
2014-06-17,130.6
2014-06-18,130.73
2014-06-19,131.63
2014-06-20,131.31
2014-06-23,130.39
2014-06-24,130.25
2014-06-25,129.04
2014-06-26,128.43
2014-06-27,128.45
2014-06-30,128.53
2014-07-01,129.3
2014-07-02,129.46
2014-07-03,130.76
2014-07-04,130.06
2014-07-07,128.62
2014-07-08,126.63
2014-07-09,127.04
2014-07-10,125.13
2014-07-11,125.22
2014-07-14,126.48
2014-07-15,125.47
2014-07-16,127.27
2014-07-17,125.73
2014-07-18,125.79
2014-07-21,125.05
2014-07-22,126.7
2014-07-23,126.79
2014-07-24,128.04
2014-07-25,126.44
2014-07-28,126.25
2014-07-29,126.8
2014-07-30,126.12
2014-07-31,124.0
2014-08-01,122.12
2014-08-04,122.11
2014-08-05,121.88
2014-08-06,120.73
2014-08-07,119.48
2014-08-08,119.16
2014-08-11,121.0
2014-08-12,120.28
2014-08-13,121.36
2014-08-14,121.54
2014-08-15,120.5
2014-08-18,122.28
2014-08-19,123.02
2014-08-20,122.74
2014-08-21,124.15
2014-08-22,123.52
2014-08-25,125.64
2014-08-26,126.96
2014-08-27,126.98
2014-08-28,125.77
2014-08-29,125.82
2014-09-01,126.01
2014-09-02,126.26
2014-09-03,127.63
2014-09-04,129.62
2014-09-05,129.7
2014-09-08,129.33
2014-09-09,128.56
2014-09-10,128.44
2014-09-11,128.06
2014-09-12,128.01
2014-09-15,127.77
2014-09-16,127.24
2014-09-17,128.0
2014-09-18,128.92
2014-09-19,129.26
2014-09-22,128.4
2014-09-23,126.45
2014-09-24,127.59
2014-09-25,126.19
2014-09-26,126.83
2014-09-29,125.81
2014-09-30,127.24
2014-10-01,125.9
2014-10-02,122.87
2014-10-03,123.68
2014-10-06,123.84
2014-10-07,121.88
2014-10-08,120.91
2014-10-09,120.34
2014-10-10,118.81
2014-10-13,118.24
2014-10-14,118.65
2014-10-15,114.49
2014-10-16,114.03
2014-10-17,117.48
2014-10-20,116.38
2014-10-21,118.97
2014-10-22,119.66
2014-10-23,120.91
2014-10-24,120.78
2014-10-27,119.31
2014-10-28,121.04
2014-10-29,120.45
2014-10-30,121.02
2014-10-31,123.55
2014-11-03,122.67
2014-11-04,121.12
2014-11-05,123.06
2014-11-06,123.54
2014-11-07,122.55
2014-11-10,123.26
2014-11-11,123.72
2014-11-12,121.79
2014-11-13,122.32
2014-11-14,122.42
2014-11-17,123.31
2014-11-18,124.61
2014-11-19,124.72
2014-11-20,124.16
2014-11-21,127.42
2014-11-24,128.1
2014-11-25,128.44
2014-11-26,128.65
2014-11-27,129.33
2014-11-28,129.45
2014-12-01,128.86
2014-12-02,129.24
2014-12-03,129.91
2014-12-04,127.91
2014-12-05,131.05
2014-12-08,130.13
2014-12-09,126.97
2014-12-10,126.35
2014-12-11,126.48
2014-12-12,123.0
2014-12-15,120.11
2014-12-16,122.53
2014-12-17,122.74
2014-12-18,126.13
2014-12-19,126.01
2014-12-22,126.88
2014-12-23,128.06
2014-12-29,127.87
2014-12-30,126.41
2015-01-02,126.55
2015-01-05,122.55
2015-01-06,122.12
2015-01-07,122.32
2015-01-08,126.38
2015-01-09,123.49
2015-01-12,125.04
2015-01-13,126.95
2015-01-14,125.43
2015-01-15,127.62
2015-01-16,129.55
2015-01-19,130.33
2015-01-20,131.11
2015-01-21,132.06
2015-01-22,134.39
2015-01-23,136.62
2015-01-26,137.93
2015-01-27,136.29
2015-01-28,135.76
2015-01-29,136.41
2015-01-30,135.4
2015-02-02,136.08
2015-02-03,138.02
2015-02-04,138.03
2015-02-05,138.17
2015-02-06,137.84
2015-02-09,136.04
2015-02-10,137.33
2015-02-11,137.04
2015-02-12,138.89
2015-02-13,140.02
2015-02-16,139.55
2015-02-17,139.43
2015-02-18,140.75
2015-02-19,141.63
2015-02-20,141.81
2015-02-23,142.94
2015-02-24,144.03
2015-02-25,143.73
2015-02-26,144.9
2015-02-27,145.47
2015-03-02,145.46
2015-03-03,144.08
2015-03-04,144.82
2015-03-05,146.57
2015-03-06,146.91
2015-03-09,146.51
2015-03-10,145.33
2015-03-11,148.3
2015-03-12,148.19
2015-03-13,148.56
2015-03-16,150.76
2015-03-17,149.16
2015-03-18,148.86
2015-03-19,149.32
2015-03-20,151.27
2015-03-23,150.05
2015-03-24,151.49
2015-03-25,149.84
2015-03-26,148.81
2015-03-27,149.26
2015-03-30,151.38
2015-03-31,150.26
2015-04-01,150.8
2015-04-02,150.77
2015-04-07,152.99
2015-04-08,152.48
2015-04-09,154.06
2015-04-10,155.51
2015-04-13,156.01
2015-04-14,154.64
2015-04-15,155.33
2015-04-16,153.55
2015-04-17,150.21
2015-04-20,152.02
2015-04-21,152.79
2015-04-22,152.6
2015-04-23,151.45
2015-04-24,152.32
2015-04-27,154.62
2015-04-28,152.16
2015-04-29,148.47
2015-04-30,148.67
2015-05-04,149.85
2015-05-05,146.46
2015-05-06,146.47
2015-05-07,146.99
2015-05-08,150.16
2015-05-11,150.0
2015-05-12,148.28
2015-05-13,147.77
2015-05-14,150.22
2015-05-15,149.0
2015-05-18,149.98
2015-05-19,152.97
2015-05-20,153.34
2015-05-21,153.54
2015-05-22,153.05
2015-05-26,150.7
2015-05-27,153.22
2015-05-28,152.17
2015-05-29,150.96
2015-06-02,150.05
2015-06-03,149.67
2015-06-04,150.81
2015-06-05,144.62
2015-06-08,145.4
2015-06-09,144.63
2015-06-10,147.99
2015-06-11,147.19
2015-06-12,147.49
2015-06-15,144.6
2015-06-16,142.97
2015-06-17,144.71
2015-06-18,143.09
2015-06-19,144.44
2015-06-22,150.28
2015-06-24,150.12
2015-06-25,149.6
2015-06-26,151.5
2015-06-30,144.63
2015-07-01,146.27
2015-07-02,145.05
2015-07-03,144.24
2015-07-06,141.4
2015-07-07,138.55
2015-07-08,139.75
2015-07-09,143.4
2015-07-10,147.63
2015-07-13,149.82
2015-07-14,150.22
2015-07-15,151.16
2015-07-16,153.26
2015-07-17,153.16
2015-07-20,154.07
2015-07-21,152.44
2015-07-22,151.86
2015-07-23,151.71
2015-07-24,150.36
2015-07-27,147.01
2015-07-28,148.26
2015-07-29,149.11
2015-07-30,149.41
2015-07-31,150.19
2015-08-03,151.58
2015-08-04,151.3
2015-08-05,153.37
2015-08-06,152.88
2015-08-07,151.63
2015-08-10,153.6
2015-08-11,150.22
2015-08-12,145.71
2015-08-13,147.33
2015-08-14,147.0
2015-08-17,147.2
2015-08-18,147.19
2015-08-19,144.64
2015-08-20,141.39
2015-08-21,137.33
2015-08-24,126.63
2015-08-25,136.25
2015-08-26,134.54
2015-08-27,138.67
2015-08-28,138.31
2015-08-31,138.07
2015-09-01,134.3
2015-09-02,135.14
2015-09-03,137.94
2015-09-04,134.79
2015-09-07,135.07
2015-09-08,136.66
2015-09-09,138.1
2015-09-10,136.43
2015-09-11,134.95
2015-09-14,134.76
2015-09-15,135.76
2015-09-16,137.31
2015-09-17,137.69
2015-09-18,134.01
2015-09-21,135.38
2015-09-22,130.66
2015-09-23,131.02
2015-09-24,128.07
2015-09-25,132.24
2015-09-28,129.27
2015-09-29,128.82
2015-09-30,131.59
2015-10-01,130.57
2015-10-02,131.27
2015-10-05,135.32
2015-10-06,136.96
2015-10-07,136.66
2015-10-08,137.25
2015-10-09,138.0
2015-10-12,137.78
2015-10-13,136.44
2015-10-14,135.6
2015-10-15,137.39
2015-10-16,138.12
2015-10-19,138.59
2015-10-20,138.12
2015-10-21,138.52
2015-10-22,143.2
2015-10-23,144.47
2015-10-26,144.21
2015-10-27,142.84
2015-10-28,144.33
2015-10-29,143.87
2015-10-30,143.91
2015-11-02,145.21
2015-11-03,145.21
2015-11-04,145.16
2015-11-05,145.52
2015-11-06,146.37
2015-11-09,144.23
2015-11-10,144.55
2015-11-11,145.59
2015-11-12,143.21
2015-11-13,142.01
2015-11-16,142.19
2015-11-17,145.75
2015-11-18,145.32
2015-11-19,146.28
2015-11-20,146.24
2015-11-23,146.3
2015-11-24,144.1
2015-11-25,146.35
2015-11-26,147.92
2015-11-27,147.36
2015-11-30,148.43
2015-12-01,147.67
2015-12-02,147.23
2015-12-03,143.09
2015-12-04,142.27
2015-12-07,143.26
2015-12-08,140.85
2015-12-09,139.86
2015-12-10,139.56
2015-12-11,136.79
2015-12-14,134.12
2015-12-15,138.38
2015-12-16,138.73
2015-12-17,141.0
2015-12-18,139.02
2015-12-21,137.68
2015-12-22,137.32
2015-12-23,140.53
2015-12-28,139.47
2015-12-29,141.56
2015-12-30,140.68
2016-01-04,136.07
2016-01-05,136.78
2016-01-06,134.78
2016-01-07,132.47
2016-01-08,130.53
2016-01-11,130.28
2016-01-12,132.01
2016-01-13,132.28
2016-01-14,129.79
2016-01-15,126.58
2016-01-18,125.92
2016-01-19,127.78
2016-01-20,125.92
2016-01-21,127.94
2016-01-22,133.43
2016-01-25,131.12
2016-01-26,132.16
2016-01-27,132.68
2016-01-28,130.16
2016-01-29,133.21
2016-02-01,132.47
2016-02-02,129.77
2016-02-03,127.44
2016-02-04,127.54
2016-02-05,126.37
2016-02-08,121.86
2016-02-09,119.81
2016-02-10,122.06
2016-02-11,117.51
2016-02-12,120.36
2016-02-15,123.97
2016-02-16,123.51
2016-02-17,126.85
2016-02-18,126.72
2016-02-19,125.99
2016-02-22,128.57
2016-02-23,126.81
2016-02-24,123.77
2016-02-25,126.11
2016-02-26,128.31
2016-02-29,128.87
2016-03-01,131.45
2016-03-02,132.11
2016-03-03,131.85
2016-03-04,132.38
2016-03-07,131.99
2016-03-08,131.13
2016-03-09,131.62
2016-03-10,129.77
2016-03-11,133.77
2016-03-14,135.19
2016-03-15,134.08
2016-03-16,134.01
2016-03-17,133.37
2016-03-18,134.12
2016-03-21,133.84
2016-03-22,134.0
2016-03-23,134.32
2016-03-24,131.82
2016-03-29,132.64
2016-03-30,134.3
2016-03-31,132.8
2016-04-01,130.74
2016-04-04,131.28
2016-04-05,128.38
2016-04-06,129.15
2016-04-07,127.5
2016-04-08,129.33
2016-04-11,130.12
2016-04-12,130.71
2016-04-13,134.3
2016-04-14,135.06
2016-04-15,134.72
2016-04-18,135.42
2016-04-19,137.37
2016-04-20,138.1
2016-04-21,138.12
2016-04-22,137.6
2016-04-25,136.61
2016-04-26,136.94
2016-04-27,137.61
2016-04-28,137.74
2016-04-29,134.54
2016-05-02,134.86
2016-05-03,132.41
2016-05-04,131.11
2016-05-05,131.47
2016-05-06,131.49
2016-05-09,132.03
2016-05-10,133.25
2016-05-11,132.34
2016-05-12,131.87
2016-05-13,132.44
2016-05-16,132.23
2016-05-17,131.85
2016-05-18,132.57
2016-05-19,131.33
2016-05-20,133.09
2016-05-23,132.35
2016-05-24,135.29
2016-05-25,137.01
2016-05-26,137.77
2016-05-27,138.14
2016-05-30,138.31
2016-05-31,137.57
2016-06-01,136.67
2016-06-02,136.77
2016-06-03,135.37
2016-06-06,135.82
2016-06-07,137.56
2016-06-08,136.77
2016-06-09,135.45
2016-06-10,131.9
2016-06-13,129.16
2016-06-14,126.76
2016-06-15,127.96
2016-06-16,128.06
2016-06-17,128.81
2016-06-20,133.17
2016-06-21,133.89
2016-06-22,134.23
2016-06-23,136.88
2016-06-24,127.46
2016-06-27,121.93
2016-06-28,124.79
2016-06-29,127.81
2016-06-30,129.21
2016-07-01,130.13
2016-07-04,129.4
2016-07-05,127.01
2016-07-06,124.88
2016-07-07,125.77
2016-07-08,128.33
2016-07-11,130.57
2016-07-12,132.54
2016-07-13,132.18
2016-07-14,133.7
2016-07-15,133.5
2016-07-18,133.29
2016-07-19,132.87
2016-07-20,134.37
2016-07-21,134.31
2016-07-22,134.34
2016-07-25,134.77
2016-07-26,134.97
2016-07-27,135.94
2016-07-28,134.69
2016-07-29,135.73
2016-08-01,134.94
2016-08-02,132.56
2016-08-03,132.6
2016-08-04,133.58
2016-08-05,135.5
2016-08-08,135.85
2016-08-09,137.88
2016-08-10,137.49
2016-08-11,138.96
2016-08-12,138.66
2016-08-15,138.83
2016-08-16,137.6
2016-08-17,136.11
2016-08-18,137.08
2016-08-19,135.92
2016-08-22,135.77
2016-08-23,137.09
2016-08-24,137.57
2016-08-25,136.69
2016-08-26,137.53
2016-08-29,137.02
2016-08-30,138.16
2016-08-31,137.7
2016-09-01,137.77
2016-09-02,140.15
2016-09-05,140.22
2016-09-06,139.83
2016-09-07,140.83
2016-09-08,140.29
2016-09-09,138.75
2016-09-12,137.04
2016-09-13,135.67
2016-09-14,135.38
2016-09-15,135.96
2016-09-16,134.59
2016-09-19,135.98
2016-09-20,135.93
2016-09-21,136.63
2016-09-22,139.44
2016-09-23,138.72
2016-09-26,136.4
2016-09-27,136.44
2016-09-28,137.12
2016-09-29,137.09
2016-09-30,137.61
2016-10-03,137.41
2016-10-04,138.64
2016-10-05,138.32
2016-10-06,138.06
2016-10-07,136.85
2016-10-10,138.35
2016-10-11,137.76
2016-10-12,137.31
2016-10-13,136.04
2016-10-14,137.97
2016-10-17,137.59
2016-10-18,139.19
2016-10-19,139.61
2016-10-20,140.29
2016-10-21,140.33
2016-10-24,141.05
2016-10-25,140.54
2016-10-26,140.2
2016-10-27,140.44
2016-10-28,140.31
2016-10-31,139.42
2016-11-01,137.98
2016-11-02,136.05
2016-11-03,135.79
2016-11-04,134.85
2016-11-07,137.06
2016-11-08,137.67
2016-11-09,138.98
2016-11-10,138.05
2016-11-11,137.35
2016-11-14,137.25
2016-11-15,138.19
2016-11-16,137.43
2016-11-17,138.1
2016-11-18,137.29
2016-11-21,138.52
2016-11-22,139.03
2016-11-23,138.57
2016-11-24,139.03
2016-11-25,139.38
2016-11-28,137.99
2016-11-29,138.9
2016-11-30,139.43
2016-12-01,138.62
2016-12-02,137.85
2016-12-05,139.24
2016-12-06,141.32
2016-12-07,143.32
2016-12-08,145.0
2016-12-09,145.64
2016-12-12,145.58
2016-12-13,147.11
2016-12-14,145.93
2016-12-15,147.68
2016-12-16,148.48
2016-12-19,148.17
2016-12-20,149.05
2016-12-21,148.98
2016-12-22,148.83
2016-12-23,149.44
2016-12-27,149.45
2016-12-28,149.29
2016-12-29,149.06
2016-12-30,149.62
2017-01-02,150.7
2017-01-03,151.0
2017-01-04,150.86
2017-01-05,150.99
2017-01-06,151.15
2017-01-09,150.43
2017-01-10,150.39
2017-01-11,150.82
2017-01-12,150.45
2017-01-13,151.8
2017-01-16,150.88
2017-01-17,150.47
2017-01-18,150.78
2017-01-19,150.86
2017-01-20,151.17
2017-01-23,150.09
2017-01-24,150.69
2017-01-25,152.55
2017-01-26,152.43
2017-01-27,151.78
2017-01-30,149.99
2017-01-31,148.58
2017-02-01,149.87
2017-02-02,150.18
2017-02-03,150.93
2017-02-06,149.19
2017-02-07,149.23
2017-02-08,149.4
2017-02-09,150.86
2017-02-10,150.78
2017-02-13,152.28
2017-02-14,152.55
2017-02-15,153.03
2017-02-16,152.84
2017-02-17,152.5
2017-02-20,152.55
2017-02-21,153.62
2017-02-22,153.68
2017-02-23,153.37
2017-02-24,151.96
2017-02-27,152.16
2017-02-28,152.88
2017-03-01,155.72
2017-03-02,155.53
2017-03-03,156.19
2017-03-06,155.45
2017-03-07,155.26
2017-03-08,155.46
2017-03-09,156.3
2017-03-10,156.66
2017-03-13,156.83
2017-03-14,156.25
2017-03-15,156.79
2017-03-16,158.07
2017-03-17,158.76
2017-03-20,157.99
2017-03-21,157.51
2017-03-22,156.91
2017-03-23,158.31
2017-03-24,158.36
2017-03-27,157.87
2017-03-28,159.22
2017-03-29,159.54
2017-03-30,160.19
2017-03-31,161.02
2017-04-03,160.05
2017-04-04,160.37
2017-04-05,160.14
2017-04-06,160.89
2017-04-07,161.22
2017-04-10,160.55
2017-04-11,160.12
2017-04-12,160.08
2017-04-13,159.22
2017-04-18,157.63
2017-04-19,158.4
2017-04-20,159.23
2017-04-21,158.68
2017-04-24,164.95
2017-04-25,165.37
2017-04-26,165.45
2017-04-27,164.88
2017-04-28,164.83
2017-05-02,166.13
2017-05-03,166.36
2017-05-04,168.52
2017-05-05,170.06
2017-05-08,169.48
2017-05-09,169.76
2017-05-10,169.84
2017-05-11,168.86
2017-05-12,169.57
2017-05-15,170.18
2017-05-16,170.38
2017-05-17,167.78
2017-05-18,166.77
2017-05-19,168.19
2017-05-22,168.11
2017-05-23,168.74
2017-05-24,168.7
2017-05-25,168.87
2017-05-26,168.77
2017-05-29,168.37
2017-05-30,167.98
2017-05-31,167.63
2017-06-01,168.73
2017-06-02,169.84
2017-06-05,168.99
2017-06-06,168.18
2017-06-07,168.12
2017-06-08,168.52
2017-06-09,169.61
2017-06-12,167.72
2017-06-13,168.61
2017-06-14,168.29
2017-06-15,167.16
2017-06-16,168.73
2017-06-19,170.22
2017-06-20,169.25
2017-06-21,168.94
2017-06-22,168.88
2017-06-23,168.12
2017-06-26,168.9
2017-06-27,167.54
2017-06-28,167.7
2017-06-29,164.9
2017-06-30,163.96
2017-07-03,166.11
2017-07-04,165.6
2017-07-05,165.74
2017-07-06,165.01
2017-07-07,165.05
2017-07-10,165.79
2017-07-11,165.47
2017-07-12,167.58
2017-07-13,168.21
2017-07-14,168.31
2017-07-17,168.27
2017-07-18,166.94
2017-07-19,167.8
2017-07-20,167.51
2017-07-21,165.18
2017-07-24,165.06
2017-07-25,165.92
2017-07-26,167.0
2017-07-27,167.14
2017-07-28,165.65
2017-07-31,164.86
2017-08-01,166.12
2017-08-02,165.4
2017-08-03,165.8
2017-08-04,167.67
2017-08-07,167.7
2017-08-08,168.08
2017-08-09,166.2
2017-08-10,164.85
2017-08-11,163.38
2017-08-14,165.45
2017-08-15,165.89
2017-08-16,167.1
2017-08-17,166.16
2017-08-18,165.68
2017-08-21,164.43
2017-08-22,165.84
2017-08-23,165.01
2017-08-24,165.11
2017-08-25,164.8
2017-08-28,164.06
2017-08-29,162.31
2017-08-30,163.19
2017-08-31,164.13
2017-09-01,165.25
2017-09-04,164.53
2017-09-05,164.31
2017-09-06,164.7
2017-09-07,165.24
2017-09-08,165.4
2017-09-11,167.64
2017-09-12,168.33
2017-09-13,168.64
2017-09-14,168.66
2017-09-15,168.22
2017-09-18,168.86
2017-09-19,169.03
2017-09-20,168.79
2017-09-21,169.22
2017-09-22,169.33
2017-09-25,169.09
2017-09-26,169.23
2017-09-27,170.04
2017-09-28,170.5
2017-09-29,171.99
2017-10-02,172.28
2017-10-03,172.64
2017-10-04,171.95
2017-10-05,172.71
2017-10-06,172.11
2017-10-09,172.53
2017-10-10,172.1
2017-10-11,172.74
2017-10-12,172.71
2017-10-13,172.7
2017-10-16,172.77
2017-10-17,172.64
2017-10-18,173.43
2017-10-19,172.45
2017-10-20,172.77
2017-10-23,172.91
2017-10-24,172.96
2017-10-25,172.19
2017-10-26,174.32
2017-10-27,174.81
2017-10-30,175.38
2017-10-31,175.99
2017-11-01,176.9
2017-11-02,176.7
2017-11-03,176.81
2017-11-06,176.54
2017-11-07,175.64
2017-11-08,175.46
2017-11-09,173.67
2017-11-10,172.68
2017-11-13,171.75
2017-11-14,171.25
2017-11-15,170.06
2017-11-16,171.68
2017-11-17,171.05
2017-11-20,171.7
2017-11-21,172.67
2017-11-22,171.84
2017-11-23,172.11
2017-11-24,172.36
2017-11-27,171.71
2017-11-28,172.5
2017-11-29,172.9
2017-11-30,171.55
2017-12-01,170.69
2017-12-04,172.62
2017-12-05,172.37
2017-12-06,171.86
2017-12-07,172.37
2017-12-08,173.25
2017-12-11,172.99
2017-12-12,173.88
2017-12-13,172.91
2017-12-14,171.84
2017-12-15,172.0
2017-12-18,174.2
2017-12-19,173.24
2017-12-20,172.16
2017-12-21,172.95
2017-12-22,172.44
2017-12-27,172.27
2017-12-28,171.76
2017-12-29,170.39
2018-01-02,170.42
2018-01-03,171.49
2018-01-04,174.24
2018-01-05,175.92
2018-01-08,176.27
2018-01-09,177.04
2018-01-10,176.38
2018-01-11,175.95
2018-01-12,176.75
2018-01-15,176.45
2018-01-16,177.1
2018-01-17,176.69
2018-01-18,177.32
2018-01-19,178.37
2018-01-22,179.1
2018-01-23,179.35
2018-01-24,177.69
2018-01-25,177.21
2018-01-26,178.24
2018-01-29,177.58
2018-01-30,176.1
2018-01-31,176.18
2018-02-01,175.74
2018-02-02,172.62
2018-02-05,170.36
2018-02-06,166.4
2018-02-07,169.58
2018-02-08,165.96
2018-02-09,163.84
2018-02-12,165.5
2018-02-13,164.48
2018-02-14,166.1
2018-02-15,167.38
2018-02-16,169.32
2018-02-19,168.28
2018-02-20,169.3
2018-02-21,169.3
2018-02-22,169.08
2018-02-23,169.56
2018-02-26,170.3
2018-02-27,170.18
2018-02-28,169.34
2018-03-01,167.44
2018-03-02,163.94
2018-03-05,165.12
2018-03-06,165.82
2018-03-07,166.78
2018-03-08,168.68
2018-03-09,169.28
2018-03-12,169.68
2018-03-13,168.3
2018-03-14,167.66
2018-03-15,168.62
2018-03-16,168.86
2018-03-19,167.5
2018-03-20,168.44
2018-03-21,168.14
2018-03-22,165.8
2018-03-23,163.42
2018-03-26,162.68
2018-03-27,164.4
2018-03-28,165.28
2018-03-29,166.1
2018-04-03,165.34
2018-04-04,164.74
2018-04-05,168.84
2018-04-06,168.48
2018-04-09,168.74
2018-04-10,169.86
2018-04-11,168.9
2018-04-12,169.98
2018-04-13,170.34
2018-04-16,170.18
2018-04-17,171.84
2018-04-18,172.34
2018-04-19,172.4
2018-04-20,172.34
2018-04-23,173.22
2018-04-24,173.28
2018-04-25,171.94
2018-04-26,173.26
2018-04-27,173.64
2018-04-30,174.82
2018-05-02,175.82
2018-05-03,175.0
2018-05-04,175.86
2018-05-07,177.2
2018-05-08,176.88
2018-05-09,177.3
2018-05-10,177.6
2018-05-11,177.9
2018-05-14,177.76
2018-05-15,177.76
2018-05-16,177.46
2018-05-17,179.08
2018-05-18,178.24
2018-05-21,178.76
2018-05-22,179.26
2018-05-23,177.28
2018-05-24,176.34
2018-05-25,176.24
2018-05-28,175.2
2018-05-29,172.48
2018-05-30,173.72
2018-05-31,172.02
2018-06-01,174.38
2018-06-04,174.9
2018-06-05,174.62
2018-06-06,174.96
2018-06-07,174.58
2018-06-08,174.08
2018-06-11,175.64
2018-06-12,175.52
2018-06-13,175.84
2018-06-14,178.02
2018-06-15,176.42
2018-06-18,175.08
2018-06-19,173.44
2018-06-20,173.48
2018-06-21,171.9
2018-06-22,173.62
2018-06-25,169.82
2018-06-26,170.1
2018-06-27,171.3
2018-06-28,169.66
2018-06-29,170.84
2018-07-02,169.64
2018-07-03,171.16
2018-07-04,171.14
2018-07-05,172.66
2018-07-06,173.18
2018-07-09,173.98
2018-07-10,174.74
2018-07-11,172.48
2018-07-12,173.72
2018-07-13,174.14
2018-07-16,174.02
2018-07-17,174.64
2018-07-18,175.76
2018-07-19,174.98
2018-07-20,174.4
2018-07-23,173.94
2018-07-24,175.5
2018-07-25,174.76
2018-07-26,176.3
2018-07-27,177.34
2018-07-30,176.8
2018-07-31,177.1
2018-08-01,176.54
2018-08-02,174.74
2018-08-03,175.4
2018-08-06,175.54
2018-08-07,176.44
2018-08-08,176.1
2018-08-09,176.22
2018-08-10,173.32
2018-08-13,172.76
2018-08-14,172.56
2018-08-15,169.74
2018-08-16,171.02
2018-08-17,170.74
2018-08-20,172.0
2018-08-21,172.9
2018-08-22,173.08
2018-08-23,173.0
2018-08-24,173.44
2018-08-27,174.92
2018-08-28,174.86
2018-08-29,175.18
2018-08-30,174.16
2018-08-31,172.44
2018-09-03,172.5
2018-09-04,171.06
2018-09-05,168.98
2018-09-06,167.86
2018-09-07,167.84
2018-09-10,168.78
2018-09-11,168.84
2018-09-12,169.58
2018-09-13,169.52
2018-09-14,170.22
2018-09-17,170.32
2018-09-18,170.98
2018-09-19,171.58
2018-09-20,172.86
2018-09-21,173.7
2018-09-24,172.92
2018-09-25,173.44
2018-09-26,173.78
2018-09-27,174.28
2018-09-28,172.04
2018-10-01,172.52
2018-10-02,171.48
2018-10-03,172.44
2018-10-04,170.5
2018-10-05,168.88
2018-10-08,166.82
2018-10-09,167.32
2018-10-10,164.08
2018-10-11,161.22
2018-10-12,160.84
2018-10-15,161.22
2018-10-16,164.02
2018-10-17,163.3
2018-10-18,161.92
2018-10-19,161.34
2018-10-22,160.4
2018-10-23,157.54
2018-10-24,156.7
2018-10-25,158.48
2018-10-26,157.02
2018-10-29,158.42
2018-10-30,158.28
2018-10-31,160.6
2018-11-01,161.08
2018-11-02,161.8
2018-11-05,161.52
2018-11-06,161.16
2018-11-07,163.12
2018-11-08,162.76
2018-11-09,162.22
2018-11-12,160.42
2018-11-13,161.8
2018-11-14,161.02
2018-11-15,159.94
2018-11-16,159.68
2018-11-19,158.46
2018-11-20,155.92
2018-11-21,157.82
2018-11-22,156.52
2018-11-23,157.0
2018-11-26,159.02
2018-11-27,158.66
2018-11-28,158.6
2018-11-29,159.08
2018-11-30,158.78
2018-12-03,160.86
2018-12-04,159.3
2018-12-05,157.52
2018-12-06,152.34
2018-12-07,153.08
2018-12-10,150.6
2018-12-11,152.74
2018-12-12,155.32
2018-12-13,155.26
2018-12-14,154.22
2018-12-17,152.64
2018-12-18,151.7
2018-12-19,152.44
2018-12-20,149.64
2018-12-21,149.48
2018-12-24,147.24
2018-12-27,146.4
2018-12-28,148.86
2018-12-31,150.48
2019-01-02,149.1
2019-01-03,147.68
2019-01-04,151.98
2019-01-07,152.0
2019-01-08,153.26
2019-01-09,154.36
2019-01-10,154.62
2019-01-11,154.36
2019-01-14,153.44
2019-01-15,154.04
2019-01-16,155.02
2019-01-17,154.86
2019-01-18,157.68
2019-01-21,157.46
2019-01-22,156.86
2019-01-23,156.98
2019-01-24,157.6
2019-01-25,159.34
2019-01-28,158.02
2019-01-29,158.76
2019-01-30,159.16
2019-01-31,158.96
2019-02-01,159.3
2019-02-04,159.16
2019-02-05,161.7
2019-02-06,161.9
2019-02-07,158.64
2019-02-08,157.38
2019-02-11,158.88
2019-02-12,160.08
2019-02-13,160.8
2019-02-14,160.28
2019-02-15,162.9
2019-02-18,163.44
2019-02-19,163.02
2019-02-20,164.04
2019-02-21,163.88
2019-02-22,164.3
2019-02-25,164.84
2019-02-26,165.2
2019-02-27,164.66
2019-02-28,165.5
2019-03-01,166.48
2019-03-04,166.74
2019-03-05,167.02
2019-03-06,166.86
2019-03-07,165.88
2019-03-08,164.64
2019-03-11,165.88
2019-03-12,165.9
2019-03-13,166.46
2019-03-14,167.58
2019-03-15,169.34
2019-03-18,169.62
2019-03-19,170.8
2019-03-20,169.04
2019-03-21,168.84
2019-03-22,165.92
2019-03-25,165.54
2019-03-26,166.52
2019-03-27,166.72
2019-03-28,166.36
2019-03-29,167.9
2019-04-01,169.9
2019-04-02,170.54
2019-04-03,172.64
2019-04-04,172.6
2019-04-05,173.08
2019-04-08,172.5
2019-04-09,171.46
2019-04-10,171.76
2019-04-11,172.44
2019-04-12,173.24
2019-04-15,173.56
2019-04-16,174.24
2019-04-17,174.8
2019-04-18,175.46
2019-04-23,175.6
2019-04-24,175.44
2019-04-25,175.02
2019-04-26,175.52
2019-04-29,175.92
2019-04-30,176.28
2019-05-02,175.32
2019-05-03,175.7
2019-05-06,173.72
2019-05-07,171.54
2019-05-08,172.1
2019-05-09,169.22
2019-05-10,169.98
2019-05-13,167.84
2019-05-14,169.94
2019-05-15,171.18
2019-05-16,173.54
2019-05-17,172.92
2019-05-20,170.72
2019-05-21,171.9
2019-05-22,171.84
2019-05-23,168.92
2019-05-24,170.06
2019-05-27,170.74
2019-05-28,170.1
2019-05-29,167.68
2019-05-30,168.7
2019-05-31,166.98
2019-06-03,167.62
2019-06-04,169.06
2019-06-05,169.48
2019-06-06,169.16
2019-06-07,171.02
2019-06-10,171.9
2019-06-11,172.78
2019-06-12,172.04
2019-06-13,172.34
2019-06-14,171.56
2019-06-17,171.66
2019-06-18,174.92
2019-06-19,175.12
2019-06-20,175.58
2019-06-21,175.28
2019-06-24,174.84
2019-06-25,174.4
2019-06-26,174.18
2019-06-27,174.22
2019-06-28,175.74
2019-07-01,177.06
2019-07-02,177.42
2019-07-03,179.3
2019-07-04,179.6
2019-07-05,178.58
2019-07-08,178.28
2019-07-09,177.32
2019-07-10,177.04
2019-07-11,176.82
2019-07-12,177.14
2019-07-15,177.68
2019-07-16,178.48
2019-07-17,177.46
2019-07-18,176.56
2019-07-19,176.68
2019-07-22,177.08
2019-07-23,179.2
2019-07-24,179.64
2019-07-25,178.62
2019-07-26,179.14
2019-07-29,178.9
2019-07-30,175.82
2019-07-31,176.08
2019-08-01,177.28
2019-08-02,172.32
2019-08-05,168.72
2019-08-06,167.84
2019-08-07,168.5
2019-08-08,171.72
2019-08-09,169.68
2019-08-12,169.1
2019-08-13,170.34
2019-08-14,166.82
2019-08-15,166.1
2019-08-16,168.5
2019-08-19,170.62
2019-08-20,169.4
2019-08-21,171.84
2019-08-22,170.92
2019-08-23,169.06
2019-08-26,169.7
2019-08-27,170.92
2019-08-28,170.4
2019-08-29,172.58
2019-08-30,173.74
2019-09-02,174.1
2019-09-03,173.42
2019-09-04,175.24
2019-09-05,176.94
2019-09-06,177.4
2019-09-09,177.3
2019-09-10,177.52
2019-09-11,178.32
2019-09-12,179.34
2019-09-13,179.86
2019-09-16,178.5
2019-09-17,178.4
2019-09-18,178.7
2019-09-19,179.84
2019-09-20,180.26
2019-09-23,178.54
2019-09-24,178.42
2019-09-25,177.1
2019-09-26,178.32
2019-09-27,179.26
2019-09-30,180.08
2019-10-01,177.88
2019-10-02,173.12
2019-10-03,173.12
2019-10-04,174.82
2019-10-07,175.96
2019-10-08,173.92
2019-10-09,175.24
2019-10-10,176.72
2019-10-11,180.24
2019-10-14,179.72
2019-10-15,181.7
2019-10-16,181.74
2019-10-17,181.42
2019-10-18,180.74
2019-10-21,181.78
2019-10-22,181.84
2019-10-23,181.8
2019-10-24,182.6
2019-10-25,182.96
2019-10-28,183.34
2019-10-29,183.06
2019-10-30,183.02
2019-10-31,182.38
2019-11-01,183.58
2019-11-04,185.68
2019-11-05,186.24
2019-11-06,186.64
2019-11-07,187.56
2019-11-08,187.06
2019-11-11,187.0
2019-11-12,187.74
2019-11-13,186.88
2019-11-14,186.42
2019-11-15,187.5
2019-11-18,187.3
2019-11-19,186.94
2019-11-20,186.38
2019-11-21,185.82
2019-11-22,186.28
2019-11-25,187.38
2019-11-26,187.74
2019-11-27,188.0
2019-11-28,187.52
2019-11-29,187.28
2019-12-02,183.98
2019-12-03,183.04
2019-12-04,185.3
2019-12-05,184.9
2019-12-06,187.0
2019-12-09,186.2
2019-12-10,186.04
2019-12-11,186.54
2019-12-12,187.48
2019-12-13,188.44
2019-12-16,190.5
2019-12-17,189.66
2019-12-18,189.42
2019-12-19,189.6
2019-12-20,191.86
2019-12-23,191.18
2019-12-24,191.22
2019-12-27,191.5
2019-12-30,189.36
2019-12-31,189.36
2020-01-02,191.92
2020-01-03,190.96
2020-01-06,189.9
2020-01-07,190.58
2020-01-08,191.22
2020-01-09,192.24
2020-01-10,192.34
2020-01-13,192.1
2020-01-14,192.2
2020-01-15,191.82
2020-01-16,192.22
2020-01-17,193.72
2020-01-20,193.62
2020-01-21,192.98
2020-01-22,192.32
2020-01-23,190.96
2020-01-24,192.82
2020-01-27,188.12
2020-01-28,190.24
2020-01-29,191.04
2020-01-30,188.8
2020-01-31,186.56
2020-02-03,187.62
2020-02-04,190.84
2020-02-05,193.26
2020-02-06,194.6
2020-02-07,194.12
2020-02-10,193.9
2020-02-11,195.7
2020-02-12,197.04
2020-02-13,197.02
2020-02-14,196.98
2020-02-17,197.5
2020-02-18,196.64
2020-02-19,198.16
2020-02-20,196.38
2020-02-21,195.18
2020-02-24,187.58
2020-02-25,183.62
2020-02-26,184.52
2020-02-27,178.44
2020-02-28,171.84
2020-03-02,171.96
2020-03-03,173.88
2020-03-04,175.96
2020-03-05,172.72
2020-03-06,166.62
2020-03-09,153.08
2020-03-10,151.0
2020-03-11,150.42
2020-03-12,133.26
2020-03-13,133.74
2020-03-16,125.28
2020-03-17,129.14
2020-03-18,122.82
2020-03-19,126.54
2020-03-20,132.0
2020-03-23,128.8
2020-03-24,135.44
2020-03-25,143.36
2020-03-26,145.42
2020-03-27,140.24
2020-03-30,141.04
2020-03-31,143.38
2020-04-01,137.62
2020-04-02,138.48
2020-04-03,136.98
2020-04-06,143.24
2020-04-07,146.54
2020-04-08,146.72
2020-04-09,148.78
2020-04-14,150.12
2020-04-15,144.42
2020-04-16,144.72
2020-04-17,148.54
2020-04-20,149.26
2020-04-21,144.12
2020-04-22,146.62
2020-04-23,147.82
2020-04-24,145.98
2020-04-27,149.42
2020-04-28,151.68
2020-04-29,155.18
2020-04-30,152.1
2020-05-04,146.86
2020-05-05,150.1
2020-05-06,148.92
2020-05-07,151.08
2020-05-08,152.74
2020-05-11,151.54
2020-05-12,151.68
2020-05-13,148.46
2020-05-14,145.58
2020-05-15,146.32
2020-05-18,153.1
2020-05-19,152.06
2020-05-20,153.96
2020-05-21,152.36
2020-05-22,152.94
2020-05-25,156.2
2020-05-26,158.22
2020-05-27,159.8
2020-05-28,162.28
2020-05-29,160.16
2020-06-01,162.86
2020-06-02,165.48
2020-06-03,170.5
2020-06-04,170.38
2020-06-05,175.3
2020-06-08,174.58
2020-06-09,172.1
2020-06-10,170.9
2020-06-11,163.58
2020-06-12,164.0
2020-06-15,163.72
2020-06-16,168.78
2020-06-17,169.8
2020-06-18,168.86
2020-06-19,169.52
2020-06-22,168.44
2020-06-23,171.14
2020-06-24,166.0
2020-06-25,167.32
2020-06-26,166.62
2020-06-29,168.02
2020-06-30,168.18
2020-07-01,168.2
2020-07-02,172.42
2020-07-03,171.38
2020-07-06,174.28
2020-07-07,173.14
2020-07-08,171.62
2020-07-09,170.34
2020-07-10,171.9
2020-07-13,174.4
2020-07-14,172.94
2020-07-15,175.54
2020-07-16,175.08
2020-07-17,175.02
2020-07-20,176.56
2020-07-21,177.34
2020-07-22,175.88
2020-07-23,176.12
2020-07-24,172.86
2020-07-27,172.54
2020-07-28,172.74
2020-07-29,172.62
2020-07-30,168.18
2020-07-31,166.72
2020-08-03,170.3
2020-08-04,170.5
2020-08-05,171.48
2020-08-06,170.22
2020-08-07,170.86
2020-08-10,171.2
2020-08-11,174.68
2020-08-12,176.3
2020-08-13,175.28
2020-08-14,173.3
2020-08-17,173.6
2020-08-18,172.72
2020-08-19,173.82
2020-08-20,171.74
2020-08-21,171.32
2020-08-24,174.8
2020-08-25,174.74
2020-08-26,176.34
2020-08-27,174.94
2020-08-28,174.34
2020-08-31,172.56
2020-09-01,172.68
2020-09-02,175.5
2020-09-03,173.34
2020-09-04,171.28
2020-09-07,174.16
2020-09-08,171.8
2020-09-09,174.78
2020-09-10,174.36
2020-09-11,174.38
2020-09-14,174.62
2020-09-15,175.36
2020-09-16,175.92
2020-09-17,174.96
2020-09-18,173.56
2020-09-21,167.32
2020-09-22,167.82
2020-09-23,168.48
2020-09-24,167.38
2020-09-25,166.4
2020-09-28,170.6
2020-09-29,169.96
2020-09-30,169.44
2020-10-01,169.94
2020-10-02,169.94
2020-10-05,171.76
2020-10-06,172.44
2020-10-07,172.52
2020-10-08,173.86
2020-10-09,174.58
2020-10-12,175.9
2020-10-13,174.7
2020-10-14,174.78
2020-10-15,171.1
2020-10-16,173.42
2020-10-19,173.72
2020-10-20,172.7
2020-10-21,170.04
2020-10-22,169.56
2020-10-23,171.08
2020-10-26,166.96
2020-10-27,164.98
2020-10-28,159.62
2020-10-29,159.62
2020-10-30,159.66
2020-11-02,162.66
2020-11-03,166.58
2020-11-04,169.78
2020-11-05,172.48
2020-11-06,171.6
2020-11-09,180.54
2020-11-10,182.54
2020-11-11,183.92
2020-11-12,182.32
2020-11-13,182.72
2020-11-16,184.9
2020-11-17,184.82
2020-11-18,185.62
2020-11-19,184.32
2020-11-20,185.4
2020-11-23,185.06
2020-11-24,187.22
2020-11-25,187.56
2020-11-26,187.5
2020-11-27,188.6
2020-11-30,186.76
2020-12-01,188.38
2020-12-02,187.94
2020-12-03,187.92
2020-12-04,189.08
2020-12-07,188.66
2020-12-08,188.68
2020-12-09,188.7
2020-12-10,188.5
2020-12-11,186.78
2020-12-14,187.84
2020-12-15,188.76
2020-12-16,189.9
2020-12-17,190.58
2020-12-18,189.96
2020-12-21,185.28
2020-12-22,187.66
2020-12-23,189.82
2020-12-24,190.18
2020-12-28,191.84
2020-12-29,192.2
2020-12-30,191.54
2020-12-31,190.38
2021-01-04,191.88
2021-01-05,191.24
2021-01-06,194.08
2021-01-07,194.96
2021-01-08,196.24
2021-01-11,194.74
2021-01-12,194.72
2021-01-13,195.14
2021-01-14,196.3
2021-01-15,193.8
2021-01-18,194.36
2021-01-19,193.92
2021-01-20,195.44
2021-01-21,195.24
2021-01-22,194.08
2021-01-25,191.5
2021-01-26,193.12
2021-01-27,190.32
2021-01-28,191.4
2021-01-29,188.04
2021-02-01,190.58
2021-02-02,193.5
2021-02-03,194.58
2021-02-04,196.24
2021-02-05,197.04
2021-02-08,197.8
2021-02-09,197.22
2021-02-10,196.56
2021-02-11,197.68
2021-02-12,198.72
2021-02-15,200.6
2021-02-16,200.25
2021-02-17,198.62
2021-02-18,197.28
2021-02-19,198.94
2021-02-22,197.94
2021-02-23,197.16
2021-02-24,198.04
2021-02-25,197.48
2021-02-26,194.96
2021-03-01,198.48
2021-03-02,198.46
2021-03-03,198.6
2021-03-04,198.12
2021-03-05,196.12
2021-03-08,201.05
2021-03-09,202.2
2021-03-10,203.6
2021-03-11,204.95
2021-03-12,204.5
2021-03-15,204.4
2021-03-16,205.4
2021-03-17,205.1
2021-03-18,206.05
2021-03-19,204.4
2021-03-22,204.45
2021-03-23,204.15
2021-03-24,204.25
2021-03-25,204.25
2021-03-26,206.25
2021-03-29,206.6
2021-03-30,208.3
2021-03-31,207.95
2021-04-01,209.5
2021-04-06,210.75
2021-04-07,210.35
2021-04-08,211.15
2021-04-09,211.25
2021-04-12,210.6
2021-04-13,211.0
2021-04-14,211.35
2021-04-15,211.9
2021-04-16,213.95
2021-04-19,213.65
2021-04-20,209.8
2021-04-21,211.2
2021-04-22,213.25
2021-04-23,213.15
2021-04-26,213.85
2021-04-27,213.65
2021-04-28,214.1
2021-04-29,213.25
2021-04-30,212.45
2021-05-03,213.95
2021-05-04,210.3
2021-05-05,214.5
2021-05-06,214.6
2021-05-07,216.6
2021-05-10,216.45
2021-05-11,212.5
2021-05-12,212.4
2021-05-13,212.7
2021-05-14,215.85
2021-05-17,215.55
2021-05-18,215.7
2021-05-19,212.65
2021-05-20,215.45
2021-05-21,216.75
2021-05-24,217.8
2021-05-25,217.8
2021-05-26,217.5
2021-05-27,217.95
2021-05-28,219.5
2021-05-31,218.3
2021-06-01,220.1
2021-06-02,220.7
2021-06-03,220.5
2021-06-04,221.05
2021-06-07,221.9
2021-06-08,222.0
2021-06-09,222.0
2021-06-10,221.7
2021-06-11,223.25
2021-06-14,223.6
2021-06-15,223.85
2021-06-16,224.1
2021-06-17,224.15
2021-06-18,220.5
2021-06-21,221.9
2021-06-22,222.45
2021-06-23,220.25
2021-06-24,222.8
2021-06-25,223.35
2021-06-28,221.65
2021-06-29,222.65
2021-06-30,220.5
2021-07-01,221.8
2021-07-02,222.15
2021-07-05,222.55
2021-07-06,221.1
2021-07-07,222.55
2021-07-08,218.3
2021-07-09,222.0
2021-07-12,223.5
2021-07-13,223.3
2021-07-14,223.35
2021-07-15,220.9
2021-07-16,220.25
2021-07-19,214.95
2021-07-20,216.3
2021-07-21,219.95
2021-07-22,221.65
2021-07-23,224.35
2021-07-26,224.05
2021-07-27,222.35
2021-07-28,224.15
2021-07-29,225.1
2021-07-30,223.8
2021-08-02,225.15
2021-08-03,225.5
2021-08-04,227.0
2021-08-05,228.0
2021-08-06,228.55
2021-08-09,228.8
2021-08-10,229.4
2021-08-11,230.25
2021-08-12,231.05
2021-08-13,231.35
2021-08-16,230.1
2021-08-17,229.75
2021-08-18,229.95
2021-08-19,226.6
2021-08-20,227.45
2021-08-23,229.0
2021-08-24,229.2
2021-08-25,229.4
2021-08-26,228.6
2021-08-27,229.55
2021-08-30,230.05
2021-08-31,229.4
2021-09-01,231.1
2021-09-02,231.45
2021-09-03,229.9
2021-09-06,231.85
2021-09-07,230.95
2021-09-08,228.6
2021-09-09,228.7
2021-09-10,228.0
2021-09-13,228.7
2021-09-14,228.95
2021-09-15,226.7
2021-09-16,227.8
2021-09-17,225.95
2021-09-20,221.95
2021-09-21,224.4
2021-09-22,226.7
2021-09-23,229.1
2021-09-24,227.25
2021-09-27,227.35
2021-09-28,222.1
2021-09-29,223.2
2021-09-30,221.9
2021-10-01,221.05
2021-10-04,219.45
2021-10-05,222.65
2021-10-06,219.7
2021-10-07,223.6
2021-10-08,222.6
2021-10-11,222.4
2021-10-12,222.05
2021-10-13,223.4
2021-10-14,226.45
2021-10-15,228.25
2021-10-18,226.8
2021-10-19,227.8
2021-10-20,228.2
2021-10-21,227.75
2021-10-22,229.15
2021-10-25,229.15
2021-10-26,230.7
2021-10-27,230.25
2021-10-28,231.05
2021-10-29,231.3
2021-11-01,232.95
2021-11-02,233.9
2021-11-03,234.7
2021-11-04,236.0
2021-11-05,236.95
2021-11-08,236.7
2021-11-09,236.25
2021-11-10,236.3
2021-11-11,236.75
2021-11-12,237.35
2021-11-15,238.3
2021-11-16,239.05
2021-11-17,239.1
2021-11-18,238.65
2021-11-19,237.0
2021-11-22,236.5
2021-11-23,233.4
2021-11-24,233.25
2021-11-25,234.4
2021-11-26,224.8
2021-11-29,226.0
2021-11-30,223.85
2021-12-01,229.0
2021-12-02,225.35
2021-12-03,224.2
2021-12-06,227.15
2021-12-07,233.75
2021-12-08,231.7
2021-12-09,231.0
2021-12-10,230.0
2021-12-13,229.1
2021-12-14,227.25
2021-12-15,228.05
2021-12-16,229.95
2021-12-17,227.8
2021-12-20,225.0
2021-12-21,228.55
2021-12-22,230.8
2021-12-23,233.15
2021-12-24,232.8
2021-12-27,234.5
2021-12-28,235.85
2021-12-29,234.75
2021-12-30,235.6
2021-12-31,235.2
2022-01-03,236.85
2022-01-04,238.65
2022-01-05,239.5
2022-01-06,235.8
2022-01-07,235.3
2022-01-10,231.9
2022-01-11,234.1
2022-01-12,235.65
2022-01-13,235.75
2022-01-14,233.5
2022-01-17,235.05
2022-01-18,232.65
2022-01-19,232.7
2022-01-20,234.15
2022-01-21,230.0
2022-01-24,220.85
2022-01-25,222.15
2022-01-26,226.35
2022-01-27,227.0
2022-01-28,224.65
2022-01-31,227.1
2022-02-01,229.8
2022-02-02,230.0
2022-02-03,226.1
2022-02-04,223.45
2022-02-07,225.0
2022-02-08,225.45
2022-02-09,229.45
2022-02-10,228.8
2022-02-11,226.55
2022-02-14,221.7
2022-02-15,225.95
2022-02-16,225.8
2022-02-17,224.45
2022-02-18,222.3
2022-02-21,217.75
2022-02-22,217.6
2022-02-23,216.65
2022-02-24,208.7
2022-02-25,215.9
2022-02-28,213.55
2022-03-01,205.85
2022-03-02,207.45
2022-03-03,203.15
2022-03-04,193.52
2022-03-07,190.96
2022-03-08,190.08
2022-03-09,203.45
2022-03-10,198.68
2022-03-11,200.65
2022-03-14,203.9
2022-03-15,203.7
2022-03-16,211.4
2022-03-17,211.6
2022-03-18,212.75
2022-03-21,212.1
2022-03-22,214.35
2022-03-23,211.05
2022-03-24,210.3
2022-03-25,210.3
2022-03-28,211.25
2022-03-29,217.5
2022-03-30,215.4
2022-03-31,212.3
2022-04-01,213.15
2022-04-04,214.5
2022-04-05,212.8
2022-04-06,208.05
2022-04-07,207.0
2022-04-08,209.85
2022-04-11,208.65
2022-04-12,208.3
2022-04-13,208.15
2022-04-14,209.4
2022-04-19,208.75
2022-04-20,211.95
2022-04-21,213.75
2022-04-22,209.55
2022-04-25,205.85
2022-04-26,204.0
2022-04-27,205.0
2022-04-28,207.0
2022-04-29,208.2
2022-05-02,204.75
2022-05-03,206.95
2022-05-04,205.0
2022-05-05,203.25
2022-05-06,199.78
2022-05-09,194.1
2022-05-10,195.62
2022-05-11,200.1
2022-05-12,198.16
2022-05-13,202.7
2022-05-16,202.3
2022-05-17,205.25
2022-05-18,202.8
2022-05-19,200.5
2022-05-20,201.5
2022-05-23,204.7
2022-05-24,201.9
2022-05-25,203.5
2022-05-26,206.55
2022-05-27,209.55
2022-05-30,211.5
2022-05-31,208.6
2022-06-01,206.85
2022-06-02,208.55
2022-06-03,207.85
2022-06-06,210.5
2022-06-07,209.05
2022-06-08,207.95
2022-06-09,204.7
2022-06-10,198.54
2022-06-13,193.26
2022-06-14,191.18
2022-06-15,194.44
2022-06-16,190.0
2022-06-17,190.12
2022-06-20,191.88
2022-06-21,192.74
2022-06-22,190.78
2022-06-23,188.6
2022-06-24,193.7
2022-06-27,194.44
2022-06-28,195.0
2022-06-29,192.64
2022-06-30,189.5
2022-07-01,189.48
2022-07-04,189.36
2022-07-05,185.14
2022-07-06,188.34
2022-07-07,191.9
2022-07-08,193.58
2022-07-11,191.76
2022-07-12,192.04
2022-07-13,190.44
2022-07-14,187.6
2022-07-15,191.58
2022-07-18,193.4
2022-07-19,197.22
2022-07-20,197.04
2022-07-21,198.22
2022-07-22,198.7
2022-07-25,199.0
2022-07-26,197.42
2022-07-27,198.96
2022-07-28,201.35
2022-07-29,204.65
2022-08-01,204.75
2022-08-02,203.3
2022-08-03,205.75
2022-08-04,206.8
2022-08-05,205.15
2022-08-08,206.85
2022-08-09,204.7
2022-08-10,206.95
2022-08-11,207.55
2022-08-12,208.25
2022-08-15,209.0
2022-08-16,209.55
2022-08-17,206.7
2022-08-18,207.35
2022-08-19,205.0
2022-08-22,201.1
2022-08-23,200.5
2022-08-24,201.2
2022-08-25,201.5
2022-08-26,197.52
2022-08-29,195.64
2022-08-30,195.38
2022-08-31,193.24
2022-09-01,190.1
2022-09-02,194.7
2022-09-05,191.8
2022-09-06,192.3
2022-09-07,192.62
2022-09-08,193.48
2022-09-09,196.66
2022-09-12,200.7
2022-09-13,197.06
2022-09-14,195.56
2022-09-15,194.32
2022-09-16,191.92
2022-09-19,191.96
2022-09-20,189.38
2022-09-21,190.82
2022-09-22,187.1
2022-09-23,182.82
2022-09-26,182.32
2022-09-27,181.34
2022-09-28,181.7
2022-09-29,178.3
2022-09-30,180.86
2022-10-03,182.14
2022-10-04,189.34
2022-10-05,186.86
2022-10-06,185.94
2022-10-07,182.4
2022-10-10,181.74
2022-10-11,180.64
2022-10-12,179.34
2022-10-13,180.92
2022-10-14,182.18
2022-10-17,185.58
2022-10-18,187.14
2022-10-19,186.42
2022-10-20,187.58
2022-10-21,186.38
2022-10-24,189.38
2022-10-25,193.08
2022-10-26,194.06
2022-10-27,193.56
2022-10-28,193.32
2022-10-31,193.46
2022-11-01,194.58
2022-11-02,193.36
2022-11-03,191.64
2022-11-04,196.4
2022-11-07,197.56
2022-11-08,199.98
2022-11-09,199.68
2022-11-10,206.3
2022-11-11,207.7
2022-11-14,208.8
2022-11-15,209.75
2022-11-16,207.65
2022-11-17,207.35
2022-11-18,209.55
2022-11-21,209.25
2022-11-22,209.95
2022-11-23,210.8
2022-11-24,212.0
2022-11-25,211.9
2022-11-28,210.6
2022-11-29,209.95
2022-11-30,210.9
2022-12-01,212.0
2022-12-02,212.55
2022-12-05,212.25
2022-12-06,210.2
2022-12-07,210.55
2022-12-08,209.65
2022-12-09,210.6
2022-12-12,209.6
2022-12-13,215.45
2022-12-14,213.05
2022-12-15,206.6
2022-12-16,203.6
2022-12-19,205.05
2022-12-20,203.65
2022-12-21,204.8
2022-12-22,204.7
2022-12-23,205.75
2022-12-27,205.5
2022-12-28,205.5
2022-12-29,204.5
2022-12-30,203.65
2023-01-02,206.45
2023-01-03,208.95
2023-01-04,212.9
2023-01-05,213.0
2023-01-06,215.8
2023-01-09,218.3
2023-01-10,217.25
2023-01-11,219.9
2023-01-12,221.45
2023-01-13,221.95
2023-01-16,222.85
2023-01-17,222.7
2023-01-18,224.2
2023-01-19,219.45
2023-01-20,220.7
2023-01-23,222.4
2023-01-24,222.15
2023-01-25,221.7
2023-01-26,224.45
2023-01-27,224.7
2023-01-30,223.8
2023-01-31,223.9
2023-02-01,224.25
2023-02-02,229.0
2023-02-03,229.0
2023-02-06,226.55
2023-02-07,226.6
2023-02-08,228.15
2023-02-09,229.4
2023-02-10,225.4
2023-02-13,226.65
2023-02-14,227.95
2023-02-15,228.65
2023-02-16,230.2
2023-02-17,229.45
2023-02-20,229.4
2023-02-21,227.95
2023-02-22,225.4
2023-02-23,227.9
2023-02-24,224.6
2023-02-27,227.85
2023-02-28,227.95
2023-03-01,226.9
2023-03-02,226.55
2023-03-03,229.45
2023-03-06,230.1
2023-03-07,228.95
2023-03-08,228.7
2023-03-09,228.1
2023-03-10,224.5
2023-03-13,219.2
2023-03-14,222.65
2023-03-15,215.6
2023-03-16,219.05
2023-03-17,216.55
2023-03-20,219.35
2023-03-21,222.35
2023-03-22,222.7
2023-03-23,223.3
2023-03-24,218.85
2023-03-27,220.95
2023-03-28,220.45
2023-03-29,223.2
2023-03-30,227.25
2023-03-31,228.95
2023-04-03,227.5
2023-04-04,228.7
2023-04-05,226.8
2023-04-06,227.4
2023-04-11,228.3
2023-04-12,228.85
2023-04-13,229.1
2023-04-14,230.8
2023-04-17,230.8
2023-04-18,231.8
2023-04-19,231.9
2023-04-20,231.5
2023-04-21,231.95
2023-04-24,232.4
2023-04-25,231.0
2023-04-26,229.0
2023-04-27,230.9
2023-04-28,229.5
2023-05-02,229.5
2023-05-03,229.7
2023-05-04,228.4
2023-05-05,229.35
2023-05-08,231.9
2023-05-09,230.25
2023-05-10,230.25
2023-05-11,229.3
2023-05-12,230.55
2023-05-15,231.15
2023-05-16,231.1
2023-05-17,230.8
2023-05-18,233.05
2023-05-19,234.4
2023-05-22,234.35
2023-05-23,232.75
2023-05-24,228.5
2023-05-25,228.7
2023-05-26,231.45
2023-05-29,230.85
2023-05-30,229.65
2023-05-31,227.05
2023-06-01,228.5
2023-06-02,232.35
2023-06-05,230.7
2023-06-06,231.5
2023-06-07,231.1
2023-06-08,231.25
2023-06-09,230.9
2023-06-12,232.35
2023-06-13,234.0
2023-06-14,235.6
2023-06-15,234.6
2023-06-16,236.05
2023-06-19,233.2
2023-06-20,232.45
2023-06-21,231.6
2023-06-22,230.85
2023-06-23,229.1
2023-06-26,229.45
2023-06-27,230.65
2023-06-28,232.8
2023-06-29,233.05
2023-06-30,235.7
2023-07-03,235.5
2023-07-04,235.45
2023-07-05,233.25
2023-07-06,226.9
2023-07-07,227.85
2023-07-10,228.4
2023-07-11,230.4
2023-07-12,234.35
2023-07-13,235.8
2023-07-14,236.1
2023-07-17,234.3
2023-07-18,235.15
2023-07-19,235.3
2023-07-20,235.7
2023-07-21,236.55
2023-07-24,236.35
2023-07-25,236.55
2023-07-26,235.1
2023-07-27,239.55
2023-07-28,239.8
2023-07-31,239.7
2023-08-01,236.85
2023-08-02,233.75
2023-08-03,231.7
2023-08-04,233.25
2023-08-07,233.1
2023-08-08,230.95
2023-08-09,231.85
2023-08-10,235.1
2023-08-11,231.95
2023-08-14,232.3
2023-08-15,230.2
2023-08-16,230.25
2023-08-17,227.55
2023-08-18,226.7
2023-08-21,226.9
2023-08-22,228.9
2023-08-23,229.7
2023-08-24,228.05
2023-08-25,228.15
2023-08-28,231.25
2023-08-29,233.35
2023-08-30,232.65
2023-08-31,231.95
2023-09-01,231.15
2023-09-04,230.6
2023-09-05,229.85
2023-09-06,228.55
2023-09-07,227.45
2023-09-08,228.1
2023-09-11,228.8
2023-09-12,227.75
2023-09-13,227.15
2023-09-14,230.15
2023-09-15,230.45
2023-09-18,227.55
2023-09-19,227.25
2023-09-20,229.65
2023-09-21,226.8
2023-09-22,225.9
2023-09-25,223.35
2023-09-26,221.65
2023-09-27,221.05
2023-09-28,222.05
2023-09-29,224.0
2023-10-02,221.15
2023-10-03,218.7
2023-10-04,218.95
2023-10-05,218.95
2023-10-06,221.0
2023-10-09,219.55
2023-10-10,224.4
2023-10-11,223.85
2023-10-12,223.3
2023-10-13,219.65
2023-10-16,220.65
2023-10-17,220.15
2023-10-18,217.7
2023-10-19,216.65
2023-10-20,213.15
2023-10-23,213.6
2023-10-24,214.9
2023-10-25,215.2
2023-10-26,214.3
2023-10-27,213.15
2023-10-30,213.45
2023-10-31,215.65
2023-11-01,216.9
2023-11-02,221.05
2023-11-03,222.55
2023-11-06,221.35
2023-11-07,221.2
2023-11-08,222.15
2023-11-09,224.85
2023-11-10,222.85
2023-11-13,224.25
2023-11-14,228.25
2023-11-15,229.45
2023-11-16,228.7
2023-11-17,231.15
2023-11-20,231.15
2023-11-21,230.25
2023-11-22,231.55
2023-11-23,231.85
2023-11-24,232.5
2023-11-27,231.7
2023-11-28,231.45
2023-11-29,233.05
2023-11-30,234.05
2023-12-01,235.85
2023-12-04,236.0
2023-12-05,237.7
2023-12-06,239.25
2023-12-07,238.6
2023-12-08,240.75
2023-12-11,241.4
2023-12-12,240.8
2023-12-13,240.65
2023-12-14,242.3
2023-12-15,242.35
2023-12-18,240.85
2023-12-19,241.95
2023-12-20,242.1
2023-12-21,241.45
2023-12-22,241.3
2023-12-27,242.2
2023-12-28,241.0
2023-12-29,240.9
2024-01-02,241.1
2024-01-03,237.5
2024-01-04,239.0
2024-01-05,238.3
2024-01-08,239.55
2024-01-09,238.85
2024-01-10,238.75
2024-01-11,237.2
2024-01-12,238.95
2024-01-15,238.0
2024-01-16,237.35
2024-01-17,235.35
2024-01-18,237.65
2024-01-19,237.5
2024-01-22,239.55
2024-01-23,238.9
2024-01-24,242.95
2024-01-25,244.15
2024-01-26,246.5
2024-01-29,246.2
2024-01-30,247.0
2024-01-31,246.85
2024-02-01,245.0
2024-02-02,245.8
2024-02-05,245.55
2024-02-06,247.1
2024-02-07,246.5
2024-02-08,247.55
2024-02-09,247.45
2024-02-12,248.95
2024-02-13,246.0
2024-02-14,246.9
2024-02-15,248.4
2024-02-16,249.75
2024-02-19,249.65
2024-02-20,249.65
2024-02-21,250.2
2024-02-22,253.7
2024-02-23,254.1
2024-02-26,253.55
2024-02-27,254.65
2024-02-28,253.95
2024-02-29,254.35
2024-03-01,255.15
2024-03-04,255.3
2024-03-05,254.65
2024-03-06,255.85
2024-03-07,259.0
2024-03-08,258.5
2024-03-11,257.15
2024-03-12,259.85
2024-03-13,260.75
2024-03-14,260.1
2024-03-15,259.55
2024-03-18,259.55
2024-03-19,260.05
2024-03-20,260.05
2024-03-21,262.6
2024-03-22,262.3
2024-03-25,262.65
2024-03-26,264.25
2024-03-27,265.0
2024-03-28,265.15
2024-04-02,262.8
2024-04-03,264.15
2024-04-04,264.3
2024-04-05,261.15
2024-04-08,262.8
2024-04-09,260.65
2024-04-10,260.65
2024-04-11,259.3
2024-04-12,258.9
2024-04-15,259.7
2024-04-16,256.5
2024-04-17,256.4
2024-04-18,257.75
2024-04-19,256.95
2024-04-22,258.85
2024-04-23,262.5
2024-04-24,262.0
2024-04-25,259.65
2024-04-26,262.75
2024-04-29,262.75
2024-04-30,260.55
2024-05-02,260.3
2024-05-03,261.55
2024-05-06,263.55
2024-05-07,266.95
2024-05-08,268.1
2024-05-09,269.25
2024-05-10,271.15
2024-05-13,271.35
2024-05-14,271.9
2024-05-15,273.4
2024-05-16,272.45
2024-05-17,271.9
2024-05-20,272.85
2024-05-21,272.1
2024-05-22,271.55
2024-05-23,271.5
2024-05-24,271.75
2024-05-27,272.55
2024-05-28,271.6
2024-05-29,268.4
2024-05-30,269.4
2024-05-31,268.95
2024-06-03,270.65
2024-06-04,268.75
2024-06-05,272.0
2024-06-06,273.65
2024-06-07,272.7
2024-06-10,270.65
2024-06-11,267.9
2024-06-12,271.8
2024-06-13,266.85
2024-06-14,261.9
2024-06-17,263.45
2024-06-18,265.3
2024-06-19,263.8
2024-06-20,267.05
2024-06-21,265.05
2024-06-24,267.0
2024-06-25,266.2
2024-06-26,265.45
2024-06-27,264.6
2024-06-28,264.15
2024-07-01,265.65
2024-07-02,264.6
2024-07-03,268.05
2024-07-04,269.2
2024-07-05,268.85
2024-07-08,268.65
2024-07-09,265.55
2024-07-10,268.35
2024-07-11,269.85
2024-07-12,273.1
2024-07-15,270.15
2024-07-16,269.1
2024-07-17,266.4
2024-07-18,265.75
2024-07-19,263.2
2024-07-22,267.0
2024-07-23,267.8
2024-07-24,265.0
2024-07-25,262.75
2024-07-26,265.35
2024-07-29,263.5
2024-07-30,265.05
2024-07-31,265.9
2024-08-01,261.05
2024-08-02,253.9
2024-08-05,249.85
2024-08-06,250.25
2024-08-07,255.2
2024-08-08,254.9
2024-08-09,255.35
2024-08-12,255.25
2024-08-13,257.05
2024-08-14,258.35
2024-08-15,262.45
2024-08-16,263.3
2024-08-19,265.1
2024-08-20,264.35
2024-08-21,265.95
2024-08-22,266.1
2024-08-23,267.65
2024-08-26,267.2
2024-08-27,267.3
2024-08-28,268.45
2024-08-29,270.9
2024-08-30,270.9
2024-09-02,271.65
2024-09-03,268.95
2024-09-04,265.85
2024-09-05,265.3
2024-09-06,261.6
2024-09-09,263.75
2024-09-10,262.3
2024-09-11,262.8
2024-09-12,265.0
2024-09-13,267.05
2024-09-16,266.35
2024-09-17,268.25
2024-09-18,267.0
2024-09-19,270.9
2024-09-20,267.65
2024-09-23,268.4
2024-09-24,270.25
2024-09-25,270.15
2024-09-26,275.5
2024-09-27,277.7
2024-09-30,274.75
2024-10-01,272.1
2024-10-02,271.7
2024-10-03,268.95
2024-10-04,271.15
2024-10-07,271.8
2024-10-08,270.8
2024-10-09,273.0
2024-10-10,272.25
2024-10-11,273.65
2024-10-14,275.4
2024-10-15,272.6
2024-10-16,271.1
2024-10-17,272.65
2024-10-18,274.25
2024-10-21,271.75
2024-10-22,271.2
2024-10-23,270.2
2024-10-24,270.35
2024-10-25,270.75
2024-10-28,272.2
2024-10-29,270.8
2024-10-30,267.4
2024-10-31,264.95
2024-11-01,267.6
2024-11-04,266.35
2024-11-05,267.05
2024-11-06,263.8
2024-11-07,265.75
2024-11-08,264.05
2024-11-11,266.4
2024-11-12,261.6
2024-11-13,260.85
2024-11-14,265.25
2024-11-15,263.7
2024-11-18,263.2
2024-11-19,261.55
2024-11-20,260.95
2024-11-21,262.05
2024-11-22,264.05
2024-11-25,265.3
2024-11-26,263.4
2024-11-27,261.8
2024-11-28,262.95
2024-11-29,264.9
2024-12-02,266.7
2024-12-03,268.15
2024-12-04,269.95
2024-12-05,272.25
2024-12-06,273.25
2024-12-09,273.15
2024-12-10,271.95
2024-12-11,272.7
2024-12-12,272.5
2024-12-13,273.5
2024-12-16,271.8
2024-12-17,270.85
2024-12-18,271.65
2024-12-19,267.7
2024-12-20,267.4
2024-12-23,266.3
2024-12-24,267.9
2024-12-27,269.0
2024-12-30,267.7
2024-12-31,269.4
2025-01-02,270.0
2025-01-03,267.9
2025-01-06,273.25
2025-01-07,274.15
2025-01-08,273.05
2025-01-09,274.3
2025-01-10,271.9
2025-01-13,270.75
2025-01-14,271.8
2025-01-15,275.1
2025-01-16,277.7
2025-01-17,280.5
2025-01-20,281.45
2025-01-21,281.5
2025-01-22,282.85
2025-01-23,283.65
2025-01-24,283.45
2025-01-27,282.0
2025-01-28,282.45
2025-01-29,284.0
2025-01-30,286.7
2025-01-31,286.45
2025-02-03,282.75
2025-02-04,285.1
2025-02-05,284.95
2025-02-06,289.65
2025-02-07,287.8
2025-02-10,290.2
2025-02-11,291.35
2025-02-12,292.2
2025-02-13,296.65
2025-02-14,296.45
2025-02-17,297.65
2025-02-18,298.4
2025-02-19,294.4
2025-02-20,294.45
2025-02-21,295.75
2025-02-24,294.8
2025-02-25,294.65
2025-02-26,298.6
2025-02-27,296.15
2025-02-28,295.05
2025-03-03,298.8
2025-03-04,291.0
2025-03-05,296.85
2025-03-06,299.0
2025-03-07,296.05
2025-03-10,291.8
2025-03-11,287.65
2025-03-12,290.0
2025-03-13,288.5
2025-03-14,292.0
2025-03-17,294.35
2025-03-18,297.15
2025-03-19,298.05
2025-03-20,295.6
2025-03-21,294.35
2025-03-24,293.95
2025-03-25,296.4
2025-03-26,293.45
2025-03-27,292.2
2025-03-28,289.95
2025-03-31,285.6
2025-04-01,289.2
2025-04-02,288.5
2025-04-03,280.55
2025-04-04,267.65
2025-04-07,256.0
2025-04-08,262.55
2025-04-09,254.15
2025-04-10,264.5
2025-04-11,263.95
2025-04-14,270.45
2025-04-15,274.6
2025-04-16,274.7
2025-04-17,273.6
2025-04-22,275.3
2025-04-23,281.45
2025-04-24,283.5
2025-04-25,285.3
2025-04-28,286.0
2025-04-29,286.75
2025-04-30,287.35
2025-05-02,293.7
2025-05-05,295.0
2025-05-06,294.0
2025-05-07,292.9
2025-05-08,295.05
2025-05-09,296.9
2025-05-12,301.3
2025-05-13,302.45
2025-05-14,301.9
2025-05-15,304.35
2025-05-16,303.85
2025-05-19,304.5
2025-05-20,306.85
2025-05-21,307.0
2025-05-22,305.45
2025-05-23,300.95
2025-05-26,304.8
2025-05-27,305.85
2025-05-28,303.9
2025-05-29,304.05
2025-05-30,303.85
2025-06-02,303.3
2025-06-03,305.0
2025-06-04,305.65
2025-06-05,305.8
2025-06-06,306.95
2025-06-09,306.65
2025-06-10,306.2
2025-06-11,305.55
2025-06-12,303.55
2025-06-13,300.0
2025-06-16,302.6
2025-06-17,299.4
2025-06-18,298.75
2025-06-19,295.05
2025-06-20,296.95
2025-06-23,296.2
2025-06-24,301.05
2025-06-25,298.4
2025-06-26,298.05
2025-06-27,302.55
2025-06-30,301.2
2025-07-01,300.6
2025-07-02,302.05
2025-07-03,303.4
2025-07-04,300.8
2025-07-07,303.4
2025-07-08,304.35
2025-07-09,307.9
2025-07-10,307.65
2025-07-11,304.7
2025-07-14,304.2
2025-07-15,303.45
2025-07-16,300.4
2025-07-17,304.9
2025-07-18,304.15
2025-07-21,304.2
2025-07-22,302.35
2025-07-23,304.2
2025-07-24,305.5
2025-07-25,304.95
2025-07-28,304.45
2025-07-29,306.9
2025-07-30,307.35
2025-07-31,304.5
2025-08-01,296.4
2025-08-04,300.8
2025-08-05,301.0
2025-08-06,301.55
2025-08-07,306.1
2025-08-08,307.55
2025-08-11,307.4
2025-08-12,307.7
2025-08-13,309.75
2025-08-14,312.45
2025-08-15,313.15
2025-08-18,312.05
2025-08-19,315.0
2025-08-20,314.35
2025-08-21,313.85
2025-08-22,315.15
2025-08-25,312.5
2025-08-26,309.0
2025-08-27,308.65
2025-08-28,308.75
2025-08-29,306.2
