,PAASI FP Equity_DX_SI_QTY,PAASI FP Equity_DX_SHORT_INTEREST_VALUE,PAASI FP Equity_DX_SHORT_INT_RATIO_DAYS_TO_COVER,PAASI FP Equity_DX_SHORT_INTEREST_PCT_SHARES_OUT,PAASI FP Equity_DX_SI_MV,PAASI FP Equity_DX_BROKER_SHORT_INTEREST_VALUE,PAASI FP Equity_DX_SUPPLY_SI_QTY,PAASI FP Equity_DX_BROKER_SI_QTY,PAASI FP Equity_DX_SUPPLY_SIDE_SHORT_INT_VAL,PAASI FP Equity_DX_SUPPLY_SI_QTY_INC_x,PAASI FP Equity_DX_BROKER_SI_MV_INC_x,PAASI FP Equity_DX_BROKER_SI_QTY_ADD,PAASI FP Equity_DX_SUPPLY_SI_MV_DEC,PAASI FP Equity_DX_BROKER_SI_QTY_INC,PAASI FP Equity_DX_SUPPLY_SI_QTY_DEC,PAASI FP Equity_DX_BROKER_SI_MV_INC_y,PAASI FP Equity_DX_SUPPLY_SI_QTY_INC_y,PAASI FP Equity_DX_BROKER_SI_MV_ADD,PAASI FP Equity_DX_SUPPLY_SI_QTY_ADD,PAASI FP Equity_DX_BROKER_SI_QTY_DEC,PAASI FP Equity_DX_SUPPLY_SI_MV,PAASI FP Equity_DX_BROKER_SI_MV_DEC,PAASI FP Equity_DX_ACTIVE_UTILIZATION_QUANTITY,PAASI FP Equity_DX_UTILIZATION_QUANTITY,PAASI FP Equity_DX_ACTIVE_AVAIL_SUPPLY_QTY,PAASI FP Equity_DX_ACTIVE_AVAILABILITY_VALUE,PAASI FP Equity_DX_ACTIVE_AVAIL_SUPPLY_MV,PAASI FP Equity_DX_ACTIVE_UTILIZATION_MV,PAASI FP Equity_DX_BROKER_SI_MARKET_SHARE_2,PAASI FP Equity_DX_BROKER_SI_CON_RATIO,PAASI FP Equity_DX_BROKER_SI_MARKET_SHARE_1,PAASI FP Equity_DX_DEMAND_SUPPLY_RATIO
2022-04-07,0.0,0.0,0.0,0.0,0.0,0.0,0.0,0.0,0.0,,,,,,,,,,,,0.0,,0.0,0.0,200.0,4643.2,0.0,0.0,,0.0,,0.0
2022-04-08,0.0,0.0,0.0,0.0,0.0,0.0,0.0,0.0,0.0,,,,,,,,,,,,0.0,,0.0,0.0,200.0,4692.8,0.0,0.0,,0.0,,0.0
2022-09-22,0.0,0.0,0.0,0.0,0.0,0.0,0.0,0.0,0.0,,,,,,,,,,,,0.0,,0.0,0.0,58.0,1246.36,0.0,0.0,,0.0,,0.0
2022-09-23,0.0,0.0,0.0,0.0,0.0,0.0,0.0,0.0,0.0,,,,,,,,,,,,0.0,,0.0,0.0,58.0,1234.41,0.0,0.0,,0.0,,0.0
2022-09-26,0.0,0.0,0.0,0.0,0.0,0.0,0.0,0.0,0.0,,,,,,,,,,,,0.0,,0.0,0.0,58.0,1239.29,0.0,0.0,,0.0,,0.0
2022-09-27,0.0,0.0,0.0,0.0,0.0,0.0,0.0,0.0,0.0,,,,,,,,,,,,0.0,,0.0,0.0,58.0,1239.63,0.0,0.0,,0.0,,0.0
2022-09-28,0.0,0.0,0.0,0.0,0.0,0.0,0.0,0.0,0.0,,,,,,,,,,,,0.0,,0.0,0.0,58.0,1226.06,0.0,0.0,,0.0,,0.0
2022-09-29,0.0,0.0,0.0,0.0,0.0,0.0,0.0,0.0,0.0,,,,,,,,,,,,0.0,,0.0,0.0,58.0,1185.52,0.0,0.0,,0.0,,0.0
2022-09-30,0.0,0.0,0.0,0.0,0.0,0.0,0.0,0.0,0.0,,,,,,,,,,,,0.0,,0.0,0.0,58.0,1193.47,0.0,0.0,,0.0,,0.0
2022-10-03,0.0,0.0,0.0,0.0,0.0,0.0,0.0,0.0,0.0,,,,,,,,,,,,0.0,,0.0,0.0,58.0,1184.94,0.0,0.0,,0.0,,0.0
2022-10-04,0.0,0.0,0.0,0.0,0.0,0.0,0.0,0.0,0.0,,,,,,,,,,,,0.0,,0.0,0.0,58.0,1214.06,0.0,0.0,,0.0,,0.0
2022-10-05,0.0,0.0,0.0,0.0,0.0,0.0,0.0,0.0,0.0,,,,,,,,,,,,0.0,,0.0,0.0,58.0,1218.41,0.0,0.0,,0.0,,0.0
2022-10-06,0.0,0.0,0.0,0.0,0.0,0.0,0.0,0.0,0.0,,,,,,,,,,,,0.0,,0.0,0.0,58.0,1223.86,0.0,0.0,,0.0,,0.0
2022-10-07,0.0,0.0,0.0,0.0,0.0,0.0,0.0,0.0,0.0,,,,,,,,,,,,0.0,,0.0,0.0,58.0,1203.09,0.0,0.0,,0.0,,0.0
2022-10-10,0.0,0.0,0.0,0.0,0.0,0.0,0.0,0.0,0.0,,,,,,,,,,,,0.0,,0.0,0.0,58.0,1189.41,0.0,0.0,,0.0,,0.0
2022-10-11,0.0,0.0,0.0,0.0,0.0,0.0,0.0,0.0,0.0,,,,,,,,,,,,0.0,,0.0,0.0,58.0,1170.32,0.0,0.0,,0.0,,0.0
2022-10-12,0.0,0.0,0.0,0.0,0.0,0.0,0.0,0.0,0.0,,,,,,,,,,,,0.0,,0.0,0.0,58.0,1169.22,0.0,0.0,,0.0,,0.0
2022-10-13,0.0,0.0,0.0,0.0,0.0,0.0,0.0,0.0,0.0,,,,,,,,,,,,0.0,,0.0,0.0,58.0,1162.38,0.0,0.0,,0.0,,0.0
2022-10-14,0.0,0.0,0.0,0.0,0.0,0.0,0.0,0.0,0.0,,,,,,,,,,,,0.0,,0.0,0.0,58.0,1161.8,0.0,0.0,,0.0,,0.0
2022-10-17,0.0,0.0,0.0,0.0,0.0,0.0,0.0,0.0,0.0,,,,,,,,,,,,0.0,,0.0,0.0,58.0,1174.27,0.0,0.0,,0.0,,0.0
2022-10-18,0.0,0.0,0.0,0.0,0.0,0.0,0.0,0.0,0.0,,,,,,,,,,,,0.0,,0.0,0.0,58.0,1164.23,0.0,0.0,,0.0,,0.0
2022-10-19,0.0,0.0,0.0,0.0,0.0,0.0,0.0,0.0,0.0,,,,,,,,,,,,0.0,,0.0,0.0,58.0,1152.98,0.0,0.0,,0.0,,0.0
2022-10-20,0.0,0.0,0.0,0.0,0.0,0.0,0.0,0.0,0.0,,,,,,,,,,,,0.0,,0.0,0.0,58.0,1160.64,0.0,0.0,,0.0,,0.0
2022-10-21,0.0,0.0,0.0,0.0,0.0,0.0,0.0,0.0,0.0,,,,,,,,,,,,0.0,,0.0,0.0,58.0,1155.53,0.0,0.0,,0.0,,0.0
2022-10-24,0.0,0.0,0.0,0.0,0.0,0.0,0.0,0.0,0.0,,,,,,,,,,,,0.0,,0.0,0.0,58.0,1102.99,0.0,0.0,,0.0,,0.0
2022-10-25,0.0,0.0,0.0,0.0,0.0,0.0,0.0,0.0,0.0,,,,,,,,,,,,0.0,,0.0,0.0,58.0,1109.19,0.0,0.0,,0.0,,0.0
2022-10-26,0.0,0.0,0.0,0.0,0.0,0.0,0.0,0.0,0.0,,,,,,,,,,,,0.0,,0.0,0.0,58.0,1125.61,0.0,0.0,,0.0,,0.0
2022-10-27,0.0,0.0,0.0,0.0,0.0,0.0,0.0,0.0,0.0,,,,,,,,,,,,0.0,,0.0,0.0,58.0,1125.72,0.0,0.0,,0.0,,0.0
2022-10-28,0.0,0.0,0.0,0.0,0.0,0.0,0.0,0.0,0.0,,,,,,,,,,,,0.0,,0.0,0.0,58.0,1108.67,0.0,0.0,,0.0,,0.0
2022-10-31,0.0,0.0,0.0,0.0,0.0,0.0,0.0,0.0,0.0,,,,,,,,,,,,0.0,,0.0,0.0,58.0,1115.75,0.0,0.0,,0.0,,0.0
2022-11-01,0.0,0.0,0.0,0.0,0.0,0.0,0.0,0.0,0.0,,,,,,,,,,,,0.0,,0.0,0.0,58.0,1142.54,0.0,0.0,,0.0,,0.0
2022-11-02,0.0,0.0,0.0,0.0,0.0,0.0,0.0,0.0,0.0,,,,,,,,,,,,0.0,,0.0,0.0,58.0,1139.7,0.0,0.0,,0.0,,0.0
2022-11-03,0.0,0.0,0.0,0.0,0.0,0.0,0.0,0.0,0.0,,,,,,,,,,,,0.0,,0.0,0.0,58.0,1151.53,0.0,0.0,,0.0,,0.0
2022-11-04,0.0,0.0,0.0,0.0,0.0,0.0,0.0,0.0,0.0,,,,,,,,,,,,0.0,,0.0,0.0,58.0,1173.8,0.0,0.0,,0.0,,0.0
2022-11-07,0.0,0.0,0.0,0.0,0.0,0.0,0.0,0.0,0.0,,,,,,,,,,,,0.0,,0.0,0.0,58.0,1177.69,0.0,0.0,,0.0,,0.0
2022-11-08,0.0,0.0,0.0,0.0,0.0,0.0,0.0,0.0,0.0,,,,,,,,,,,,0.0,,0.0,0.0,58.0,1181.23,0.0,0.0,,0.0,,0.0
2022-11-09,0.0,0.0,0.0,0.0,0.0,0.0,0.0,0.0,0.0,,,,,,,,,,,,0.0,,0.0,0.0,58.0,1168.87,0.0,0.0,,0.0,,0.0
2022-11-10,0.0,0.0,0.0,0.0,0.0,0.0,0.0,0.0,0.0,,,,,,,,,,,,0.0,,0.0,0.0,58.0,1192.36,0.0,0.0,,0.0,,0.0
2022-11-11,0.0,0.0,0.0,0.0,0.0,0.0,0.0,0.0,0.0,,,,,,,,,,,,0.0,,0.0,0.0,58.0,1210.81,0.0,0.0,,0.0,,0.0
2022-11-14,0.0,0.0,0.0,0.0,0.0,0.0,0.0,0.0,0.0,,,,,,,,,,,,0.0,,0.0,0.0,58.0,1215.33,0.0,0.0,,0.0,,0.0
2022-11-15,0.0,0.0,0.0,0.0,0.0,0.0,0.0,0.0,0.0,,,,,,,,,,,,0.0,,0.0,0.0,58.0,1251.52,0.0,0.0,,0.0,,0.0
2022-11-16,0.0,0.0,0.0,0.0,0.0,0.0,0.0,0.0,0.0,,,,,,,,,,,,0.0,,0.0,0.0,58.0,1220.9,0.0,0.0,,0.0,,0.0
2022-11-17,0.0,0.0,0.0,0.0,0.0,0.0,0.0,0.0,0.0,,,,,,,,,,,,0.0,,0.0,0.0,58.0,1225.31,0.0,0.0,,0.0,,0.0
2022-11-18,0.0,0.0,0.0,0.0,0.0,0.0,0.0,0.0,0.0,,,,,,,,,,,,0.0,,0.0,0.0,58.0,1219.8,0.0,0.0,,0.0,,0.0
2022-11-21,0.0,0.0,0.0,0.0,0.0,0.0,0.0,0.0,0.0,,,,,,,,,,,,0.0,,0.0,0.0,58.0,1209.82,0.0,0.0,,0.0,,0.0
2022-11-22,0.0,0.0,0.0,0.0,0.0,0.0,0.0,0.0,0.0,,,,,,,,,,,,0.0,,0.0,0.0,58.0,1207.44,0.0,0.0,,0.0,,0.0
2022-11-23,0.0,0.0,0.0,0.0,0.0,0.0,0.0,0.0,0.0,,,,,,,,,,,,0.0,,0.0,0.0,58.0,1206.46,0.0,0.0,,0.0,,0.0
2022-11-24,0.0,0.0,0.0,0.0,0.0,0.0,0.0,0.0,0.0,,,,,,,,,,,,0.0,,0.0,0.0,58.0,1217.65,0.0,0.0,,0.0,,0.0
2022-11-25,0.0,0.0,0.0,0.0,0.0,0.0,0.0,0.0,0.0,,,,,,,,,,,,0.0,,0.0,0.0,58.0,1200.89,0.0,0.0,,0.0,,0.0
2022-11-28,0.0,0.0,0.0,0.0,0.0,0.0,0.0,0.0,0.0,,,,,,,,,,,,0.0,,0.0,0.0,58.0,1204.43,0.0,0.0,,0.0,,0.0
2022-11-29,0.0,0.0,0.0,0.0,0.0,0.0,0.0,0.0,0.0,,,,,,,,,,,,0.0,,0.0,0.0,58.0,1234.36,0.0,0.0,,0.0,,0.0
2022-11-30,0.0,0.0,0.0,0.0,0.0,0.0,0.0,0.0,0.0,,,,,,,,,,,,0.0,,0.0,0.0,58.0,1268.98,0.0,0.0,,0.0,,0.0
2022-12-01,0.0,0.0,0.0,0.0,0.0,0.0,0.0,0.0,0.0,,,,,,,,,,,,0.0,,0.0,0.0,58.0,1254.42,0.0,0.0,,0.0,,0.0
2022-12-02,0.0,0.0,0.0,0.0,0.0,0.0,0.0,0.0,0.0,,,,,,,,,,,,0.0,,0.0,0.0,58.0,1258.37,0.0,0.0,,0.0,,0.0
2022-12-05,0.0,0.0,0.0,0.0,0.0,0.0,0.0,0.0,0.0,,,,,,,,,,,,0.0,,0.0,0.0,58.0,1253.73,0.0,0.0,,0.0,,0.0
2022-12-06,0.0,0.0,0.0,0.0,0.0,0.0,0.0,0.0,0.0,,,,,,,,,,,,0.0,,0.0,0.0,58.0,1247.52,0.0,0.0,,0.0,,0.0
2022-12-07,0.0,0.0,0.0,0.0,0.0,0.0,0.0,0.0,0.0,,,,,,,,,,,,0.0,,0.0,0.0,58.0,1237.72,0.0,0.0,,0.0,,0.0
2022-12-08,0.0,0.0,0.0,0.0,0.0,0.0,0.0,0.0,0.0,,,,,,,,,,,,0.0,,0.0,0.0,58.0,1253.84,0.0,0.0,,0.0,,0.0
2022-12-09,0.0,0.0,0.0,0.0,0.0,0.0,0.0,0.0,0.0,,,,,,,,,,,,0.0,,0.0,0.0,58.0,1258.31,0.0,0.0,,0.0,,0.0
2022-12-12,0.0,0.0,0.0,0.0,0.0,0.0,0.0,0.0,0.0,,,,,,,,,,,,0.0,,0.0,0.0,58.0,1236.73,0.0,0.0,,0.0,,0.0
2022-12-13,0.0,0.0,0.0,0.0,0.0,0.0,0.0,0.0,0.0,,,,,,,,,,,,0.0,,0.0,0.0,58.0,1252.86,0.0,0.0,,0.0,,0.0
2022-12-14,0.0,0.0,0.0,0.0,0.0,0.0,0.0,0.0,0.0,,,,,,,,,,,,0.0,,0.0,0.0,58.0,1249.96,0.0,0.0,,0.0,,0.0
2022-12-15,0.0,0.0,0.0,0.0,0.0,0.0,0.0,0.0,0.0,,,,,,,,,,,,0.0,,0.0,0.0,58.0,1217.59,0.0,0.0,,0.0,,0.0
2022-12-16,0.0,0.0,0.0,0.0,0.0,0.0,0.0,0.0,0.0,,,,,,,,,,,,0.0,,0.0,0.0,58.0,1225.25,0.0,0.0,,0.0,,0.0
2022-12-19,0.0,0.0,0.0,0.0,0.0,0.0,0.0,0.0,0.0,,,,,,,,,,,,0.0,,0.0,0.0,58.0,1222.35,0.0,0.0,,0.0,,0.0
2022-12-20,0.0,0.0,0.0,0.0,0.0,0.0,0.0,0.0,0.0,,,,,,,,,,,,0.0,,0.0,0.0,58.0,1210.52,0.0,0.0,,0.0,,0.0
2022-12-21,0.0,0.0,0.0,0.0,0.0,0.0,0.0,0.0,0.0,,,,,,,,,,,,0.0,,0.0,0.0,58.0,1217.71,0.0,0.0,,0.0,,0.0
2022-12-22,0.0,0.0,0.0,0.0,0.0,0.0,0.0,0.0,0.0,,,,,,,,,,,,0.0,,0.0,0.0,58.0,1216.2,0.0,0.0,,0.0,,0.0
2022-12-23,0.0,0.0,0.0,0.0,0.0,0.0,0.0,0.0,0.0,,,,,,,,,,,,0.0,,0.0,0.0,58.0,1204.54,0.0,0.0,,0.0,,0.0
2022-12-26,0.0,0.0,0.0,0.0,0.0,0.0,0.0,0.0,0.0,,,,,,,,,,,,0.0,,0.0,0.0,58.0,1204.54,0.0,0.0,,0.0,,0.0
2022-12-27,0.0,0.0,0.0,0.0,0.0,0.0,0.0,0.0,0.0,,,,,,,,,,,,0.0,,0.0,0.0,58.0,1227.4,0.0,0.0,,0.0,,0.0
2022-12-28,0.0,0.0,0.0,0.0,0.0,0.0,0.0,0.0,0.0,,,,,,,,,,,,0.0,,0.0,0.0,58.0,1212.32,0.0,0.0,,0.0,,0.0
2022-12-29,0.0,0.0,0.0,0.0,0.0,0.0,0.0,0.0,0.0,,,,,,,,,,,,0.0,,0.0,0.0,58.0,1223.45,0.0,0.0,,0.0,,0.0
2022-12-30,0.0,0.0,0.0,0.0,0.0,0.0,0.0,0.0,0.0,,,,,,,,,,,,0.0,,0.0,0.0,58.0,1212.37,0.0,0.0,,0.0,,0.0
2023-01-02,0.0,0.0,0.0,0.0,0.0,0.0,0.0,0.0,0.0,,,,,,,,,,,,0.0,,0.0,0.0,58.0,1223.97,0.0,0.0,,0.0,,0.0
2023-01-03,0.0,0.0,0.0,0.0,0.0,0.0,0.0,0.0,0.0,,,,,,,,,,,,0.0,,0.0,0.0,58.0,1239.63,0.0,0.0,,0.0,,0.0
2023-01-04,0.0,0.0,0.0,0.0,0.0,0.0,0.0,0.0,0.0,,,,,,,,,,,,0.0,,0.0,0.0,58.0,1269.27,0.0,0.0,,0.0,,0.0
2023-01-05,0.0,0.0,0.0,0.0,0.0,0.0,0.0,0.0,0.0,,,,,,,,,,,,0.0,,0.0,0.0,58.0,1277.04,0.0,0.0,,0.0,,0.0
2023-01-06,0.0,0.0,0.0,0.0,0.0,0.0,0.0,0.0,0.0,,,,,,,,,,,,0.0,,0.0,0.0,58.0,1287.83,0.0,0.0,,0.0,,0.0
2023-01-09,0.0,0.0,0.0,0.0,0.0,0.0,0.0,0.0,0.0,,,,,,,,,,,,0.0,,0.0,0.0,58.0,1301.64,0.0,0.0,,0.0,,0.0
2023-01-10,340.0,7596.28,0.02,0.0,0.01,3798.14,170.0,170.0,3798.14,,,170.0,,,,,,0.0,170.0,,0.0,,100.0,74.56,0.0,0.0,0.0,100.0,,1.0,100.0,1.4912
2023-01-11,340.0,7613.62,0.02,0.0,0.01,3806.81,170.0,170.0,3806.81,,,,,,,,,,,,0.0,,100.0,74.56,0.0,0.0,0.0,100.0,,1.0,100.0,1.4912
2023-01-12,340.0,7571.46,0.02,0.0,0.01,3785.73,170.0,170.0,3785.73,,,,,,,,,,,,0.0,,100.0,74.56,0.0,0.0,0.0,100.0,,1.0,100.0,1.4912
2023-01-13,340.0,7638.78,0.02,0.0,0.01,3819.39,170.0,170.0,3819.39,,,,,,,,,,,,0.0,,100.0,74.56,0.0,0.0,0.0,100.0,,1.0,100.0,1.4912
2023-01-16,340.0,7626.54,0.02,0.0,0.01,3813.27,170.0,170.0,3813.27,,,,,,,,,,,,0.0,,100.0,74.56,0.0,0.0,0.0,100.0,,1.0,100.0,1.4912
2023-01-17,340.0,7640.82,0.02,0.0,0.01,3820.41,170.0,170.0,3820.41,,,,,,,,,,,,0.0,,100.0,74.56,0.0,0.0,0.0,100.0,,1.0,100.0,1.4912
2023-01-18,340.0,7632.32,0.02,0.0,0.01,3816.16,170.0,170.0,3816.16,,,,,,,,,,,,0.0,,100.0,74.56,0.0,0.0,0.0,100.0,,1.0,100.0,1.4912
2023-01-19,0.0,0.0,0.0,0.0,0.0,0.0,0.0,0.0,0.0,,,,0.0,,170.0,,,,,170.0,0.0,0.0,0.0,0.0,58.0,1309.81,0.0,0.0,,0.0,,0.0
2023-01-20,0.0,0.0,0.0,0.0,0.0,0.0,0.0,0.0,0.0,,,,,,,,,,,,0.0,,0.0,0.0,58.0,1324.31,0.0,0.0,,0.0,,0.0
2023-01-23,0.0,0.0,0.0,0.0,0.0,0.0,0.0,0.0,0.0,,,,,,,,,,,,0.0,,0.0,0.0,58.0,1338.81,0.0,0.0,,0.0,,0.0
2023-01-24,0.0,0.0,0.0,0.0,0.0,0.0,0.0,0.0,0.0,,,,,,,,,,,,0.0,,0.0,0.0,58.0,1332.49,0.0,0.0,,0.0,,0.0
2023-01-25,0.0,0.0,0.0,0.0,0.0,0.0,0.0,0.0,0.0,,,,,,,,,,,,0.0,,0.0,0.0,58.0,1321.94,0.0,0.0,,0.0,,0.0
2023-01-26,0.0,0.0,0.0,0.0,0.0,0.0,0.0,0.0,0.0,,,,,,,,,,,,0.0,,0.0,0.0,58.0,1340.84,0.0,0.0,,0.0,,0.0
2023-01-27,0.0,0.0,0.0,0.0,0.0,0.0,0.0,0.0,0.0,,,,,,,,,,,,0.0,,0.0,0.0,58.0,1347.4,0.0,0.0,,0.0,,0.0
2023-01-30,0.0,0.0,0.0,0.0,0.0,0.0,0.0,0.0,0.0,,,,,,,,,,,,0.0,,0.0,0.0,58.0,1322.57,0.0,0.0,,0.0,,0.0
2023-01-31,0.0,0.0,0.0,0.0,0.0,0.0,0.0,0.0,0.0,,,,,,,,,,,,0.0,,0.0,0.0,58.0,1306.39,0.0,0.0,,0.0,,0.0
2023-02-01,0.0,0.0,0.0,0.0,0.0,0.0,0.0,0.0,0.0,,,,,,,,,,,,0.0,,0.0,0.0,58.0,1310.22,0.0,0.0,,0.0,,0.0
2023-02-02,0.0,0.0,0.0,0.0,0.0,0.0,0.0,0.0,0.0,,,,,,,,,,,,0.0,,0.0,0.0,58.0,1312.02,0.0,0.0,,0.0,,0.0
2023-02-03,0.0,0.0,0.0,0.0,0.0,0.0,0.0,0.0,0.0,,,,,,,,,,,,0.0,,0.0,0.0,58.0,1317.47,0.0,0.0,,0.0,,0.0
2023-02-06,0.0,0.0,0.0,0.0,0.0,0.0,0.0,0.0,0.0,,,,,,,,,,,,0.0,,0.0,0.0,58.0,1286.56,0.0,0.0,,0.0,,0.0
2023-02-07,0.0,0.0,0.0,0.0,0.0,0.0,0.0,0.0,0.0,,,,,,,,,,,,0.0,,0.0,0.0,58.0,1296.18,0.0,0.0,,0.0,,0.0
2023-02-08,0.0,0.0,0.0,0.0,0.0,0.0,0.0,0.0,0.0,,,,,,,,,,,,0.0,,0.0,0.0,58.0,1294.04,0.0,0.0,,0.0,,0.0
2023-02-09,0.0,0.0,0.0,0.0,0.0,0.0,0.0,0.0,0.0,,,,,,,,,,,,0.0,,0.0,0.0,58.0,1308.83,0.0,0.0,,0.0,,0.0
2023-02-10,0.0,0.0,0.0,0.0,0.0,0.0,0.0,0.0,0.0,,,,,,,,,,,,0.0,,0.0,0.0,58.0,1298.56,0.0,0.0,,0.0,,0.0
2023-02-13,0.0,0.0,0.0,0.0,0.0,0.0,0.0,0.0,0.0,,,,,,,,,,,,0.0,,0.0,0.0,58.0,1299.26,0.0,0.0,,0.0,,0.0
2023-02-14,0.0,0.0,0.0,0.0,0.0,0.0,0.0,0.0,0.0,,,,,,,,,,,,0.0,,0.0,0.0,58.0,1293.05,0.0,0.0,,0.0,,0.0
2023-02-15,0.0,0.0,0.0,0.0,0.0,0.0,0.0,0.0,0.0,,,,,,,,,,,,0.0,,0.0,0.0,58.0,1280.81,0.0,0.0,,0.0,,0.0
2023-02-16,1500.0,33304.5,0.03,0.01,0.03,16652.25,750.0,750.0,16652.25,,,750.0,,,,,,0.02,750.0,,0.02,,100.0,92.82,0.0,0.0,0.0,100.0,,1.0,100.0,1.8564
2023-02-17,1500.0,32820.0,0.03,0.01,0.03,16410.0,750.0,750.0,16410.0,,,,,,,,,,,,0.02,,100.0,92.82,0.0,0.0,0.0,100.0,,1.0,100.0,1.8564
2023-02-20,1500.0,33213.0,0.03,0.01,0.03,16606.5,750.0,750.0,16606.5,,,,,,,,,,,,0.02,,100.0,92.82,0.0,0.0,0.0,100.0,,1.0,100.0,1.8564
2023-02-21,1500.0,32632.5,0.03,0.01,0.03,16316.25,750.0,750.0,16316.25,,,,,,,,,,,,0.02,,100.0,92.82,0.0,0.0,0.0,100.0,,1.0,100.0,1.8564
2023-02-22,1500.0,32470.5,0.03,0.01,0.03,16235.25,750.0,750.0,16235.25,,,,,,,,,,,,0.02,,100.0,92.82,0.0,0.0,0.0,100.0,,1.0,100.0,1.8564
2023-02-23,1500.0,32658.0,0.03,0.01,0.03,16329.0,750.0,750.0,16329.0,,,,,,,,,,,,0.02,,100.0,92.82,0.0,0.0,0.0,100.0,,1.0,100.0,1.8564
2023-02-24,1500.0,32038.5,0.02,0.01,0.03,16019.25,750.0,750.0,16019.25,,,,,,,,,,,,0.02,,100.0,92.82,0.0,0.0,0.0,100.0,,1.0,100.0,1.8564
2023-02-27,1500.0,32146.5,0.02,0.01,0.03,16073.25,750.0,750.0,16073.25,,,,,,,,,,,,0.02,,100.0,92.82,0.0,0.0,0.0,100.0,,1.0,100.0,1.8564
2023-02-28,1500.0,31927.5,0.02,0.01,0.03,15963.75,750.0,750.0,15963.75,,,,,,,,,,,,0.02,,100.0,92.82,0.0,0.0,0.0,100.0,,1.0,100.0,1.8564
2023-03-01,1554.0,33578.83,0.02,0.01,0.03,17372.83,750.0,804.0,16206.0,,0.0,,,54.0,,0.0,,,,,0.02,,100.0,92.82,0.0,0.0,0.0,100.0,,1.0,100.0,1.9233
2023-03-02,1608.0,35051.18,0.03,0.01,0.03,17525.59,804.0,804.0,17525.59,54.0,,,,,,,54.0,,,,0.02,,100.0,69.19,0.0,0.0,0.0,100.0,,1.0,100.0,1.3838
2023-03-03,1608.0,35300.42,0.03,0.01,0.04,17650.21,804.0,804.0,17650.21,,,,,,,,,,,,0.02,,100.0,69.19,0.0,0.0,0.0,100.0,,1.0,100.0,1.3838
2023-03-06,1004.0,21987.6,0.02,0.0,0.02,21987.6,1004.0,1004.0,21987.6,,0.0,,,200.0,,0.0,,,200.0,,0.02,,100.0,86.4,0.0,0.0,0.0,100.0,,1.0,100.0,0.864
2023-03-07,1808.0,39342.08,0.03,0.01,0.04,21847.04,1004.0,1004.0,21847.04,,,,,,,,,,,,0.02,,100.0,86.4,0.0,0.0,0.0,100.0,,1.0,100.0,1.5559
2023-03-08,108.0,2343.71,0.0,0.0,0.0,1171.85,54.0,54.0,1171.85,,,,0.02,,950.0,,,,,950.0,0.0,0.02,100.0,13.11,0.0,0.0,0.0,100.0,,1.0,100.0,0.2621
2023-03-09,0.0,0.0,0.0,0.0,0.0,0.0,0.0,0.0,0.0,,,,0.0,,54.0,,,,,54.0,0.0,0.0,0.0,0.0,358.0,7631.84,0.01,0.0,,0.0,,0.0
2023-03-10,0.0,0.0,0.0,0.0,0.0,0.0,0.0,0.0,0.0,,,,,,,,,,,,0.0,,0.0,0.0,358.0,7531.6,0.01,0.0,,0.0,,0.0
2023-03-13,0.0,0.0,0.0,0.0,0.0,0.0,0.0,0.0,0.0,,,,,,,,,,,,0.0,,0.0,0.0,358.0,7481.13,0.01,0.0,,0.0,,0.0
2023-03-14,0.0,0.0,0.0,0.0,0.0,0.0,0.0,0.0,0.0,,,,,,,,,,,,0.0,,0.0,0.0,358.0,7489.0,0.01,0.0,,0.0,,0.0
2023-03-15,0.0,0.0,0.0,0.0,0.0,0.0,0.0,0.0,0.0,,,,,,,,,,,,0.0,,0.0,0.0,358.0,7428.86,0.01,0.0,,0.0,,0.0
2023-03-16,0.0,0.0,0.0,0.0,0.0,0.0,0.0,0.0,0.0,,,,,,,,,,,,0.0,,0.0,0.0,358.0,7510.84,0.01,0.0,,0.0,,0.0
2023-03-17,0.0,0.0,0.0,0.0,0.0,0.0,0.0,0.0,0.0,,,,,,,,,,,,0.0,,0.0,0.0,358.0,7493.66,0.01,0.0,,0.0,,0.0
2023-03-20,0.0,0.0,0.0,0.0,0.0,0.0,0.0,0.0,0.0,,,,,,,,,,,,0.0,,0.0,0.0,358.0,7450.34,0.01,0.0,,0.0,,0.0
2023-03-21,0.0,0.0,0.0,0.0,0.0,0.0,0.0,0.0,0.0,,,,,,,,,,,,0.0,,0.0,0.0,358.0,7474.32,0.01,0.0,,0.0,,0.0
2023-03-22,0.0,0.0,0.0,0.0,0.0,0.0,0.0,0.0,0.0,,,,,,,,,,,,0.0,,0.0,0.0,58.0,1221.13,0.0,0.0,,0.0,,0.0
2023-03-23,1394.0,29743.78,0.03,0.01,0.03,14871.89,697.0,697.0,14871.89,,,697.0,,,,,,0.01,697.0,,0.01,,100.0,66.07,0.0,0.0,0.0,100.0,,1.0,100.0,1.3213
2023-03-24,1394.0,29682.44,0.03,0.01,0.03,14841.22,697.0,697.0,14841.22,,,,,,,,,,,,0.01,,100.0,66.07,0.0,0.0,0.0,100.0,,1.0,100.0,1.3213
2023-03-27,1394.0,29322.79,0.03,0.01,0.03,14661.4,697.0,697.0,14661.4,,,,,,,,,,,,0.01,,100.0,66.07,0.0,0.0,0.0,100.0,,1.0,100.0,1.3213
2023-03-28,1394.0,29598.8,0.03,0.01,0.03,14799.4,697.0,697.0,14799.4,,,,,,,,,,,,0.01,,100.0,66.07,0.0,0.0,0.0,100.0,,1.0,100.0,1.3213
2023-03-29,1394.0,29848.33,0.03,0.01,0.03,14924.16,697.0,697.0,14924.16,,,,,,,,,,,,0.01,,100.0,66.07,0.0,0.0,0.0,100.0,,1.0,100.0,1.3213
2023-03-30,1394.0,29908.27,0.03,0.01,0.03,14954.14,697.0,697.0,14954.14,,,,,,,,,,,,0.01,,100.0,66.07,0.0,0.0,0.0,100.0,,1.0,100.0,1.3213
2023-03-31,0.0,0.0,0.0,0.0,0.0,0.0,0.0,0.0,0.0,,,,0.01,,697.0,,,,,697.0,0.0,0.01,0.0,0.0,1055.0,22739.47,0.02,0.0,,0.0,,0.0
2023-04-03,0.0,0.0,0.0,0.0,0.0,0.0,0.0,0.0,0.0,,,,,,,,,,,,0.0,,0.0,0.0,958.0,20478.21,0.02,0.0,,0.0,,0.0
2023-04-04,0.0,0.0,0.0,0.0,0.0,0.0,0.0,0.0,0.0,,,,,,,,,,,,0.0,,0.0,0.0,958.0,20368.04,0.02,0.0,,0.0,,0.0
2023-04-05,0.0,0.0,0.0,0.0,0.0,0.0,0.0,0.0,0.0,,,,,,,,,,,,0.0,,0.0,0.0,958.0,20263.62,0.02,0.0,,0.0,,0.0
2023-04-06,0.0,0.0,0.0,0.0,0.0,0.0,0.0,0.0,0.0,,,,,,,,,,,,0.0,,0.0,0.0,958.0,20362.29,0.02,0.0,,0.0,,0.0
2023-04-07,0.0,0.0,0.0,0.0,0.0,0.0,0.0,0.0,0.0,,,,,,,,,,,,0.0,,0.0,0.0,958.0,20362.29,0.02,0.0,,0.0,,0.0
2023-04-10,0.0,0.0,0.0,0.0,0.0,0.0,0.0,0.0,0.0,,,,,,,,,,,,0.0,,0.0,0.0,958.0,20362.29,0.02,0.0,,0.0,,0.0
2023-04-11,0.0,0.0,0.0,0.0,0.0,0.0,0.0,0.0,0.0,,,,,,,,,,,,0.0,,0.0,0.0,958.0,20554.85,0.02,0.0,,0.0,,0.0
2023-04-12,0.0,0.0,0.0,0.0,0.0,0.0,0.0,0.0,0.0,,,,,,,,,,,,0.0,,0.0,0.0,958.0,20239.67,0.02,0.0,,0.0,,0.0
2023-04-13,0.0,0.0,0.0,0.0,0.0,0.0,0.0,0.0,0.0,,,,,,,,,,,,0.0,,0.0,0.0,958.0,20313.43,0.02,0.0,,0.0,,0.0
2023-04-14,0.0,0.0,0.0,0.0,0.0,0.0,0.0,0.0,0.0,,,,,,,,,,,,0.0,,0.0,0.0,958.0,20266.49,0.02,0.0,,0.0,,0.0
2023-04-17,0.0,0.0,0.0,0.0,0.0,0.0,0.0,0.0,0.0,,,,,,,,,,,,0.0,,0.0,0.0,958.0,20457.13,0.02,0.0,,0.0,,0.0
2023-04-18,0.0,0.0,0.0,0.0,0.0,0.0,0.0,0.0,0.0,,,,,,,,,,,,0.0,,0.0,0.0,958.0,20442.76,0.02,0.0,,0.0,,0.0
2023-04-19,200.0,4223.4,0.01,0.0,0.0,4223.4,200.0,200.0,4223.4,,,200.0,,,,,,0.0,200.0,,0.0,,100.0,20.88,0.0,0.0,0.0,100.0,,1.0,100.0,0.2088
2023-04-20,200.0,4217.8,0.01,0.0,0.0,4217.8,200.0,200.0,4217.8,,,,,,,,,,,,0.0,,100.0,20.88,0.0,0.0,0.0,100.0,,1.0,100.0,0.2088
2023-04-21,200.0,4154.2,0.01,0.0,0.0,4154.2,200.0,200.0,4154.2,,,,,,,,,,,,0.0,,100.0,20.88,0.0,0.0,0.0,100.0,,1.0,100.0,0.2088
2023-04-24,0.0,0.0,0.0,0.0,0.0,0.0,0.0,0.0,0.0,,,,0.0,,200.0,,,,,200.0,0.0,0.0,0.0,0.0,358.0,7371.22,0.01,0.0,,0.0,,0.0
2023-04-25,0.0,0.0,0.0,0.0,0.0,0.0,0.0,0.0,0.0,,,,,,,,,,,,0.0,,0.0,0.0,358.0,7283.87,0.01,0.0,,0.0,,0.0
2023-04-26,0.0,0.0,0.0,0.0,0.0,0.0,0.0,0.0,0.0,,,,,,,,,,,,0.0,,0.0,0.0,358.0,7306.42,0.01,0.0,,0.0,,0.0
2023-04-27,0.0,0.0,0.0,0.0,0.0,0.0,0.0,0.0,0.0,,,,,,,,,,,,0.0,,0.0,0.0,358.0,7382.68,0.01,0.0,,0.0,,0.0
2023-04-28,0.0,0.0,0.0,0.0,0.0,0.0,0.0,0.0,0.0,,,,,,,,,,,,0.0,,0.0,0.0,358.0,7428.86,0.01,0.0,,0.0,,0.0
2023-05-01,0.0,0.0,0.0,0.0,0.0,0.0,0.0,0.0,0.0,,,,,,,,,,,,0.0,,0.0,0.0,358.0,7428.86,0.01,0.0,,0.0,,0.0
2023-05-02,200.0,4115.2,0.01,0.0,0.0,4115.2,200.0,200.0,4115.2,,,200.0,,,,,,0.0,200.0,,0.0,,100.0,55.87,0.0,0.0,0.0,100.0,,1.0,100.0,0.5587
2023-05-03,200.0,4091.4,0.01,0.0,0.0,4091.4,200.0,200.0,4091.4,,,,,,,,,,,,0.0,,100.0,55.87,0.0,0.0,0.0,100.0,,1.0,100.0,0.5587
2023-05-04,200.0,4149.2,0.01,0.0,0.0,0.0,200.0,0.0,4149.2,,,,,,,,,,,200.0,0.0,0.0,100.0,55.87,0.0,0.0,0.0,100.0,,1.0,100.0,0.5587
2023-05-05,0.0,0.0,0.0,0.0,0.0,0.0,0.0,0.0,0.0,,,,0.0,,200.0,,,,,,0.0,,0.0,0.0,358.0,7483.63,0.01,0.0,,0.0,,0.0
2023-05-08,0.0,0.0,0.0,0.0,0.0,0.0,0.0,0.0,0.0,,,,,,,,,,,,0.0,,0.0,0.0,358.0,7509.05,0.01,0.0,,0.0,,0.0
2023-05-09,0.0,0.0,0.0,0.0,0.0,0.0,0.0,0.0,0.0,,,,,,,,,,,,0.0,,0.0,0.0,358.0,7475.76,0.01,0.0,,0.0,,0.0
2023-05-10,0.0,0.0,0.0,0.0,0.0,0.0,0.0,0.0,0.0,,,,,,,,,,,,0.0,,0.0,0.0,358.0,7458.93,0.01,0.0,,0.0,,0.0
2023-05-11,0.0,0.0,0.0,0.0,0.0,0.0,0.0,0.0,0.0,,,,,,,,,,,,0.0,,0.0,0.0,358.0,7455.35,0.01,0.0,,0.0,,0.0
2023-05-12,0.0,0.0,0.0,0.0,0.0,0.0,0.0,0.0,0.0,,,,,,,,,,,,0.0,,0.0,0.0,358.0,7403.44,0.01,0.0,,0.0,,0.0
2023-05-15,0.0,0.0,0.0,0.0,0.0,0.0,0.0,0.0,0.0,,,,,,,,,,,,0.0,,0.0,0.0,358.0,7551.65,0.01,0.0,,0.0,,0.0
2023-05-16,0.0,0.0,0.0,0.0,0.0,0.0,0.0,0.0,0.0,,,,,,,,,,,,0.0,,0.0,0.0,358.0,7531.6,0.01,0.0,,0.0,,0.0
2023-05-17,0.0,0.0,0.0,0.0,0.0,0.0,0.0,0.0,0.0,,,,,,,,,,,,0.0,,0.0,0.0,358.0,7553.08,0.01,0.0,,0.0,,0.0
2023-05-18,0.0,0.0,0.0,0.0,0.0,0.0,0.0,0.0,0.0,,,,,,,,,,,,0.0,,0.0,0.0,358.0,7574.92,0.01,0.0,,0.0,,0.0
2023-05-19,0.0,0.0,0.0,0.0,0.0,0.0,0.0,0.0,0.0,,,,,,,,,,,,0.0,,0.0,0.0,358.0,7563.47,0.01,0.0,,0.0,,0.0
2023-05-22,0.0,0.0,0.0,0.0,0.0,0.0,0.0,0.0,0.0,,,,,,,,,,,,0.0,,0.0,0.0,358.0,7655.47,0.01,0.0,,0.0,,0.0
2023-05-23,0.0,0.0,0.0,0.0,0.0,0.0,0.0,0.0,0.0,,,,,,,,,,,,0.0,,0.0,0.0,358.0,7590.32,0.01,0.0,,0.0,,0.0
2023-05-24,200.0,4197.4,0.01,0.0,0.0,4197.4,200.0,200.0,4197.4,,,200.0,,,,,,0.0,200.0,,0.0,,100.0,55.87,0.0,0.0,0.0,100.0,,1.0,100.0,0.5587
2023-05-25,200.0,4201.8,0.01,0.0,0.0,4201.8,200.0,200.0,4201.8,,,,,,,,,,,,0.0,,100.0,55.87,0.0,0.0,0.0,100.0,,1.0,100.0,0.5587
2023-05-26,200.0,4275.6,0.01,0.0,0.0,4275.6,200.0,200.0,4275.6,,,,,,,,,,,,0.0,,100.0,55.87,0.0,0.0,0.0,100.0,,1.0,100.0,0.5587
2023-05-29,200.0,4250.6,0.01,0.0,0.0,4250.6,200.0,200.0,4250.6,,,,,,,,,,,,0.0,,100.0,55.87,0.0,0.0,0.0,100.0,,1.0,100.0,0.5587
2023-05-30,200.0,4233.2,0.01,0.0,0.0,4233.2,200.0,200.0,4233.2,,,,,,,,,,,,0.0,,100.0,55.87,0.0,0.0,0.0,100.0,,1.0,100.0,0.5587
2023-05-31,200.0,4188.4,0.01,0.0,0.0,4188.4,200.0,200.0,4188.4,,,,,,,,,,,,0.0,,100.0,55.87,0.0,0.0,0.0,100.0,,1.0,100.0,0.5587
2023-06-01,200.0,4237.6,0.01,0.0,0.0,4237.6,200.0,200.0,4237.6,,,,,,,,,,,,0.0,,100.0,55.87,0.0,0.0,0.0,100.0,,1.0,100.0,0.5587
2023-06-02,200.0,4338.4,0.01,0.0,0.0,4338.4,200.0,200.0,4338.4,,,,,,,,,,,,0.0,,100.0,55.87,0.0,0.0,0.0,100.0,,1.0,100.0,0.5587
2023-06-05,0.0,0.0,0.0,0.0,0.0,0.0,0.0,0.0,0.0,,,,0.0,,200.0,,,,,200.0,0.0,0.0,0.0,0.0,358.0,7716.33,0.01,0.0,,0.0,,0.0
2023-06-06,0.0,0.0,0.0,0.0,0.0,0.0,0.0,0.0,0.0,,,,,,,,,,,,0.0,,0.0,0.0,358.0,7792.59,0.01,0.0,,0.0,,0.0
2023-06-07,0.0,0.0,0.0,0.0,0.0,0.0,0.0,0.0,0.0,,,,,,,,,,,,0.0,,0.0,0.0,358.0,7802.97,0.01,0.0,,0.0,,0.0
2023-06-08,0.0,0.0,0.0,0.0,0.0,0.0,0.0,0.0,0.0,,,,,,,,,,,,0.0,,0.0,0.0,358.0,7760.37,0.01,0.0,,0.0,,0.0
2023-06-09,0.0,0.0,0.0,0.0,0.0,0.0,0.0,0.0,0.0,,,,,,,,,,,,0.0,,0.0,0.0,358.0,7824.09,0.01,0.0,,0.0,,0.0
2023-06-12,0.0,0.0,0.0,0.0,0.0,0.0,0.0,0.0,0.0,,,,,,,,,,,,0.0,,0.0,0.0,358.0,7838.41,0.01,0.0,,0.0,,0.0
2023-06-13,0.0,0.0,0.0,0.0,0.0,0.0,0.0,0.0,0.0,,,,,,,,,,,,0.0,,0.0,0.0,358.0,7904.64,0.01,0.0,,0.0,,0.0
2023-06-14,0.0,0.0,0.0,0.0,0.0,0.0,0.0,0.0,0.0,,,,,,,,,,,,0.0,,0.0,0.0,358.0,7891.75,0.01,0.0,,0.0,,0.0
2023-06-15,0.0,0.0,0.0,0.0,0.0,0.0,0.0,0.0,0.0,,,,,,,,,,,,0.0,,0.0,0.0,358.0,7872.42,0.01,0.0,,0.0,,0.0
2023-06-16,0.0,0.0,0.0,0.0,0.0,0.0,0.0,0.0,0.0,,,,,,,,,,,,0.0,,0.0,0.0,358.0,7878.15,0.01,0.0,,0.0,,0.0
2023-06-19,0.0,0.0,0.0,0.0,0.0,0.0,0.0,0.0,0.0,,,,,,,,,,,,0.0,,0.0,0.0,358.0,7830.53,0.01,0.0,,0.0,,0.0
2023-06-20,0.0,0.0,0.0,0.0,0.0,0.0,0.0,0.0,0.0,,,,,,,,,,,,0.0,,0.0,0.0,358.0,7722.06,0.01,0.0,,0.0,,0.0
2023-06-21,0.0,0.0,0.0,0.0,0.0,0.0,0.0,0.0,0.0,,,,,,,,,,,,0.0,,0.0,0.0,358.0,7631.49,0.01,0.0,,0.0,,0.0
2023-06-22,0.0,0.0,0.0,0.0,0.0,0.0,0.0,0.0,0.0,,,,,,,,,,,,0.0,,0.0,0.0,358.0,7631.13,0.01,0.0,,0.0,,0.0
2023-06-23,0.0,0.0,0.0,0.0,0.0,0.0,0.0,0.0,0.0,,,,,,,,,,,,0.0,,0.0,0.0,358.0,7538.05,0.01,0.0,,0.0,,0.0
2023-06-26,0.0,0.0,0.0,0.0,0.0,0.0,0.0,0.0,0.0,,,,,,,,,,,,0.0,,0.0,0.0,358.0,7564.18,0.01,0.0,,0.0,,0.0
2023-06-27,0.0,0.0,0.0,0.0,0.0,0.0,0.0,0.0,0.0,,,,,,,,,,,,0.0,,0.0,0.0,358.0,7613.94,0.01,0.0,,0.0,,0.0
2023-06-28,0.0,0.0,0.0,0.0,0.0,0.0,0.0,0.0,0.0,,,,,,,,,,,,0.0,,0.0,0.0,358.0,7606.78,0.01,0.0,,0.0,,0.0
2023-06-29,0.0,0.0,0.0,0.0,0.0,0.0,0.0,0.0,0.0,,,,,,,,,,,,0.0,,0.0,0.0,358.0,7571.7,0.01,0.0,,0.0,,0.0
2023-06-30,0.0,0.0,0.0,0.0,0.0,0.0,0.0,0.0,0.0,,,,,,,,,,,,0.0,,0.0,0.0,358.0,7628.98,0.01,0.0,,0.0,,0.0
2023-07-03,0.0,0.0,0.0,0.0,0.0,0.0,0.0,0.0,0.0,,,,,,,,,,,,0.0,,0.0,0.0,358.0,7716.69,0.01,0.0,,0.0,,0.0
2023-07-04,0.0,0.0,0.0,0.0,0.0,0.0,0.0,0.0,0.0,,,,,,,,,,,,0.0,,0.0,0.0,358.0,7779.7,0.01,0.0,,0.0,,0.0
2023-07-05,202.0,4344.82,0.01,0.0,0.0,2172.41,101.0,101.0,2172.41,,,101.0,,,,,,0.0,101.0,,0.0,,100.0,6.92,0.0,0.0,0.0,100.0,,1.0,100.0,0.1385
2023-07-06,202.0,4244.02,0.01,0.0,0.0,2122.01,101.0,101.0,2122.01,,,,,,,,,,,,0.0,,100.0,6.92,0.0,0.0,0.0,100.0,,1.0,100.0,0.1385
2023-07-07,202.0,4266.24,0.01,0.0,0.0,2133.12,101.0,101.0,2133.12,,,,,,,,,,,,0.0,,100.0,6.92,0.0,0.0,0.0,100.0,,1.0,100.0,0.1385
2023-07-10,202.0,4259.37,0.01,0.0,0.0,2129.69,101.0,101.0,2129.69,,,,,,,,,,,,0.0,,100.0,6.92,0.0,0.0,0.0,100.0,,1.0,100.0,0.1385
2023-07-11,202.0,4293.71,0.01,0.0,0.0,2146.86,101.0,101.0,2146.86,,,,,,,,,,,,0.0,,100.0,6.92,0.0,0.0,0.0,100.0,,1.0,100.0,0.1385
2023-07-12,966.0,20797.98,0.05,0.0,0.02,18623.45,865.0,865.0,18623.45,764.0,,764.0,,,,,764.0,0.02,,,0.02,,100.0,38.91,0.0,0.0,0.0,100.0,20.91,0.6692,79.09,0.4345
2023-07-13,764.0,16502.4,0.04,0.0,0.02,16502.4,764.0,764.0,16502.4,,,,0.0,,101.0,,,,,101.0,0.02,0.0,100.0,36.0,0.0,0.0,0.0,100.0,,1.0,100.0,0.36
2023-07-14,764.0,16470.31,0.03,0.0,0.02,16470.31,764.0,764.0,16470.31,,,,,,,,,,,,0.02,,100.0,36.0,0.0,0.0,0.0,100.0,,1.0,100.0,0.36
2023-07-17,764.0,16378.63,0.03,0.0,0.02,16378.63,764.0,764.0,16378.63,,,,,,,,,,,,0.02,,100.0,36.0,0.0,0.0,0.0,100.0,,1.0,100.0,0.36
2023-07-18,764.0,16309.11,0.04,0.0,0.02,16309.11,764.0,764.0,16309.11,,,,,,,,,,,,0.02,,100.0,36.0,0.0,0.0,0.0,100.0,,1.0,100.0,0.36
2023-07-19,764.0,16333.56,0.03,0.0,0.02,16333.56,764.0,764.0,16333.56,,,,,,,,,,,,0.02,,100.0,36.0,0.0,0.0,0.0,100.0,,1.0,100.0,0.36
2023-07-20,764.0,16238.06,0.03,0.0,0.02,16238.06,764.0,764.0,16238.06,,,,,,,,,,,,0.02,,100.0,36.0,0.0,0.0,0.0,100.0,,1.0,100.0,0.36
2023-07-21,764.0,16256.39,0.03,0.0,0.02,16256.39,764.0,764.0,16256.39,,,,,,,,,,,,0.02,,100.0,36.0,0.0,0.0,0.0,100.0,,1.0,100.0,0.36
2023-07-24,764.0,16500.11,0.03,0.0,0.02,16500.11,764.0,764.0,16500.11,,,,,,,,,,,,0.02,,100.0,36.0,0.0,0.0,0.0,100.0,,1.0,100.0,0.36
2023-07-25,0.0,0.0,0.0,0.0,0.0,0.0,0.0,0.0,0.0,,,,0.02,,764.0,,,,,764.0,0.0,0.02,0.0,0.0,1358.0,29661.44,0.03,0.0,,0.0,,0.0
2023-07-26,0.0,0.0,0.0,0.0,0.0,0.0,0.0,0.0,0.0,,,,,,,,,,,,0.0,,0.0,0.0,1358.0,29683.16,0.03,0.0,,0.0,,0.0
2023-07-27,0.0,0.0,0.0,0.0,0.0,0.0,0.0,0.0,0.0,,,,,,,,,,,,0.0,,0.0,0.0,2058.0,45284.23,0.05,0.0,,0.0,,0.0
2023-07-28,0.0,0.0,0.0,0.0,0.0,0.0,0.0,0.0,0.0,,,,,,,,,,,,0.0,,0.0,0.0,2058.0,45951.02,0.04,0.0,,0.0,,0.0
2023-07-31,0.0,0.0,0.0,0.0,0.0,0.0,0.0,0.0,0.0,,,,,,,,,,,,0.0,,0.0,0.0,2058.0,46002.47,0.05,0.0,,0.0,,0.0
2023-08-01,0.0,0.0,0.0,0.0,0.0,0.0,0.0,0.0,0.0,,,,,,,,,,,,0.0,,0.0,0.0,2058.0,45687.6,0.05,0.0,,0.0,,0.0
2023-08-02,1288.0,28010.14,0.05,0.01,0.03,28010.14,1288.0,1288.0,28010.14,,,1288.0,,,,,,0.03,1288.0,,0.03,,100.0,62.59,0.0,0.0,0.0,100.0,,1.0,100.0,0.6259
2023-08-03,1288.0,28191.74,0.06,0.01,0.03,28191.74,1288.0,1288.0,28191.74,,,,,,,,,,,,0.03,,100.0,94.85,0.0,0.0,0.0,100.0,,1.0,100.0,0.9485
2023-08-04,293.0,6380.08,0.01,0.0,0.01,6380.08,293.0,293.0,6380.08,,,,0.02,,995.0,,,,,995.0,0.01,0.02,100.0,21.58,0.0,0.0,0.0,100.0,,1.0,100.0,0.2158
2023-08-07,1288.0,27873.61,0.06,0.01,0.03,27873.61,1288.0,1288.0,27873.61,995.0,0.02,,,995.0,,0.02,995.0,,,,0.03,,100.0,94.85,0.0,0.0,0.0,100.0,,1.0,100.0,0.9485
2023-08-08,1288.0,27552.9,0.06,0.01,0.03,27552.9,1288.0,1288.0,27552.9,,,,,,,,,,,,0.03,,100.0,94.85,0.0,0.0,0.0,100.0,,1.0,100.0,0.9485
2023-08-09,1288.0,27657.22,0.06,0.01,0.03,27657.22,1288.0,1288.0,27657.22,,,,,,,,,,,,0.03,,100.0,94.85,0.0,0.0,0.0,100.0,,1.0,100.0,0.9485
2023-08-10,700.0,15114.4,0.03,0.0,0.01,15114.4,700.0,700.0,15114.4,,,,0.01,,588.0,,,,,588.0,0.01,0.01,100.0,51.55,0.0,0.0,0.0,100.0,,1.0,100.0,0.5155
2023-08-11,0.0,0.0,0.0,0.0,0.0,0.0,0.0,0.0,0.0,,,,0.02,,700.0,,,,,700.0,0.0,0.02,0.0,0.0,1358.0,28685.03,0.03,0.0,,0.0,,0.0
2023-08-14,0.0,0.0,0.0,0.0,0.0,0.0,0.0,0.0,0.0,,,,,,,,,,,,0.0,,0.0,0.0,1358.0,28693.18,0.03,0.0,,0.0,,0.0
2023-08-15,0.0,0.0,0.0,0.0,0.0,0.0,0.0,0.0,0.0,,,,,,,,,,,,0.0,,0.0,0.0,1358.0,28458.25,0.03,0.0,,0.0,,0.0
2023-08-16,0.0,0.0,0.0,0.0,0.0,0.0,0.0,0.0,0.0,,,,,,,,,,,,0.0,,0.0,0.0,1358.0,28276.28,0.03,0.0,,0.0,,0.0
2023-08-17,0.0,0.0,0.0,0.0,0.0,0.0,0.0,0.0,0.0,,,,,,,,,,,,0.0,,0.0,0.0,1358.0,28448.74,0.03,0.0,,0.0,,0.0
2023-08-18,0.0,0.0,0.0,0.0,0.0,0.0,0.0,0.0,0.0,,,,,,,,,,,,0.0,,0.0,0.0,1358.0,28083.44,0.03,0.0,,0.0,,0.0
2023-08-21,0.0,0.0,0.0,0.0,0.0,0.0,0.0,0.0,0.0,,,,,,,,,,,,0.0,,0.0,0.0,1358.0,27981.59,0.03,0.0,,0.0,,0.0
2023-08-22,0.0,0.0,0.0,0.0,0.0,0.0,0.0,0.0,0.0,,,,,,,,,,,,0.0,,0.0,0.0,1358.0,28183.93,0.03,0.0,,0.0,,0.0
2023-08-23,0.0,0.0,0.0,0.0,0.0,0.0,0.0,0.0,0.0,,,,,,,,,,,,0.0,,0.0,0.0,1358.0,28558.74,0.03,0.0,,0.0,,0.0
2023-08-24,0.0,0.0,0.0,0.0,0.0,0.0,0.0,0.0,0.0,,,,,,,,,,,,0.0,,0.0,0.0,1358.0,28532.94,0.03,0.0,,0.0,,0.0
2023-08-25,0.0,0.0,0.0,0.0,0.0,0.0,0.0,0.0,0.0,,,,,,,,,,,,0.0,,0.0,0.0,1358.0,28565.53,0.03,0.0,,0.0,,0.0
2023-08-28,0.0,0.0,0.0,0.0,0.0,0.0,0.0,0.0,0.0,,,,,,,,,,,,0.0,,0.0,0.0,1358.0,28936.26,0.03,0.0,,0.0,,0.0
2023-08-29,0.0,0.0,0.0,0.0,0.0,0.0,0.0,0.0,0.0,,,,,,,,,,,,0.0,,0.0,0.0,1358.0,29169.84,0.03,0.0,,0.0,,0.0
2023-08-30,0.0,0.0,0.0,0.0,0.0,0.0,0.0,0.0,0.0,,,,,,,,,,,,0.0,,0.0,0.0,1358.0,28822.19,0.03,0.0,,0.0,,0.0
2023-08-31,0.0,0.0,0.0,0.0,0.0,0.0,0.0,0.0,0.0,,,,,,,,,,,,0.0,,0.0,0.0,1358.0,28788.24,0.03,0.0,,0.0,,0.0
2023-09-01,0.0,0.0,0.0,0.0,0.0,0.0,0.0,0.0,0.0,,,,,,,,,,,,0.0,,0.0,0.0,1358.0,29315.15,0.03,0.0,,0.0,,0.0
2023-09-04,0.0,0.0,0.0,0.0,0.0,0.0,0.0,0.0,0.0,,,,,,,,,,,,0.0,,0.0,0.0,1358.0,29488.97,0.03,0.0,,0.0,,0.0
2023-09-05,0.0,0.0,0.0,0.0,0.0,0.0,0.0,0.0,0.0,,,,,,,,,,,,0.0,,0.0,0.0,1358.0,29421.07,0.03,0.0,,0.0,,0.0
2023-09-06,0.0,0.0,0.0,0.0,0.0,0.0,0.0,0.0,0.0,,,,,,,,,,,,0.0,,0.0,0.0,1358.0,29313.79,0.03,0.0,,0.0,,0.0
2023-09-07,0.0,0.0,0.0,0.0,0.0,0.0,0.0,0.0,0.0,,,,,,,,,,,,0.0,,0.0,0.0,1358.0,28948.49,0.03,0.0,,0.0,,0.0
2023-09-08,0.0,0.0,0.0,0.0,0.0,0.0,0.0,0.0,0.0,,,,,,,,,,,,0.0,,0.0,0.0,1358.0,28949.84,0.03,0.0,,0.0,,0.0
2023-09-11,0.0,0.0,0.0,0.0,0.0,0.0,0.0,0.0,0.0,,,,,,,,,,,,0.0,,0.0,0.0,1358.0,29134.53,0.03,0.0,,0.0,,0.0
2023-09-12,0.0,0.0,0.0,0.0,0.0,0.0,0.0,0.0,0.0,,,,,,,,,,,,0.0,,0.0,0.0,1358.0,29161.69,0.03,0.0,,0.0,,0.0
2023-09-13,0.0,0.0,0.0,0.0,0.0,0.0,0.0,0.0,0.0,,,,,,,,,,,,0.0,,0.0,0.0,1358.0,29190.21,0.03,0.0,,0.0,,0.0
2023-09-14,0.0,0.0,0.0,0.0,0.0,0.0,0.0,0.0,0.0,,,,,,,,,,,,0.0,,0.0,0.0,1358.0,29570.45,0.03,0.0,,0.0,,0.0
2023-09-15,0.0,0.0,0.0,0.0,0.0,0.0,0.0,0.0,0.0,,,,,,,,,,,,0.0,,0.0,0.0,1358.0,29340.95,0.03,0.0,,0.0,,0.0
2023-09-18,0.0,0.0,0.0,0.0,0.0,0.0,0.0,0.0,0.0,,,,,,,,,,,,0.0,,0.0,0.0,1358.0,29226.88,0.03,0.0,,0.0,,0.0
2023-09-19,0.0,0.0,0.0,0.0,0.0,0.0,0.0,0.0,0.0,,,,,,,,,,,,0.0,,0.0,0.0,1358.0,29047.62,0.03,0.0,,0.0,,0.0
2023-09-20,0.0,0.0,0.0,0.0,0.0,0.0,0.0,0.0,0.0,,,,,,,,,,,,0.0,,0.0,0.0,1358.0,29038.11,0.03,0.0,,0.0,,0.0
2023-09-21,0.0,0.0,0.0,0.0,0.0,0.0,0.0,0.0,0.0,,,,,,,,,,,,0.0,,0.0,0.0,1358.0,28489.48,0.03,0.0,,0.0,,0.0
2023-09-22,0.0,0.0,0.0,0.0,0.0,0.0,0.0,0.0,0.0,,,,,,,,,,,,0.0,,0.0,0.0,1358.0,28909.1,0.03,0.0,,0.0,,0.0
2023-09-25,0.0,0.0,0.0,0.0,0.0,0.0,0.0,0.0,0.0,,,,,,,,,,,,0.0,,0.0,0.0,1358.0,28921.33,0.03,0.0,,0.0,,0.0
2023-09-26,0.0,0.0,0.0,0.0,0.0,0.0,0.0,0.0,0.0,,,,,,,,,,,,0.0,,0.0,0.0,1358.0,28584.54,0.03,0.0,,0.0,,0.0
2023-09-27,0.0,0.0,0.0,0.0,0.0,0.0,0.0,0.0,0.0,,,,,,,,,,,,0.0,,0.0,0.0,1358.0,28809.97,0.03,0.0,,0.0,,0.0
2023-09-28,0.0,0.0,0.0,0.0,0.0,0.0,0.0,0.0,0.0,,,,,,,,,,,,0.0,,0.0,0.0,1358.0,28614.42,0.03,0.0,,0.0,,0.0
2023-09-29,0.0,0.0,0.0,0.0,0.0,0.0,0.0,0.0,0.0,,,,,,,,,,,,0.0,,0.0,0.0,1358.0,28780.09,0.03,0.0,,0.0,,0.0
2023-10-02,0.0,0.0,0.0,0.0,0.0,0.0,0.0,0.0,0.0,,,,,,,,,,,,0.0,,0.0,0.0,1358.0,28776.02,0.03,0.0,,0.0,,0.0
2023-10-03,0.0,0.0,0.0,0.0,0.0,0.0,0.0,0.0,0.0,,,,,,,,,,,,0.0,,0.0,0.0,1358.0,28553.31,0.03,0.0,,0.0,,0.0
2023-10-04,0.0,0.0,0.0,0.0,0.0,0.0,0.0,0.0,0.0,,,,,,,,,,,,0.0,,0.0,0.0,1358.0,28346.89,0.03,0.0,,0.0,,0.0
2023-10-05,0.0,0.0,0.0,0.0,0.0,0.0,0.0,0.0,0.0,,,,,,,,,,,,0.0,,0.0,0.0,1358.0,28298.0,0.03,0.0,,0.0,,0.0
2023-10-06,0.0,0.0,0.0,0.0,0.0,0.0,0.0,0.0,0.0,,,,,,,,,,,,0.0,,0.0,0.0,1358.0,28680.96,0.03,0.0,,0.0,,0.0
2023-10-09,0.0,0.0,0.0,0.0,0.0,0.0,0.0,0.0,0.0,,,,,,,,,,,,0.0,,0.0,0.0,1358.0,28625.28,0.03,0.0,,0.0,,0.0
2023-10-10,0.0,0.0,0.0,0.0,0.0,0.0,0.0,0.0,0.0,,,,,,,,,,,,0.0,,0.0,0.0,1358.0,28994.66,0.03,0.0,,0.0,,0.0
2023-10-11,0.0,0.0,0.0,0.0,0.0,0.0,0.0,0.0,0.0,,,,,,,,,,,,0.0,,0.0,0.0,1358.0,29085.64,0.03,0.0,,0.0,,0.0
2023-10-12,0.0,0.0,0.0,0.0,0.0,0.0,0.0,0.0,0.0,,,,,,,,,,,,0.0,,0.0,0.0,1358.0,29072.06,0.03,0.0,,0.0,,0.0
2023-10-13,0.0,0.0,0.0,0.0,0.0,0.0,0.0,0.0,0.0,,,,,,,,,,,,0.0,,0.0,0.0,1358.0,28857.5,0.03,0.0,,0.0,,0.0
2023-10-16,0.0,0.0,0.0,0.0,0.0,0.0,0.0,0.0,0.0,,,,,,,,,,,,0.0,,0.0,0.0,1358.0,29031.32,0.03,0.0,,0.0,,0.0
2023-10-17,0.0,0.0,0.0,0.0,0.0,0.0,0.0,0.0,0.0,,,,,,,,,,,,0.0,,0.0,0.0,1358.0,28795.03,0.03,0.0,,0.0,,0.0
2023-10-18,0.0,0.0,0.0,0.0,0.0,0.0,0.0,0.0,0.0,,,,,,,,,,,,0.0,,0.0,0.0,1358.0,28496.27,0.03,0.0,,0.0,,0.0
2023-10-19,0.0,0.0,0.0,0.0,0.0,0.0,0.0,0.0,0.0,,,,,,,,,,,,0.0,,0.0,0.0,1358.0,28246.4,0.03,0.0,,0.0,,0.0
2023-10-20,0.0,0.0,0.0,0.0,0.0,0.0,0.0,0.0,0.0,,,,,,,,,,,,0.0,,0.0,0.0,1358.0,27894.68,0.03,0.0,,0.0,,0.0
2023-10-23,0.0,0.0,0.0,0.0,0.0,0.0,0.0,0.0,0.0,,,,,,,,,,,,0.0,,0.0,0.0,1358.0,27688.26,0.03,0.0,,0.0,,0.0
2023-10-24,0.0,0.0,0.0,0.0,0.0,0.0,0.0,0.0,0.0,,,,,,,,,,,,0.0,,0.0,0.0,1358.0,28033.19,0.03,0.0,,0.0,,0.0
2023-10-25,0.0,0.0,0.0,0.0,0.0,0.0,0.0,0.0,0.0,,,,,,,,,,,,0.0,,0.0,0.0,1358.0,27737.15,0.03,0.0,,0.0,,0.0
2023-10-26,0.0,0.0,0.0,0.0,0.0,0.0,0.0,0.0,0.0,,,,,,,,,,,,0.0,,0.0,0.0,1358.0,27777.89,0.03,0.0,,0.0,,0.0
2023-10-27,0.0,0.0,0.0,0.0,0.0,0.0,0.0,0.0,0.0,,,,,,,,,,,,0.0,,0.0,0.0,1358.0,27633.94,0.03,0.0,,0.0,,0.0
2023-10-30,0.0,0.0,0.0,0.0,0.0,0.0,0.0,0.0,0.0,,,,,,,,,,,,0.0,,0.0,0.0,1358.0,27791.47,0.03,0.0,,0.0,,0.0
2023-10-31,0.0,0.0,0.0,0.0,0.0,0.0,0.0,0.0,0.0,,,,,,,,,,,,0.0,,0.0,0.0,1358.0,27651.6,0.03,0.0,,0.0,,0.0
2023-11-01,0.0,0.0,0.0,0.0,0.0,0.0,0.0,0.0,0.0,,,,,,,,,,,,0.0,,0.0,0.0,1358.0,27796.9,0.03,0.0,,0.0,,0.0
2023-11-02,0.0,0.0,0.0,0.0,0.0,0.0,0.0,0.0,0.0,,,,,,,,,,,,0.0,,0.0,0.0,1358.0,28234.18,0.03,0.0,,0.0,,0.0
2023-11-03,0.0,0.0,0.0,0.0,0.0,0.0,0.0,0.0,0.0,,,,,,,,,,,,0.0,,0.0,0.0,1358.0,28655.16,0.03,0.0,,0.0,,0.0
2023-11-06,0.0,0.0,0.0,0.0,0.0,0.0,0.0,0.0,0.0,,,,,,,,,,,,0.0,,0.0,0.0,1358.0,28769.23,0.03,0.0,,0.0,,0.0
2023-11-07,0.0,0.0,0.0,0.0,0.0,0.0,0.0,0.0,0.0,,,,,,,,,,,,0.0,,0.0,0.0,1358.0,28666.02,0.03,0.0,,0.0,,0.0
2023-11-08,0.0,0.0,0.0,0.0,0.0,0.0,0.0,0.0,0.0,,,,,,,,,,,,0.0,,0.0,0.0,1358.0,28701.33,0.03,0.0,,0.0,,0.0
2023-11-09,0.0,0.0,0.0,0.0,0.0,0.0,0.0,0.0,0.0,,,,,,,,,,,,0.0,,0.0,0.0,1358.0,28460.96,0.03,0.0,,0.0,,0.0
2023-11-10,0.0,0.0,0.0,0.0,0.0,0.0,0.0,0.0,0.0,,,,,,,,,,,,0.0,,0.0,0.0,1358.0,28270.84,0.03,0.0,,0.0,,0.0
2023-11-13,0.0,0.0,0.0,0.0,0.0,0.0,0.0,0.0,0.0,,,,,,,,,,,,0.0,,0.0,0.0,1358.0,28353.68,0.03,0.0,,0.0,,0.0
2023-11-14,0.0,0.0,0.0,0.0,0.0,0.0,0.0,0.0,0.0,,,,,,,,,,,,0.0,,0.0,0.0,1358.0,28584.54,0.03,0.0,,0.0,,0.0
2023-11-15,0.0,0.0,0.0,0.0,0.0,0.0,0.0,0.0,0.0,,,,,,,,,,,,0.0,,0.0,0.0,1358.0,29197.0,0.03,0.0,,0.0,,0.0
2023-11-16,0.0,0.0,0.0,0.0,0.0,0.0,0.0,0.0,0.0,,,,,,,,,,,,0.0,,0.0,0.0,1358.0,28439.24,0.03,0.0,,0.0,,0.0
2023-11-17,0.0,0.0,0.0,0.0,0.0,0.0,0.0,0.0,0.0,,,,,,,,,,,,0.0,,0.0,0.0,1358.0,28371.34,0.03,0.0,,0.0,,0.0
2023-11-20,0.0,0.0,0.0,0.0,0.0,0.0,0.0,0.0,0.0,,,,,,,,,,,,0.0,,0.0,0.0,1358.0,28701.33,0.03,0.0,,0.0,,0.0
2023-11-21,0.0,0.0,0.0,0.0,0.0,0.0,0.0,0.0,0.0,,,,,,,,,,,,0.0,,0.0,0.0,1358.0,28530.22,0.03,0.0,,0.0,,0.0
2023-11-22,0.0,0.0,0.0,0.0,0.0,0.0,0.0,0.0,0.0,,,,,,,,,,,,0.0,,0.0,0.0,1358.0,28706.76,0.03,0.0,,0.0,,0.0
2023-11-23,0.0,0.0,0.0,0.0,0.0,0.0,0.0,0.0,0.0,,,,,,,,,,,,0.0,,0.0,0.0,1358.0,28898.24,0.03,0.0,,0.0,,0.0
2023-11-24,0.0,0.0,0.0,0.0,0.0,0.0,0.0,0.0,0.0,,,,,,,,,,,,0.0,,0.0,0.0,1358.0,28417.51,0.03,0.0,,0.0,,0.0
2023-11-27,0.0,0.0,0.0,0.0,0.0,0.0,0.0,0.0,0.0,,,,,,,,,,,,0.0,,0.0,0.0,1358.0,28345.53,0.03,0.0,,0.0,,0.0
2023-11-28,0.0,0.0,0.0,0.0,0.0,0.0,0.0,0.0,0.0,,,,,,,,,,,,0.0,,0.0,0.0,1358.0,28350.97,0.03,0.0,,0.0,,0.0
2023-11-29,0.0,0.0,0.0,0.0,0.0,0.0,0.0,0.0,0.0,,,,,,,,,,,,0.0,,0.0,0.0,1358.0,28086.16,0.03,0.0,,0.0,,0.0
2023-11-30,0.0,0.0,0.0,0.0,0.0,0.0,0.0,0.0,0.0,,,,,,,,,,,,0.0,,0.0,0.0,1358.0,28250.47,0.03,0.0,,0.0,,0.0
2023-12-01,0.0,0.0,0.0,0.0,0.0,0.0,0.0,0.0,0.0,,,,,,,,,,,,0.0,,0.0,0.0,1358.0,28242.33,0.03,0.0,,0.0,,0.0
2023-12-04,0.0,0.0,0.0,0.0,0.0,0.0,0.0,0.0,0.0,,,,,,,,,,,,0.0,,0.0,0.0,1358.0,28073.93,0.03,0.0,,0.0,,0.0
2023-12-05,0.0,0.0,0.0,0.0,0.0,0.0,0.0,0.0,0.0,,,,,,,,,,,,0.0,,0.0,0.0,1358.0,28048.13,0.03,0.0,,0.0,,0.0
2023-12-06,0.0,0.0,0.0,0.0,0.0,0.0,0.0,0.0,0.0,,,,,,,,,,,,0.0,,0.0,0.0,1358.0,28232.82,0.03,0.0,,0.0,,0.0
2023-12-07,0.0,0.0,0.0,0.0,0.0,0.0,0.0,0.0,0.0,,,,,,,,,,,,0.0,,0.0,0.0,1358.0,28166.28,0.03,0.0,,0.0,,0.0
2023-12-08,0.0,0.0,0.0,0.0,0.0,0.0,0.0,0.0,0.0,,,,,,,,,,,,0.0,,0.0,0.0,1358.0,28042.7,0.03,0.0,,0.0,,0.0
2023-12-11,0.0,0.0,0.0,0.0,0.0,0.0,0.0,0.0,0.0,,,,,,,,,,,,0.0,,0.0,0.0,1358.0,28140.48,0.03,0.0,,0.0,,0.0
2023-12-12,0.0,0.0,0.0,0.0,0.0,0.0,0.0,0.0,0.0,,,,,,,,,,,,0.0,,0.0,0.0,1358.0,27976.16,0.03,0.0,,0.0,,0.0
2023-12-13,0.0,0.0,0.0,0.0,0.0,0.0,0.0,0.0,0.0,,,,,,,,,,,,0.0,,0.0,0.0,1358.0,27718.14,0.03,0.0,,0.0,,0.0
2023-12-14,0.0,0.0,0.0,0.0,0.0,0.0,0.0,0.0,0.0,,,,,,,,,,,,0.0,,0.0,0.0,1358.0,28073.93,0.03,0.0,,0.0,,0.0
2023-12-15,0.0,0.0,0.0,0.0,0.0,0.0,0.0,0.0,0.0,,,,,,,,,,,,0.0,,0.0,0.0,1358.0,28422.94,0.03,0.0,,0.0,,0.0
2023-12-18,0.0,0.0,0.0,0.0,0.0,0.0,0.0,0.0,0.0,,,,,,,,,,,,0.0,,0.0,0.0,1358.0,28102.45,0.03,0.0,,0.0,,0.0
2023-12-19,0.0,0.0,0.0,0.0,0.0,0.0,0.0,0.0,0.0,,,,,,,,,,,,0.0,,0.0,0.0,1358.0,28303.44,0.03,0.0,,0.0,,0.0
2023-12-20,0.0,0.0,0.0,0.0,0.0,0.0,0.0,0.0,0.0,,,,,,,,,,,,0.0,,0.0,0.0,1358.0,28084.8,0.03,0.0,,0.0,,0.0
2023-12-21,0.0,0.0,0.0,0.0,0.0,0.0,0.0,0.0,0.0,,,,,,,,,,,,0.0,,0.0,0.0,1358.0,28154.06,0.03,0.0,,0.0,,0.0
2023-12-22,0.0,0.0,0.0,0.0,0.0,0.0,0.0,0.0,0.0,,,,,,,,,,,,0.0,,0.0,0.0,1358.0,27944.92,0.03,0.0,,0.0,,0.0
2023-12-25,0.0,0.0,0.0,0.0,0.0,0.0,0.0,0.0,0.0,,,,,,,,,,,,0.0,,0.0,0.0,1358.0,27944.92,0.03,0.0,,0.0,,0.0
2023-12-26,0.0,0.0,0.0,0.0,0.0,0.0,0.0,0.0,0.0,,,,,,,,,,,,0.0,,0.0,0.0,1358.0,27944.92,0.03,0.0,,0.0,,0.0
2023-12-27,0.0,0.0,0.0,0.0,0.0,0.0,0.0,0.0,0.0,,,,,,,,,,,,0.0,,0.0,0.0,1358.0,27924.55,0.03,0.0,,0.0,,0.0
2023-12-28,0.0,0.0,0.0,0.0,0.0,0.0,0.0,0.0,0.0,,,,,,,,,,,,0.0,,0.0,0.0,1358.0,28526.15,0.03,0.0,,0.0,,0.0
2023-12-29,0.0,0.0,0.0,0.0,0.0,0.0,0.0,0.0,0.0,,,,,,,,,,,,0.0,,0.0,0.0,1358.0,28518.0,0.03,0.0,,0.0,,0.0
2024-01-01,0.0,0.0,0.0,0.0,0.0,0.0,0.0,0.0,0.0,,,,,,,,,,,,0.0,,0.0,0.0,1358.0,28518.0,0.03,0.0,,0.0,,0.0
2024-01-02,0.0,0.0,0.0,0.0,0.0,0.0,0.0,0.0,0.0,,,,,,,,,,,,0.0,,0.0,0.0,1358.0,28266.77,0.03,0.0,,0.0,,0.0
2024-01-03,0.0,0.0,0.0,0.0,0.0,0.0,0.0,0.0,0.0,,,,,,,,,,,,0.0,,0.0,0.0,1358.0,28399.85,0.03,0.0,,0.0,,0.0
2024-01-04,0.0,0.0,0.0,0.0,0.0,0.0,0.0,0.0,0.0,,,,,,,,,,,,0.0,,0.0,0.0,1358.0,28326.52,0.03,0.0,,0.0,,0.0
2024-01-05,0.0,0.0,0.0,0.0,0.0,0.0,0.0,0.0,0.0,,,,,,,,,,,,0.0,,0.0,0.0,1358.0,28306.15,0.03,0.0,,0.0,,0.0
2024-01-08,0.0,0.0,0.0,0.0,0.0,0.0,0.0,0.0,0.0,,,,,,,,,,,,0.0,,0.0,0.0,1358.0,28082.08,0.03,0.0,,0.0,,0.0
2024-01-09,0.0,0.0,0.0,0.0,0.0,0.0,0.0,0.0,0.0,,,,,,,,,,,,0.0,,0.0,0.0,1358.0,27703.2,0.03,0.0,,0.0,,0.0
2024-01-10,0.0,0.0,0.0,0.0,0.0,0.0,0.0,0.0,0.0,,,,,,,,,,,,0.0,,0.0,0.0,1358.0,27564.68,0.03,0.0,,0.0,,0.0
2024-01-11,0.0,0.0,0.0,0.0,0.0,0.0,0.0,0.0,0.0,,,,,,,,,,,,0.0,,0.0,0.0,1358.0,27606.78,0.03,0.0,,0.0,,0.0
2024-01-12,0.0,0.0,0.0,0.0,0.0,0.0,0.0,0.0,0.0,,,,,,,,,,,,0.0,,0.0,0.0,1358.0,27840.36,0.03,0.0,,0.0,,0.0
2024-01-15,0.0,0.0,0.0,0.0,0.0,0.0,0.0,0.0,0.0,,,,,,,,,,,,0.0,,0.0,0.0,1358.0,27719.5,0.03,0.0,,0.0,,0.0
2024-01-16,0.0,0.0,0.0,0.0,0.0,0.0,0.0,0.0,0.0,,,,,,,,,,,,0.0,,0.0,0.0,1358.0,27397.65,0.03,0.0,,0.0,,0.0
2024-01-17,0.0,0.0,0.0,0.0,0.0,0.0,0.0,0.0,0.0,,,,,,,,,,,,0.0,,0.0,0.0,1358.0,26805.56,0.03,0.0,,0.0,,0.0
2024-01-18,0.0,0.0,0.0,0.0,0.0,0.0,0.0,0.0,0.0,,,,,,,,,,,,0.0,,0.0,0.0,1358.0,27028.27,0.03,0.0,,0.0,,0.0
2024-01-19,0.0,0.0,0.0,0.0,0.0,0.0,0.0,0.0,0.0,,,,,,,,,,,,0.0,,0.0,0.0,1358.0,26959.02,0.03,0.0,,0.0,,0.0
2024-01-22,0.0,0.0,0.0,0.0,0.0,0.0,0.0,0.0,0.0,,,,,,,,,,,,0.0,,0.0,0.0,1358.0,26753.96,0.03,0.0,,0.0,,0.0
2024-01-23,0.0,0.0,0.0,0.0,0.0,0.0,0.0,0.0,0.0,,,,,,,,,,,,0.0,,0.0,0.0,1358.0,27183.09,0.03,0.0,,0.0,,0.0
2024-01-24,0.0,0.0,0.0,0.0,0.0,0.0,0.0,0.0,0.0,,,,,,,,,,,,0.0,,0.0,0.0,1358.0,27780.61,0.03,0.0,,0.0,,0.0
2024-01-25,0.0,0.0,0.0,0.0,0.0,0.0,0.0,0.0,0.0,,,,,,,,,,,,0.0,,0.0,0.0,1358.0,27893.32,0.03,0.0,,0.0,,0.0
2024-01-26,0.0,0.0,0.0,0.0,0.0,0.0,0.0,0.0,0.0,,,,,,,,,,,,0.0,,0.0,0.0,1358.0,27697.77,0.03,0.0,,0.0,,0.0
2024-01-29,0.0,0.0,0.0,0.0,0.0,0.0,0.0,0.0,0.0,,,,,,,,,,,,0.0,,0.0,0.0,1358.0,27648.88,0.03,0.0,,0.0,,0.0
2024-01-30,0.0,0.0,0.0,0.0,0.0,0.0,0.0,0.0,0.0,,,,,,,,,,,,0.0,,0.0,0.0,1358.0,27389.5,0.03,0.0,,0.0,,0.0
2024-01-31,0.0,0.0,0.0,0.0,0.0,0.0,0.0,0.0,0.0,,,,,,,,,,,,0.0,,0.0,0.0,1358.0,27553.82,0.03,0.0,,0.0,,0.0
2024-02-01,0.0,0.0,0.0,0.0,0.0,0.0,0.0,0.0,0.0,,,,,,,,,,,,0.0,,0.0,0.0,1358.0,27470.98,0.03,0.0,,0.0,,0.0
2024-02-02,0.0,0.0,0.0,0.0,0.0,0.0,0.0,0.0,0.0,,,,,,,,,,,,0.0,,0.0,0.0,1358.0,27509.01,0.03,0.0,,0.0,,0.0
2024-02-05,0.0,0.0,0.0,0.0,0.0,0.0,0.0,0.0,0.0,,,,,,,,,,,,0.0,,0.0,0.0,1358.0,27716.78,0.03,0.0,,0.0,,0.0
2024-02-06,0.0,0.0,0.0,0.0,0.0,0.0,0.0,0.0,0.0,,,,,,,,,,,,0.0,,0.0,0.0,1358.0,28508.49,0.03,0.0,,0.0,,0.0
2024-02-07,0.0,0.0,0.0,0.0,0.0,0.0,0.0,0.0,0.0,,,,,,,,,,,,0.0,,0.0,0.0,1358.0,28462.32,0.03,0.0,,0.0,,0.0
2024-02-08,0.0,0.0,0.0,0.0,0.0,0.0,0.0,0.0,0.0,,,,,,,,,,,,0.0,,0.0,0.0,1358.0,28239.61,0.03,0.0,,0.0,,0.0
2024-02-09,0.0,0.0,0.0,0.0,0.0,0.0,0.0,0.0,0.0,,,,,,,,,,,,0.0,,0.0,0.0,1358.0,28097.02,0.03,0.0,,0.0,,0.0
2024-02-12,0.0,0.0,0.0,0.0,0.0,0.0,0.0,0.0,0.0,,,,,,,,,,,,0.0,,0.0,0.0,1358.0,28823.55,0.03,0.0,,0.0,,0.0
2024-02-13,0.0,0.0,0.0,0.0,0.0,0.0,0.0,0.0,0.0,,,,,,,,,,,,0.0,,0.0,0.0,1358.0,28310.23,0.03,0.0,,0.0,,0.0
2024-02-14,0.0,0.0,0.0,0.0,0.0,0.0,0.0,0.0,0.0,,,,,,,,,,,,0.0,,0.0,0.0,1358.0,28467.75,0.03,0.0,,0.0,,0.0
2024-02-15,0.0,0.0,0.0,0.0,0.0,0.0,0.0,0.0,0.0,,,,,,,,,,,,0.0,,0.0,0.0,1358.0,28505.78,0.03,0.0,,0.0,,0.0
2024-02-16,0.0,0.0,0.0,0.0,0.0,0.0,0.0,0.0,0.0,,,,,,,,,,,,0.0,,0.0,0.0,1358.0,28793.67,0.03,0.0,,0.0,,0.0
2024-02-19,0.0,0.0,0.0,0.0,0.0,0.0,0.0,0.0,0.0,,,,,,,,,,,,0.0,,0.0,0.0,1358.0,28785.53,0.03,0.0,,0.0,,0.0
2024-02-20,0.0,0.0,0.0,0.0,0.0,0.0,0.0,0.0,0.0,,,,,,,,,,,,0.0,,0.0,0.0,1358.0,28545.16,0.03,0.0,,0.0,,0.0
2024-02-21,0.0,0.0,0.0,0.0,0.0,0.0,0.0,0.0,0.0,,,,,,,,,,,,0.0,,0.0,0.0,1358.0,28765.16,0.03,0.0,,0.0,,0.0
2024-02-22,0.0,0.0,0.0,0.0,0.0,0.0,0.0,0.0,0.0,,,,,,,,,,,,0.0,,0.0,0.0,1358.0,28869.72,0.03,0.0,,0.0,,0.0
2024-02-23,0.0,0.0,0.0,0.0,0.0,0.0,0.0,0.0,0.0,,,,,,,,,,,,0.0,,0.0,0.0,1358.0,29066.63,0.03,0.0,,0.0,,0.0
2024-02-26,0.0,0.0,0.0,0.0,0.0,0.0,0.0,0.0,0.0,,,,,,,,,,,,0.0,,0.0,0.0,1358.0,28830.34,0.03,0.0,,0.0,,0.0
2024-02-27,0.0,0.0,0.0,0.0,0.0,0.0,0.0,0.0,0.0,,,,,,,,,,,,0.0,,0.0,0.0,1358.0,29013.67,0.03,0.0,,0.0,,0.0
2024-02-28,0.0,0.0,0.0,0.0,0.0,0.0,0.0,0.0,0.0,,,,,,,,,,,,0.0,,0.0,0.0,1358.0,28792.32,0.03,0.0,,0.0,,0.0
2024-02-29,0.0,0.0,0.0,0.0,0.0,0.0,0.0,0.0,0.0,,,,,,,,,,,,0.0,,0.0,0.0,1358.0,28789.6,0.03,0.0,,0.0,,0.0
2024-03-01,0.0,0.0,0.0,0.0,0.0,0.0,0.0,0.0,0.0,,,,,,,,,,,,0.0,,0.0,0.0,1358.0,29036.76,0.03,0.0,,0.0,,0.0
2024-03-04,0.0,0.0,0.0,0.0,0.0,0.0,0.0,0.0,0.0,,,,,,,,,,,,0.0,,0.0,0.0,1358.0,28664.66,0.03,0.0,,0.0,,0.0
2024-03-05,0.0,0.0,0.0,0.0,0.0,0.0,0.0,0.0,0.0,,,,,,,,,,,,0.0,,0.0,0.0,1358.0,28314.3,0.03,0.0,,0.0,,0.0
2024-03-06,0.0,0.0,0.0,0.0,0.0,0.0,0.0,0.0,0.0,,,,,,,,,,,,0.0,,0.0,0.0,1358.0,28814.04,0.03,0.0,,0.0,,0.0
2024-03-07,0.0,0.0,0.0,0.0,0.0,0.0,0.0,0.0,0.0,,,,,,,,,,,,0.0,,0.0,0.0,1358.0,28846.64,0.03,0.0,,0.0,,0.0
2024-03-08,0.0,0.0,0.0,0.0,0.0,0.0,0.0,0.0,0.0,,,,,,,,,,,,0.0,,0.0,0.0,1358.0,28796.39,0.03,0.0,,0.0,,0.0
2024-03-11,0.0,0.0,0.0,0.0,0.0,0.0,0.0,0.0,0.0,,,,,,,,,,,,0.0,,0.0,0.0,1358.0,29036.76,0.03,0.0,,0.0,,0.0
2024-03-12,0.0,0.0,0.0,0.0,0.0,0.0,0.0,0.0,0.0,,,,,,,,,,,,0.0,,0.0,0.0,1358.0,29559.59,0.03,0.0,,0.0,,0.0
2024-03-13,0.0,0.0,0.0,0.0,0.0,0.0,0.0,0.0,0.0,,,,,,,,,,,,0.0,,0.0,0.0,1358.0,29457.74,0.03,0.0,,0.0,,0.0
2024-03-14,0.0,0.0,0.0,0.0,0.0,0.0,0.0,0.0,0.0,,,,,,,,,,,,0.0,,0.0,0.0,1358.0,29396.63,0.03,0.0,,0.0,,0.0
2024-03-15,0.0,0.0,0.0,0.0,0.0,0.0,0.0,0.0,0.0,,,,,,,,,,,,0.0,,0.0,0.0,1358.0,29172.56,0.03,0.0,,0.0,,0.0
2024-03-18,0.0,0.0,0.0,0.0,0.0,0.0,0.0,0.0,0.0,,,,,,,,,,,,0.0,,0.0,0.0,1358.0,29161.69,0.03,0.0,,0.0,,0.0
2024-03-19,0.0,0.0,0.0,0.0,0.0,0.0,0.0,0.0,0.0,,,,,,,,,,,,0.0,,0.0,0.0,1358.0,28808.61,0.03,0.0,,0.0,,0.0
2024-03-20,0.0,0.0,0.0,0.0,0.0,0.0,0.0,0.0,0.0,,,,,,,,,,,,0.0,,0.0,0.0,1358.0,29028.61,0.03,0.0,,0.0,,0.0
2024-03-21,0.0,0.0,0.0,0.0,0.0,0.0,0.0,0.0,0.0,,,,,,,,,,,,0.0,,0.0,0.0,1358.0,29374.9,0.03,0.0,,0.0,,0.0
2024-03-22,0.0,0.0,0.0,0.0,0.0,0.0,0.0,0.0,0.0,,,,,,,,,,,,0.0,,0.0,0.0,1358.0,29103.3,0.03,0.0,,0.0,,0.0
2024-03-25,0.0,0.0,0.0,0.0,0.0,0.0,0.0,0.0,0.0,,,,,,,,,,,,0.0,,0.0,0.0,1358.0,28993.3,0.03,0.0,,0.0,,0.0
2024-03-26,0.0,0.0,0.0,0.0,0.0,0.0,0.0,0.0,0.0,,,,,,,,,,,,0.0,,0.0,0.0,1358.0,28998.73,0.03,0.0,,0.0,,0.0
2024-03-27,0.0,0.0,0.0,0.0,0.0,0.0,0.0,0.0,0.0,,,,,,,,,,,,0.0,,0.0,0.0,1358.0,28911.82,0.03,0.0,,0.0,,0.0
2024-03-28,0.0,0.0,0.0,0.0,0.0,0.0,0.0,0.0,0.0,,,,,,,,,,,,0.0,,0.0,0.0,1358.0,29172.56,0.03,0.0,,0.0,,0.0
2024-03-29,0.0,0.0,0.0,0.0,0.0,0.0,0.0,0.0,0.0,,,,,,,,,,,,0.0,,0.0,0.0,1358.0,29172.56,0.03,0.0,,0.0,,0.0
2024-04-01,0.0,0.0,0.0,0.0,0.0,0.0,0.0,0.0,0.0,,,,,,,,,,,,0.0,,0.0,0.0,1358.0,29172.56,0.03,0.0,,0.0,,0.0
2024-04-02,0.0,0.0,0.0,0.0,0.0,0.0,0.0,0.0,0.0,,,,,,,,,,,,0.0,,0.0,0.0,1358.0,29198.36,0.03,0.0,,0.0,,0.0
2024-04-03,0.0,0.0,0.0,0.0,0.0,0.0,0.0,0.0,0.0,,,,,,,,,,,,0.0,,0.0,0.0,1358.0,28903.67,0.03,0.0,,0.0,,0.0
2024-04-04,0.0,0.0,0.0,0.0,0.0,0.0,0.0,0.0,0.0,,,,,,,,,,,,0.0,,0.0,0.0,1358.0,28938.98,0.03,0.0,,0.0,,0.0
2024-04-05,0.0,0.0,0.0,0.0,0.0,0.0,0.0,0.0,0.0,,,,,,,,,,,,0.0,,0.0,0.0,1358.0,28676.89,0.03,0.0,,0.0,,0.0
2024-04-08,0.0,0.0,0.0,0.0,0.0,0.0,0.0,0.0,0.0,,,,,,,,,,,,0.0,,0.0,0.0,1358.0,28877.87,0.03,0.0,,0.0,,0.0
2024-04-09,0.0,0.0,0.0,0.0,0.0,0.0,0.0,0.0,0.0,,,,,,,,,,,,0.0,,0.0,0.0,1358.0,29088.36,0.03,0.0,,0.0,,0.0
2024-04-10,0.0,0.0,0.0,0.0,0.0,0.0,0.0,0.0,0.0,,,,,,,,,,,,0.0,,0.0,0.0,1358.0,29040.83,0.03,0.0,,0.0,,0.0
2024-04-11,0.0,0.0,0.0,0.0,0.0,0.0,0.0,0.0,0.0,,,,,,,,,,,,0.0,,0.0,0.0,1358.0,29114.16,0.03,0.0,,0.0,,0.0
2024-04-12,0.0,0.0,0.0,0.0,0.0,0.0,0.0,0.0,0.0,,,,,,,,,,,,0.0,,0.0,0.0,1358.0,28964.78,0.03,0.0,,0.0,,0.0
2024-04-15,0.0,0.0,0.0,0.0,0.0,0.0,0.0,0.0,0.0,,,,,,,,,,,,0.0,,0.0,0.0,1358.0,28732.56,0.03,0.0,,0.0,,0.0
2024-04-16,0.0,0.0,0.0,0.0,0.0,0.0,0.0,0.0,0.0,,,,,,,,,,,,0.0,,0.0,0.0,1358.0,28219.24,0.03,0.0,,0.0,,0.0
2024-04-17,0.0,0.0,0.0,0.0,0.0,0.0,0.0,0.0,0.0,,,,,,,,,,,,0.0,,0.0,0.0,1358.0,28171.71,0.03,0.0,,0.0,,0.0
2024-04-18,0.0,0.0,0.0,0.0,0.0,0.0,0.0,0.0,0.0,,,,,,,,,,,,0.0,,0.0,0.0,1358.0,28462.32,0.03,0.0,,0.0,,0.0
2024-04-19,0.0,0.0,0.0,0.0,0.0,0.0,0.0,0.0,0.0,,,,,,,,,,,,0.0,,0.0,0.0,1358.0,28141.83,0.03,0.0,,0.0,,0.0
2024-04-22,0.0,0.0,0.0,0.0,0.0,0.0,0.0,0.0,0.0,,,,,,,,,,,,0.0,,0.0,0.0,1358.0,28501.7,0.03,0.0,,0.0,,0.0
2024-04-23,0.0,0.0,0.0,0.0,0.0,0.0,0.0,0.0,0.0,,,,,,,,,,,,0.0,,0.0,0.0,1358.0,28698.61,0.03,0.0,,0.0,,0.0
2024-04-24,0.0,0.0,0.0,0.0,0.0,0.0,0.0,0.0,0.0,,,,,,,,,,,,0.0,,0.0,0.0,1358.0,28842.56,0.03,0.0,,0.0,,0.0
2024-04-25,0.0,0.0,0.0,0.0,0.0,0.0,0.0,0.0,0.0,,,,,,,,,,,,0.0,,0.0,0.0,1358.0,28785.53,0.03,0.0,,0.0,,0.0
2024-04-26,0.0,0.0,0.0,0.0,0.0,0.0,0.0,0.0,0.0,,,,,,,,,,,,0.0,,0.0,0.0,1358.0,29392.55,0.03,0.0,,0.0,,0.0
2024-04-29,0.0,0.0,0.0,0.0,0.0,0.0,0.0,0.0,0.0,,,,,,,,,,,,0.0,,0.0,0.0,1358.0,29609.83,0.03,0.0,,0.0,,0.0
2024-04-30,0.0,0.0,0.0,0.0,0.0,0.0,0.0,0.0,0.0,,,,,,,,,,,,0.0,,0.0,0.0,1358.0,29490.33,0.03,0.0,,0.0,,0.0
2024-05-01,0.0,0.0,0.0,0.0,0.0,0.0,0.0,0.0,0.0,,,,,,,,,,,,0.0,,0.0,0.0,1358.0,29490.33,0.03,0.0,,0.0,,0.0
2024-05-02,0.0,0.0,0.0,0.0,0.0,0.0,0.0,0.0,0.0,,,,,,,,,,,,0.0,,0.0,0.0,1358.0,30060.69,0.03,0.0,,0.0,,0.0
2024-05-03,0.0,0.0,0.0,0.0,0.0,0.0,0.0,0.0,0.0,,,,,,,,,,,,0.0,,0.0,0.0,1358.0,30416.48,0.03,0.0,,0.0,,0.0
2024-05-06,0.0,0.0,0.0,0.0,0.0,0.0,0.0,0.0,0.0,,,,,,,,,,,,0.0,,0.0,0.0,1358.0,30411.05,0.03,0.0,,0.0,,0.0
2024-05-07,0.0,0.0,0.0,0.0,0.0,0.0,0.0,0.0,0.0,,,,,,,,,,,,0.0,,0.0,0.0,1358.0,30269.82,0.03,0.0,,0.0,,0.0
2024-05-08,0.0,0.0,0.0,0.0,0.0,0.0,0.0,0.0,0.0,,,,,,,,,,,,0.0,,0.0,0.0,1358.0,30269.82,0.03,0.0,,0.0,,0.0
2024-05-09,0.0,0.0,0.0,0.0,0.0,0.0,0.0,0.0,0.0,,,,,,,,,,,,0.0,,0.0,0.0,1358.0,30329.57,0.03,0.0,,0.0,,0.0
2024-05-10,0.0,0.0,0.0,0.0,0.0,0.0,0.0,0.0,0.0,,,,,,,,,,,,0.0,,0.0,0.0,1358.0,30637.84,0.03,0.0,,0.0,,0.0
2024-05-13,0.0,0.0,0.0,0.0,0.0,0.0,0.0,0.0,0.0,,,,,,,,,,,,0.0,,0.0,0.0,1358.0,31038.45,0.03,0.0,,0.0,,0.0
2024-05-14,0.0,0.0,0.0,0.0,0.0,0.0,0.0,0.0,0.0,,,,,,,,,,,,0.0,,0.0,0.0,1358.0,30857.83,0.03,0.0,,0.0,,0.0
2024-05-15,0.0,0.0,0.0,0.0,0.0,0.0,0.0,0.0,0.0,,,,,,,,,,,,0.0,,0.0,0.0,1358.0,30980.05,0.03,0.0,,0.0,,0.0
2024-05-16,0.0,0.0,0.0,0.0,0.0,0.0,0.0,0.0,0.0,,,,,,,,,,,,0.0,,0.0,0.0,1358.0,31266.59,0.03,0.0,,0.0,,0.0
2024-05-17,0.0,0.0,0.0,0.0,0.0,0.0,0.0,0.0,0.0,,,,,,,,,,,,0.0,,0.0,0.0,1358.0,31497.45,0.03,0.0,,0.0,,0.0
2024-05-20,0.0,0.0,0.0,0.0,0.0,0.0,0.0,0.0,0.0,,,,,,,,,,,,0.0,,0.0,0.0,1358.0,31342.64,0.03,0.0,,0.0,,0.0
2024-05-21,1288.0,29490.05,0.09,0.01,0.03,29490.05,1288.0,1288.0,29490.05,,,1288.0,,,,,,0.03,1288.0,,0.03,,100.0,94.85,0.0,0.0,0.0,100.0,,1.0,100.0,0.9485
2024-05-22,1288.0,29366.4,0.09,0.01,0.03,29366.4,1288.0,1288.0,29366.4,,,,,,,,,,,,0.03,,100.0,94.85,0.0,0.0,0.0,100.0,,1.0,100.0,0.9485
2024-05-23,1288.0,29151.3,0.09,0.01,0.03,29151.3,1288.0,1288.0,29151.3,,,,,,,,,,,,0.03,,100.0,94.85,0.0,0.0,0.0,100.0,,1.0,100.0,0.9485
2024-05-24,1288.0,28932.34,0.09,0.01,0.03,28932.34,1288.0,1288.0,28932.34,,,,,,,,,,,,0.03,,100.0,94.85,0.0,0.0,0.0,100.0,,1.0,100.0,0.9485
2024-05-27,1288.0,29197.67,0.09,0.01,0.03,29197.67,1288.0,1288.0,29197.67,,,,,,,,,,,,0.03,,100.0,94.85,0.0,0.0,0.0,100.0,,1.0,100.0,0.9485
2024-05-28,1288.0,28985.15,0.09,0.01,0.03,28985.15,1288.0,1288.0,28985.15,,,,,,,,,,,,0.03,,100.0,94.85,0.0,0.0,0.0,100.0,,1.0,100.0,0.9485
2024-05-29,1288.0,28800.97,0.09,0.01,0.03,28800.97,1288.0,1288.0,28800.97,,,,,,,,,,,,0.03,,100.0,94.85,0.0,0.0,0.0,100.0,,1.0,100.0,0.9485
2024-05-30,1288.0,28628.38,0.09,0.01,0.03,28628.38,1288.0,1288.0,28628.38,,,,,,,,,,,,0.03,,100.0,94.85,0.0,0.0,0.0,100.0,,1.0,100.0,0.9485
2024-05-31,1288.0,28068.1,0.09,0.01,0.03,28068.1,1288.0,1288.0,28068.1,,,,,,,,,,,,0.03,,100.0,94.85,0.0,0.0,0.0,100.0,,1.0,100.0,0.9485
2024-06-03,1288.0,28346.3,0.09,0.01,0.03,28346.3,1288.0,1288.0,28346.3,,,,,,,,,,,,0.03,,100.0,94.85,0.0,0.0,0.0,100.0,,1.0,100.0,0.9485
2024-06-04,1288.0,28092.57,0.08,0.01,0.03,28092.57,1288.0,1288.0,28092.57,,,,,,,,,,,,0.03,,100.0,94.85,0.0,0.0,0.0,100.0,,1.0,100.0,0.9485
2024-06-05,1288.0,28584.58,0.08,0.01,0.03,28584.58,1288.0,1288.0,28584.58,,,,,,,,,,,,0.03,,100.0,94.85,0.0,0.0,0.0,100.0,,1.0,100.0,0.9485
2024-06-06,1288.0,28788.09,0.08,0.01,0.03,28788.09,1288.0,1288.0,28788.09,,,,,,,,,,,,0.03,,100.0,94.85,0.0,0.0,0.0,100.0,,1.0,100.0,0.9485
2024-06-07,1288.0,28748.16,0.08,0.01,0.03,28748.16,1288.0,1288.0,28748.16,,,,,,,,,,,,0.03,,100.0,94.85,0.0,0.0,0.0,100.0,,1.0,100.0,0.9485
2024-06-10,1288.0,28902.72,0.09,0.01,0.03,28902.72,1288.0,1288.0,28902.72,,,,,,,,,,,,0.03,,100.0,94.85,0.0,0.0,0.0,100.0,,1.0,100.0,0.9485
2024-06-11,1288.0,28794.53,0.09,0.01,0.03,28794.53,1288.0,1288.0,28794.53,,,,,,,,,,,,0.03,,100.0,94.85,0.0,0.0,0.0,100.0,,1.0,100.0,0.9485
2024-06-12,1288.0,28799.68,0.09,0.01,0.03,28799.68,1288.0,1288.0,28799.68,,,,,,,,,,,,0.03,,100.0,94.85,0.0,0.0,0.0,100.0,,1.0,100.0,0.9485
2024-06-13,1288.0,28764.9,0.09,0.01,0.03,28764.9,1288.0,1288.0,28764.9,,,,,,,,,,,,0.03,,100.0,94.85,0.0,0.0,0.0,100.0,,1.0,100.0,0.9485
2024-06-14,1288.0,28876.96,0.1,0.01,0.03,28876.96,1288.0,1288.0,28876.96,,,,,,,,,,,,0.03,,100.0,94.85,0.0,0.0,0.0,100.0,,1.0,100.0,0.9485
2024-06-17,1288.0,28882.11,0.1,0.01,0.03,28882.11,1288.0,1288.0,28882.11,,,,,,,,,,,,0.03,,100.0,94.85,0.0,0.0,0.0,100.0,,1.0,100.0,0.9485
2024-06-18,1288.0,29226.01,0.1,0.01,0.03,29226.01,1288.0,1288.0,29226.01,,,,,,,,,,,,0.03,,100.0,94.85,0.0,0.0,0.0,100.0,,1.0,100.0,0.9485
2024-06-19,1288.0,29465.58,0.1,0.01,0.03,29465.58,1288.0,1288.0,29465.58,,,,,,,,,,,,0.03,,100.0,94.85,0.0,0.0,0.0,100.0,,1.0,100.0,0.9485
2024-06-20,1288.0,29265.94,0.1,0.01,0.03,29265.94,1288.0,1288.0,29265.94,,,,,,,,,,,,0.03,,100.0,94.85,0.0,0.0,0.0,100.0,,1.0,100.0,0.9485
2024-06-21,1288.0,29182.22,0.09,0.01,0.03,29182.22,1288.0,1288.0,29182.22,,,,,,,,,,,,0.03,,100.0,94.85,0.0,0.0,0.0,100.0,,1.0,100.0,0.9485
2024-06-24,1288.0,29401.18,0.09,0.01,0.03,29401.18,1288.0,1288.0,29401.18,,,,,,,,,,,,0.03,,100.0,94.85,0.0,0.0,0.0,100.0,,1.0,100.0,0.9485
2024-06-25,1288.0,29058.57,0.07,0.01,0.03,29058.57,1288.0,1288.0,29058.57,,,,,,,,,,,,0.03,,100.0,94.85,0.0,0.0,0.0,100.0,,1.0,100.0,0.9485
2024-06-26,1288.0,29124.26,0.06,0.01,0.03,29124.26,1288.0,1288.0,29124.26,,,,,,,,,,,,0.03,,100.0,94.85,0.0,0.0,0.0,100.0,,1.0,100.0,0.9485
2024-06-27,1288.0,28991.59,0.06,0.01,0.03,28991.59,1288.0,1288.0,28991.59,,,,,,,,,,,,0.03,,100.0,94.85,0.0,0.0,0.0,100.0,,1.0,100.0,0.9485
2024-06-28,1288.0,29129.41,0.06,0.01,0.03,29129.41,1288.0,1288.0,29129.41,,,,,,,,,,,,0.03,,100.0,94.85,0.0,0.0,0.0,100.0,,1.0,100.0,0.9485
2024-07-01,1288.0,29120.39,0.06,0.01,0.03,29120.39,1288.0,1288.0,29120.39,,,,,,,,,,,,0.03,,100.0,94.85,0.0,0.0,0.0,100.0,,1.0,100.0,0.9485
2024-07-02,339.0,7682.42,0.02,0.0,0.01,7682.42,339.0,339.0,7682.42,,,,0.02,,949.0,,,,,949.0,0.01,0.02,100.0,24.96,0.0,0.0,0.0,100.0,,1.0,100.0,0.2496
2024-07-03,339.0,7739.37,0.02,0.0,0.01,7739.37,339.0,339.0,7739.37,,,,,,,,,,,,0.01,,100.0,94.69,0.0,0.0,0.0,100.0,,1.0,100.0,0.9469
2024-07-04,339.0,7732.59,0.02,0.0,0.01,7732.59,339.0,339.0,7732.59,,,,,,,,,,,,0.01,,100.0,94.69,0.0,0.0,0.0,100.0,,1.0,100.0,0.9469
2024-07-05,339.0,7687.5,0.02,0.0,0.01,7687.5,339.0,339.0,7687.5,,,,,,,,,,,,0.01,,100.0,94.69,0.0,0.0,0.0,100.0,,1.0,100.0,0.9469
2024-07-08,339.0,7701.4,0.02,0.0,0.01,7701.4,339.0,339.0,7701.4,,,,,,,,,,,,0.01,,100.0,94.69,0.0,0.0,0.0,100.0,,1.0,100.0,0.9469
2024-07-09,339.0,7715.98,0.02,0.0,0.01,7715.98,339.0,339.0,7715.98,,,,,,,,,,,,0.01,,100.0,94.69,0.0,0.0,0.0,100.0,,1.0,100.0,0.9469
2024-07-10,339.0,7786.83,0.02,0.0,0.01,7786.83,339.0,339.0,7786.83,,,,,,,,,,,,0.01,,100.0,94.69,0.0,0.0,0.0,100.0,,1.0,100.0,0.9469
2024-07-11,339.0,7835.31,0.02,0.0,0.01,7835.31,339.0,339.0,7835.31,,,,,,,,,,,,0.01,,100.0,94.69,0.0,0.0,0.0,100.0,,1.0,100.0,0.9469
2024-07-12,339.0,7857.34,0.02,0.0,0.01,7857.34,339.0,339.0,7857.34,,,,,,,,,,,,0.01,,100.0,94.69,0.0,0.0,0.0,100.0,,1.0,100.0,0.9469
2024-07-15,339.0,7785.81,0.02,0.0,0.01,7785.81,339.0,339.0,7785.81,,,,,,,,,,,,0.01,,100.0,94.69,0.0,0.0,0.0,100.0,,1.0,100.0,0.9469
2024-07-16,339.0,7731.91,0.02,0.0,0.01,7731.91,339.0,339.0,7731.91,,,,,,,,,,,,0.01,,100.0,94.69,0.0,0.0,0.0,100.0,,1.0,100.0,0.9469
2024-07-17,339.0,7651.23,0.02,0.0,0.01,7651.23,339.0,339.0,7651.23,,,,,,,,,,,,0.01,,100.0,94.69,0.0,0.0,0.0,100.0,,1.0,100.0,0.9469
2024-07-18,339.0,7602.75,0.02,0.0,0.01,7602.75,339.0,339.0,7602.75,,,,,,,,,,,,0.01,,100.0,94.69,0.0,0.0,0.0,100.0,,1.0,100.0,0.9469
2024-07-19,339.0,7555.97,0.02,0.0,0.01,7555.97,339.0,339.0,7555.97,,,,,,,,,,,,0.01,,100.0,94.69,0.0,0.0,0.0,100.0,,1.0,100.0,0.9469
2024-07-22,339.0,7572.58,0.02,0.0,0.01,7572.58,339.0,339.0,7572.58,,,,,,,,,,,,0.01,,100.0,94.69,0.0,0.0,0.0,100.0,,1.0,100.0,0.9469
2024-07-23,339.0,7578.68,0.02,0.0,0.01,7578.68,339.0,339.0,7578.68,,,,,,,,,,,,0.01,,100.0,94.69,0.0,0.0,0.0,100.0,,1.0,100.0,0.9469
2024-07-24,339.0,7529.19,0.02,0.0,0.01,7529.19,339.0,339.0,7529.19,,,,,,,,,,,,0.01,,100.0,60.75,0.0,0.0,0.0,100.0,,1.0,100.0,0.6075
2024-07-25,339.0,7480.04,0.02,0.0,0.01,7480.04,339.0,339.0,7480.04,,,,,,,,,,,,0.01,,100.0,94.69,0.0,0.0,0.0,100.0,,1.0,100.0,0.9469
2024-07-26,339.0,7548.85,0.02,0.0,0.01,7548.85,339.0,339.0,7548.85,,,,,,,,,,,,0.01,,100.0,94.69,0.0,0.0,0.0,100.0,,1.0,100.0,0.9469
2024-07-29,339.0,7531.22,0.02,0.0,0.01,7531.22,339.0,339.0,7531.22,,,,,,,,,,,,0.01,,100.0,94.69,0.0,0.0,0.0,100.0,,1.0,100.0,0.9469
2024-07-30,339.0,7501.73,0.02,0.0,0.01,7501.73,339.0,339.0,7501.73,,,,,,,,,,,,0.01,,100.0,94.69,0.0,0.0,0.0,100.0,,1.0,100.0,0.9469
2024-07-31,339.0,7650.21,0.02,0.0,0.01,7650.21,339.0,339.0,7650.21,,,,,,,,,,,,0.01,,100.0,94.69,0.0,0.0,0.0,100.0,,1.0,100.0,0.9469
2024-08-01,339.0,7573.94,0.02,0.0,0.01,7573.94,339.0,339.0,7573.94,,,,,,,,,,,,0.01,,100.0,94.69,0.0,0.0,0.0,100.0,,1.0,100.0,0.9469
2024-08-02,339.0,7366.13,0.02,0.0,0.01,7366.13,339.0,339.0,7366.13,,,,,,,,,,,,0.01,,100.0,94.69,0.0,0.0,0.0,100.0,,1.0,100.0,0.9469
2024-08-05,339.0,7176.63,0.02,0.0,0.01,7176.63,339.0,339.0,7176.63,,,,,,,,,,,,0.01,,100.0,74.02,0.0,0.0,0.0,100.0,,1.0,100.0,0.7402
2024-08-06,339.0,7222.4,0.02,0.0,0.01,7222.4,339.0,339.0,7222.4,,,,,,,,,,,,0.01,,100.0,94.69,0.0,0.0,0.0,100.0,,1.0,100.0,0.9469
2024-08-07,339.0,7368.5,0.02,0.0,0.01,7368.5,339.0,339.0,7368.5,,,,,,,,,,,,0.01,,100.0,94.69,0.0,0.0,0.0,100.0,,1.0,100.0,0.9469
2024-08-08,339.0,7432.91,0.02,0.0,0.01,7432.91,339.0,339.0,7432.91,,,,,,,,,,,,0.01,,100.0,94.69,0.0,0.0,0.0,100.0,,1.0,100.0,0.9469
2024-08-09,339.0,7448.85,0.02,0.0,0.01,7448.85,339.0,339.0,7448.85,,,,,,,,,,,,0.01,,100.0,94.69,0.0,0.0,0.0,100.0,,1.0,100.0,0.9469
2024-08-12,339.0,7490.54,0.02,0.0,0.01,0.0,339.0,0.0,7490.54,,,,,,,,,,,339.0,0.01,0.01,100.0,94.69,0.0,0.0,0.0,100.0,,1.0,100.0,0.9469
2024-08-13,0.0,0.0,0.0,0.0,0.0,0.0,0.0,0.0,0.0,,,,0.01,,339.0,,,,,,0.0,,0.0,0.0,358.0,7920.39,0.01,0.0,,0.0,,0.0
2024-08-14,0.0,0.0,0.0,0.0,0.0,0.0,0.0,0.0,0.0,,,,,,,,,,,,0.0,,0.0,0.0,358.0,7839.48,0.01,0.0,,0.0,,0.0
2024-08-15,0.0,0.0,0.0,0.0,0.0,0.0,0.0,0.0,0.0,,,,,,,,,,,,0.0,,0.0,0.0,358.0,7961.56,0.01,0.0,,0.0,,0.0
2024-08-16,0.0,0.0,0.0,0.0,0.0,0.0,0.0,0.0,0.0,,,,,,,,,,,,0.0,,0.0,0.0,358.0,8041.04,0.01,0.0,,0.0,,0.0
2024-08-19,0.0,0.0,0.0,0.0,0.0,0.0,0.0,0.0,0.0,,,,,,,,,,,,0.0,,0.0,0.0,358.0,8099.75,0.01,0.0,,0.0,,0.0
2024-08-20,0.0,0.0,0.0,0.0,0.0,0.0,0.0,0.0,0.0,,,,,,,,,,,,0.0,,0.0,0.0,358.0,7977.67,0.01,0.0,,0.0,,0.0
2024-08-21,0.0,0.0,0.0,0.0,0.0,0.0,0.0,0.0,0.0,,,,,,,,,,,,0.0,,0.0,0.0,358.0,8008.82,0.01,0.0,,0.0,,0.0
2024-08-22,0.0,0.0,0.0,0.0,0.0,0.0,0.0,0.0,0.0,,,,,,,,,,,,0.0,,0.0,0.0,358.0,7952.97,0.01,0.0,,0.0,,0.0
2024-08-23,0.0,0.0,0.0,0.0,0.0,0.0,0.0,0.0,0.0,,,,,,,,,,,,0.0,,0.0,0.0,358.0,8026.72,0.01,0.0,,0.0,,0.0
2024-08-26,0.0,0.0,0.0,0.0,0.0,0.0,0.0,0.0,0.0,,,,,,,,,,,,0.0,,0.0,0.0,358.0,8019.92,0.01,0.0,,0.0,,0.0
2024-08-27,0.0,0.0,0.0,0.0,0.0,0.0,0.0,0.0,0.0,,,,,,,,,,,,0.0,,0.0,0.0,358.0,8044.26,0.01,0.0,,0.0,,0.0
2024-08-28,0.0,0.0,0.0,0.0,0.0,0.0,0.0,0.0,0.0,,,,,,,,,,,,0.0,,0.0,0.0,358.0,7965.14,0.01,0.0,,0.0,,0.0
2024-08-29,0.0,0.0,0.0,0.0,0.0,0.0,0.0,0.0,0.0,,,,,,,,,,,,0.0,,0.0,0.0,358.0,8119.44,0.01,0.0,,0.0,,0.0
2024-08-30,0.0,0.0,0.0,0.0,0.0,0.0,0.0,0.0,0.0,,,,,,,,,,,,0.0,,0.0,0.0,358.0,8047.12,0.01,0.0,,0.0,,0.0
2024-09-02,0.0,0.0,0.0,0.0,0.0,0.0,0.0,0.0,0.0,,,,,,,,,,,,0.0,,0.0,0.0,358.0,8026.36,0.01,0.0,,0.0,,0.0
2024-09-03,0.0,0.0,0.0,0.0,0.0,0.0,0.0,0.0,0.0,,,,,,,,,,,,0.0,,0.0,0.0,358.0,7942.59,0.01,0.0,,0.0,,0.0
2024-09-04,0.0,0.0,0.0,0.0,0.0,0.0,0.0,0.0,0.0,,,,,,,,,,,,0.0,,0.0,0.0,358.0,7930.42,0.01,0.0,,0.0,,0.0
2024-09-05,0.0,0.0,0.0,0.0,0.0,0.0,0.0,0.0,0.0,,,,,,,,,,,,0.0,,0.0,0.0,358.0,7941.51,0.01,0.0,,0.0,,0.0
2024-09-06,0.0,0.0,0.0,0.0,0.0,0.0,0.0,0.0,0.0,,,,,,,,,,,,0.0,,0.0,0.0,358.0,7828.03,0.01,0.0,,0.0,,0.0
2024-09-09,0.0,0.0,0.0,0.0,0.0,0.0,0.0,0.0,0.0,,,,,,,,,,,,0.0,,0.0,0.0,358.0,7886.74,0.01,0.0,,0.0,,0.0
2024-09-10,0.0,0.0,0.0,0.0,0.0,0.0,0.0,0.0,0.0,,,,,,,,,,,,0.0,,0.0,0.0,358.0,7902.13,0.01,0.0,,0.0,,0.0
2024-09-11,0.0,0.0,0.0,0.0,0.0,0.0,0.0,0.0,0.0,,,,,,,,,,,,0.0,,0.0,0.0,358.0,7918.24,0.01,0.0,,0.0,,0.0
2024-09-12,0.0,0.0,0.0,0.0,0.0,0.0,0.0,0.0,0.0,,,,,,,,,,,,0.0,,0.0,0.0,358.0,7945.45,0.01,0.0,,0.0,,0.0
2024-09-13,0.0,0.0,0.0,0.0,0.0,0.0,0.0,0.0,0.0,,,,,,,,,,,,0.0,,0.0,0.0,358.0,8032.8,0.01,0.0,,0.0,,0.0
2024-09-16,0.0,0.0,0.0,0.0,0.0,0.0,0.0,0.0,0.0,,,,,,,,,,,,0.0,,0.0,0.0,358.0,7995.57,0.01,0.0,,0.0,,0.0
2024-09-17,0.0,0.0,0.0,0.0,0.0,0.0,0.0,0.0,0.0,,,,,,,,,,,,0.0,,0.0,0.0,358.0,8036.38,0.01,0.0,,0.0,,0.0
2024-09-18,0.0,0.0,0.0,0.0,0.0,0.0,0.0,0.0,0.0,,,,,,,,,,,,0.0,,0.0,0.0,358.0,7997.36,0.01,0.0,,0.0,,0.0
2024-09-19,0.0,0.0,0.0,0.0,0.0,0.0,0.0,0.0,0.0,,,,,,,,,,,,0.0,,0.0,0.0,358.0,8162.4,0.01,0.0,,0.0,,0.0
2024-09-20,0.0,0.0,0.0,0.0,0.0,0.0,0.0,0.0,0.0,,,,,,,,,,,,0.0,,0.0,0.0,358.0,8167.77,0.01,0.0,,0.0,,0.0
2024-09-23,0.0,0.0,0.0,0.0,0.0,0.0,0.0,0.0,0.0,,,,,,,,,,,,0.0,,0.0,0.0,458.0,10572.01,0.01,0.0,,0.0,,0.0
2024-09-24,0.0,0.0,0.0,0.0,0.0,0.0,0.0,0.0,0.0,,,,,,,,,,,,0.0,,0.0,0.0,458.0,10971.85,0.01,0.0,,0.0,,0.0
2024-09-25,0.0,0.0,0.0,0.0,0.0,0.0,0.0,0.0,0.0,,,,,,,,,,,,0.0,,0.0,0.0,458.0,10992.0,0.01,0.0,,0.0,,0.0
2024-09-26,0.0,0.0,0.0,0.0,0.0,0.0,0.0,0.0,0.0,,,,,,,,,,,,0.0,,0.0,0.0,458.0,11331.84,0.01,0.0,,0.0,,0.0
2024-09-27,0.0,0.0,0.0,0.0,0.0,0.0,0.0,0.0,0.0,,,,,,,,,,,,0.0,,0.0,0.0,458.0,11404.2,0.01,0.0,,0.0,,0.0
2024-09-30,0.0,0.0,0.0,0.0,0.0,0.0,0.0,0.0,0.0,,,,,,,,,,,,0.0,,0.0,0.0,458.0,11269.09,0.01,0.0,,0.0,,0.0
2024-10-01,0.0,0.0,0.0,0.0,0.0,0.0,0.0,0.0,0.0,,,,,,,,,,,,0.0,,0.0,0.0,358.0,8907.04,0.01,0.0,,0.0,,0.0
2024-10-02,0.0,0.0,0.0,0.0,0.0,0.0,0.0,0.0,0.0,,,,,,,,,,,,0.0,,0.0,0.0,358.0,9108.24,0.01,0.0,,0.0,,0.0
2024-10-03,0.0,0.0,0.0,0.0,0.0,0.0,0.0,0.0,0.0,,,,,,,,,,,,0.0,,0.0,0.0,358.0,9095.35,0.01,0.0,,0.0,,0.0
2024-10-04,0.0,0.0,0.0,0.0,0.0,0.0,0.0,0.0,0.0,,,,,,,,,,,,0.0,,0.0,0.0,358.0,9164.8,0.01,0.0,,0.0,,0.0
2024-10-07,0.0,0.0,0.0,0.0,0.0,0.0,0.0,0.0,0.0,,,,,,,,,,,,0.0,,0.0,0.0,358.0,9336.64,0.01,0.0,,0.0,,0.0
2024-10-08,0.0,0.0,0.0,0.0,0.0,0.0,0.0,0.0,0.0,,,,,,,,,,,,0.0,,0.0,0.0,358.0,8973.99,0.01,0.0,,0.0,,0.0
2024-10-09,0.0,0.0,0.0,0.0,0.0,0.0,0.0,0.0,0.0,,,,,,,,,,,,0.0,,0.0,0.0,358.0,8966.83,0.01,0.0,,0.0,,0.0
2024-10-10,0.0,0.0,0.0,0.0,0.0,0.0,0.0,0.0,0.0,,,,,,,,,,,,0.0,,0.0,0.0,258.0,6458.0,0.01,0.0,,0.0,,0.0
2024-10-11,0.0,0.0,0.0,0.0,0.0,0.0,0.0,0.0,0.0,,,,,,,,,,,,0.0,,0.0,0.0,258.0,6455.93,0.01,0.0,,0.0,,0.0
2024-10-14,0.0,0.0,0.0,0.0,0.0,0.0,0.0,0.0,0.0,,,,,,,,,,,,0.0,,0.0,0.0,258.0,6501.6,0.01,0.0,,0.0,,0.0
2024-10-15,0.0,0.0,0.0,0.0,0.0,0.0,0.0,0.0,0.0,,,,,,,,,,,,0.0,,0.0,0.0,258.0,6365.38,0.01,0.0,,0.0,,0.0
2024-10-16,0.0,0.0,0.0,0.0,0.0,0.0,0.0,0.0,0.0,,,,,,,,,,,,0.0,,0.0,0.0,258.0,6420.07,0.01,0.0,,0.0,,0.0
2024-10-17,0.0,0.0,0.0,0.0,0.0,0.0,0.0,0.0,0.0,,,,,,,,,,,,0.0,,0.0,0.0,258.0,6377.76,0.01,0.0,,0.0,,0.0
2024-10-18,0.0,0.0,0.0,0.0,0.0,0.0,0.0,0.0,0.0,,,,,,,,,,,,0.0,,0.0,0.0,258.0,6464.96,0.01,0.0,,0.0,,0.0
2024-10-21,0.0,0.0,0.0,0.0,0.0,0.0,0.0,0.0,0.0,,,,,,,,,,,,0.0,,0.0,0.0,258.0,6404.59,0.01,0.0,,0.0,,0.0
2024-10-22,0.0,0.0,0.0,0.0,0.0,0.0,0.0,0.0,0.0,,,,,,,,,,,,0.0,,0.0,0.0,258.0,6451.29,0.01,0.0,,0.0,,0.0
2024-10-23,0.0,0.0,0.0,0.0,0.0,0.0,0.0,0.0,0.0,,,,,,,,,,,,0.0,,0.0,0.0,258.0,6390.92,0.01,0.0,,0.0,,0.0
2024-10-24,0.0,0.0,0.0,0.0,0.0,0.0,0.0,0.0,0.0,,,,,,,,,,,,0.0,,0.0,0.0,258.0,6329.0,0.01,0.0,,0.0,,0.0
2024-10-25,0.0,0.0,0.0,0.0,0.0,0.0,0.0,0.0,0.0,,,,,,,,,,,,0.0,,0.0,0.0,258.0,6428.59,0.01,0.0,,0.0,,0.0
2024-10-28,0.0,0.0,0.0,0.0,0.0,0.0,0.0,0.0,0.0,,,,,,,,,,,,0.0,,0.0,0.0,258.0,6468.58,0.01,0.0,,0.0,,0.0
2024-10-29,0.0,0.0,0.0,0.0,0.0,0.0,0.0,0.0,0.0,,,,,,,,,,,,0.0,,0.0,0.0,258.0,6447.42,0.01,0.0,,0.0,,0.0
2024-10-30,0.0,0.0,0.0,0.0,0.0,0.0,0.0,0.0,0.0,,,,,,,,,,,,0.0,,0.0,0.0,258.0,6290.04,0.01,0.0,,0.0,,0.0
2024-10-31,0.0,0.0,0.0,0.0,0.0,0.0,0.0,0.0,0.0,,,,,,,,,,,,0.0,,0.0,0.0,358.0,8648.21,0.01,0.0,,0.0,,0.0
2024-11-01,0.0,0.0,0.0,0.0,0.0,0.0,0.0,0.0,0.0,,,,,,,,,,,,0.0,,0.0,0.0,358.0,8732.69,0.01,0.0,,0.0,,0.0
2024-11-04,0.0,0.0,0.0,0.0,0.0,0.0,0.0,0.0,0.0,,,,,,,,,,,,0.0,,0.0,0.0,258.0,6342.67,0.01,0.0,,0.0,,0.0
2024-11-05,0.0,0.0,0.0,0.0,0.0,0.0,0.0,0.0,0.0,,,,,,,,,,,,0.0,,0.0,0.0,258.0,6377.24,0.01,0.0,,0.0,,0.0
2024-11-06,0.0,0.0,0.0,0.0,0.0,0.0,0.0,0.0,0.0,,,,,,,,,,,,0.0,,0.0,0.0,258.0,6304.49,0.01,0.0,,0.0,,0.0
2024-11-07,0.0,0.0,0.0,0.0,0.0,0.0,0.0,0.0,0.0,,,,,,,,,,,,0.0,,0.0,0.0,258.0,6420.85,0.01,0.0,,0.0,,0.0
2024-11-08,0.0,0.0,0.0,0.0,0.0,0.0,0.0,0.0,0.0,,,,,,,,,,,,0.0,,0.0,0.0,258.0,6307.33,0.01,0.0,,0.0,,0.0
2024-11-11,0.0,0.0,0.0,0.0,0.0,0.0,0.0,0.0,0.0,,,,,,,,,,,,0.0,,0.0,0.0,258.0,6334.93,0.01,0.0,,0.0,,0.0
2024-11-12,0.0,0.0,0.0,0.0,0.0,0.0,0.0,0.0,0.0,,,,,,,,,,,,0.0,,0.0,0.0,258.0,6200.26,0.01,0.0,,0.0,,0.0
2024-11-13,0.0,0.0,0.0,0.0,0.0,0.0,0.0,0.0,0.0,,,,,,,,,,,,0.0,,0.0,0.0,258.0,6217.8,0.01,0.0,,0.0,,0.0
2024-11-14,0.0,0.0,0.0,0.0,0.0,0.0,0.0,0.0,0.0,,,,,,,,,,,,0.0,,0.0,0.0,258.0,6184.52,0.01,0.0,,0.0,,0.0
2024-11-15,0.0,0.0,0.0,0.0,0.0,0.0,0.0,0.0,0.0,,,,,,,,,,,,0.0,,0.0,0.0,258.0,6140.66,0.01,0.0,,0.0,,0.0
2024-11-18,0.0,0.0,0.0,0.0,0.0,0.0,0.0,0.0,0.0,,,,,,,,,,,,0.0,,0.0,0.0,258.0,6220.64,0.01,0.0,,0.0,,0.0
2024-11-19,0.0,0.0,0.0,0.0,0.0,0.0,0.0,0.0,0.0,,,,,,,,,,,,0.0,,0.0,0.0,258.0,6211.09,0.01,0.0,,0.0,,0.0
2024-11-20,0.0,0.0,0.0,0.0,0.0,0.0,0.0,0.0,0.0,,,,,,,,,,,,0.0,,0.0,0.0,258.0,6228.64,0.01,0.0,,0.0,,0.0
2024-11-21,0.0,0.0,0.0,0.0,0.0,0.0,0.0,0.0,0.0,,,,,,,,,,,,0.0,,0.0,0.0,258.0,6242.31,0.01,0.0,,0.0,,0.0
2024-11-22,0.0,0.0,0.0,0.0,0.0,0.0,0.0,0.0,0.0,,,,,,,,,,,,0.0,,0.0,0.0,258.0,6264.5,0.01,0.0,,0.0,,0.0
2024-11-25,0.0,0.0,0.0,0.0,0.0,0.0,0.0,0.0,0.0,,,,,,,,,,,,0.0,,0.0,0.0,258.0,6239.47,0.01,0.0,,0.0,,0.0
2024-11-26,0.0,0.0,0.0,0.0,0.0,0.0,0.0,0.0,0.0,,,,,,,,,,,,0.0,,0.0,0.0,658.0,15846.61,0.02,0.0,,0.0,,0.0
2024-11-27,0.0,0.0,0.0,0.0,0.0,0.0,0.0,0.0,0.0,,,,,,,,,,,,0.0,,0.0,0.0,658.0,15885.44,0.02,0.0,,0.0,,0.0
2024-11-28,0.0,0.0,0.0,0.0,0.0,0.0,0.0,0.0,0.0,,,,,,,,,,,,0.0,,0.0,0.0,658.0,15886.75,0.02,0.0,,0.0,,0.0
2024-11-29,0.0,0.0,0.0,0.0,0.0,0.0,0.0,0.0,0.0,,,,,,,,,,,,0.0,,0.0,0.0,658.0,16038.09,0.02,0.0,,0.0,,0.0
2024-12-02,0.0,0.0,0.0,0.0,0.0,0.0,0.0,0.0,0.0,,,,,,,,,,,,0.0,,0.0,0.0,658.0,16121.0,0.02,0.0,,0.0,,0.0
2024-12-03,0.0,0.0,0.0,0.0,0.0,0.0,0.0,0.0,0.0,,,,,,,,,,,,0.0,,0.0,0.0,658.0,16149.95,0.02,0.0,,0.0,,0.0
2024-12-04,0.0,0.0,0.0,0.0,0.0,0.0,0.0,0.0,0.0,,,,,,,,,,,,0.0,,0.0,0.0,658.0,16092.71,0.02,0.0,,0.0,,0.0
2024-12-05,0.0,0.0,0.0,0.0,0.0,0.0,0.0,0.0,0.0,,,,,,,,,,,,0.0,,0.0,0.0,658.0,16095.34,0.02,0.0,,0.0,,0.0
2024-12-06,0.0,0.0,0.0,0.0,0.0,0.0,0.0,0.0,0.0,,,,,,,,,,,,0.0,,0.0,0.0,658.0,16133.5,0.02,0.0,,0.0,,0.0
2024-12-09,0.0,0.0,0.0,0.0,0.0,0.0,0.0,0.0,0.0,,,,,,,,,,,,0.0,,0.0,0.0,658.0,16757.29,0.02,0.0,,0.0,,0.0
2024-12-10,0.0,0.0,0.0,0.0,0.0,0.0,0.0,0.0,0.0,,,,,,,,,,,,0.0,,0.0,0.0,658.0,16382.88,0.02,0.0,,0.0,,0.0
2024-12-11,0.0,0.0,0.0,0.0,0.0,0.0,0.0,0.0,0.0,,,,,,,,,,,,0.0,,0.0,0.0,658.0,16437.5,0.02,0.0,,0.0,,0.0
2024-12-12,0.0,0.0,0.0,0.0,0.0,0.0,0.0,0.0,0.0,,,,,,,,,,,,0.0,,0.0,0.0,658.0,16439.47,0.02,0.0,,0.0,,0.0
2024-12-13,0.0,0.0,0.0,0.0,0.0,0.0,0.0,0.0,0.0,,,,,,,,,,,,0.0,,0.0,0.0,658.0,16252.6,0.02,0.0,,0.0,,0.0
2024-12-16,0.0,0.0,0.0,0.0,0.0,0.0,0.0,0.0,0.0,,,,,,,,,,,,0.0,,0.0,0.0,658.0,16211.15,0.02,0.0,,0.0,,0.0
2024-12-17,0.0,0.0,0.0,0.0,0.0,0.0,0.0,0.0,0.0,,,,,,,,,,,,0.0,,0.0,0.0,658.0,16239.44,0.02,0.0,,0.0,,0.0
2024-12-18,0.0,0.0,0.0,0.0,0.0,0.0,0.0,0.0,0.0,,,,,,,,,,,,0.0,,0.0,0.0,658.0,16189.43,0.02,0.0,,0.0,,0.0
2024-12-19,0.0,0.0,0.0,0.0,0.0,0.0,0.0,0.0,0.0,,,,,,,,,,,,0.0,,0.0,0.0,658.0,16186.8,0.02,0.0,,0.0,,0.0
2024-12-20,0.0,0.0,0.0,0.0,0.0,0.0,0.0,0.0,0.0,,,,,,,,,,,,0.0,,0.0,0.0,658.0,16127.58,0.02,0.0,,0.0,,0.0
2024-12-23,0.0,0.0,0.0,0.0,0.0,0.0,0.0,0.0,0.0,,,,,,,,,,,,0.0,,0.0,0.0,658.0,16255.23,0.02,0.0,,0.0,,0.0
2024-12-24,0.0,0.0,0.0,0.0,0.0,0.0,0.0,0.0,0.0,,,,,,,,,,,,0.0,,0.0,0.0,658.0,16317.08,0.02,0.0,,0.0,,0.0
2024-12-25,0.0,0.0,0.0,0.0,0.0,0.0,0.0,0.0,0.0,,,,,,,,,,,,0.0,,0.0,0.0,658.0,16317.08,0.02,0.0,,0.0,,0.0
2024-12-26,0.0,0.0,0.0,0.0,0.0,0.0,0.0,0.0,0.0,,,,,,,,,,,,0.0,,0.0,0.0,658.0,16317.08,0.02,0.0,,0.0,,0.0
2024-12-27,0.0,0.0,0.0,0.0,0.0,0.0,0.0,0.0,0.0,,,,,,,,,,,,0.0,,0.0,0.0,658.0,16186.8,0.02,0.0,,0.0,,0.0
2024-12-30,0.0,0.0,0.0,0.0,0.0,0.0,0.0,0.0,0.0,,,,,,,,,,,,0.0,,0.0,0.0,658.0,16132.84,0.02,0.0,,0.0,,0.0
2024-12-31,0.0,0.0,0.0,0.0,0.0,0.0,0.0,0.0,0.0,,,,,,,,,,,,0.0,,0.0,0.0,658.0,16284.18,0.02,0.0,,0.0,,0.0
2025-01-01,0.0,0.0,0.0,0.0,0.0,0.0,0.0,0.0,0.0,,,,,,,,,,,,0.0,,0.0,0.0,658.0,16284.18,0.02,0.0,,0.0,,0.0
2025-01-02,0.0,0.0,0.0,0.0,0.0,0.0,0.0,0.0,0.0,,,,,,,,,,,,0.0,,0.0,0.0,658.0,16196.67,0.02,0.0,,0.0,,0.0
2025-01-03,0.0,0.0,0.0,0.0,0.0,0.0,0.0,0.0,0.0,,,,,,,,,,,,0.0,,0.0,0.0,658.0,16255.23,0.02,0.0,,0.0,,0.0
2025-01-06,0.0,0.0,0.0,0.0,0.0,0.0,0.0,0.0,0.0,,,,,,,,,,,,0.0,,0.0,0.0,658.0,16242.73,0.02,0.0,,0.0,,0.0
2025-01-07,0.0,0.0,0.0,0.0,0.0,0.0,0.0,0.0,0.0,,,,,,,,,,,,0.0,,0.0,0.0,658.0,16189.43,0.02,0.0,,0.0,,0.0
2025-01-08,0.0,0.0,0.0,0.0,0.0,0.0,0.0,0.0,0.0,,,,,,,,,,,,0.0,,0.0,0.0,658.0,16059.15,0.02,0.0,,0.0,,0.0
2025-01-09,0.0,0.0,0.0,0.0,0.0,0.0,0.0,0.0,0.0,,,,,,,,,,,,0.0,,0.0,0.0,658.0,16022.3,0.02,0.0,,0.0,,0.0
2025-01-10,0.0,0.0,0.0,0.0,0.0,0.0,0.0,0.0,0.0,,,,,,,,,,,,0.0,,0.0,0.0,658.0,15876.22,0.02,0.0,,0.0,,0.0
2025-01-13,0.0,0.0,0.0,0.0,0.0,0.0,0.0,0.0,0.0,,,,,,,,,,,,0.0,,0.0,0.0,658.0,15747.91,0.02,0.0,,0.0,,0.0
2025-01-14,0.0,0.0,0.0,0.0,0.0,0.0,0.0,0.0,0.0,,,,,,,,,,,,0.0,,0.0,0.0,658.0,15969.66,0.02,0.0,,0.0,,0.0
2025-01-15,0.0,0.0,0.0,0.0,0.0,0.0,0.0,0.0,0.0,,,,,,,,,,,,0.0,,0.0,0.0,658.0,16007.17,0.02,0.0,,0.0,,0.0
2025-01-16,0.0,0.0,0.0,0.0,0.0,0.0,0.0,0.0,0.0,,,,,,,,,,,,0.0,,0.0,0.0,658.0,16053.88,0.02,0.0,,0.0,,0.0
2025-01-17,0.0,0.0,0.0,0.0,0.0,0.0,0.0,0.0,0.0,,,,,,,,,,,,0.0,,0.0,0.0,658.0,16343.4,0.02,0.0,,0.0,,0.0
2025-01-20,0.0,0.0,0.0,0.0,0.0,0.0,0.0,0.0,0.0,,,,,,,,,,,,0.0,,0.0,0.0,658.0,16425.65,0.02,0.0,,0.0,,0.0
2025-01-21,0.0,0.0,0.0,0.0,0.0,0.0,0.0,0.0,0.0,,,,,,,,,,,,0.0,,0.0,0.0,658.0,16163.11,0.02,0.0,,0.0,,0.0
2025-01-22,0.0,0.0,0.0,0.0,0.0,0.0,0.0,0.0,0.0,,,,,,,,,,,,0.0,,0.0,0.0,658.0,16236.81,0.02,0.0,,0.0,,0.0
2025-01-23,0.0,0.0,0.0,0.0,0.0,0.0,0.0,0.0,0.0,,,,,,,,,,,,0.0,,0.0,0.0,658.0,16118.37,0.02,0.0,,0.0,,0.0
2025-01-24,0.0,0.0,0.0,0.0,0.0,0.0,0.0,0.0,0.0,,,,,,,,,,,,0.0,,0.0,0.0,658.0,16217.73,0.02,0.0,,0.0,,0.0
2025-01-27,0.0,0.0,0.0,0.0,0.0,0.0,0.0,0.0,0.0,,,,,,,,,,,,0.0,,0.0,0.0,658.0,15976.24,0.02,0.0,,0.0,,0.0
2025-01-28,0.0,0.0,0.0,0.0,0.0,0.0,0.0,0.0,0.0,,,,,,,,,,,,0.0,,0.0,0.0,658.0,16234.18,0.02,0.0,,0.0,,0.0
2025-01-29,0.0,0.0,0.0,0.0,0.0,0.0,0.0,0.0,0.0,,,,,,,,,,,,0.0,,0.0,0.0,658.0,16309.19,0.02,0.0,,0.0,,0.0
2025-01-30,0.0,0.0,0.0,0.0,0.0,0.0,0.0,0.0,0.0,,,,,,,,,,,,0.0,,0.0,0.0,658.0,16581.6,0.02,0.0,,0.0,,0.0
2025-01-31,0.0,0.0,0.0,0.0,0.0,0.0,0.0,0.0,0.0,,,,,,,,,,,,0.0,,0.0,0.0,658.0,16617.13,0.02,0.0,,0.0,,0.0
2025-02-03,0.0,0.0,0.0,0.0,0.0,0.0,0.0,0.0,0.0,,,,,,,,,,,,0.0,,0.0,0.0,658.0,16556.6,0.02,0.0,,0.0,,0.0
2025-02-04,0.0,0.0,0.0,0.0,0.0,0.0,0.0,0.0,0.0,,,,,,,,,,,,0.0,,0.0,0.0,658.0,16779.0,0.02,0.0,,0.0,,0.0
2025-02-05,0.0,0.0,0.0,0.0,0.0,0.0,0.0,0.0,0.0,,,,,,,,,,,,0.0,,0.0,0.0,658.0,16552.65,0.02,0.0,,0.0,,0.0
2025-02-06,0.0,0.0,0.0,0.0,0.0,0.0,0.0,0.0,0.0,,,,,,,,,,,,0.0,,0.0,0.0,658.0,16680.3,0.02,0.0,,0.0,,0.0
2025-02-07,0.0,0.0,0.0,0.0,0.0,0.0,0.0,0.0,0.0,,,,,,,,,,,,0.0,,0.0,0.0,658.0,16844.8,0.02,0.0,,0.0,,0.0
2025-02-10,0.0,0.0,0.0,0.0,0.0,0.0,0.0,0.0,0.0,,,,,,,,,,,,0.0,,0.0,0.0,658.0,16975.74,0.02,0.0,,0.0,,0.0
2025-02-11,0.0,0.0,0.0,0.0,0.0,0.0,0.0,0.0,0.0,,,,,,,,,,,,0.0,,0.0,0.0,658.0,16908.63,0.02,0.0,,0.0,,0.0
2025-02-12,0.0,0.0,0.0,0.0,0.0,0.0,0.0,0.0,0.0,,,,,,,,,,,,0.0,,0.0,0.0,658.0,16976.4,0.02,0.0,,0.0,,0.0
2025-02-13,0.0,0.0,0.0,0.0,0.0,0.0,0.0,0.0,0.0,,,,,,,,,,,,0.0,,0.0,0.0,658.0,16886.25,0.02,0.0,,0.0,,0.0
2025-02-14,0.0,0.0,0.0,0.0,0.0,0.0,0.0,0.0,0.0,,,,,,,,,,,,0.0,,0.0,0.0,658.0,16939.55,0.02,0.0,,0.0,,0.0
2025-02-17,0.0,0.0,0.0,0.0,0.0,0.0,0.0,0.0,0.0,,,,,,,,,,,,0.0,,0.0,0.0,958.0,24946.32,0.02,0.0,,0.0,,0.0
2025-02-18,0.0,0.0,0.0,0.0,0.0,0.0,0.0,0.0,0.0,,,,,,,,,,,,0.0,,0.0,0.0,958.0,25207.85,0.03,0.0,,0.0,,0.0
2025-02-19,0.0,0.0,0.0,0.0,0.0,0.0,0.0,0.0,0.0,,,,,,,,,,,,0.0,,0.0,0.0,958.0,25044.99,0.02,0.0,,0.0,,0.0
2025-02-20,0.0,0.0,0.0,0.0,0.0,0.0,0.0,0.0,0.0,,,,,,,,,,,,0.0,,0.0,0.0,958.0,25130.26,0.02,0.0,,0.0,,0.0
2025-02-21,0.0,0.0,0.0,0.0,0.0,0.0,0.0,0.0,0.0,,,,,,,,,,,,0.0,,0.0,0.0,958.0,25584.35,0.03,0.0,,0.0,,0.0
2025-02-24,0.0,0.0,0.0,0.0,0.0,0.0,0.0,0.0,0.0,,,,,,,,,,,,0.0,,0.0,0.0,958.0,24885.01,0.02,0.0,,0.0,,0.0
2025-02-25,0.0,0.0,0.0,0.0,0.0,0.0,0.0,0.0,0.0,,,,,,,,,,,,0.0,,0.0,0.0,958.0,24933.87,0.03,0.0,,0.0,,0.0
2025-02-26,0.0,0.0,0.0,0.0,0.0,0.0,0.0,0.0,0.0,,,,,,,,,,,,0.0,,0.0,0.0,958.0,25482.8,0.03,0.0,,0.0,,0.0
2025-02-27,0.0,0.0,0.0,0.0,0.0,0.0,0.0,0.0,0.0,,,,,,,,,,,,0.0,,0.0,0.0,958.0,25478.01,0.03,0.0,,0.0,,0.0
2025-02-28,0.0,0.0,0.0,0.0,0.0,0.0,0.0,0.0,0.0,,,,,,,,,,,,0.0,,0.0,0.0,958.0,24571.74,0.03,0.0,,0.0,,0.0
2025-03-03,0.0,0.0,0.0,0.0,0.0,0.0,0.0,0.0,0.0,,,,,,,,,,,,0.0,,0.0,0.0,958.0,24504.68,0.02,0.0,,0.0,,0.0
2025-03-04,0.0,0.0,0.0,0.0,0.0,0.0,0.0,0.0,0.0,,,,,,,,,,,,0.0,,0.0,0.0,958.0,24167.47,0.02,0.0,,0.0,,0.0
2025-03-05,0.0,0.0,0.0,0.0,0.0,0.0,0.0,0.0,0.0,,,,,,,,,,,,0.0,,0.0,0.0,958.0,24318.83,0.02,0.0,,0.0,,0.0
2025-03-06,0.0,0.0,0.0,0.0,0.0,0.0,0.0,0.0,0.0,,,,,,,,,,,,0.0,,0.0,0.0,958.0,24442.41,0.02,0.0,,0.0,,0.0
2025-03-07,0.0,0.0,0.0,0.0,0.0,0.0,0.0,0.0,0.0,,,,,,,,,,,,0.0,,0.0,0.0,958.0,24377.27,0.02,0.0,,0.0,,0.0
2025-03-10,0.0,0.0,0.0,0.0,0.0,0.0,0.0,0.0,0.0,,,,,,,,,,,,0.0,,0.0,0.0,958.0,23777.56,0.02,0.0,,0.0,,0.0
2025-03-11,0.0,0.0,0.0,0.0,0.0,0.0,0.0,0.0,0.0,,,,,,,,,,,,0.0,,0.0,0.0,958.0,23787.14,0.02,0.0,,0.0,,0.0
2025-03-12,0.0,0.0,0.0,0.0,0.0,0.0,0.0,0.0,0.0,,,,,,,,,,,,0.0,,0.0,0.0,658.0,16482.9,0.02,0.0,,0.0,,0.0
2025-03-13,0.0,0.0,0.0,0.0,0.0,0.0,0.0,0.0,0.0,,,,,,,,,,,,0.0,,0.0,0.0,658.0,16450.0,0.02,0.0,,0.0,,0.0
2025-03-14,0.0,0.0,0.0,0.0,0.0,0.0,0.0,0.0,0.0,,,,,,,,,,,,0.0,,0.0,0.0,658.0,16689.51,0.02,0.0,,0.0,,0.0
2025-03-17,0.0,0.0,0.0,0.0,0.0,0.0,0.0,0.0,0.0,,,,,,,,,,,,0.0,,0.0,0.0,658.0,16849.41,0.02,0.0,,0.0,,0.0
2025-03-18,0.0,0.0,0.0,0.0,0.0,0.0,0.0,0.0,0.0,,,,,,,,,,,,0.0,,0.0,0.0,658.0,16864.54,0.02,0.0,,0.0,,0.0
2025-03-19,0.0,0.0,0.0,0.0,0.0,0.0,0.0,0.0,0.0,,,,,,,,,,,,0.0,,0.0,0.0,658.0,16873.75,0.02,0.0,,0.0,,0.0
2025-03-20,0.0,0.0,0.0,0.0,0.0,0.0,0.0,0.0,0.0,,,,,,,,,,,,0.0,,0.0,0.0,658.0,16748.73,0.02,0.0,,0.0,,0.0
2025-03-21,0.0,0.0,0.0,0.0,0.0,0.0,0.0,0.0,0.0,,,,,,,,,,,,0.0,,0.0,0.0,658.0,16764.52,0.02,0.0,,0.0,,0.0
2025-03-24,0.0,0.0,0.0,0.0,0.0,0.0,0.0,0.0,0.0,,,,,,,,,,,,0.0,,0.0,0.0,658.0,16823.74,0.02,0.0,,0.0,,0.0
2025-03-25,0.0,0.0,0.0,0.0,0.0,0.0,0.0,0.0,0.0,,,,,,,,,,,,0.0,,0.0,0.0,958.0,24436.66,0.02,0.0,,0.0,,0.0
2025-03-26,0.0,0.0,0.0,0.0,0.0,0.0,0.0,0.0,0.0,,,,,,,,,,,,0.0,,0.0,0.0,658.0,16698.72,0.02,0.0,,0.0,,0.0
2025-03-27,0.0,0.0,0.0,0.0,0.0,0.0,0.0,0.0,0.0,,,,,,,,,,,,0.0,,0.0,0.0,682.0,17484.43,0.02,0.0,,0.0,,0.0
2025-03-28,0.0,0.0,0.0,0.0,0.0,0.0,0.0,0.0,0.0,,,,,,,,,,,,0.0,,0.0,0.0,682.0,17054.09,0.02,0.0,,0.0,,0.0
2025-03-31,0.0,0.0,0.0,0.0,0.0,0.0,0.0,0.0,0.0,,,,,,,,,,,,0.0,,0.0,0.0,682.0,16932.7,0.02,0.0,,0.0,,0.0
2025-04-01,0.0,0.0,0.0,0.0,0.0,0.0,0.0,0.0,0.0,,,,,,,,,,,,0.0,,0.0,0.0,682.0,17140.02,0.02,0.0,,0.0,,0.0
2025-04-02,0.0,0.0,0.0,0.0,0.0,0.0,0.0,0.0,0.0,,,,,,,,,,,,0.0,,0.0,0.0,682.0,17009.76,0.02,0.0,,0.0,,0.0
2025-04-03,0.0,0.0,0.0,0.0,0.0,0.0,0.0,0.0,0.0,,,,,,,,,,,,0.0,,0.0,0.0,682.0,16449.84,0.02,0.0,,0.0,,0.0
2025-04-04,0.0,0.0,0.0,0.0,0.0,0.0,0.0,0.0,0.0,,,,,,,,,,,,0.0,,0.0,0.0,682.0,15635.53,0.02,0.0,,0.0,,0.0
2025-04-07,0.0,0.0,0.0,0.0,0.0,0.0,0.0,0.0,0.0,,,,,,,,,,,,0.0,,0.0,0.0,682.0,15103.57,0.02,0.0,,0.0,,0.0
2025-04-08,0.0,0.0,0.0,0.0,0.0,0.0,0.0,0.0,0.0,,,,,,,,,,,,0.0,,0.0,0.0,682.0,15261.8,0.02,0.0,,0.0,,0.0
2025-04-09,0.0,0.0,0.0,0.0,0.0,0.0,0.0,0.0,0.0,,,,,,,,,,,,0.0,,0.0,0.0,692.0,14857.24,0.01,0.0,,0.0,,0.0
2025-04-10,0.0,0.0,0.0,0.0,0.0,0.0,0.0,0.0,0.0,,,,,,,,,,,,0.0,,0.0,0.0,692.0,15457.2,0.01,0.0,,0.0,,0.0
2025-04-11,0.0,0.0,0.0,0.0,0.0,0.0,0.0,0.0,0.0,,,,,,,,,,,,0.0,,0.0,0.0,692.0,15577.61,0.01,0.0,,0.0,,0.0
2025-04-14,0.0,0.0,0.0,0.0,0.0,0.0,0.0,0.0,0.0,,,,,,,,,,,,0.0,,0.0,0.0,692.0,15836.42,0.02,0.0,,0.0,,0.0
2025-04-15,0.0,0.0,0.0,0.0,0.0,0.0,0.0,0.0,0.0,,,,,,,,,,,,0.0,,0.0,0.0,692.0,16089.0,0.02,0.0,,0.0,,0.0
2025-04-16,0.0,0.0,0.0,0.0,0.0,0.0,0.0,0.0,0.0,,,,,,,,,,,,0.0,,0.0,0.0,692.0,15799.74,0.02,0.0,,0.0,,0.0
2025-04-17,0.0,0.0,0.0,0.0,0.0,0.0,0.0,0.0,0.0,,,,,,,,,,,,0.0,,0.0,0.0,692.0,15704.25,0.02,0.0,,0.0,,0.0
2025-04-18,0.0,0.0,0.0,0.0,0.0,0.0,0.0,0.0,0.0,,,,,,,,,,,,0.0,,0.0,0.0,692.0,15704.25,0.02,0.0,,0.0,,0.0
2025-04-21,0.0,0.0,0.0,0.0,0.0,0.0,0.0,0.0,0.0,,,,,,,,,,,,0.0,,0.0,0.0,692.0,15704.25,0.02,0.0,,0.0,,0.0
2025-04-22,0.0,0.0,0.0,0.0,0.0,0.0,0.0,0.0,0.0,,,,,,,,,,,,0.0,,0.0,0.0,692.0,15707.71,0.02,0.0,,0.0,,0.0
2025-04-23,0.0,0.0,0.0,0.0,0.0,0.0,0.0,0.0,0.0,,,,,,,,,,,,0.0,,0.0,0.0,692.0,16295.22,0.02,0.0,,0.0,,0.0
2025-04-24,0.0,0.0,0.0,0.0,0.0,0.0,0.0,0.0,0.0,,,,,,,,,,,,0.0,,0.0,0.0,692.0,16265.46,0.02,0.0,,0.0,,0.0
2025-04-25,0.0,0.0,0.0,0.0,0.0,0.0,0.0,0.0,0.0,,,,,,,,,,,,0.0,,0.0,0.0,692.0,16221.17,0.02,0.0,,0.0,,0.0
2025-04-28,0.0,0.0,0.0,0.0,0.0,0.0,0.0,0.0,0.0,,,,,,,,,,,,0.0,,0.0,0.0,692.0,16234.32,0.02,0.0,,0.0,,0.0
2025-04-29,0.0,0.0,0.0,0.0,0.0,0.0,0.0,0.0,0.0,,,,,,,,,,,,0.0,,0.0,0.0,692.0,16206.64,0.02,0.0,,0.0,,0.0
2025-04-30,0.0,0.0,0.0,0.0,0.0,0.0,0.0,0.0,0.0,,,,,,,,,,,,0.0,,0.0,0.0,692.0,16372.03,0.02,0.0,,0.0,,0.0
2025-05-01,0.0,0.0,0.0,0.0,0.0,0.0,0.0,0.0,0.0,,,,,,,,,,,,0.0,,0.0,0.0,692.0,16372.03,0.02,0.0,,0.0,,0.0
2025-05-02,0.0,0.0,0.0,0.0,0.0,0.0,0.0,0.0,0.0,,,,,,,,,,,,0.0,,0.0,0.0,692.0,16940.16,0.02,0.0,,0.0,,0.0
2025-05-05,0.0,0.0,0.0,0.0,0.0,0.0,0.0,0.0,0.0,,,,,,,,,,,,0.0,,0.0,0.0,692.0,17120.08,0.02,0.0,,0.0,,0.0
2025-05-06,0.0,0.0,0.0,0.0,0.0,0.0,0.0,0.0,0.0,,,,,,,,,,,,0.0,,0.0,0.0,692.0,17175.44,0.02,0.0,,0.0,,0.0
2025-05-07,0.0,0.0,0.0,0.0,0.0,0.0,0.0,0.0,0.0,,,,,,,,,,,,0.0,,0.0,0.0,692.0,16870.96,0.02,0.0,,0.0,,0.0
2025-05-08,0.0,0.0,0.0,0.0,0.0,0.0,0.0,0.0,0.0,,,,,,,,,,,,0.0,,0.0,0.0,692.0,16864.73,0.02,0.0,,0.0,,0.0
2025-05-09,0.0,0.0,0.0,0.0,0.0,0.0,0.0,0.0,0.0,,,,,,,,,,,,0.0,,0.0,0.0,708.0,17346.0,0.02,0.0,,0.0,,0.0
2025-05-12,0.0,0.0,0.0,0.0,0.0,0.0,0.0,0.0,0.0,,,,,,,,,,,,0.0,,0.0,0.0,708.0,18037.72,0.02,0.0,,0.0,,0.0
2025-05-13,0.0,0.0,0.0,0.0,0.0,0.0,0.0,0.0,0.0,,,,,,,,,,,,0.0,,0.0,0.0,708.0,17923.73,0.02,0.0,,0.0,,0.0
2025-05-14,0.0,0.0,0.0,0.0,0.0,0.0,0.0,0.0,0.0,,,,,,,,,,,,0.0,,0.0,0.0,708.0,18005.86,0.02,0.0,,0.0,,0.0
2025-05-15,0.0,0.0,0.0,0.0,0.0,0.0,0.0,0.0,0.0,,,,,,,,,,,,0.0,,0.0,0.0,708.0,18058.96,0.02,0.0,,0.0,,0.0
2025-05-16,0.0,0.0,0.0,0.0,0.0,0.0,0.0,0.0,0.0,,,,,,,,,,,,0.0,,0.0,0.0,708.0,18090.82,0.02,0.0,,0.0,,0.0
2025-05-19,0.0,0.0,0.0,0.0,0.0,0.0,0.0,0.0,0.0,,,,,,,,,,,,0.0,,0.0,0.0,708.0,17826.02,0.02,0.0,,0.0,,0.0
2025-05-20,0.0,0.0,0.0,0.0,0.0,0.0,0.0,0.0,0.0,,,,,,,,,,,,0.0,,0.0,0.0,708.0,17820.36,0.02,0.0,,0.0,,0.0
2025-05-21,0.0,0.0,0.0,0.0,0.0,0.0,0.0,0.0,0.0,,,,,,,,,,,,0.0,,0.0,0.0,708.0,17875.58,0.02,0.0,,0.0,,0.0
2025-05-22,0.0,0.0,0.0,0.0,0.0,0.0,0.0,0.0,0.0,,,,,,,,,,,,0.0,,0.0,0.0,708.0,17775.76,0.02,0.0,,0.0,,0.0
2025-05-23,0.0,0.0,0.0,0.0,0.0,0.0,0.0,0.0,0.0,,,,,,,,,,,,0.0,,0.0,0.0,708.0,17850.8,0.02,0.0,,0.0,,0.0
2025-05-26,0.0,0.0,0.0,0.0,0.0,0.0,0.0,0.0,0.0,,,,,,,,,,,,0.0,,0.0,0.0,708.0,17692.92,0.02,0.0,,0.0,,0.0
2025-05-27,0.0,0.0,0.0,0.0,0.0,0.0,0.0,0.0,0.0,,,,,,,,,,,,0.0,,0.0,0.0,708.0,17650.44,0.02,0.0,,0.0,,0.0
2025-05-28,0.0,0.0,0.0,0.0,0.0,0.0,0.0,0.0,0.0,,,,,,,,,,,,0.0,,0.0,0.0,308.0,7712.32,0.01,0.0,,0.0,,0.0
2025-05-29,0.0,0.0,0.0,0.0,0.0,0.0,0.0,0.0,0.0,,,,,,,,,,,,0.0,,0.0,0.0,308.0,7696.92,0.01,0.0,,0.0,,0.0
2025-05-30,0.0,0.0,0.0,0.0,0.0,0.0,0.0,0.0,0.0,,,,,,,,,,,,0.0,,0.0,0.0,308.0,7600.82,0.01,0.0,,0.0,,0.0
2025-06-02,0.0,0.0,0.0,0.0,0.0,0.0,0.0,0.0,0.0,,,,,,,,,,,,0.0,,0.0,0.0,308.0,7588.81,0.01,0.0,,0.0,,0.0
2025-06-03,0.0,0.0,0.0,0.0,0.0,0.0,0.0,0.0,0.0,,,,,,,,,,,,0.0,,0.0,0.0,308.0,7612.22,0.01,0.0,,0.0,,0.0
2025-06-04,0.0,0.0,0.0,0.0,0.0,0.0,0.0,0.0,0.0,,,,,,,,,,,,0.0,,0.0,0.0,308.0,7761.6,0.01,0.0,,0.0,,0.0
2025-06-05,0.0,0.0,0.0,0.0,0.0,0.0,0.0,0.0,0.0,,,,,,,,,,,,0.0,,0.0,0.0,308.0,7803.18,0.01,0.0,,0.0,,0.0
2025-06-06,0.0,0.0,0.0,0.0,0.0,0.0,0.0,0.0,0.0,,,,,,,,,,,,0.0,,0.0,0.0,308.0,7786.86,0.01,0.0,,0.0,,0.0
2025-06-09,0.0,0.0,0.0,0.0,0.0,0.0,0.0,0.0,0.0,,,,,,,,,,,,0.0,,0.0,0.0,308.0,7903.28,0.01,0.0,,0.0,,0.0
2025-06-10,0.0,0.0,0.0,0.0,0.0,0.0,0.0,0.0,0.0,,,,,,,,,,,,0.0,,0.0,0.0,308.0,7898.04,0.01,0.0,,0.0,,0.0
2025-06-11,0.0,0.0,0.0,0.0,0.0,0.0,0.0,0.0,0.0,,,,,,,,,,,,0.0,,0.0,0.0,308.0,7992.91,0.01,0.0,,0.0,,0.0
2025-06-12,0.0,0.0,0.0,0.0,0.0,0.0,0.0,0.0,0.0,,,,,,,,,,,,0.0,,0.0,0.0,308.0,7874.02,0.01,0.0,,0.0,,0.0
2025-06-13,0.0,0.0,0.0,0.0,0.0,0.0,0.0,0.0,0.0,,,,,,,,,,,,0.0,,0.0,0.0,324.0,8187.48,0.01,0.0,,0.0,,0.0
2025-06-16,0.0,0.0,0.0,0.0,0.0,0.0,0.0,0.0,0.0,,,,,,,,,,,,0.0,,0.0,0.0,324.0,8310.6,0.01,0.0,,0.0,,0.0
2025-06-17,0.0,0.0,0.0,0.0,0.0,0.0,0.0,0.0,0.0,,,,,,,,,,,,0.0,,0.0,0.0,324.0,8246.77,0.01,0.0,,0.0,,0.0
2025-06-18,0.0,0.0,0.0,0.0,0.0,0.0,0.0,0.0,0.0,,,,,,,,,,,,0.0,,0.0,0.0,324.0,8213.4,0.01,0.0,,0.0,,0.0
2025-06-19,0.0,0.0,0.0,0.0,0.0,0.0,0.0,0.0,0.0,,,,,,,,,,,,0.0,,0.0,0.0,266.0,6626.06,0.01,0.0,,0.0,,0.0
2025-06-20,0.0,0.0,0.0,0.0,0.0,0.0,0.0,0.0,0.0,,,,,,,,,,,,0.0,,0.0,0.0,266.0,6669.68,0.01,0.0,,0.0,,0.0
2025-06-23,0.0,0.0,0.0,0.0,0.0,0.0,0.0,0.0,0.0,,,,,,,,,,,,0.0,,0.0,0.0,466.0,11743.2,0.01,0.0,,0.0,,0.0
2025-06-24,0.0,0.0,0.0,0.0,0.0,0.0,0.0,0.0,0.0,,,,,,,,,,,,0.0,,0.0,0.0,266.0,6876.1,0.01,0.0,,0.0,,0.0
2025-06-25,0.0,0.0,0.0,0.0,0.0,0.0,0.0,0.0,0.0,,,,,,,,,,,,0.0,,0.0,0.0,266.0,6880.36,0.01,0.0,,0.0,,0.0
2025-06-26,0.0,0.0,0.0,0.0,0.0,0.0,0.0,0.0,0.0,,,,,,,,,,,,0.0,,0.0,0.0,266.0,6846.57,0.01,0.0,,0.0,,0.0
2025-06-27,0.0,0.0,0.0,0.0,0.0,0.0,0.0,0.0,0.0,,,,,,,,,,,,0.0,,0.0,0.0,266.0,6882.48,0.01,0.0,,0.0,,0.0
2025-06-30,0.0,0.0,0.0,0.0,0.0,0.0,0.0,0.0,0.0,,,,,,,,,,,,0.0,,0.0,0.0,266.0,6812.79,0.01,0.0,,0.0,,0.0
2025-07-01,0.0,0.0,0.0,0.0,0.0,0.0,0.0,0.0,0.0,,,,,,,,,,,,0.0,,0.0,0.0,266.0,6836.2,0.01,0.0,,0.0,,0.0
2025-07-02,0.0,0.0,0.0,0.0,0.0,0.0,0.0,0.0,0.0,,,,,,,,,,,,0.0,,0.0,0.0,266.0,6809.6,0.01,0.0,,0.0,,0.0
2025-07-03,100.0,2585.0,0.01,0.0,0.0,2585.0,100.0,100.0,2585.0,,,100.0,,,,,,0.0,100.0,,0.0,,100.0,37.59,0.0,0.0,0.0,100.0,,1.0,100.0,0.3759
2025-07-04,100.0,2565.4,0.01,0.0,0.0,2565.4,100.0,100.0,2565.4,,,,,,,,,,,,0.0,,100.0,37.59,0.0,0.0,0.0,100.0,,1.0,100.0,0.3759
2025-07-07,227.0,5798.03,0.01,0.0,0.01,5798.03,227.0,227.0,5798.03,127.0,0.0,,,127.0,,0.0,127.0,,,,0.01,,100.0,85.34,0.0,0.0,0.0,100.0,,1.0,100.0,0.8534
2025-07-08,227.0,5844.8,0.01,0.0,0.01,5844.8,227.0,227.0,5844.8,,,,,,,,,,,,0.01,,100.0,85.34,0.0,0.0,0.0,100.0,,1.0,100.0,0.8534
2025-07-09,227.0,5808.02,0.01,0.0,0.01,5808.02,227.0,227.0,5808.02,,,,,,,,,,,,0.01,,100.0,85.34,0.0,0.0,0.0,100.0,,1.0,100.0,0.8534
2025-07-10,227.0,5864.09,0.01,0.0,0.01,5864.09,227.0,227.0,5864.09,,,,,,,,,,,,0.01,,100.0,85.34,0.0,0.0,0.0,100.0,,1.0,100.0,0.8534
2025-07-11,227.0,5880.21,0.01,0.0,0.01,5880.21,227.0,227.0,5880.21,,,,,,,,,,,,0.01,,100.0,85.34,0.0,0.0,0.0,100.0,,1.0,100.0,0.8534
2025-07-14,227.0,5895.19,0.01,0.0,0.01,5895.19,227.0,227.0,5895.19,,,,,,,,,,,,0.01,,100.0,85.34,0.0,0.0,0.0,100.0,,1.0,100.0,0.8534
2025-07-15,227.0,5976.68,0.01,0.0,0.01,5976.68,227.0,227.0,5976.68,,,,,,,,,,,,0.01,,100.0,85.34,0.0,0.0,0.0,100.0,,1.0,100.0,0.8534
2025-07-16,227.0,5962.38,0.01,0.0,0.01,5962.38,227.0,227.0,5962.38,,,,,,,,,,,,0.01,,100.0,85.34,0.0,0.0,0.0,100.0,,1.0,100.0,0.8534
2025-07-17,227.0,6067.71,0.01,0.0,0.01,6067.71,227.0,227.0,6067.71,,,,,,,,,,,,0.01,,100.0,85.34,0.0,0.0,0.0,100.0,,1.0,100.0,0.8534
2025-07-18,227.0,6033.21,0.01,0.0,0.01,6033.21,227.0,227.0,6033.21,,,,,,,,,,,,0.01,,100.0,85.34,0.0,0.0,0.0,100.0,,1.0,100.0,0.8534
2025-07-21,227.0,6060.9,0.01,0.0,0.01,6060.9,227.0,227.0,6060.9,,,,,,,,,,,,0.01,,100.0,85.34,0.0,0.0,0.0,100.0,,1.0,100.0,0.8534
2025-07-22,227.0,6028.21,0.01,0.0,0.01,6028.21,227.0,227.0,6028.21,,,,,,,,,,,,0.01,,100.0,85.34,0.0,0.0,0.0,100.0,,1.0,100.0,0.8534
2025-07-23,227.0,6080.65,0.01,0.0,0.01,6080.65,227.0,227.0,6080.65,,,,,,,,,,,,0.01,,100.0,85.34,0.0,0.0,0.0,100.0,,1.0,100.0,0.8534
2025-07-24,227.0,6072.7,0.01,0.0,0.01,6072.7,227.0,227.0,6072.7,,,,,,,,,,,,0.01,,100.0,85.34,0.0,0.0,0.0,100.0,,1.0,100.0,0.8534
2025-07-25,227.0,6022.08,0.01,0.0,0.01,6022.08,227.0,227.0,6022.08,,,,,,,,,,,,0.01,,100.0,85.34,0.0,0.0,0.0,100.0,,1.0,100.0,0.8534
2025-07-28,227.0,6073.84,0.01,0.0,0.01,6073.84,227.0,227.0,6073.84,,,,,,,,,,,,0.01,,100.0,85.34,0.0,0.0,0.0,100.0,,1.0,100.0,0.8534
2025-07-29,227.0,6106.3,0.01,0.0,0.01,6106.3,227.0,227.0,6106.3,,,,,,,,,,,,0.01,,100.0,85.34,0.0,0.0,0.0,100.0,,1.0,100.0,0.8534
2025-07-30,227.0,6129.0,0.01,0.0,0.01,0.0,227.0,0.0,6129.0,,,,,,,,,,,227.0,0.01,0.01,100.0,85.34,0.0,0.0,0.0,100.0,,1.0,100.0,0.8534
2025-07-31,0.0,0.0,0.0,0.0,0.0,0.0,0.0,0.0,0.0,,,,0.01,,227.0,,,,,,0.0,,0.0,0.0,266.0,7152.21,0.01,0.0,,0.0,,0.0
2025-08-01,0.0,0.0,0.0,0.0,0.0,0.0,0.0,0.0,0.0,,,,,,,,,,,,0.0,,0.0,0.0,266.0,6958.56,0.01,0.0,,0.0,,0.0
2025-08-04,0.0,0.0,0.0,0.0,0.0,0.0,0.0,0.0,0.0,,,,,,,,,,,,0.0,,0.0,0.0,266.0,7027.72,0.01,0.0,,0.0,,0.0
2025-08-05,0.0,0.0,0.0,0.0,0.0,0.0,0.0,0.0,0.0,,,,,,,,,,,,0.0,,0.0,0.0,266.0,7060.44,0.01,0.0,,0.0,,0.0
2025-08-06,0.0,0.0,0.0,0.0,0.0,0.0,0.0,0.0,0.0,,,,,,,,,,,,0.0,,0.0,0.0,266.0,7001.12,0.01,0.0,,0.0,,0.0
2025-08-07,0.0,0.0,0.0,0.0,0.0,0.0,0.0,0.0,0.0,,,,,,,,,,,,0.0,,0.0,0.0,266.0,7082.78,0.01,0.0,,0.0,,0.0
2025-08-08,0.0,0.0,0.0,0.0,0.0,0.0,0.0,0.0,0.0,,,,,,,,,,,,0.0,,0.0,0.0,266.0,7087.57,0.01,0.0,,0.0,,0.0
2025-08-11,0.0,0.0,0.0,0.0,0.0,0.0,0.0,0.0,0.0,,,,,,,,,,,,0.0,,0.0,0.0,266.0,7102.2,0.01,0.0,,0.0,,0.0
2025-08-12,0.0,0.0,0.0,0.0,0.0,0.0,0.0,0.0,0.0,,,,,,,,,,,,0.0,,0.0,0.0,366.0,9853.82,0.01,0.0,,0.0,,0.0
2025-08-13,0.0,0.0,0.0,0.0,0.0,0.0,0.0,0.0,0.0,,,,,,,,,,,,0.0,,0.0,0.0,366.0,9969.11,0.01,0.0,,0.0,,0.0
2025-08-14,0.0,0.0,0.0,0.0,0.0,0.0,0.0,0.0,0.0,,,,,,,,,,,,0.0,,0.0,0.0,266.0,7171.63,0.01,0.0,,0.0,,0.0
2025-08-15,0.0,0.0,0.0,0.0,0.0,0.0,0.0,0.0,0.0,,,,,,,,,,,,0.0,,0.0,0.0,266.0,7151.68,0.01,0.0,,0.0,,0.0
2025-08-18,0.0,0.0,0.0,0.0,0.0,0.0,0.0,0.0,0.0,,,,,,,,,,,,0.0,,0.0,0.0,266.0,7226.95,0.01,0.0,,0.0,,0.0
2025-08-19,0.0,0.0,0.0,0.0,0.0,0.0,0.0,0.0,0.0,,,,,,,,,,,,0.0,,0.0,0.0,266.0,7196.1,0.01,0.0,,0.0,,0.0
2025-08-20,0.0,0.0,0.0,0.0,0.0,0.0,0.0,0.0,0.0,,,,,,,,,,,,0.0,,0.0,0.0,266.0,7128.8,0.01,0.0,,0.0,,0.0
2025-08-21,0.0,0.0,0.0,0.0,0.0,0.0,0.0,0.0,0.0,,,,,,,,,,,,0.0,,0.0,0.0,266.0,7144.23,0.01,0.0,,0.0,,0.0
2025-08-22,0.0,0.0,0.0,0.0,0.0,0.0,0.0,0.0,0.0,,,,,,,,,,,,0.0,,0.0,0.0,266.0,7209.4,0.01,0.0,,0.0,,0.0
2025-08-25,0.0,0.0,0.0,0.0,0.0,0.0,0.0,0.0,0.0,,,,,,,,,,,,0.0,,0.0,0.0,266.0,7270.58,0.01,0.0,,0.0,,0.0
2025-08-26,0.0,0.0,0.0,0.0,0.0,0.0,0.0,0.0,0.0,,,,,,,,,,,,0.0,,0.0,0.0,266.0,7257.54,0.01,0.0,,0.0,,0.0
2025-08-27,0.0,0.0,0.0,0.0,0.0,0.0,0.0,0.0,0.0,,,,,,,,,,,,0.0,,0.0,0.0,266.0,7181.47,0.01,0.0,,0.0,,0.0
2025-08-28,0.0,0.0,0.0,0.0,0.0,0.0,0.0,0.0,0.0,,,,,,,,,,,,0.0,,0.0,0.0,266.0,7182.0,0.01,0.0,,0.0,,0.0
