,PABW FP Equity_DX_SI_QTY,PABW FP Equity_DX_SHORT_INTEREST_VALUE,PABW FP Equity_DX_SHORT_INT_RATIO_DAYS_TO_COVER,PABW FP Equity_DX_SHORT_INTEREST_PCT_SHARES_OUT,PABW FP Equity_DX_SI_MV,PABW FP Equity_DX_BROKER_SHORT_INTEREST_VALUE,PABW FP Equity_DX_SUPPLY_SI_QTY,PABW FP Equity_DX_BROKER_SI_QTY,PABW FP Equity_DX_SUPPLY_SIDE_SHORT_INT_VAL,PABW FP Equity_DX_BROKER_SI_QTY_ADD,PABW FP Equity_DX_SUPPLY_SI_MV_DEC,PABW FP Equity_DX_SUPPLY_SI_QTY_DEC,PABW FP Equity_DX_BROKER_SI_MV_ADD,PABW FP Equity_DX_SUPPLY_SI_QTY_ADD,PABW FP Equity_DX_BROKER_SI_QTY_DEC,PABW FP Equity_DX_SUPPLY_SI_MV,PABW FP Equity_DX_BROKER_SI_MV_DEC,PABW FP Equity_DX_ACTIVE_UTILIZATION_QUANTITY,PABW FP Equity_DX_UTILIZATION_QUANTITY,PABW FP Equity_DX_ACTIVE_AVAIL_SUPPLY_QTY,PABW FP Equity_DX_ACTIVE_AVAILABILITY_VALUE,PABW FP Equity_DX_ACTIVE_AVAIL_SUPPLY_MV,PABW FP Equity_DX_ACTIVE_UTILIZATION_MV,PABW FP Equity_DX_BROKER_SI_CON_RATIO,PABW FP Equity_DX_BROKER_SI_MARKET_SHARE_1,PABW FP Equity_DX_DEMAND_SUPPLY_RATIO,PABW FP Equity_PX_LAST
2023-12-04,,,,,,,,,,,,,,,,,,,,,,,,,,,55.869
2023-12-05,,,,,,,,,,,,,,,,,,,,,,,,,,,62.102
2023-12-06,,,,,,,,,,,,,,,,,,,,,,,,,,,62.459
2023-12-07,,,,,,,,,,,,,,,,,,,,,,,,,,,62.373
2023-12-08,,,,,,,,,,,,,,,,,,,,,,,,,,,62.924
2023-12-11,,,,,,,,,,,,,,,,,,,,,,,,,,,63.092
2023-12-12,,,,,,,,,,,,,,,,,,,,,,,,,,,63.076
2023-12-13,,,,,,,,,,,,,,,,,,,,,,,,,,,63.413
2023-12-14,,,,,,,,,,,,,,,,,,,,,,,,,,,63.304
2023-12-15,,,,,,,,,,,,,,,,,,,,,,,,,,,63.878
2023-12-18,,,,,,,,,,,,,,,,,,,,,,,,,,,63.832
2023-12-19,,,,,,,,,,,,,,,,,,,,,,,,,,,63.926
2023-12-20,,,,,,,,,,,,,,,,,,,,,,,,,,,64.02
2023-12-21,,,,,,,,,,,,,,,,,,,,,,,,,,,63.608
2023-12-22,,,,,,,,,,,,,,,,,,,,,,,,,,,63.732
2023-12-27,,,,,,,,,,,,,,,,,,,,,,,,,,,63.592
2023-12-28,,,,,,,,,,,,,,,,,,,,,,,,,,,63.996
2023-12-29,,,,,,,,,,,,,,,,,,,,,,,,,,,63.735
2024-01-02,,,,,,,,,,,,,,,,,,,,,,,,,,,63.889
2024-01-03,,,,,,,,,,,,,,,,,,,,,,,,,,,63.464
2024-01-04,,,,,,,,,,,,,,,,,,,,,,,,,,,63.473
2024-01-05,,,,,,,,,,,,,,,,,,,,,,,,,,,63.305
2024-01-08,,,,,,,,,,,,,,,,,,,,,,,,,,,63.462
2024-01-09,,,,,,,,,,,,,,,,,,,,,,,,,,,64.058
2024-01-10,,,,,,,,,,,,,,,,,,,,,,,,,,,64.056
2024-01-11,,,,,,,,,,,,,,,,,,,,,,,,,,,63.862
2024-01-12,,,,,,,,,,,,,,,,,,,,,,,,,,,64.501
2024-01-15,,,,,,,,,,,,,,,,,,,,,,,,,,,64.498
2024-01-16,,,,,,,,,,,,,,,,,,,,,,,,,,,64.613
2024-01-17,,,,,,,,,,,,,,,,,,,,,,,,,,,64.16
2024-01-18,,,,,,,,,,,,,,,,,,,,,,,,,,,64.523
2024-01-19,,,,,,,,,,,,,,,,,,,,,,,,,,,64.649
2024-01-22,,,,,,,,,,,,,,,,,,,,,,,,,,,65.464
2024-01-23,,,,,,,,,,,,,,,,,,,,,,,,,,,65.541
2024-01-24,,,,,,,,,,,,,,,,,,,,,,,,,,,65.88
2024-01-25,,,,,,,,,,,,,,,,,,,,,,,,,,,66.197
2024-01-26,,,,,,,,,,,,,,,,,,,,,,,,,,,66.201
2024-01-29,,,,,,,,,,,,,,,,,,,,,,,,,,,66.443
2024-01-30,,,,,,,,,,,,,,,,,,,,,,,,,,,66.545
2024-01-31,,,,,,,,,,,,,,,,,,,,,,,,,,,66.115
2024-02-01,,,,,,,,,,,,,,,,,,,,,,,,,,,65.82
2024-02-02,,,,,,,,,,,,,,,,,,,,,,,,,,,66.831
2024-02-05,,,,,,,,,,,,,,,,,,,,,,,,,,,66.933
2024-02-06,,,,,,,,,,,,,,,,,,,,,,,,,,,67.055
2024-02-07,,,,,,,,,,,,,,,,,,,,,,,,,,,67.503
2024-02-08,,,,,,,,,,,,,,,,,,,,,,,,,,,67.422
2024-02-09,,,,,,,,,,,,,,,,,,,,,,,,,,,67.669
2024-02-12,,,,,,,,,,,,,,,,,,,,,,,,,,,68.215
2024-02-13,,,,,,,,,,,,,,,,,,,,,,,,,,,67.471
2024-02-14,,,,,,,,,,,,,,,,,,,,,,,,,,,67.587
2024-02-15,,,,,,,,,,,,,,,,,,,,,,,,,,,67.894
2024-02-16,,,,,,,,,,,,,,,,,,,,,,,,,,,68.144
2024-02-19,,,,,,,,,,,,,,,,,,,,,,,,,,,67.985
2024-02-20,,,,,,,,,,,,,,,,,,,,,,,,,,,67.379
2024-02-21,,,,,,,,,,,,,,,,,,,,,,,,,,,67.22
2024-02-22,,,,,,,,,,,,,,,,,,,,,,,,,,,68.295
2024-02-23,,,,,,,,,,,,,,,,,,,,,,,,,,,68.531
2024-02-26,,,,,,,,,,,,,,,,,,,,,,,,,,,68.38
2024-02-27,,,,,,,,,,,,,,,,,,,,,,,,,,,68.123
2024-02-28,0.0,0.0,0.0,0.0,0.0,0.0,0.0,0.0,0.0,,,,,,,0.0,,0.0,0.0,100.0,6817.3,0.01,0.0,0.0,,0.0,68.173
2024-02-29,0.0,0.0,0.0,0.0,0.0,0.0,0.0,0.0,0.0,,,,,,,0.0,,0.0,0.0,100.0,6830.8,0.01,0.0,0.0,,0.0,68.308
2024-03-01,0.0,0.0,0.0,0.0,0.0,0.0,0.0,0.0,0.0,,,,,,,0.0,,0.0,0.0,100.0,6898.9,0.01,0.0,0.0,,0.0,68.989
2024-03-04,0.0,0.0,0.0,0.0,0.0,0.0,0.0,0.0,0.0,,,,,,,0.0,,0.0,0.0,102.0,7026.07,0.01,0.0,0.0,,0.0,68.883
2024-03-05,0.0,0.0,0.0,0.0,0.0,0.0,0.0,0.0,0.0,,,,,,,0.0,,0.0,0.0,102.0,6966.91,0.01,0.0,0.0,,0.0,68.303
2024-03-06,0.0,0.0,0.0,0.0,0.0,0.0,0.0,0.0,0.0,,,,,,,0.0,,0.0,0.0,102.0,6991.9,0.01,0.0,0.0,,0.0,68.548
2024-03-07,0.0,0.0,0.0,0.0,0.0,0.0,0.0,0.0,0.0,,,,,,,0.0,,0.0,0.0,102.0,7030.86,0.01,0.0,0.0,,0.0,68.93
2024-03-08,0.0,0.0,0.0,0.0,0.0,0.0,0.0,0.0,0.0,,,,,,,0.0,,0.0,0.0,102.0,7039.53,0.01,0.0,0.0,,0.0,69.015
2024-03-11,0.0,0.0,0.0,0.0,0.0,0.0,0.0,0.0,0.0,,,,,,,0.0,,0.0,0.0,102.0,6982.0,0.01,0.0,0.0,,0.0,68.451
2024-03-12,0.0,0.0,0.0,0.0,0.0,0.0,0.0,0.0,0.0,,,,,,,0.0,,0.0,0.0,102.0,7043.92,0.01,0.0,0.0,,0.0,69.058
2024-03-13,0.0,0.0,0.0,0.0,0.0,0.0,0.0,0.0,0.0,,,,,,,0.0,,0.0,0.0,102.0,7033.21,0.01,0.0,0.0,,0.0,68.953
2024-03-14,0.0,0.0,0.0,0.0,0.0,0.0,0.0,0.0,0.0,,,,,,,0.0,,0.0,0.0,102.0,7043.1,0.01,0.0,0.0,,0.0,69.05
2024-03-15,0.0,0.0,0.0,0.0,0.0,0.0,0.0,0.0,0.0,,,,,,,0.0,,0.0,0.0,102.0,6989.35,0.01,0.0,0.0,,0.0,68.523
2024-03-18,0.0,0.0,0.0,0.0,0.0,0.0,0.0,0.0,0.0,,,,,,,0.0,,0.0,0.0,102.0,7041.47,0.01,0.0,0.0,,0.0,69.034
2024-03-19,0.0,0.0,0.0,0.0,0.0,0.0,0.0,0.0,0.0,,,,,,,0.0,,0.0,0.0,102.0,7044.53,0.01,0.0,0.0,,0.0,69.064
2024-03-20,0.0,0.0,0.0,0.0,0.0,0.0,0.0,0.0,0.0,,,,,,,0.0,,0.0,0.0,102.0,7071.05,0.01,0.0,0.0,,0.0,69.324
2024-03-21,0.0,0.0,0.0,0.0,0.0,0.0,0.0,0.0,0.0,,,,,,,0.0,,0.0,0.0,102.0,7172.84,0.01,0.0,0.0,,0.0,70.322
2024-03-22,0.0,0.0,0.0,0.0,0.0,0.0,0.0,0.0,0.0,,,,,,,0.0,,0.0,0.0,102.0,7154.79,0.01,0.0,0.0,,0.0,70.145
2024-03-25,0.0,0.0,0.0,0.0,0.0,0.0,0.0,0.0,0.0,,,,,,,0.0,,0.0,0.0,102.0,7123.99,0.01,0.0,0.0,,0.0,69.843
2024-03-26,0.0,0.0,0.0,0.0,0.0,0.0,0.0,0.0,0.0,,,,,,,0.0,,0.0,0.0,102.0,7134.49,0.01,0.0,0.0,,0.0,69.946
2024-03-27,0.0,0.0,0.0,0.0,0.0,0.0,0.0,0.0,0.0,,,,,,,0.0,,0.0,0.0,102.0,7125.92,0.01,0.0,0.0,,0.0,69.862
2024-03-28,0.0,0.0,0.0,0.0,0.0,0.0,0.0,0.0,0.0,,,,,,,0.0,,0.0,0.0,102.0,7167.44,0.01,0.0,0.0,,0.0,70.269
2024-03-29,0.0,0.0,0.0,0.0,0.0,0.0,0.0,0.0,0.0,,,,,,,0.0,,0.0,0.0,102.0,7167.44,0.01,0.0,0.0,,0.0,
2024-04-01,0.0,0.0,0.0,0.0,0.0,0.0,0.0,0.0,0.0,,,,,,,0.0,,0.0,0.0,102.0,7167.44,0.01,0.0,0.0,,0.0,
2024-04-02,0.0,0.0,0.0,0.0,0.0,0.0,0.0,0.0,0.0,,,,,,,0.0,,0.0,0.0,102.0,7089.31,0.01,0.0,0.0,,0.0,69.503
2024-04-03,0.0,0.0,0.0,0.0,0.0,0.0,0.0,0.0,0.0,,,,,,,0.0,,0.0,0.0,102.0,7101.04,0.01,0.0,0.0,,0.0,69.618
2024-04-04,0.0,0.0,0.0,0.0,0.0,0.0,0.0,0.0,0.0,,,,,,,0.0,,0.0,0.0,104.0,7238.5,0.01,0.0,0.0,,0.0,69.601
2024-04-05,0.0,0.0,0.0,0.0,0.0,0.0,0.0,0.0,0.0,,,,,,,0.0,,0.0,0.0,104.0,7193.37,0.01,0.0,0.0,,0.0,69.167
2024-04-08,0.0,0.0,0.0,0.0,0.0,0.0,0.0,0.0,0.0,,,,,,,0.0,,0.0,0.0,104.0,7204.29,0.01,0.0,0.0,,0.0,69.272
2024-04-09,0.0,0.0,0.0,0.0,0.0,0.0,0.0,0.0,0.0,,,,,,,0.0,,0.0,0.0,104.0,7174.13,0.01,0.0,0.0,,0.0,68.982
2024-04-10,0.0,0.0,0.0,0.0,0.0,0.0,0.0,0.0,0.0,,,,,,,0.0,,0.0,0.0,104.0,7206.37,0.01,0.0,0.0,,0.0,69.292
2024-04-11,0.0,0.0,0.0,0.0,0.0,0.0,0.0,0.0,0.0,,,,,,,0.0,,0.0,0.0,104.0,7205.12,0.01,0.0,0.0,,0.0,69.28
2024-04-12,0.0,0.0,0.0,0.0,0.0,0.0,0.0,0.0,0.0,,,,,,,0.0,,0.0,0.0,104.0,7241.0,0.01,0.0,0.0,,0.0,69.625
2024-04-15,0.0,0.0,0.0,0.0,0.0,0.0,0.0,0.0,0.0,,,,,,,0.0,,0.0,0.0,104.0,7226.44,0.01,0.0,0.0,,0.0,69.485
2024-04-16,0.0,0.0,0.0,0.0,0.0,0.0,0.0,0.0,0.0,,,,,,,0.0,,0.0,0.0,104.0,7114.43,0.01,0.0,0.0,,0.0,68.408
2024-04-17,0.0,0.0,0.0,0.0,0.0,0.0,0.0,0.0,0.0,,,,,,,0.0,,0.0,0.0,104.0,7085.83,0.01,0.0,0.0,,0.0,68.133
2024-04-18,0.0,0.0,0.0,0.0,0.0,0.0,0.0,0.0,0.0,,,,,,,0.0,,0.0,0.0,104.0,7096.23,0.01,0.0,0.0,,0.0,68.233
2024-04-19,0.0,0.0,0.0,0.0,0.0,0.0,0.0,0.0,0.0,,,,,,,0.0,,0.0,0.0,104.0,7004.4,0.01,0.0,0.0,,0.0,67.35
2024-04-22,0.0,0.0,0.0,0.0,0.0,0.0,0.0,0.0,0.0,,,,,,,0.0,,0.0,0.0,104.0,7014.07,0.01,0.0,0.0,,0.0,67.443
2024-04-23,0.0,0.0,0.0,0.0,0.0,0.0,0.0,0.0,0.0,,,,,,,0.0,,0.0,0.0,104.0,7092.8,0.01,0.0,0.0,,0.0,68.2
2024-04-24,0.0,0.0,0.0,0.0,0.0,0.0,0.0,0.0,0.0,,,,,,,0.0,,0.0,0.0,104.0,7093.53,0.01,0.0,0.0,,0.0,68.207
2024-04-25,0.0,0.0,0.0,0.0,0.0,0.0,0.0,0.0,0.0,,,,,,,0.0,,0.0,0.0,104.0,7006.79,0.01,0.0,0.0,,0.0,67.373
2024-04-26,0.0,0.0,0.0,0.0,0.0,0.0,0.0,0.0,0.0,,,,,,,0.0,,0.0,0.0,104.0,7161.34,0.01,0.0,0.0,,0.0,68.859
2024-04-29,0.0,0.0,0.0,0.0,0.0,0.0,0.0,0.0,0.0,,,,,,,0.0,,0.0,0.0,104.0,7131.7,0.01,0.0,0.0,,0.0,68.574
2024-04-30,400.0,27315.6,0.19,0.01,0.03,13657.8,200.0,200.0,13657.8,200.0,,,0.01,200.0,,0.01,,100.0,65.79,0.0,0.0,0.0,100.0,1.0,100.0,1.3158,68.289
2024-05-01,400.0,27315.6,0.19,0.01,0.03,13657.8,200.0,200.0,13657.8,,,,,,,0.01,,100.0,65.79,0.0,0.0,0.0,100.0,1.0,100.0,1.3158,
2024-05-02,400.0,27224.8,0.19,0.01,0.03,13612.4,200.0,200.0,13612.4,,,,,,,0.01,,100.0,65.79,0.0,0.0,0.0,100.0,1.0,100.0,1.3158,68.062
2024-05-03,0.0,0.0,0.0,0.0,0.0,0.0,0.0,0.0,0.0,,0.01,200.0,,,200.0,0.0,0.01,0.0,0.0,209.0,14387.35,0.01,0.0,0.0,,0.0,68.839
2024-05-06,0.0,0.0,0.0,0.0,0.0,0.0,0.0,0.0,0.0,,,,,,,0.0,,0.0,0.0,109.0,7550.54,0.01,0.0,0.0,,0.0,69.271
2024-05-07,0.0,0.0,0.0,0.0,0.0,0.0,0.0,0.0,0.0,,,,,,,0.0,,0.0,0.0,109.0,7617.9,0.01,0.0,0.0,,0.0,69.889
2024-05-08,0.0,0.0,0.0,0.0,0.0,0.0,0.0,0.0,0.0,,,,,,,0.0,,0.0,0.0,109.0,7613.11,0.01,0.0,0.0,,0.0,69.845
2024-05-09,0.0,0.0,0.0,0.0,0.0,0.0,0.0,0.0,0.0,,,,,,,0.0,,0.0,0.0,209.0,14632.3,0.01,0.0,0.0,,0.0,70.011
2024-05-10,0.0,0.0,0.0,0.0,0.0,0.0,0.0,0.0,0.0,,,,,,,0.0,,0.0,0.0,209.0,14691.45,0.01,0.0,0.0,,0.0,70.294
2024-05-13,0.0,0.0,0.0,0.0,0.0,0.0,0.0,0.0,0.0,,,,,,,0.0,,0.0,0.0,109.0,7649.73,0.01,0.0,0.0,,0.0,70.181
2024-05-14,0.0,0.0,0.0,0.0,0.0,0.0,0.0,0.0,0.0,,,,,,,0.0,,0.0,0.0,109.0,7652.67,0.01,0.0,0.0,,0.0,70.208
2024-05-15,0.0,0.0,0.0,0.0,0.0,0.0,0.0,0.0,0.0,,,,,,,0.0,,0.0,0.0,109.0,7721.23,0.01,0.0,0.0,,0.0,70.837
2024-05-16,0.0,0.0,0.0,0.0,0.0,0.0,0.0,0.0,0.0,,,,,,,0.0,,0.0,0.0,109.0,7740.74,0.01,0.0,0.0,,0.0,71.016
2024-05-17,0.0,0.0,0.0,0.0,0.0,0.0,0.0,0.0,0.0,,,,,,,0.0,,0.0,0.0,109.0,7704.12,0.01,0.0,0.0,,0.0,70.68
2024-05-20,0.0,0.0,0.0,0.0,0.0,0.0,0.0,0.0,0.0,,,,,,,0.0,,0.0,0.0,109.0,7744.89,0.01,0.0,0.0,,0.0,71.054
2024-05-21,0.0,0.0,0.0,0.0,0.0,0.0,0.0,0.0,0.0,,,,,,,0.0,,0.0,0.0,109.0,7744.89,0.01,0.0,0.0,,0.0,71.054
2024-05-22,0.0,0.0,0.0,0.0,0.0,0.0,0.0,0.0,0.0,,,,,,,0.0,,0.0,0.0,109.0,7765.16,0.01,0.0,0.0,,0.0,71.24
2024-05-23,0.0,0.0,0.0,0.0,0.0,0.0,0.0,0.0,0.0,,,,,,,0.0,,0.0,0.0,109.0,7753.06,0.01,0.0,0.0,,0.0,71.129
2024-05-24,0.0,0.0,0.0,0.0,0.0,0.0,0.0,0.0,0.0,,,,,,,0.0,,0.0,0.0,109.0,7749.9,0.01,0.0,0.0,,0.0,71.1
2024-05-27,0.0,0.0,0.0,0.0,0.0,0.0,0.0,0.0,0.0,,,,,,,0.0,,0.0,0.0,109.0,7767.56,0.01,0.0,0.0,,0.0,71.262
2024-05-28,0.0,0.0,0.0,0.0,0.0,0.0,0.0,0.0,0.0,,,,,,,0.0,,0.0,0.0,109.0,7713.82,0.01,0.0,0.0,,0.0,70.769
2024-05-29,0.0,0.0,0.0,0.0,0.0,0.0,0.0,0.0,0.0,,,,,,,0.0,,0.0,0.0,109.0,7681.01,0.01,0.0,0.0,,0.0,70.468
2024-05-30,0.0,0.0,0.0,0.0,0.0,0.0,0.0,0.0,0.0,,,,,,,0.0,,0.0,0.0,109.0,7676.43,0.01,0.0,0.0,,0.0,70.426
2024-05-31,0.0,0.0,0.0,0.0,0.0,0.0,0.0,0.0,0.0,,,,,,,0.0,,0.0,0.0,111.0,7762.79,0.01,0.0,0.0,,0.0,69.935
2024-06-03,0.0,0.0,0.0,0.0,0.0,0.0,0.0,0.0,0.0,,,,,,,0.0,,0.0,0.0,111.0,7795.09,0.01,0.0,0.0,,0.0,70.226
2024-06-04,0.0,0.0,0.0,0.0,0.0,0.0,0.0,0.0,0.0,,,,,,,0.0,,0.0,0.0,111.0,7789.09,0.01,0.0,0.0,,0.0,70.172
2024-06-05,0.0,0.0,0.0,0.0,0.0,0.0,0.0,0.0,0.0,,,,,,,0.0,,0.0,0.0,111.0,7895.87,0.01,0.0,0.0,,0.0,71.134
2024-06-06,0.0,0.0,0.0,0.0,0.0,0.0,0.0,0.0,0.0,,,,,,,0.0,,0.0,0.0,111.0,7910.75,0.01,0.0,0.0,,0.0,71.268
2024-06-07,0.0,0.0,0.0,0.0,0.0,0.0,0.0,0.0,0.0,,,,,,,0.0,,0.0,0.0,113.0,8103.57,0.01,0.0,0.0,,0.0,71.713
2024-06-10,0.0,0.0,0.0,0.0,0.0,0.0,0.0,0.0,0.0,,,,,,,0.0,,0.0,0.0,113.0,8126.51,0.01,0.0,0.0,,0.0,71.916
2024-06-11,0.0,0.0,0.0,0.0,0.0,0.0,0.0,0.0,0.0,,,,,,,0.0,,0.0,0.0,113.0,8116.23,0.01,0.0,0.0,,0.0,71.825
2024-06-12,0.0,0.0,0.0,0.0,0.0,0.0,0.0,0.0,0.0,,,,,,,0.0,,0.0,0.0,113.0,8198.6,0.01,0.0,0.0,,0.0,72.554
2024-06-13,0.0,0.0,0.0,0.0,0.0,0.0,0.0,0.0,0.0,,,,,,,0.0,,0.0,0.0,113.0,8181.77,0.01,0.0,0.0,,0.0,72.405
2024-06-14,0.0,0.0,0.0,0.0,0.0,0.0,0.0,0.0,0.0,,,,,,,0.0,,0.0,0.0,113.0,8226.4,0.01,0.0,0.0,,0.0,72.8
2024-06-17,0.0,0.0,0.0,0.0,0.0,0.0,0.0,0.0,0.0,,,,,,,0.0,,0.0,0.0,113.0,8217.59,0.01,0.0,0.0,,0.0,72.722
2024-06-18,0.0,0.0,0.0,0.0,0.0,0.0,0.0,0.0,0.0,,,,,,,0.0,,0.0,0.0,113.0,8271.04,0.01,0.0,0.0,,0.0,73.195
2024-06-19,0.0,0.0,0.0,0.0,0.0,0.0,0.0,0.0,0.0,,,,,,,0.0,,0.0,0.0,113.0,8265.16,0.01,0.0,0.0,,0.0,73.143
2024-06-20,0.0,0.0,0.0,0.0,0.0,0.0,0.0,0.0,0.0,,,,,,,0.0,,0.0,0.0,113.0,8303.81,0.01,0.0,0.0,,0.0,73.485
2024-06-21,0.0,0.0,0.0,0.0,0.0,0.0,0.0,0.0,0.0,,,,,,,0.0,,0.0,0.0,113.0,8277.82,0.01,0.0,0.0,,0.0,73.255
2024-06-24,0.0,0.0,0.0,0.0,0.0,0.0,0.0,0.0,0.0,,,,,,,0.0,,0.0,0.0,113.0,8269.91,0.01,0.0,0.0,,0.0,73.185
2024-06-25,0.0,0.0,0.0,0.0,0.0,0.0,0.0,0.0,0.0,,,,,,,0.0,,0.0,0.0,113.0,8256.01,0.01,0.0,0.0,,0.0,73.062
2024-06-26,0.0,0.0,0.0,0.0,0.0,0.0,0.0,0.0,0.0,,,,,,,0.0,,0.0,0.0,113.0,8267.53,0.01,0.0,0.0,,0.0,73.164
2024-06-27,0.0,0.0,0.0,0.0,0.0,0.0,0.0,0.0,0.0,,,,,,,0.0,,0.0,0.0,113.0,8269.91,0.01,0.0,0.0,,0.0,73.185
2024-06-28,0.0,0.0,0.0,0.0,0.0,0.0,0.0,0.0,0.0,,,,,,,0.0,,0.0,0.0,113.0,8278.72,0.01,0.0,0.0,,0.0,73.263
2024-07-01,0.0,0.0,0.0,0.0,0.0,0.0,0.0,0.0,0.0,,,,,,,0.0,,0.0,0.0,113.0,8242.45,0.01,0.0,0.0,,0.0,72.942
2024-07-02,0.0,0.0,0.0,0.0,0.0,0.0,0.0,0.0,0.0,,,,,,,0.0,,0.0,0.0,113.0,8240.98,0.01,0.0,0.0,,0.0,72.929
2024-07-03,0.0,0.0,0.0,0.0,0.0,0.0,0.0,0.0,0.0,,,,,,,0.0,,0.0,0.0,114.0,8354.49,0.01,0.0,0.0,,0.0,73.285
2024-07-04,0.0,0.0,0.0,0.0,0.0,0.0,0.0,0.0,0.0,,,,,,,0.0,,0.0,0.0,114.0,8368.51,0.01,0.0,0.0,,0.0,73.408
2024-07-05,0.0,0.0,0.0,0.0,0.0,0.0,0.0,0.0,0.0,,,,,,,0.0,,0.0,0.0,114.0,8372.96,0.01,0.0,0.0,,0.0,73.447
2024-07-08,0.0,0.0,0.0,0.0,0.0,0.0,0.0,0.0,0.0,,,,,,,0.0,,0.0,0.0,114.0,8399.86,0.01,0.0,0.0,,0.0,73.683
2024-07-09,0.0,0.0,0.0,0.0,0.0,0.0,0.0,0.0,0.0,,,,,,,0.0,,0.0,0.0,115.0,8481.25,0.01,0.0,0.0,,0.0,73.75
2024-07-10,0.0,0.0,0.0,0.0,0.0,0.0,0.0,0.0,0.0,,,,,,,0.0,,0.0,0.0,115.0,8534.27,0.01,0.0,0.0,,0.0,74.211
2024-07-11,0.0,0.0,0.0,0.0,0.0,0.0,0.0,0.0,0.0,,,,,,,0.0,,0.0,0.0,115.0,8528.17,0.01,0.0,0.0,,0.0,74.158
2024-07-12,0.0,0.0,0.0,0.0,0.0,0.0,0.0,0.0,0.0,,,,,,,0.0,,0.0,0.0,115.0,8590.84,0.01,0.0,0.0,,0.0,74.703
2024-07-15,0.0,0.0,0.0,0.0,0.0,0.0,0.0,0.0,0.0,,,,,,,0.0,,0.0,0.0,115.0,8575.44,0.01,0.0,0.0,,0.0,74.569
2024-07-16,0.0,0.0,0.0,0.0,0.0,0.0,0.0,0.0,0.0,,,,,,,0.0,,0.0,0.0,115.0,8592.34,0.01,0.0,0.0,,0.0,74.716
2024-07-17,0.0,0.0,0.0,0.0,0.0,0.0,0.0,0.0,0.0,,,,,,,0.0,,0.0,0.0,115.0,8500.69,0.01,0.0,0.0,,0.0,73.919
2024-07-18,0.0,0.0,0.0,0.0,0.0,0.0,0.0,0.0,0.0,,,,,,,0.0,,0.0,0.0,115.0,8424.09,0.01,0.0,0.0,,0.0,73.253
2024-07-19,0.0,0.0,0.0,0.0,0.0,0.0,0.0,0.0,0.0,,,,,,,0.0,,0.0,0.0,115.0,8387.64,0.01,0.0,0.0,,0.0,72.936
2024-07-22,57.0,4175.65,0.02,0.0,0.0,0.0,57.0,0.0,4175.65,,,,,57.0,,0.0,,100.0,33.14,0.0,0.0,0.0,100.0,1.0,100.0,0.3314,73.257
2024-07-23,57.0,4219.88,0.02,0.0,0.0,0.0,57.0,0.0,4219.88,,,,,,,0.0,,100.0,33.14,0.0,0.0,0.0,100.0,1.0,100.0,0.3314,74.033
2024-07-24,57.0,4149.2,0.02,0.0,0.0,0.0,57.0,0.0,4149.2,,,,,,,0.0,,100.0,33.14,0.0,0.0,0.0,100.0,1.0,100.0,0.3314,72.793
2024-07-25,57.0,4124.81,0.02,0.0,0.0,0.0,57.0,0.0,4124.81,,,,,,,0.0,,100.0,33.14,0.0,0.0,0.0,100.0,1.0,100.0,0.3314,72.365
2024-07-26,57.0,4139.68,0.02,0.0,0.0,0.0,57.0,0.0,4139.68,,,,,,,0.0,,100.0,33.14,0.0,0.0,0.0,100.0,1.0,100.0,0.3314,72.626
2024-07-29,57.0,4136.6,0.02,0.0,0.0,0.0,57.0,0.0,4136.6,,,,,,,0.0,,100.0,33.14,0.0,0.0,0.0,100.0,1.0,100.0,0.3314,72.572
2024-07-30,0.0,0.0,0.0,0.0,0.0,0.0,0.0,0.0,0.0,,0.0,57.0,,,,0.0,,0.0,0.0,115.0,8371.66,0.01,0.0,0.0,,0.0,72.797
2024-07-31,0.0,0.0,0.0,0.0,0.0,0.0,0.0,0.0,0.0,,,,,,,0.0,,0.0,0.0,115.0,8504.94,0.01,0.0,0.0,,0.0,73.956
2024-08-01,0.0,0.0,0.0,0.0,0.0,0.0,0.0,0.0,0.0,,,,,,,0.0,,0.0,0.0,117.0,8553.64,0.01,0.0,0.0,,0.0,73.108
2024-08-02,0.0,0.0,0.0,0.0,0.0,0.0,0.0,0.0,0.0,,,,,,,0.0,,0.0,0.0,117.0,8257.86,0.01,0.0,0.0,,0.0,70.58
2024-08-05,0.0,0.0,0.0,0.0,0.0,0.0,0.0,0.0,0.0,,,,,,,0.0,,0.0,0.0,117.0,8053.11,0.01,0.0,0.0,,0.0,68.83
2024-08-06,0.0,0.0,0.0,0.0,0.0,0.0,0.0,0.0,0.0,,,,,,,0.0,,0.0,0.0,117.0,8106.23,0.01,0.0,0.0,,0.0,69.284
2024-08-07,0.0,0.0,0.0,0.0,0.0,0.0,0.0,0.0,0.0,,,,,,,0.0,,0.0,0.0,317.0,22294.29,0.02,0.0,0.0,,0.0,70.329
2024-08-08,0.0,0.0,0.0,0.0,0.0,0.0,0.0,0.0,0.0,,,,,,,0.0,,0.0,0.0,118.0,8301.06,0.01,0.0,0.0,,0.0,70.348
2024-08-09,0.0,0.0,0.0,0.0,0.0,0.0,0.0,0.0,0.0,,,,,,,0.0,,0.0,0.0,118.0,8335.17,0.01,0.0,0.0,,0.0,70.637
2024-08-12,0.0,0.0,0.0,0.0,0.0,0.0,0.0,0.0,0.0,,,,,,,0.0,,0.0,0.0,118.0,8349.09,0.01,0.0,0.0,,0.0,70.755
2024-08-13,0.0,0.0,0.0,0.0,0.0,0.0,0.0,0.0,0.0,,,,,,,0.0,,0.0,0.0,118.0,8444.55,0.01,0.0,0.0,,0.0,71.564
2024-08-14,0.0,0.0,0.0,0.0,0.0,0.0,0.0,0.0,0.0,,,,,,,0.0,,0.0,0.0,118.0,8480.9,0.01,0.0,0.0,,0.0,71.872
2024-08-15,0.0,0.0,0.0,0.0,0.0,0.0,0.0,0.0,0.0,,,,,,,0.0,,0.0,0.0,118.0,8611.4,0.01,0.0,0.0,,0.0,72.978
2024-08-16,0.0,0.0,0.0,0.0,0.0,0.0,0.0,0.0,0.0,,,,,,,0.0,,0.0,0.0,118.0,8623.68,0.01,0.0,0.0,,0.0,73.082
2024-08-19,0.0,0.0,0.0,0.0,0.0,0.0,0.0,0.0,0.0,,,,,,,0.0,,0.0,0.0,118.0,8652.7,0.01,0.0,0.0,,0.0,73.328
2024-08-20,0.0,0.0,0.0,0.0,0.0,0.0,0.0,0.0,0.0,,,,,,,0.0,,0.0,0.0,118.0,8644.09,0.01,0.0,0.0,,0.0,73.255
2024-08-21,0.0,0.0,0.0,0.0,0.0,0.0,0.0,0.0,0.0,,,,,,,0.0,,0.0,0.0,118.0,8654.95,0.01,0.0,0.0,,0.0,73.347
2024-08-22,0.0,0.0,0.0,0.0,0.0,0.0,0.0,0.0,0.0,,,,,,,0.0,,0.0,0.0,118.0,8667.34,0.01,0.0,0.0,,0.0,73.452
2024-08-23,200.0,14717.8,0.11,0.0,0.01,0.0,200.0,0.0,14717.8,,,,,200.0,,0.01,,100.0,62.89,0.0,0.0,0.0,100.0,1.0,100.0,0.6289,73.589
2024-08-26,200.0,14672.2,0.12,0.0,0.01,0.0,200.0,0.0,14672.2,,,,,,,0.01,,100.0,62.89,0.0,0.0,0.0,100.0,1.0,100.0,0.6289,73.361
2024-08-27,200.0,14697.2,0.12,0.0,0.01,0.0,200.0,0.0,14697.2,,,,,,,0.01,,100.0,62.89,0.0,0.0,0.0,100.0,1.0,100.0,0.6289,73.486
2024-08-28,136.0,9981.31,0.08,0.0,0.01,0.0,136.0,0.0,9981.31,,0.0,64.0,,,,0.01,,100.0,53.54,0.0,0.0,0.0,100.0,1.0,100.0,0.5354,73.392
2024-08-29,72.0,5349.96,0.04,0.0,0.01,0.0,72.0,0.0,5349.96,,0.0,64.0,,,,0.01,,100.0,37.89,0.0,0.0,0.0,100.0,1.0,100.0,0.3789,74.305
2024-08-30,72.0,5341.97,0.04,0.0,0.01,0.0,72.0,0.0,5341.97,,,,,,,0.01,,100.0,37.89,0.0,0.0,0.0,100.0,1.0,100.0,0.3789,74.194
2024-09-02,72.0,5365.58,0.03,0.0,0.01,0.0,72.0,0.0,5365.58,,,,,,,0.01,,100.0,37.31,0.0,0.0,0.0,100.0,1.0,100.0,0.3731,74.522
2024-09-03,72.0,5322.53,0.03,0.0,0.01,0.0,72.0,0.0,5322.53,,,,,,,0.01,,100.0,37.31,0.0,0.0,0.0,100.0,1.0,100.0,0.3731,73.924
2024-09-04,72.0,5240.81,0.03,0.0,0.01,0.0,72.0,0.0,5240.81,,,,,,,0.01,,100.0,37.31,0.0,0.0,0.0,100.0,1.0,100.0,0.3731,72.789
2024-09-05,64.0,4650.3,0.03,0.0,0.0,0.0,64.0,0.0,4650.3,,0.0,8.0,,,,0.0,,100.0,34.59,0.0,0.0,0.0,100.0,1.0,100.0,0.3459,72.661
2024-09-06,64.0,4599.42,0.03,0.0,0.0,0.0,64.0,0.0,4599.42,,,,,,,0.0,,100.0,34.59,0.0,0.0,0.0,100.0,1.0,100.0,0.3459,71.866
2024-09-09,64.0,4638.66,0.02,0.0,0.0,0.0,64.0,0.0,4638.66,,,,,,,0.0,,100.0,34.41,0.0,0.0,0.0,100.0,1.0,100.0,0.3441,72.479
2024-09-10,64.0,4659.07,0.02,0.0,0.0,0.0,64.0,0.0,4659.07,,,,,,,0.0,,100.0,34.41,0.0,0.0,0.0,100.0,1.0,100.0,0.3441,72.798
2024-09-11,64.0,4632.19,0.02,0.0,0.0,0.0,64.0,0.0,4632.19,,,,,,,0.0,,100.0,34.41,0.0,0.0,0.0,100.0,1.0,100.0,0.3441,72.378
2024-09-12,64.0,4726.27,0.02,0.0,0.0,0.0,64.0,0.0,4726.27,,,,,,,0.0,,100.0,34.41,0.0,0.0,0.0,100.0,1.0,100.0,0.3441,73.848
2024-09-13,64.0,4754.82,0.02,0.0,0.0,0.0,64.0,0.0,4754.82,,,,,,,0.0,,100.0,34.41,0.0,0.0,0.0,100.0,1.0,100.0,0.3441,74.294
2024-09-16,64.0,4745.22,0.02,0.0,0.0,0.0,64.0,0.0,4745.22,,,,,,,0.0,,100.0,34.41,0.0,0.0,0.0,100.0,1.0,100.0,0.3441,74.144
2024-09-17,64.0,4772.1,0.02,0.0,0.0,0.0,64.0,0.0,4772.1,,,,,,,0.0,,100.0,34.41,0.0,0.0,0.0,100.0,1.0,100.0,0.3441,74.564
2024-09-18,64.0,4744.58,0.02,0.0,0.0,0.0,64.0,0.0,4744.58,,,,,,,0.0,,100.0,34.41,0.0,0.0,0.0,100.0,1.0,100.0,0.3441,74.134
2024-09-19,64.0,4809.34,0.02,0.0,0.0,0.0,64.0,0.0,4809.34,,,,,,,0.0,,100.0,34.41,0.0,0.0,0.0,100.0,1.0,100.0,0.3441,75.146
2024-09-20,64.0,4776.19,0.02,0.0,0.0,0.0,64.0,0.0,4776.19,,,,,,,0.0,,100.0,34.41,0.0,0.0,0.0,100.0,1.0,100.0,0.3441,74.628
2024-09-23,64.0,4807.1,0.02,0.0,0.0,0.0,64.0,0.0,4807.1,,,,,,,0.0,,100.0,34.41,0.0,0.0,0.0,100.0,1.0,100.0,0.3441,75.111
2024-09-24,64.0,4816.45,0.02,0.0,0.0,0.0,64.0,0.0,4816.45,,,,,,,0.0,,100.0,34.41,0.0,0.0,0.0,100.0,1.0,100.0,0.3441,75.257
2024-09-25,64.0,4822.46,0.02,0.0,0.0,0.0,64.0,0.0,4822.46,,,,,,,0.0,,100.0,34.41,0.0,0.0,0.0,100.0,1.0,100.0,0.3441,75.351
2024-09-26,64.0,4834.5,0.02,0.0,0.0,0.0,64.0,0.0,4834.5,,,,,,,0.0,,100.0,34.41,0.0,0.0,0.0,100.0,1.0,100.0,0.3441,75.539
2024-09-27,64.0,4844.1,0.02,0.0,0.0,0.0,64.0,0.0,4844.1,,,,,,,0.0,,100.0,34.41,0.0,0.0,0.0,100.0,1.0,100.0,0.3441,75.689
2024-09-30,64.0,4822.85,0.02,0.0,0.0,0.0,64.0,0.0,4822.85,,,,,,,0.0,,100.0,34.41,0.0,0.0,0.0,100.0,1.0,100.0,0.3441,75.357
2024-10-01,64.0,4819.84,0.01,0.0,0.0,0.0,64.0,0.0,4819.84,,,,,,,0.0,,100.0,34.41,0.0,0.0,0.0,100.0,1.0,100.0,0.3441,75.31
2024-10-02,64.0,4846.91,0.01,0.0,0.0,0.0,64.0,0.0,4846.91,,,,,,,0.0,,100.0,34.41,0.0,0.0,0.0,100.0,1.0,100.0,0.3441,75.733
2024-10-03,64.0,4832.96,0.01,0.0,0.0,0.0,64.0,0.0,4832.96,,,,,,,0.0,,100.0,33.68,0.0,0.0,0.0,100.0,1.0,100.0,0.3368,75.515
2024-10-04,64.0,4857.86,0.01,0.0,0.0,0.0,64.0,0.0,4857.86,,,,,,,0.0,,100.0,33.68,0.0,0.0,0.0,100.0,1.0,100.0,0.3368,75.904
2024-10-07,64.0,4855.42,0.01,0.0,0.0,0.0,64.0,0.0,4855.42,,,,,,,0.0,,100.0,33.68,0.0,0.0,0.0,100.0,1.0,100.0,0.3368,75.866
2024-10-08,64.0,4859.07,0.01,0.0,0.0,0.0,64.0,0.0,4859.07,,,,,,,0.0,,100.0,33.68,0.0,0.0,0.0,100.0,1.0,100.0,0.3368,75.923
2024-10-09,64.0,4895.36,0.01,0.0,0.0,0.0,64.0,0.0,4895.36,,,,,,,0.0,,100.0,33.51,0.0,0.0,0.0,100.0,1.0,100.0,0.3351,76.49
2024-10-10,64.0,4904.26,0.01,0.0,0.0,0.0,64.0,0.0,4904.26,,,,,,,0.0,,100.0,33.51,0.0,0.0,0.0,100.0,1.0,100.0,0.3351,76.629
2024-10-11,64.0,4922.75,0.01,0.0,0.0,0.0,64.0,0.0,4922.75,,,,,,,0.0,,100.0,33.51,0.0,0.0,0.0,100.0,1.0,100.0,0.3351,76.918
2024-10-14,64.0,4971.52,0.01,0.0,0.0,0.0,64.0,0.0,4971.52,,,,,,,0.0,,100.0,33.51,0.0,0.0,0.0,100.0,1.0,100.0,0.3351,77.68
2024-10-15,64.0,4957.12,0.01,0.0,0.0,0.0,64.0,0.0,4957.12,,,,,,,0.0,,100.0,33.51,0.0,0.0,0.0,100.0,1.0,100.0,0.3351,77.455
2024-10-16,64.0,4950.21,0.01,0.0,0.0,0.0,64.0,0.0,4950.21,,,,,,,0.0,,100.0,33.51,0.0,0.0,0.0,100.0,1.0,100.0,0.3351,77.347
2024-10-17,64.0,5002.11,0.01,0.0,0.0,0.0,64.0,0.0,5002.11,,,,,,,0.0,,100.0,35.16,0.0,0.0,0.0,100.0,1.0,100.0,0.3516,78.158
2024-10-18,64.0,4966.4,0.01,0.0,0.0,0.0,64.0,0.0,4966.4,,,,,,,0.0,,100.0,35.16,0.0,0.0,0.0,100.0,1.0,100.0,0.3516,77.6
2024-10-21,64.0,4979.84,0.02,0.0,0.0,0.0,64.0,0.0,4979.84,,,,,,,0.0,,100.0,35.16,0.0,0.0,0.0,100.0,1.0,100.0,0.3516,77.81
2024-10-22,64.0,4976.45,0.02,0.0,0.01,0.0,64.0,0.0,4976.45,,,,,,,0.01,,100.0,35.16,0.0,0.0,0.0,100.0,1.0,100.0,0.3516,77.757
2024-10-23,64.0,4964.29,0.02,0.0,0.0,0.0,64.0,0.0,4964.29,,,,,,,0.0,,100.0,100.0,0.0,0.0,0.0,100.0,1.0,100.0,1.0,77.567
2024-10-24,64.0,4947.46,0.02,0.0,0.01,0.0,64.0,0.0,4947.46,,,,,,,0.01,,100.0,100.0,0.0,0.0,0.0,100.0,1.0,100.0,1.0,77.304
2024-10-25,64.0,4973.06,0.02,0.0,0.0,0.0,64.0,0.0,4973.06,,,,,,,0.0,,100.0,100.0,0.0,0.0,0.0,100.0,1.0,100.0,1.0,77.704
2024-10-28,64.0,4966.34,0.02,0.0,0.0,0.0,64.0,0.0,4966.34,,,,,,,0.0,,100.0,100.0,0.0,0.0,0.0,100.0,1.0,100.0,1.0,77.599
2024-10-29,64.0,4982.34,0.01,0.0,0.0,0.0,64.0,0.0,4982.34,,,,,,,0.0,,100.0,100.0,0.0,0.0,0.0,100.0,1.0,100.0,1.0,77.849
2024-10-30,64.0,4958.53,0.01,0.0,0.0,0.0,64.0,0.0,4958.53,,,,,,,0.0,,100.0,100.0,0.0,0.0,0.0,100.0,1.0,100.0,1.0,77.477
2024-10-31,64.0,4866.11,0.01,0.0,0.0,0.0,64.0,0.0,4866.11,,,,,,,0.0,,100.0,100.0,0.0,0.0,0.0,100.0,1.0,100.0,1.0,76.033
2024-11-01,64.0,4891.58,0.01,0.0,0.0,0.0,64.0,0.0,4891.58,,,,,,,0.0,,100.0,100.0,0.0,0.0,0.0,100.0,1.0,100.0,1.0,76.431
2024-11-04,64.0,4865.54,0.01,0.0,0.0,0.0,64.0,0.0,4865.54,,,,,,,0.0,,100.0,100.0,0.0,0.0,0.0,100.0,1.0,100.0,1.0,76.024
2024-11-05,64.0,4869.63,0.01,0.0,0.0,0.0,64.0,0.0,4869.63,,,,,,,0.0,,100.0,100.0,0.0,0.0,0.0,100.0,1.0,100.0,1.0,76.088
2024-11-06,64.0,5021.82,0.02,0.0,0.0,0.0,64.0,0.0,5021.82,,,,,,,0.0,,100.0,100.0,0.0,0.0,0.0,100.0,1.0,100.0,1.0,78.466
2024-11-07,64.0,5049.66,0.02,0.0,0.01,0.0,64.0,0.0,5049.66,,,,,,,0.01,,100.0,100.0,0.0,0.0,0.0,100.0,1.0,100.0,1.0,78.901
2024-11-08,64.0,5092.54,0.02,0.0,0.01,0.0,64.0,0.0,5092.54,,,,,,,0.01,,100.0,100.0,0.0,0.0,0.0,100.0,1.0,100.0,1.0,79.571
2024-11-11,64.0,5135.3,0.02,0.0,0.01,0.0,64.0,0.0,5135.3,,,,,,,0.01,,100.0,100.0,0.0,0.0,0.0,100.0,1.0,100.0,1.0,80.239
2024-11-12,64.0,5119.04,0.02,0.0,0.01,0.0,64.0,0.0,5119.04,,,,,,,0.01,,100.0,100.0,0.0,0.0,0.0,100.0,1.0,100.0,1.0,79.985
2024-11-13,64.0,5127.74,0.02,0.0,0.01,0.0,64.0,0.0,5127.74,,,,,,,0.01,,100.0,100.0,0.0,0.0,0.0,100.0,1.0,100.0,1.0,80.121
2024-11-14,64.0,5124.86,0.02,0.0,0.01,0.0,64.0,0.0,5124.86,,,,,,,0.01,,100.0,100.0,0.0,0.0,0.0,100.0,1.0,100.0,1.0,80.076
2024-11-15,64.0,5064.9,0.02,0.0,0.01,0.0,64.0,0.0,5064.9,,,,,,,0.01,,100.0,100.0,0.0,0.0,0.0,100.0,1.0,100.0,1.0,79.139
2024-11-18,64.0,5065.54,0.02,0.0,0.01,0.0,64.0,0.0,5065.54,,,,,,,0.01,,100.0,100.0,0.0,0.0,0.0,100.0,1.0,100.0,1.0,79.149
2024-11-19,64.0,5072.32,0.02,0.0,0.01,0.0,64.0,0.0,5072.32,,,,,,,0.01,,100.0,100.0,0.0,0.0,0.0,100.0,1.0,100.0,1.0,79.255
2024-11-20,64.0,5069.63,0.02,0.0,0.01,0.0,64.0,0.0,5069.63,,,,,,,0.01,,100.0,100.0,0.0,0.0,0.0,100.0,1.0,100.0,1.0,79.213
2024-11-21,64.0,5139.46,0.02,0.0,0.01,0.0,64.0,0.0,5139.46,,,,,,,0.01,,100.0,100.0,0.0,0.0,0.0,100.0,1.0,100.0,1.0,80.304
2024-11-22,64.0,5193.15,0.02,0.0,0.01,0.0,64.0,0.0,5193.15,,,,,,,0.01,,100.0,100.0,0.0,0.0,0.0,100.0,1.0,100.0,1.0,81.143
2024-11-25,64.0,5194.11,0.02,0.0,0.01,0.0,64.0,0.0,5194.11,,,,,,,0.01,,100.0,100.0,0.0,0.0,0.0,100.0,1.0,100.0,1.0,81.158
2024-11-26,64.0,5199.3,0.02,0.0,0.01,0.0,64.0,0.0,5199.3,,,,,,,0.01,,100.0,100.0,0.0,0.0,0.0,100.0,1.0,100.0,1.0,81.239
2024-11-27,64.0,5150.02,0.02,0.0,0.01,0.0,64.0,0.0,5150.02,,,,,,,0.01,,100.0,100.0,0.0,0.0,0.0,100.0,1.0,100.0,1.0,80.469
2024-11-28,64.0,5178.56,0.02,0.0,0.01,0.0,64.0,0.0,5178.56,,,,,,,0.01,,100.0,100.0,0.0,0.0,0.0,100.0,1.0,100.0,1.0,80.915
2024-11-29,64.0,5197.44,0.02,0.0,0.01,0.0,64.0,0.0,5197.44,,,,,,,0.01,,100.0,100.0,0.0,0.0,0.0,100.0,1.0,100.0,1.0,81.21
2024-12-02,64.0,5245.06,0.02,0.0,0.01,0.0,64.0,0.0,5245.06,,,,,,,0.01,,100.0,100.0,0.0,0.0,0.0,100.0,1.0,100.0,1.0,81.954
2024-12-03,64.0,5228.22,0.02,0.0,0.01,0.0,64.0,0.0,5228.22,,,,,,,0.01,,100.0,100.0,0.0,0.0,0.0,100.0,1.0,100.0,1.0,81.691
2024-12-04,64.0,5257.22,0.02,0.0,0.01,0.0,64.0,0.0,5257.22,,,,,,,0.01,,100.0,100.0,0.0,0.0,0.0,100.0,1.0,100.0,1.0,82.144
2024-12-05,64.0,5252.86,0.03,0.0,0.01,0.0,64.0,0.0,5252.86,,,,,,,0.01,,100.0,100.0,0.0,0.0,0.0,100.0,1.0,100.0,1.0,82.076
2024-12-06,0.0,0.0,0.0,0.0,0.0,0.0,0.0,0.0,0.0,,0.01,64.0,,,,0.0,,0.0,0.0,64.0,5262.59,0.01,0.0,0.0,,0.0,82.228
2024-12-09,29.0,2374.29,0.01,0.0,0.0,0.0,29.0,0.0,2374.29,,,,,29.0,,0.0,,100.0,100.0,0.0,0.0,0.0,100.0,1.0,100.0,1.0,81.872
2024-12-10,29.0,2374.81,0.01,0.0,0.0,0.0,29.0,0.0,2374.81,,,,,,,0.0,,100.0,100.0,0.0,0.0,0.0,100.0,1.0,100.0,1.0,81.89
2024-12-11,29.0,2390.12,0.01,0.0,0.0,0.0,29.0,0.0,2390.12,,,,,,,0.0,,100.0,100.0,0.0,0.0,0.0,100.0,1.0,100.0,1.0,82.418
2024-12-12,29.0,2386.99,0.01,0.0,0.0,0.0,29.0,0.0,2386.99,,,,,,,0.0,,100.0,100.0,0.0,0.0,0.0,100.0,1.0,100.0,1.0,82.31
2024-12-13,0.0,0.0,0.0,0.0,0.0,0.0,0.0,0.0,0.0,,0.0,29.0,,,,0.0,,0.0,0.0,29.0,2373.8,0.0,0.0,0.0,,0.0,81.855
2024-12-16,29.0,2381.68,0.01,0.0,0.0,0.0,29.0,0.0,2381.68,,,,,29.0,,0.0,,100.0,100.0,0.0,0.0,0.0,100.0,1.0,100.0,1.0,82.127
2024-12-17,,,,,,,,,,,,,,,,,,,,,,,,,,,82.057
2024-12-18,,,,,,,,,,,,,,,,,,,,,,,,,,,82.156
2024-12-19,,,,,,,,,,,,,,,,,,,,,,,,,,,80.818
2024-12-20,,,,,,,,,,,,,,,,,,,,,,,,,,,80.859
2024-12-23,,,,,,,,,,,,,,,,,,,,,,,,,,,80.9
2024-12-24,,,,,,,,,,,,,,,,,,,,,,,,,,,81.623
2024-12-27,,,,,,,,,,,,,,,,,,,,,,,,,,,81.182
2024-12-30,,,,,,,,,,,,,,,,,,,,,,,,,,,80.756
2024-12-31,,,,,,,,,,,,,,,,,,,,,,,,,,,80.792
2025-01-02,,,,,,,,,,,,,,,,,,,,,,,,,,,81.586
2025-01-03,,,,,,,,,,,,,,,,,,,,,,,,,,,81.583
2025-01-06,,,,,,,,,,,,,,,,,,,,,,,,,,,82.184
2025-01-07,,,,,,,,,,,,,,,,,,,,,,,,,,,81.626
2025-01-08,0.0,0.0,0.0,0.0,0.0,0.0,0.0,0.0,0.0,,,,,,,0.0,,0.0,0.0,9000.0,732150.0,0.74,0.0,0.0,,0.0,81.35
2025-01-09,0.0,0.0,0.0,0.0,0.0,0.0,0.0,0.0,0.0,,,,,,,0.0,,0.0,0.0,9000.0,732024.0,0.74,0.0,0.0,,0.0,81.336
2025-01-10,0.0,0.0,0.0,0.0,0.0,0.0,0.0,0.0,0.0,,,,,,,0.0,,0.0,0.0,9000.0,724176.0,0.73,0.0,0.0,,0.0,80.464
2025-01-13,0.0,0.0,0.0,0.0,0.0,0.0,0.0,0.0,0.0,,,,,,,0.0,,0.0,0.0,9000.0,719298.0,0.72,0.0,0.0,,0.0,79.922
2025-01-14,0.0,0.0,0.0,0.0,0.0,0.0,0.0,0.0,0.0,,,,,,,0.0,,0.0,0.0,9000.0,719127.0,0.72,0.0,0.0,,0.0,79.903
2025-01-15,0.0,0.0,0.0,0.0,0.0,0.0,0.0,0.0,0.0,,,,,,,0.0,,0.0,0.0,9000.0,731322.0,0.72,0.0,0.0,,0.0,81.258
2025-01-16,0.0,0.0,0.0,0.0,0.0,0.0,0.0,0.0,0.0,,,,,,,0.0,,0.0,0.0,9000.0,734589.0,0.73,0.0,0.0,,0.0,81.621
2025-01-17,0.0,0.0,0.0,0.0,0.0,0.0,0.0,0.0,0.0,,,,,,,0.0,,0.0,0.0,9000.0,740853.0,0.72,0.0,0.0,,0.0,82.317
2025-01-20,0.0,0.0,0.0,0.0,0.0,0.0,0.0,0.0,0.0,,,,,,,0.0,,0.0,0.0,9000.0,738135.0,0.74,0.0,0.0,,0.0,82.015
2025-01-21,0.0,0.0,0.0,0.0,0.0,0.0,0.0,0.0,0.0,,,,,,,0.0,,0.0,0.0,9000.0,735723.0,0.74,0.0,0.0,,0.0,81.747
2025-01-22,0.0,0.0,0.0,0.0,0.0,0.0,0.0,0.0,0.0,,,,,,,0.0,,0.0,0.0,9000.0,743877.0,0.73,0.0,0.0,,0.0,82.653
2025-01-23,0.0,0.0,0.0,0.0,0.0,0.0,0.0,0.0,0.0,,,,,,,0.0,,0.0,0.0,9000.0,744642.0,0.74,0.0,0.0,,0.0,82.738
2025-01-24,0.0,0.0,0.0,0.0,0.0,0.0,0.0,0.0,0.0,,,,,,,0.0,,0.0,0.0,9000.0,740772.0,0.75,0.0,0.0,,0.0,82.308
2025-01-27,0.0,0.0,0.0,0.0,0.0,0.0,0.0,0.0,0.0,,,,,,,0.0,,0.0,0.0,9000.0,725436.0,0.75,0.0,0.0,,0.0,80.604
2025-01-28,0.0,0.0,0.0,0.0,0.0,0.0,0.0,0.0,0.0,,,,,,,0.0,,0.0,0.0,4000.0,326268.0,0.32,0.0,0.0,,0.0,81.567
2025-01-29,7680.0,629629.44,3.18,0.04,0.63,314814.72,3840.0,3840.0,314814.72,3840.0,,,0.31,3840.0,,0.31,,100.0,96.0,0.0,0.0,0.0,100.0,1.0,100.0,1.92,81.983
2025-01-30,7680.0,630942.72,3.2,0.04,0.64,315471.36,3840.0,3840.0,315471.36,,,,,,,0.32,,100.0,96.0,0.0,0.0,0.0,100.0,1.0,100.0,1.92,82.154
2025-01-31,7680.0,637063.68,3.16,0.04,0.63,318531.84,3840.0,3840.0,318531.84,,,,,,,0.32,,100.0,96.0,0.0,0.0,0.0,100.0,1.0,100.0,1.92,82.951
2025-02-03,7680.0,630881.28,2.83,0.04,0.63,315440.64,3840.0,3840.0,315440.64,,,,,,,0.32,,100.0,96.0,0.0,0.0,0.0,100.0,1.0,100.0,1.92,82.146
2025-02-04,7680.0,631042.56,2.89,0.04,0.63,315521.28,3840.0,3840.0,315521.28,,,,,,,0.32,,100.0,96.0,0.0,0.0,0.0,100.0,1.0,100.0,1.92,82.167
2025-02-05,3840.0,314684.16,1.34,0.02,0.32,314684.16,0.0,3840.0,0.0,,0.32,3840.0,,,,0.0,,0.0,0.0,0.0,0.0,0.0,0.0,1.0,100.0,0.0,81.949
2025-02-06,,,,,,,,,,,,,,,,,,,,,,,,,,,82.956
2025-02-07,34.0,2808.91,0.01,0.0,0.0,0.0,34.0,0.0,2808.91,,,,,34.0,,0.0,,100.0,100.0,0.0,0.0,0.0,100.0,1.0,100.0,1.0,82.615
2025-02-10,34.0,2821.9,0.01,0.0,0.0,0.0,34.0,0.0,2821.9,,,,,,,0.0,,100.0,100.0,0.0,0.0,0.0,100.0,1.0,100.0,1.0,82.997
2025-02-11,34.0,2814.66,0.01,0.0,0.0,0.0,34.0,0.0,2814.66,,,,,,,0.0,,100.0,100.0,0.0,0.0,0.0,100.0,1.0,100.0,1.0,82.784
2025-02-12,34.0,2790.11,0.01,0.0,0.0,0.0,34.0,0.0,2790.11,,,,,,,0.0,,100.0,100.0,0.0,0.0,0.0,100.0,1.0,100.0,1.0,82.062
2025-02-13,34.0,2806.22,0.01,0.0,0.0,0.0,34.0,0.0,2806.22,,,,,,,0.0,,100.0,100.0,0.0,0.0,0.0,100.0,1.0,100.0,1.0,82.536
2025-02-14,34.0,2795.62,0.01,0.0,0.0,0.0,34.0,0.0,2795.62,,,,,,,0.0,,100.0,100.0,0.0,0.0,0.0,100.0,1.0,100.0,1.0,82.224
2025-02-17,,,,,,,,,,,,,,,,,,,,,,,,,,,82.694
2025-02-18,,,,,,,,,,,,,,,,,,,,,,,,,,,82.778
2025-02-19,,,,,,,,,,,,,,,,,,,,,,,,,,,83.098
2025-02-20,,,,,,,,,,,,,,,,,,,,,,,,,,,82.424
2025-02-21,,,,,,,,,,,,,,,,,,,,,,,,,,,82.479
2025-02-24,,,,,,,,,,,,,,,,,,,,,,,,,,,81.346
2025-02-25,,,,,,,,,,,,,,,,,,,,,,,,,,,80.176
2025-02-26,,,,,,,,,,,,,,,,,,,,,,,,,,,81.186
2025-02-27,,,,,,,,,,,,,,,,,,,,,,,,,,,81.245
2025-02-28,,,,,,,,,,,,,,,,,,,,,,,,,,,80.271
2025-03-03,,,,,,,,,,,,,,,,,,,,,,,,,,,80.534
2025-03-04,,,,,,,,,,,,,,,,,,,,,,,,,,,77.926
2025-03-05,,,,,,,,,,,,,,,,,,,,,,,,,,,76.77
2025-03-06,,,,,,,,,,,,,,,,,,,,,,,,,,,76.92
2025-03-07,,,,,,,,,,,,,,,,,,,,,,,,,,,75.477
2025-03-10,,,,,,,,,,,,,,,,,,,,,,,,,,,74.965
2025-03-11,,,,,,,,,,,,,,,,,,,,,,,,,,,73.402
2025-03-12,,,,,,,,,,,,,,,,,,,,,,,,,,,74.165
2025-03-13,,,,,,,,,,,,,,,,,,,,,,,,,,,73.47
2025-03-14,,,,,,,,,,,,,,,,,,,,,,,,,,,74.295
2025-03-17,,,,,,,,,,,,,,,,,,,,,,,,,,,74.466
2025-03-18,,,,,,,,,,,,,,,,,,,,,,,,,,,74.21
2025-03-19,,,,,,,,,,,,,,,,,,,,,,,,,,,74.913
2025-03-20,24.0,1805.76,0.01,0.0,0.0,0.0,24.0,0.0,1805.76,,,,,24.0,,0.0,,100.0,100.0,0.0,0.0,0.0,100.0,1.0,100.0,1.0,75.24
2025-03-21,0.0,0.0,0.0,0.0,0.0,0.0,0.0,0.0,0.0,,0.0,24.0,,,,0.0,,0.0,0.0,24.0,1803.55,0.0,0.0,0.0,,0.0,75.148
2025-03-24,,,,,,,,,,,,,,,,,,,,,,,,,,,76.327
2025-03-25,,,,,,,,,,,,,,,,,,,,,,,,,,,76.549
2025-03-26,,,,,,,,,,,,,,,,,,,,,,,,,,,76.015
2025-03-27,,,,,,,,,,,,,,,,,,,,,,,,,,,75.673
2025-03-28,,,,,,,,,,,,,,,,,,,,,,,,,,,73.976
2025-03-31,,,,,,,,,,,,,,,,,,,,,,,,,,,73.443
2025-04-01,,,,,,,,,,,,,,,,,,,,,,,,,,,74.559
2025-04-02,,,,,,,,,,,,,,,,,,,,,,,,,,,74.395
2025-04-03,,,,,,,,,,,,,,,,,,,,,,,,,,,70.975
2025-04-04,,,,,,,,,,,,,,,,,,,,,,,,,,,67.821
2025-04-07,,,,,,,,,,,,,,,,,,,,,,,,,,,65.775
2025-04-08,,,,,,,,,,,,,,,,,,,,,,,,,,,68.0
2025-04-09,,,,,,,,,,,,,,,,,,,,,,,,,,,64.908
2025-04-10,,,,,,,,,,,,,,,,,,,,,,,,,,,67.459
2025-04-11,,,,,,,,,,,,,,,,,,,,,,,,,,,66.876
2025-04-14,,,,,,,,,,,,,,,,,,,,,,,,,,,68.923
2025-04-15,,,,,,,,,,,,,,,,,,,,,,,,,,,69.558
2025-04-16,,,,,,,,,,,,,,,,,,,,,,,,,,,68.704
2025-04-17,,,,,,,,,,,,,,,,,,,,,,,,,,,67.867
2025-04-22,,,,,,,,,,,,,,,,,,,,,,,,,,,67.421
2025-04-23,,,,,,,,,,,,,,,,,,,,,,,,,,,69.734
2025-04-24,,,,,,,,,,,,,,,,,,,,,,,,,,,69.994
2025-04-25,,,,,,,,,,,,,,,,,,,,,,,,,,,70.479
2025-04-28,,,,,,,,,,,,,,,,,,,,,,,,,,,70.531
2025-04-29,,,,,,,,,,,,,,,,,,,,,,,,,,,70.883
2025-04-30,,,,,,,,,,,,,,,,,,,,,,,,,,,71.045
2025-05-02,,,,,,,,,,,,,,,,,,,,,,,,,,,73.157
2025-05-05,,,,,,,,,,,,,,,,,,,,,,,,,,,73.239
2025-05-06,,,,,,,,,,,,,,,,,,,,,,,,,,,72.869
2025-05-07,,,,,,,,,,,,,,,,,,,,,,,,,,,72.416
2025-05-08,,,,,,,,,,,,,,,,,,,,,,,,,,,73.586
2025-05-09,,,,,,,,,,,,,,,,,,,,,,,,,,,73.482
2025-05-12,,,,,,,,,,,,,,,,,,,,,,,,,,,75.914
2025-05-13,,,,,,,,,,,,,,,,,,,,,,,,,,,76.406
2025-05-14,,,,,,,,,,,,,,,,,,,,,,,,,,,76.371
2025-05-15,,,,,,,,,,,,,,,,,,,,,,,,,,,76.618
2025-05-16,,,,,,,,,,,,,,,,,,,,,,,,,,,77.174
2025-05-19,,,,,,,,,,,,,,,,,,,,,,,,,,,76.712
2025-05-20,,,,,,,,,,,,,,,,,,,,,,,,,,,76.881
2025-05-21,,,,,,,,,,,,,,,,,,,,,,,,,,,76.316
2025-05-22,,,,,,,,,,,,,,,,,,,,,,,,,,,75.594
2025-05-23,,,,,,,,,,,,,,,,,,,,,,,,,,,74.873
2025-05-26,,,,,,,,,,,,,,,,,,,,,,,,,,,75.389
2025-05-27,,,,,,,,,,,,,,,,,,,,,,,,,,,76.116
2025-05-28,,,,,,,,,,,,,,,,,,,,,,,,,,,76.264
2025-05-29,,,,,,,,,,,,,,,,,,,,,,,,,,,75.986
2025-05-30,,,,,,,,,,,,,,,,,,,,,,,,,,,75.759
2025-06-02,,,,,,,,,,,,,,,,,,,,,,,,,,,75.471
2025-06-03,,,,,,,,,,,,,,,,,,,,,,,,,,,76.354
2025-06-04,,,,,,,,,,,,,,,,,,,,,,,,,,,76.318
2025-06-05,,,,,,,,,,,,,,,,,,,,,,,,,,,76.485
2025-06-06,,,,,,,,,,,,,,,,,,,,,,,,,,,76.783
2025-06-09,,,,,,,,,,,,,,,,,,,,,,,,,,,76.729
2025-06-10,,,,,,,,,,,,,,,,,,,,,,,,,,,76.782
2025-06-11,,,,,,,,,,,,,,,,,,,,,,,,,,,76.834
2025-06-12,,,,,,,,,,,,,,,,,,,,,,,,,,,76.186
2025-06-13,,,,,,,,,,,,,,,,,,,,,,,,,,,75.799
2025-06-16,0.0,0.0,0.0,0.0,0.0,0.0,0.0,0.0,0.0,,,,,,,0.0,,0.0,0.0,4.0,304.58,0.0,0.0,0.0,,0.0,76.144
2025-06-17,0.0,0.0,0.0,0.0,0.0,0.0,0.0,0.0,0.0,,,,,,,0.0,,0.0,0.0,4.0,303.36,0.0,0.0,0.0,,0.0,75.84
2025-06-18,0.0,0.0,0.0,0.0,0.0,0.0,0.0,0.0,0.0,,,,,,,0.0,,0.0,0.0,4.0,303.33,0.0,0.0,0.0,,0.0,75.833
2025-06-19,0.0,0.0,0.0,0.0,0.0,0.0,0.0,0.0,0.0,,,,,,,0.0,,0.0,0.0,4.0,300.31,0.0,0.0,0.0,,0.0,75.077
2025-06-20,0.0,0.0,0.0,0.0,0.0,0.0,0.0,0.0,0.0,,,,,,,0.0,,0.0,0.0,4.0,301.37,0.0,0.0,0.0,,0.0,75.342
2025-06-23,2.0,150.58,0.0,0.0,0.0,0.0,2.0,0.0,150.58,,,,,2.0,,0.0,,100.0,33.33,0.0,0.0,0.0,100.0,1.0,100.0,0.3333,75.29
2025-06-24,2.0,152.05,0.0,0.0,0.0,0.0,2.0,0.0,152.05,,,,,,,0.0,,100.0,40.0,0.0,0.0,0.0,100.0,1.0,100.0,0.4,76.023
2025-06-25,2.0,152.21,0.0,0.0,0.0,0.0,2.0,0.0,152.21,,,,,,,0.0,,100.0,40.0,0.0,0.0,0.0,100.0,1.0,100.0,0.4,76.104
2025-06-26,2.0,151.74,0.0,0.0,0.0,0.0,2.0,0.0,151.74,,,,,,,0.0,,100.0,40.0,0.0,0.0,0.0,100.0,1.0,100.0,0.4,75.868
2025-06-27,2.0,152.86,0.0,0.0,0.0,0.0,2.0,0.0,152.86,,,,,,,0.0,,100.0,100.0,0.0,0.0,0.0,100.0,1.0,100.0,1.0,76.43
2025-06-30,2.0,152.51,0.0,0.0,0.0,0.0,2.0,0.0,152.51,,,,,,,0.0,,100.0,40.0,0.0,0.0,0.0,100.0,1.0,100.0,0.4,76.253
2025-07-01,2.0,152.57,0.0,0.0,0.0,0.0,2.0,0.0,152.57,,,,,,,0.0,,100.0,40.0,0.0,0.0,0.0,100.0,1.0,100.0,0.4,76.285
2025-07-02,2.0,152.62,0.0,0.0,0.0,0.0,2.0,0.0,152.62,,,,,,,0.0,,100.0,40.0,0.0,0.0,0.0,100.0,1.0,100.0,0.4,76.312
2025-07-03,2.0,154.26,0.0,0.0,0.0,0.0,2.0,0.0,154.26,,,,,,,0.0,,100.0,40.0,0.0,0.0,0.0,100.0,1.0,100.0,0.4,77.13
2025-07-04,2.0,153.27,0.0,0.0,0.0,0.0,2.0,0.0,153.27,,,,,,,0.0,,100.0,100.0,0.0,0.0,0.0,100.0,1.0,100.0,1.0,76.634
2025-07-07,2.0,153.81,0.0,0.0,0.0,0.0,2.0,0.0,153.81,,,,,,,0.0,,100.0,100.0,0.0,0.0,0.0,100.0,1.0,100.0,1.0,76.904
2025-07-08,2.0,153.5,0.0,0.0,0.0,0.0,2.0,0.0,153.5,,,,,,,0.0,,100.0,33.33,0.0,0.0,0.0,100.0,1.0,100.0,0.3333,76.75
2025-07-09,2.0,154.03,0.0,0.0,0.0,0.0,2.0,0.0,154.03,,,,,,,0.0,,100.0,33.33,0.0,0.0,0.0,100.0,1.0,100.0,0.3333,77.013
2025-07-10,2.0,154.9,0.0,0.0,0.0,0.0,2.0,0.0,154.9,,,,,,,0.0,,100.0,33.33,0.0,0.0,0.0,100.0,1.0,100.0,0.3333,77.451
2025-07-11,2.0,154.02,0.0,0.0,0.0,0.0,2.0,0.0,154.02,,,,,,,0.0,,100.0,33.33,0.0,0.0,0.0,100.0,1.0,100.0,0.3333,77.009
2025-07-14,2.0,154.26,0.0,0.0,0.0,0.0,2.0,0.0,154.26,,,,,,,0.0,,100.0,33.33,0.0,0.0,0.0,100.0,1.0,100.0,0.3333,77.128
2025-07-15,2.0,155.32,0.0,0.0,0.0,0.0,2.0,0.0,155.32,,,,,,,0.0,,100.0,33.33,0.0,0.0,0.0,100.0,1.0,100.0,0.3333,77.662
2025-07-16,2.0,153.69,0.0,0.0,0.0,0.0,2.0,0.0,153.69,,,,,,,0.0,,100.0,33.33,0.0,0.0,0.0,100.0,1.0,100.0,0.3333,76.843
2025-07-17,2.0,156.25,0.0,0.0,0.0,0.0,2.0,0.0,156.25,,,,,,,0.0,,100.0,20.0,0.0,0.0,0.0,100.0,1.0,100.0,0.2,78.124
2025-07-18,0.0,0.0,0.0,0.0,0.0,0.0,0.0,0.0,0.0,,0.0,2.0,,,,0.0,,0.0,0.0,7.0,545.24,0.0,0.0,0.0,,0.0,77.892
2025-07-21,2.0,156.05,0.0,0.0,0.0,0.0,2.0,0.0,156.05,,,,,2.0,,0.0,,100.0,28.57,0.0,0.0,0.0,100.0,1.0,100.0,0.2857,78.027
2025-07-22,2.0,155.03,0.0,0.0,0.0,0.0,2.0,0.0,155.03,,,,,,,0.0,,100.0,33.33,0.0,0.0,0.0,100.0,1.0,100.0,0.3333,77.516
2025-07-23,2.0,156.08,0.0,0.0,0.0,0.0,2.0,0.0,156.08,,,,,,,0.0,,100.0,25.0,0.0,0.0,0.0,100.0,1.0,100.0,0.25,78.04
2025-07-24,2.0,156.54,0.0,0.0,0.0,0.0,2.0,0.0,156.54,,,,,,,0.0,,100.0,25.0,0.0,0.0,0.0,100.0,1.0,100.0,0.25,78.269
2025-07-25,2.0,156.79,0.0,0.0,0.0,0.0,2.0,0.0,156.79,,,,,,,0.0,,100.0,25.0,0.0,0.0,0.0,100.0,1.0,100.0,0.25,78.393
2025-07-28,2.0,158.02,0.0,0.0,0.0,0.0,2.0,0.0,158.02,,,,,,,0.0,,100.0,33.33,0.0,0.0,0.0,100.0,1.0,100.0,0.3333,79.009
2025-07-29,2.0,158.84,0.0,0.0,0.0,0.0,2.0,0.0,158.84,,,,,,,0.0,,100.0,33.33,0.0,0.0,0.0,100.0,1.0,100.0,0.3333,79.422
2025-07-30,0.0,0.0,0.0,0.0,0.0,0.0,0.0,0.0,0.0,,0.0,2.0,,,,0.0,,0.0,0.0,4.0,318.95,0.0,0.0,0.0,,0.0,79.737
2025-07-31,0.0,0.0,0.0,0.0,0.0,0.0,0.0,0.0,0.0,,,,,,,0.0,,0.0,0.0,4.0,319.72,0.0,0.0,0.0,,0.0,79.931
2025-08-01,2.0,154.73,0.0,0.0,0.0,0.0,2.0,0.0,154.73,,,,,2.0,,0.0,,100.0,33.33,0.0,0.0,0.0,100.0,1.0,100.0,0.3333,77.367
2025-08-04,2.0,156.9,0.0,0.0,0.0,0.0,2.0,0.0,156.9,,,,,,,0.0,,100.0,66.67,0.0,0.0,0.0,100.0,1.0,100.0,0.6667,78.448
2025-08-05,,,,,,,,,,,,,,,,,,,,,,,,,,,78.393
2025-08-06,2.0,156.81,0.0,0.0,0.0,0.0,2.0,0.0,156.81,,,,,2.0,,0.0,,100.0,50.0,0.0,0.0,0.0,100.0,1.0,100.0,0.5,78.403
2025-08-07,0.0,0.0,0.0,0.0,0.0,0.0,0.0,0.0,0.0,,0.0,2.0,,,,0.0,,0.0,0.0,12.0,943.86,0.0,0.0,0.0,100.0,0.0,78.655
2025-08-08,0.0,0.0,0.0,0.0,0.0,0.0,0.0,0.0,0.0,,,,,,,0.0,,0.0,0.0,10.0,788.14,0.0,0.0,0.0,,0.0,78.814
2025-08-11,2.0,158.3,0.0,0.0,0.0,0.0,2.0,0.0,158.3,,,,,2.0,,0.0,,100.0,20.0,0.0,0.0,0.0,100.0,1.0,100.0,0.2,79.148
2025-08-12,2.0,157.91,0.0,0.0,0.0,0.0,2.0,0.0,157.91,,,,,,,0.0,,100.0,28.57,0.0,0.0,0.0,100.0,1.0,100.0,0.2857,78.955
2025-08-13,0.0,0.0,0.0,0.0,0.0,0.0,0.0,0.0,0.0,,0.0,2.0,,,,0.0,,0.0,0.0,7.0,554.0,0.0,0.0,0.0,100.0,0.0,79.143
2025-08-14,0.0,0.0,0.0,0.0,0.0,0.0,0.0,0.0,0.0,,,,,,,0.0,,0.0,0.0,2.0,159.31,0.0,0.0,0.0,,0.0,79.657
2025-08-15,2.0,158.73,0.0,0.0,0.0,0.0,2.0,0.0,158.73,,,,,2.0,,0.0,,100.0,50.0,0.0,0.0,0.0,100.0,1.0,100.0,0.5,79.367
2025-08-18,2.0,159.21,0.0,0.0,0.0,0.0,2.0,0.0,159.21,,,,,,,0.0,,100.0,40.0,0.0,0.0,0.0,100.0,1.0,100.0,0.4,79.607
2025-08-19,0.0,0.0,0.0,0.0,0.0,0.0,0.0,0.0,0.0,,0.0,2.0,,,,0.0,,0.0,0.0,3.0,238.71,0.0,0.0,0.0,,0.0,79.569
2025-08-20,0.0,0.0,0.0,0.0,0.0,0.0,0.0,0.0,0.0,,,,,,,0.0,,0.0,0.0,4.0,316.13,0.0,0.0,0.0,,0.0,79.032
2025-08-21,2.0,158.49,0.0,0.0,0.0,0.0,2.0,0.0,158.49,,,,,2.0,,0.0,,100.0,50.0,0.0,0.0,0.0,100.0,1.0,100.0,0.5,79.244
2025-08-22,2.0,159.75,0.0,0.0,0.0,0.0,2.0,0.0,159.75,,,,,,,0.0,,100.0,50.0,0.0,0.0,0.0,100.0,1.0,100.0,0.5,79.873
2025-08-25,0.0,0.0,0.0,0.0,0.0,0.0,0.0,0.0,0.0,,0.0,2.0,,,,0.0,,0.0,0.0,4.0,318.92,0.0,0.0,0.0,,0.0,79.73
2025-08-26,0.0,0.0,0.0,0.0,0.0,0.0,0.0,0.0,0.0,,,,,,,0.0,,0.0,0.0,4.0,318.56,0.0,0.0,0.0,,0.0,79.641
2025-08-27,2.0,160.57,0.0,0.0,0.0,0.0,2.0,0.0,160.57,,,,,2.0,,0.0,,100.0,50.0,0.0,0.0,0.0,100.0,1.0,100.0,0.5,80.286
2025-08-28,2.0,159.86,0.0,0.0,0.0,0.0,2.0,0.0,159.86,,,,,,,0.0,,100.0,28.57,0.0,0.0,0.0,100.0,1.0,100.0,0.2857,79.928
2025-08-29,0.0,0.0,0.0,0.0,0.0,0.0,0.0,0.0,0.0,,0.0,2.0,,,,0.0,,0.0,0.0,5.0,396.98,0.0,0.0,0.0,,0.0,79.395
