,PAEJ FP Equity_DX_SI_QTY,PAEJ FP Equity_DX_SHORT_INTEREST_VALUE,PAEJ FP Equity_DX_SHORT_INT_RATIO_DAYS_TO_COVER,PAEJ FP Equity_DX_SHORT_INTEREST_PCT_SHARES_OUT,PAEJ FP Equity_DX_SI_MV,PAEJ FP Equity_DX_BROKER_SHORT_INTEREST_VALUE,PAEJ FP Equity_DX_SUPPLY_SI_QTY,PAEJ FP Equity_DX_BROKER_SI_QTY,PAEJ FP Equity_DX_SUPPLY_SIDE_SHORT_INT_VAL,PAEJ FP Equity_DX_BROKER_SI_MV_NEW_x,PAEJ FP Equity_DX_BROKER_SI_QTY_ADD,PAEJ FP Equity_DX_BROKER_SI_QTY_NEW,PAEJ FP Equity_DX_BROKER_SI_MV_NEW_y,PAEJ FP Equity_DX_BROKER_SI_MV_ADD,PAEJ FP Equity_DX_BROKER_SI_QTY_DEC,PAEJ FP Equity_DX_SUPPLY_SI_MV,PAEJ FP Equity_DX_BROKER_SI_MV_DEC,PAEJ FP Equity_DX_ACTIVE_UTILIZATION_QUANTITY,PAEJ FP Equity_DX_UTILIZATION_QUANTITY,PAEJ FP Equity_DX_ACTIVE_AVAIL_SUPPLY_QTY,PAEJ FP Equity_DX_ACTIVE_AVAILABILITY_VALUE,PAEJ FP Equity_DX_ACTIVE_AVAIL_SUPPLY_MV,PAEJ FP Equity_DX_ACTIVE_UTILIZATION_MV,PAEJ FP Equity_DX_BROKER_SI_MARKET_SHARE_2,PAEJ FP Equity_DX_BROKER_SI_CON_RATIO,PAEJ FP Equity_DX_BROKER_SI_MARKET_SHARE_1,PAEJ FP Equity_DX_DEMAND_SUPPLY_RATIO
2016-06-16,9000.0,95850.0,10.34,2.1,0.1,95850.0,0.0,9000.0,0.0,,9000.0,,,0.1,,0.0,,0.0,0.0,0.0,0.0,0.0,0.0,0.0,1.0,100.0,0.0
2016-06-17,9000.0,95670.0,10.34,2.1,0.1,95670.0,0.0,9000.0,0.0,,,,,,,0.0,,0.0,0.0,0.0,0.0,0.0,0.0,,1.0,100.0,0.0
2016-06-20,9000.0,97650.0,10.55,2.1,0.1,97650.0,0.0,9000.0,0.0,,,,,,,0.0,,0.0,0.0,0.0,0.0,0.0,0.0,,1.0,100.0,0.0
2016-06-21,9000.0,97920.0,12.21,2.1,0.1,97920.0,0.0,9000.0,0.0,,,,,,,0.0,,0.0,0.0,0.0,0.0,0.0,0.0,,1.0,100.0,0.0
2016-06-22,9000.0,98910.0,12.31,2.1,0.1,98910.0,0.0,9000.0,0.0,,,,,,,0.0,,0.0,0.0,0.0,0.0,0.0,0.0,,1.0,100.0,0.0
2016-06-23,9000.0,99000.0,12.2,2.1,0.1,99000.0,0.0,9000.0,0.0,,,,,,,0.0,,0.0,0.0,0.0,0.0,0.0,0.0,,1.0,100.0,0.0
2016-06-24,9000.0,97290.0,12.2,2.1,0.1,97290.0,0.0,9000.0,0.0,,,,,,,0.0,,0.0,0.0,0.0,0.0,0.0,0.0,,1.0,100.0,0.0
2016-06-27,9000.0,95760.0,11.5,2.1,0.1,95760.0,0.0,9000.0,0.0,,,,,,,0.0,,0.0,0.0,0.0,0.0,0.0,0.0,,1.0,100.0,0.0
2016-06-28,9000.0,97560.0,11.0,2.1,0.1,97560.0,0.0,9000.0,0.0,,,,,,,0.0,,0.0,0.0,0.0,0.0,0.0,0.0,,1.0,100.0,0.0
2016-06-29,9000.0,99540.0,10.56,2.1,0.1,99540.0,0.0,9000.0,0.0,,,,,,,0.0,,0.0,0.0,0.0,0.0,0.0,0.0,,1.0,100.0,0.0
2016-06-30,9000.0,100170.0,10.38,2.1,0.1,100170.0,0.0,9000.0,0.0,,,,,,,0.0,,0.0,0.0,0.0,0.0,0.0,0.0,,1.0,100.0,0.0
2016-07-01,18000.0,202320.0,20.94,4.19,0.2,202320.0,0.0,18000.0,0.0,0.1,,9000.0,0.1,,,0.0,,0.0,0.0,0.0,0.0,0.0,0.0,49.75,0.5,50.25,0.0
2016-07-04,18000.0,202860.0,20.95,4.19,0.2,202860.0,0.0,18000.0,0.0,,,,,,,0.0,,0.0,0.0,0.0,0.0,0.0,0.0,49.93,0.5,50.07,0.0
2016-07-05,18000.0,200520.0,20.94,4.19,0.2,200520.0,0.0,18000.0,0.0,,,,,,,0.0,,0.0,0.0,0.0,0.0,0.0,0.0,49.71,0.5,50.29,0.0
2016-07-06,18000.0,198900.0,20.48,4.19,0.2,198900.0,0.0,18000.0,0.0,,,,,,,0.0,,0.0,0.0,0.0,0.0,0.0,0.0,49.8,0.5,50.2,0.0
2016-07-07,18000.0,200340.0,20.72,4.19,0.2,200340.0,0.0,18000.0,0.0,,,,,,,0.0,,0.0,0.0,0.0,0.0,0.0,0.0,49.82,0.5,50.18,0.0
2016-07-08,18000.0,203580.0,20.64,4.19,0.2,203580.0,0.0,18000.0,0.0,,,,,,,0.0,,0.0,0.0,0.0,0.0,0.0,0.0,49.6,0.5,50.4,0.0
2016-07-11,18000.0,206820.0,17.03,4.19,0.21,206820.0,0.0,18000.0,0.0,,,,,,,0.0,,0.0,0.0,0.0,0.0,0.0,0.0,49.61,0.5,50.39,0.0
2016-07-12,18000.0,208800.0,16.81,4.19,0.21,208800.0,0.0,18000.0,0.0,,,,,,,0.0,,0.0,0.0,0.0,0.0,0.0,0.0,49.76,0.5,50.24,0.0
2016-07-13,18000.0,207360.0,16.45,4.19,0.21,207360.0,0.0,18000.0,0.0,,,,,,,0.0,,0.0,0.0,0.0,0.0,0.0,0.0,49.83,0.5,50.17,0.0
2016-07-14,18000.0,210240.0,17.6,4.19,0.21,210240.0,0.0,18000.0,0.0,,,,,,,0.0,,0.0,0.0,0.0,0.0,0.0,0.0,49.66,0.5,50.34,0.0
2016-07-15,18000.0,210240.0,13.21,4.19,0.21,210240.0,0.0,18000.0,0.0,,,,,,,0.0,,0.0,0.0,0.0,0.0,0.0,0.0,50.0,0.5,50.0,0.0
2016-07-18,18000.0,211140.0,10.63,4.19,0.21,211140.0,0.0,18000.0,0.0,,,,,,,0.0,,0.0,0.0,0.0,0.0,0.0,0.0,49.89,0.5,50.11,0.0
2016-07-19,18000.0,211140.0,10.41,4.19,0.21,211140.0,0.0,18000.0,0.0,,,,,,,0.0,,0.0,0.0,0.0,0.0,0.0,0.0,50.0,0.5,50.0,0.0
2016-07-20,18000.0,212760.0,10.36,4.19,0.21,212760.0,0.0,18000.0,0.0,,,,,,,0.0,,0.0,0.0,0.0,0.0,0.0,0.0,49.81,0.5,50.19,0.0
2016-07-21,18000.0,212760.0,10.23,4.19,0.21,212760.0,0.0,18000.0,0.0,,,,,,,0.0,,0.0,0.0,0.0,0.0,0.0,0.0,50.0,0.5,50.0,0.0
2016-07-22,18000.0,212760.0,10.21,4.19,0.21,212760.0,0.0,18000.0,0.0,,,,,,,0.0,,0.0,0.0,0.0,0.0,0.0,0.0,50.0,0.5,50.0,0.0
2016-07-25,18000.0,212040.0,10.16,4.19,0.21,212040.0,0.0,18000.0,0.0,,,,,,,0.0,,0.0,0.0,0.0,0.0,0.0,0.0,49.92,0.5,50.08,0.0
2016-07-26,18000.0,213660.0,10.9,4.19,0.21,213660.0,0.0,18000.0,0.0,,,,,,,0.0,,0.0,0.0,0.0,0.0,0.0,0.0,49.81,0.5,50.19,0.0
2016-07-27,18000.0,213840.0,10.97,4.19,0.21,213840.0,0.0,18000.0,0.0,,,,,,,0.0,,0.0,0.0,0.0,0.0,0.0,0.0,49.98,0.5,50.02,0.0
2016-07-28,18000.0,211680.0,10.84,4.19,0.21,211680.0,0.0,18000.0,0.0,,,,,,,0.0,,0.0,0.0,0.0,0.0,0.0,0.0,49.75,0.5,50.25,0.0
2016-07-29,18000.0,211320.0,10.84,4.19,0.21,211320.0,0.0,18000.0,0.0,,,,,,,0.0,,0.0,0.0,0.0,0.0,0.0,0.0,49.96,0.5,50.04,0.0
2016-08-01,18000.0,212940.0,10.6,4.19,0.21,212940.0,0.0,18000.0,0.0,,,,,,,0.0,,0.0,0.0,0.0,0.0,0.0,0.0,49.81,0.5,50.19,0.0
2016-08-02,18000.0,209340.0,10.46,4.19,0.21,209340.0,0.0,18000.0,0.0,,,,,,,0.0,,0.0,0.0,0.0,0.0,0.0,0.0,49.57,0.5,50.43,0.0
2016-08-03,9000.0,104760.0,5.23,2.1,0.1,104760.0,0.0,9000.0,0.0,,,,,,9000.0,0.0,0.11,0.0,0.0,0.0,0.0,0.0,0.0,49.89,1.0,100.0,0.0
2016-10-21,1900.0,23579.0,2.73,0.44,0.02,23579.0,0.0,1900.0,0.0,,1900.0,,,0.02,,0.0,,0.0,0.0,0.0,0.0,0.0,0.0,47.37,0.5014,52.63,0.0
2016-10-24,1900.0,23674.0,2.78,0.44,0.02,23674.0,0.0,1900.0,0.0,,,,,,,0.0,,0.0,0.0,0.0,0.0,0.0,0.0,47.37,0.5014,52.63,0.0
2016-10-25,1900.0,23712.0,2.67,0.44,0.02,23712.0,0.0,1900.0,0.0,,,,,,,0.0,,0.0,0.0,0.0,0.0,0.0,0.0,47.37,0.5014,52.63,0.0
2016-10-26,1900.0,23503.0,1.44,0.44,0.02,23503.0,0.0,1900.0,0.0,,,,,,,0.0,,0.0,0.0,0.0,0.0,0.0,0.0,47.37,0.5014,52.63,0.0
2016-10-27,1900.0,23237.0,1.45,0.44,0.02,23237.0,0.0,1900.0,0.0,,,,,,,0.0,,0.0,0.0,0.0,0.0,0.0,0.0,47.37,0.5014,52.63,0.0
2016-10-28,1900.0,23142.0,1.38,0.44,0.02,23142.0,0.0,1900.0,0.0,,,,,,,0.0,,0.0,0.0,0.0,0.0,0.0,0.0,47.37,0.5014,52.63,0.0
2016-10-31,1900.0,23085.0,1.38,0.44,0.02,23085.0,0.0,1900.0,0.0,,,,,,,0.0,,0.0,0.0,0.0,0.0,0.0,0.0,47.37,0.5014,52.63,0.0
2016-11-01,1900.0,22781.0,1.39,0.44,0.02,22781.0,0.0,1900.0,0.0,,,,,,,0.0,,0.0,0.0,0.0,0.0,0.0,0.0,47.37,0.5014,52.63,0.0
2016-11-02,1900.0,22458.0,1.14,0.44,0.02,22458.0,0.0,1900.0,0.0,,,,,,,0.0,,0.0,0.0,0.0,0.0,0.0,0.0,47.37,0.5014,52.63,0.0
2016-11-03,1900.0,22477.0,0.85,0.44,0.02,22477.0,0.0,1900.0,0.0,,,,,,,0.0,,0.0,0.0,0.0,0.0,0.0,0.0,47.37,0.5014,52.63,0.0
2016-11-04,1900.0,22306.0,0.85,0.43,0.02,22306.0,0.0,1900.0,0.0,,,,,,,0.0,,0.0,0.0,0.0,0.0,0.0,0.0,47.37,0.5014,52.63,0.0
2016-11-07,1900.0,22914.0,0.78,0.36,0.02,22914.0,0.0,1900.0,0.0,,,,,,,0.0,,0.0,0.0,0.0,0.0,0.0,0.0,47.56,0.5012,52.44,0.0
2020-10-21,95500.0,1525135.0,32.66,6.08,1.52,1525135.0,0.0,95500.0,0.0,,95500.0,,,1.52,,0.0,,0.0,0.0,0.0,0.0,0.0,0.0,,1.0,100.0,0.0
2020-10-22,95500.0,1527045.0,32.81,6.08,1.52,1527045.0,0.0,95500.0,0.0,,,,,,,0.0,,0.0,0.0,0.0,0.0,0.0,0.0,,1.0,100.0,0.0
2020-10-23,95500.0,1524466.5,31.8,6.08,1.53,1524466.5,0.0,95500.0,0.0,,,,,,,0.0,,0.0,0.0,0.0,0.0,0.0,0.0,,1.0,100.0,0.0
2020-10-26,95500.0,1517304.0,31.27,6.08,1.52,1517304.0,0.0,95500.0,0.0,,,,,,,0.0,,0.0,0.0,0.0,0.0,0.0,0.0,,1.0,100.0,0.0
2020-10-27,95500.0,1524275.5,30.65,6.08,1.51,1524275.5,0.0,95500.0,0.0,,,,,,,0.0,,0.0,0.0,0.0,0.0,0.0,0.0,,1.0,100.0,0.0
2020-10-28,95500.0,1509282.0,30.72,6.08,1.52,1509282.0,0.0,95500.0,0.0,,,,,,,0.0,,0.0,0.0,0.0,0.0,0.0,0.0,,1.0,100.0,0.0
2020-10-29,95500.0,1525803.5,28.21,5.55,1.51,1525803.5,0.0,95500.0,0.0,,,,,,,0.0,,0.0,0.0,0.0,0.0,0.0,0.0,,1.0,100.0,0.0
2022-10-11,0.0,0.0,0.0,0.0,0.0,0.0,0.0,0.0,0.0,,,,,,,0.0,,0.0,0.0,3.0,45.74,0.0,0.0,,0.0,,0.0
2022-10-12,0.0,0.0,0.0,0.0,0.0,0.0,0.0,0.0,0.0,,,,,,,0.0,,0.0,0.0,3.0,45.64,0.0,0.0,,0.0,,0.0
2022-10-13,0.0,0.0,0.0,0.0,0.0,0.0,0.0,0.0,0.0,,,,,,,0.0,,0.0,0.0,3.0,45.35,0.0,0.0,,0.0,,0.0
2022-10-14,0.0,0.0,0.0,0.0,0.0,0.0,0.0,0.0,0.0,,,,,,,0.0,,0.0,0.0,3.0,45.34,0.0,0.0,,0.0,,0.0
2022-10-17,0.0,0.0,0.0,0.0,0.0,0.0,0.0,0.0,0.0,,,,,,,0.0,,0.0,0.0,3.0,45.76,0.0,0.0,,0.0,,0.0
2022-10-18,0.0,0.0,0.0,0.0,0.0,0.0,0.0,0.0,0.0,,,,,,,0.0,,0.0,0.0,3.0,45.33,0.0,0.0,,0.0,,0.0
2022-10-19,0.0,0.0,0.0,0.0,0.0,0.0,0.0,0.0,0.0,,,,,,,0.0,,0.0,0.0,3.0,45.06,0.0,0.0,,0.0,,0.0
2022-10-20,0.0,0.0,0.0,0.0,0.0,0.0,0.0,0.0,0.0,,,,,,,0.0,,0.0,0.0,3.0,45.43,0.0,0.0,,0.0,,0.0
2022-10-21,0.0,0.0,0.0,0.0,0.0,0.0,0.0,0.0,0.0,,,,,,,0.0,,0.0,0.0,3.0,45.13,0.0,0.0,,0.0,,0.0
2022-10-24,0.0,0.0,0.0,0.0,0.0,0.0,0.0,0.0,0.0,,,,,,,0.0,,0.0,0.0,3.0,43.48,0.0,0.0,,0.0,,0.0
2022-10-25,0.0,0.0,0.0,0.0,0.0,0.0,0.0,0.0,0.0,,,,,,,0.0,,0.0,0.0,3.0,43.67,0.0,0.0,,0.0,,0.0
2022-10-26,0.0,0.0,0.0,0.0,0.0,0.0,0.0,0.0,0.0,,,,,,,0.0,,0.0,0.0,3.0,44.26,0.0,0.0,,0.0,,0.0
2022-10-27,0.0,0.0,0.0,0.0,0.0,0.0,0.0,0.0,0.0,,,,,,,0.0,,0.0,0.0,3.0,44.4,0.0,0.0,,0.0,,0.0
2022-10-28,0.0,0.0,0.0,0.0,0.0,0.0,0.0,0.0,0.0,,,,,,,0.0,,0.0,0.0,3.0,43.75,0.0,0.0,,0.0,,0.0
2022-10-31,0.0,0.0,0.0,0.0,0.0,0.0,0.0,0.0,0.0,,,,,,,0.0,,0.0,0.0,3.0,44.03,0.0,0.0,,0.0,,0.0
2022-11-01,0.0,0.0,0.0,0.0,0.0,0.0,0.0,0.0,0.0,,,,,,,0.0,,0.0,0.0,3.0,45.06,0.0,0.0,,0.0,,0.0
2022-11-02,0.0,0.0,0.0,0.0,0.0,0.0,0.0,0.0,0.0,,,,,,,0.0,,0.0,0.0,3.0,45.05,0.0,0.0,,0.0,,0.0
2022-11-03,0.0,0.0,0.0,0.0,0.0,0.0,0.0,0.0,0.0,,,,,,,0.0,,0.0,0.0,3.0,45.2,0.0,0.0,,0.0,,0.0
2022-11-04,0.0,0.0,0.0,0.0,0.0,0.0,0.0,0.0,0.0,,,,,,,0.0,,0.0,0.0,3.0,46.15,0.0,0.0,,0.0,,0.0
2022-11-07,0.0,0.0,0.0,0.0,0.0,0.0,0.0,0.0,0.0,,,,,,,0.0,,0.0,0.0,3.0,46.22,0.0,0.0,,0.0,,0.0
2022-11-08,0.0,0.0,0.0,0.0,0.0,0.0,0.0,0.0,0.0,,,,,,,0.0,,0.0,0.0,3.0,46.42,0.0,0.0,,0.0,,0.0
2022-11-09,0.0,0.0,0.0,0.0,0.0,0.0,0.0,0.0,0.0,,,,,,,0.0,,0.0,0.0,3.0,45.88,0.0,0.0,,0.0,,0.0
2022-11-10,0.0,0.0,0.0,0.0,0.0,0.0,0.0,0.0,0.0,,,,,,,0.0,,0.0,0.0,3.0,46.82,0.0,0.0,,0.0,,0.0
2022-11-11,0.0,0.0,0.0,0.0,0.0,0.0,0.0,0.0,0.0,,,,,,,0.0,,0.0,0.0,3.0,47.51,0.0,0.0,,0.0,,0.0
2022-11-14,0.0,0.0,0.0,0.0,0.0,0.0,0.0,0.0,0.0,,,,,,,0.0,,0.0,0.0,3.0,47.64,0.0,0.0,,0.0,,0.0
2022-11-15,0.0,0.0,0.0,0.0,0.0,0.0,0.0,0.0,0.0,,,,,,,0.0,,0.0,0.0,3.0,48.83,0.0,0.0,,0.0,,0.0
2022-11-16,0.0,0.0,0.0,0.0,0.0,0.0,0.0,0.0,0.0,,,,,,,0.0,,0.0,0.0,3.0,47.78,0.0,0.0,,0.0,,0.0
2022-11-17,0.0,0.0,0.0,0.0,0.0,0.0,0.0,0.0,0.0,,,,,,,0.0,,0.0,0.0,3.0,47.98,0.0,0.0,,0.0,,0.0
2022-11-18,0.0,0.0,0.0,0.0,0.0,0.0,0.0,0.0,0.0,,,,,,,0.0,,0.0,0.0,3.0,47.79,0.0,0.0,,0.0,,0.0
2022-11-21,0.0,0.0,0.0,0.0,0.0,0.0,0.0,0.0,0.0,,,,,,,0.0,,0.0,0.0,3.0,47.46,0.0,0.0,,0.0,,0.0
2022-11-22,0.0,0.0,0.0,0.0,0.0,0.0,0.0,0.0,0.0,,,,,,,0.0,,0.0,0.0,3.0,47.49,0.0,0.0,,0.0,,0.0
2022-11-23,0.0,0.0,0.0,0.0,0.0,0.0,0.0,0.0,0.0,,,,,,,0.0,,0.0,0.0,3.0,47.5,0.0,0.0,,0.0,,0.0
2022-11-24,0.0,0.0,0.0,0.0,0.0,0.0,0.0,0.0,0.0,,,,,,,0.0,,0.0,0.0,3.0,47.82,0.0,0.0,,0.0,,0.0
2022-11-25,0.0,0.0,0.0,0.0,0.0,0.0,0.0,0.0,0.0,,,,,,,0.0,,0.0,0.0,3.0,47.36,0.0,0.0,,0.0,,0.0
2022-11-28,0.0,0.0,0.0,0.0,0.0,0.0,0.0,0.0,0.0,,,,,,,0.0,,0.0,0.0,3.0,47.38,0.0,0.0,,0.0,,0.0
2022-11-29,0.0,0.0,0.0,0.0,0.0,0.0,0.0,0.0,0.0,,,,,,,0.0,,0.0,0.0,3.0,48.45,0.0,0.0,,0.0,,0.0
2022-11-30,0.0,0.0,0.0,0.0,0.0,0.0,0.0,0.0,0.0,,,,,,,0.0,,0.0,0.0,3.0,49.48,0.0,0.0,,0.0,,0.0
2022-12-01,0.0,0.0,0.0,0.0,0.0,0.0,0.0,0.0,0.0,,,,,,,0.0,,0.0,0.0,3.0,49.18,0.0,0.0,,0.0,,0.0
2022-12-02,0.0,0.0,0.0,0.0,0.0,0.0,0.0,0.0,0.0,,,,,,,0.0,,0.0,0.0,3.0,49.29,0.0,0.0,,0.0,,0.0
2022-12-05,0.0,0.0,0.0,0.0,0.0,0.0,0.0,0.0,0.0,,,,,,,0.0,,0.0,0.0,3.0,49.01,0.0,0.0,,0.0,,0.0
2022-12-06,0.0,0.0,0.0,0.0,0.0,0.0,0.0,0.0,0.0,,,,,,,0.0,,0.0,0.0,3.0,48.89,0.0,0.0,,0.0,,0.0
2022-12-07,0.0,0.0,0.0,0.0,0.0,0.0,0.0,0.0,0.0,,,,,,,0.0,,0.0,0.0,3.0,48.44,0.0,0.0,,0.0,,0.0
2022-12-08,0.0,0.0,0.0,0.0,0.0,0.0,0.0,0.0,0.0,,,,,,,0.0,,0.0,0.0,3.0,48.85,0.0,0.0,,0.0,,0.0
2022-12-09,0.0,0.0,0.0,0.0,0.0,0.0,0.0,0.0,0.0,,,,,,,0.0,,0.0,0.0,3.0,49.21,0.0,0.0,,0.0,,0.0
2022-12-12,0.0,0.0,0.0,0.0,0.0,0.0,0.0,0.0,0.0,,,,,,,0.0,,0.0,0.0,3.0,48.45,0.0,0.0,,0.0,,0.0
2022-12-13,0.0,0.0,0.0,0.0,0.0,0.0,0.0,0.0,0.0,,,,,,,0.0,,0.0,0.0,3.0,49.34,0.0,0.0,,0.0,,0.0
2022-12-14,0.0,0.0,0.0,0.0,0.0,0.0,0.0,0.0,0.0,,,,,,,0.0,,0.0,0.0,3.0,49.02,0.0,0.0,,0.0,,0.0
2022-12-15,0.0,0.0,0.0,0.0,0.0,0.0,0.0,0.0,0.0,,,,,,,0.0,,0.0,0.0,3.0,47.63,0.0,0.0,,0.0,,0.0
2022-12-16,0.0,0.0,0.0,0.0,0.0,0.0,0.0,0.0,0.0,,,,,,,0.0,,0.0,0.0,3.0,47.89,0.0,0.0,,0.0,,0.0
2022-12-19,0.0,0.0,0.0,0.0,0.0,0.0,0.0,0.0,0.0,,,,,,,0.0,,0.0,0.0,3.0,47.84,0.0,0.0,,0.0,,0.0
2022-12-20,0.0,0.0,0.0,0.0,0.0,0.0,0.0,0.0,0.0,,,,,,,0.0,,0.0,0.0,3.0,47.31,0.0,0.0,,0.0,,0.0
2022-12-21,0.0,0.0,0.0,0.0,0.0,0.0,0.0,0.0,0.0,,,,,,,0.0,,0.0,0.0,3.0,47.78,0.0,0.0,,0.0,,0.0
2022-12-22,0.0,0.0,0.0,0.0,0.0,0.0,0.0,0.0,0.0,,,,,,,0.0,,0.0,0.0,3.0,47.54,0.0,0.0,,0.0,,0.0
2022-12-23,0.0,0.0,0.0,0.0,0.0,0.0,0.0,0.0,0.0,,,,,,,0.0,,0.0,0.0,3.0,47.33,0.0,0.0,,0.0,,0.0
2022-12-26,0.0,0.0,0.0,0.0,0.0,0.0,0.0,0.0,0.0,,,,,,,0.0,,0.0,0.0,3.0,47.33,0.0,0.0,,0.0,,0.0
2022-12-27,0.0,0.0,0.0,0.0,0.0,0.0,0.0,0.0,0.0,,,,,,,0.0,,0.0,0.0,3.0,48.17,0.0,0.0,,0.0,,0.0
2022-12-28,0.0,0.0,0.0,0.0,0.0,0.0,0.0,0.0,0.0,,,,,,,0.0,,0.0,0.0,3.0,47.55,0.0,0.0,,0.0,,0.0
2022-12-29,0.0,0.0,0.0,0.0,0.0,0.0,0.0,0.0,0.0,,,,,,,0.0,,0.0,0.0,3.0,47.93,0.0,0.0,,0.0,,0.0
2022-12-30,0.0,0.0,0.0,0.0,0.0,0.0,0.0,0.0,0.0,,,,,,,0.0,,0.0,0.0,3.0,47.42,0.0,0.0,,0.0,,0.0
2023-01-02,0.0,0.0,0.0,0.0,0.0,0.0,0.0,0.0,0.0,,,,,,,0.0,,0.0,0.0,3.0,47.87,0.0,0.0,,0.0,,0.0
2023-01-03,0.0,0.0,0.0,0.0,0.0,0.0,0.0,0.0,0.0,,,,,,,0.0,,0.0,0.0,3.0,48.37,0.0,0.0,,0.0,,0.0
2023-01-04,0.0,0.0,0.0,0.0,0.0,0.0,0.0,0.0,0.0,,,,,,,0.0,,0.0,0.0,3.0,49.34,0.0,0.0,,0.0,,0.0
2023-01-05,0.0,0.0,0.0,0.0,0.0,0.0,0.0,0.0,0.0,,,,,,,0.0,,0.0,0.0,3.0,49.79,0.0,0.0,,0.0,,0.0
2023-01-06,0.0,0.0,0.0,0.0,0.0,0.0,0.0,0.0,0.0,,,,,,,0.0,,0.0,0.0,3.0,49.97,0.0,0.0,,0.0,,0.0
2023-01-09,0.0,0.0,0.0,0.0,0.0,0.0,0.0,0.0,0.0,,,,,,,0.0,,0.0,0.0,3.0,50.37,0.0,0.0,,0.0,,0.0
2023-01-10,0.0,0.0,0.0,0.0,0.0,0.0,0.0,0.0,0.0,,,,,,,0.0,,0.0,0.0,3.0,49.93,0.0,0.0,,0.0,,0.0
2023-01-11,0.0,0.0,0.0,0.0,0.0,0.0,0.0,0.0,0.0,,,,,,,0.0,,0.0,0.0,3.0,50.18,0.0,0.0,,0.0,,0.0
2023-01-12,0.0,0.0,0.0,0.0,0.0,0.0,0.0,0.0,0.0,,,,,,,0.0,,0.0,0.0,3.0,50.1,0.0,0.0,,0.0,,0.0
2023-01-13,0.0,0.0,0.0,0.0,0.0,0.0,0.0,0.0,0.0,,,,,,,0.0,,0.0,0.0,3.0,50.45,0.0,0.0,,0.0,,0.0
2023-01-16,0.0,0.0,0.0,0.0,0.0,0.0,0.0,0.0,0.0,,,,,,,0.0,,0.0,0.0,3.0,50.45,0.0,0.0,,0.0,,0.0
2023-01-17,0.0,0.0,0.0,0.0,0.0,0.0,0.0,0.0,0.0,,,,,,,0.0,,0.0,0.0,3.0,50.65,0.0,0.0,,0.0,,0.0
2023-01-18,0.0,0.0,0.0,0.0,0.0,0.0,0.0,0.0,0.0,,,,,,,0.0,,0.0,0.0,3.0,50.59,0.0,0.0,,0.0,,0.0
2023-01-19,0.0,0.0,0.0,0.0,0.0,0.0,0.0,0.0,0.0,,,,,,,0.0,,0.0,0.0,3.0,50.82,0.0,0.0,,0.0,,0.0
2023-01-20,0.0,0.0,0.0,0.0,0.0,0.0,0.0,0.0,0.0,,,,,,,0.0,,0.0,0.0,3.0,51.22,0.0,0.0,,0.0,,0.0
2023-01-23,0.0,0.0,0.0,0.0,0.0,0.0,0.0,0.0,0.0,,,,,,,0.0,,0.0,0.0,3.0,51.83,0.0,0.0,,0.0,,0.0
2023-01-24,0.0,0.0,0.0,0.0,0.0,0.0,0.0,0.0,0.0,,,,,,,0.0,,0.0,0.0,3.0,51.64,0.0,0.0,,0.0,,0.0
2023-01-25,0.0,0.0,0.0,0.0,0.0,0.0,0.0,0.0,0.0,,,,,,,0.0,,0.0,0.0,3.0,51.43,0.0,0.0,,0.0,,0.0
2023-01-26,0.0,0.0,0.0,0.0,0.0,0.0,0.0,0.0,0.0,,,,,,,0.0,,0.0,0.0,3.0,52.11,0.0,0.0,,0.0,,0.0
2023-01-27,0.0,0.0,0.0,0.0,0.0,0.0,0.0,0.0,0.0,,,,,,,0.0,,0.0,0.0,3.0,52.16,0.0,0.0,,0.0,,0.0
2023-01-30,0.0,0.0,0.0,0.0,0.0,0.0,0.0,0.0,0.0,,,,,,,0.0,,0.0,0.0,3.0,51.51,0.0,0.0,,0.0,,0.0
2023-01-31,0.0,0.0,0.0,0.0,0.0,0.0,0.0,0.0,0.0,,,,,,,0.0,,0.0,0.0,3.0,50.92,0.0,0.0,,0.0,,0.0
2023-02-01,0.0,0.0,0.0,0.0,0.0,0.0,0.0,0.0,0.0,,,,,,,0.0,,0.0,0.0,3.0,51.08,0.0,0.0,,0.0,,0.0
2023-02-02,0.0,0.0,0.0,0.0,0.0,0.0,0.0,0.0,0.0,,,,,,,0.0,,0.0,0.0,3.0,51.12,0.0,0.0,,0.0,,0.0
2023-02-03,0.0,0.0,0.0,0.0,0.0,0.0,0.0,0.0,0.0,,,,,,,0.0,,0.0,0.0,3.0,51.03,0.0,0.0,,0.0,,0.0
2023-02-06,0.0,0.0,0.0,0.0,0.0,0.0,0.0,0.0,0.0,,,,,,,0.0,,0.0,0.0,3.0,50.13,0.0,0.0,,0.0,,0.0
2023-02-07,0.0,0.0,0.0,0.0,0.0,0.0,0.0,0.0,0.0,,,,,,,0.0,,0.0,0.0,3.0,50.57,0.0,0.0,,0.0,,0.0
2023-02-08,0.0,0.0,0.0,0.0,0.0,0.0,0.0,0.0,0.0,,,,,,,0.0,,0.0,0.0,3.0,50.66,0.0,0.0,,0.0,,0.0
2023-02-09,0.0,0.0,0.0,0.0,0.0,0.0,0.0,0.0,0.0,,,,,,,0.0,,0.0,0.0,3.0,51.11,0.0,0.0,,0.0,,0.0
2023-02-10,0.0,0.0,0.0,0.0,0.0,0.0,0.0,0.0,0.0,,,,,,,0.0,,0.0,0.0,3.0,50.68,0.0,0.0,,0.0,,0.0
2023-02-13,0.0,0.0,0.0,0.0,0.0,0.0,0.0,0.0,0.0,,,,,,,0.0,,0.0,0.0,3.0,50.77,0.0,0.0,,0.0,,0.0
2023-02-14,0.0,0.0,0.0,0.0,0.0,0.0,0.0,0.0,0.0,,,,,,,0.0,,0.0,0.0,3.0,50.5,0.0,0.0,,0.0,,0.0
2023-02-15,0.0,0.0,0.0,0.0,0.0,0.0,0.0,0.0,0.0,,,,,,,0.0,,0.0,0.0,3.0,50.02,0.0,0.0,,0.0,,0.0
2023-02-16,0.0,0.0,0.0,0.0,0.0,0.0,0.0,0.0,0.0,,,,,,,0.0,,0.0,0.0,3.0,50.27,0.0,0.0,,0.0,,0.0
2023-02-17,0.0,0.0,0.0,0.0,0.0,0.0,0.0,0.0,0.0,,,,,,,0.0,,0.0,0.0,3.0,49.63,0.0,0.0,,0.0,,0.0
2023-02-20,0.0,0.0,0.0,0.0,0.0,0.0,0.0,0.0,0.0,,,,,,,0.0,,0.0,0.0,3.0,50.06,0.0,0.0,,0.0,,0.0
2023-02-21,0.0,0.0,0.0,0.0,0.0,0.0,0.0,0.0,0.0,,,,,,,0.0,,0.0,0.0,3.0,49.35,0.0,0.0,,0.0,,0.0
2023-02-22,0.0,0.0,0.0,0.0,0.0,0.0,0.0,0.0,0.0,,,,,,,0.0,,0.0,0.0,3.0,49.2,0.0,0.0,,0.0,,0.0
2023-02-23,0.0,0.0,0.0,0.0,0.0,0.0,0.0,0.0,0.0,,,,,,,0.0,,0.0,0.0,3.0,49.27,0.0,0.0,,0.0,,0.0
2023-02-24,0.0,0.0,0.0,0.0,0.0,0.0,0.0,0.0,0.0,,,,,,,0.0,,0.0,0.0,3.0,48.39,0.0,0.0,,0.0,,0.0
2023-02-27,0.0,0.0,0.0,0.0,0.0,0.0,0.0,0.0,0.0,,,,,,,0.0,,0.0,0.0,3.0,48.63,0.0,0.0,,0.0,,0.0
2023-02-28,0.0,0.0,0.0,0.0,0.0,0.0,0.0,0.0,0.0,,,,,,,0.0,,0.0,0.0,3.0,48.3,0.0,0.0,,0.0,,0.0
2023-03-01,0.0,0.0,0.0,0.0,0.0,0.0,0.0,0.0,0.0,,,,,,,0.0,,0.0,0.0,3.0,48.86,0.0,0.0,,0.0,,0.0
2023-03-02,0.0,0.0,0.0,0.0,0.0,0.0,0.0,0.0,0.0,,,,,,,0.0,,0.0,0.0,3.0,49.25,0.0,0.0,,0.0,,0.0
2023-03-03,0.0,0.0,0.0,0.0,0.0,0.0,0.0,0.0,0.0,,,,,,,0.0,,0.0,0.0,3.0,49.67,0.0,0.0,,0.0,,0.0
2023-03-06,0.0,0.0,0.0,0.0,0.0,0.0,0.0,0.0,0.0,,,,,,,0.0,,0.0,0.0,3.0,49.49,0.0,0.0,,0.0,,0.0
2023-03-07,0.0,0.0,0.0,0.0,0.0,0.0,0.0,0.0,0.0,,,,,,,0.0,,0.0,0.0,3.0,49.12,0.0,0.0,,0.0,,0.0
2023-03-08,0.0,0.0,0.0,0.0,0.0,0.0,0.0,0.0,0.0,,,,,,,0.0,,0.0,0.0,3.0,49.2,0.0,0.0,,0.0,,0.0
2023-03-09,0.0,0.0,0.0,0.0,0.0,0.0,0.0,0.0,0.0,,,,,,,0.0,,0.0,0.0,3.0,48.48,0.0,0.0,,0.0,,0.0
2023-03-10,0.0,0.0,0.0,0.0,0.0,0.0,0.0,0.0,0.0,,,,,,,0.0,,0.0,0.0,3.0,47.78,0.0,0.0,,0.0,,0.0
2023-03-13,0.0,0.0,0.0,0.0,0.0,0.0,0.0,0.0,0.0,,,,,,,0.0,,0.0,0.0,3.0,47.15,0.0,0.0,,0.0,,0.0
2023-03-14,0.0,0.0,0.0,0.0,0.0,0.0,0.0,0.0,0.0,,,,,,,0.0,,0.0,0.0,3.0,47.36,0.0,0.0,,0.0,,0.0
2023-03-15,0.0,0.0,0.0,0.0,0.0,0.0,0.0,0.0,0.0,,,,,,,0.0,,0.0,0.0,3.0,46.98,0.0,0.0,,0.0,,0.0
2023-03-16,0.0,0.0,0.0,0.0,0.0,0.0,0.0,0.0,0.0,,,,,,,0.0,,0.0,0.0,3.0,47.42,0.0,0.0,,0.0,,0.0
2023-03-17,0.0,0.0,0.0,0.0,0.0,0.0,0.0,0.0,0.0,,,,,,,0.0,,0.0,0.0,3.0,47.49,0.0,0.0,,0.0,,0.0
2023-03-20,0.0,0.0,0.0,0.0,0.0,0.0,0.0,0.0,0.0,,,,,,,0.0,,0.0,0.0,3.0,47.1,0.0,0.0,,0.0,,0.0
2023-03-21,0.0,0.0,0.0,0.0,0.0,0.0,0.0,0.0,0.0,,,,,,,0.0,,0.0,0.0,3.0,47.16,0.0,0.0,,0.0,,0.0
2023-03-22,0.0,0.0,0.0,0.0,0.0,0.0,0.0,0.0,0.0,,,,,,,0.0,,0.0,0.0,3.0,47.57,0.0,0.0,,0.0,,0.0
2023-03-23,0.0,0.0,0.0,0.0,0.0,0.0,0.0,0.0,0.0,,,,,,,0.0,,0.0,0.0,3.0,48.06,0.0,0.0,,0.0,,0.0
2023-03-24,0.0,0.0,0.0,0.0,0.0,0.0,0.0,0.0,0.0,,,,,,,0.0,,0.0,0.0,3.0,47.82,0.0,0.0,,0.0,,0.0
2023-03-27,0.0,0.0,0.0,0.0,0.0,0.0,0.0,0.0,0.0,,,,,,,0.0,,0.0,0.0,3.0,47.46,0.0,0.0,,0.0,,0.0
2023-03-28,0.0,0.0,0.0,0.0,0.0,0.0,0.0,0.0,0.0,,,,,,,0.0,,0.0,0.0,3.0,47.81,0.0,0.0,,0.0,,0.0
2023-03-29,0.0,0.0,0.0,0.0,0.0,0.0,0.0,0.0,0.0,,,,,,,0.0,,0.0,0.0,3.0,48.24,0.0,0.0,,0.0,,0.0
2023-03-30,0.0,0.0,0.0,0.0,0.0,0.0,0.0,0.0,0.0,,,,,,,0.0,,0.0,0.0,3.0,48.35,0.0,0.0,,0.0,,0.0
2023-03-31,0.0,0.0,0.0,0.0,0.0,0.0,0.0,0.0,0.0,,,,,,,0.0,,0.0,0.0,3.0,48.57,0.0,0.0,,0.0,,0.0
2023-04-03,0.0,0.0,0.0,0.0,0.0,0.0,0.0,0.0,0.0,,,,,,,0.0,,0.0,0.0,3.0,48.45,0.0,0.0,,0.0,,0.0
2023-04-04,0.0,0.0,0.0,0.0,0.0,0.0,0.0,0.0,0.0,,,,,,,0.0,,0.0,0.0,3.0,48.1,0.0,0.0,,0.0,,0.0
2023-04-05,0.0,0.0,0.0,0.0,0.0,0.0,0.0,0.0,0.0,,,,,,,0.0,,0.0,0.0,3.0,47.98,0.0,0.0,,0.0,,0.0
2023-04-06,0.0,0.0,0.0,0.0,0.0,0.0,0.0,0.0,0.0,,,,,,,0.0,,0.0,0.0,3.0,48.12,0.0,0.0,,0.0,,0.0
2023-04-07,0.0,0.0,0.0,0.0,0.0,0.0,0.0,0.0,0.0,,,,,,,0.0,,0.0,0.0,3.0,48.12,0.0,0.0,,0.0,,0.0
2023-04-10,0.0,0.0,0.0,0.0,0.0,0.0,0.0,0.0,0.0,,,,,,,0.0,,0.0,0.0,3.0,48.12,0.0,0.0,,0.0,,0.0
2023-04-11,0.0,0.0,0.0,0.0,0.0,0.0,0.0,0.0,0.0,,,,,,,0.0,,0.0,0.0,3.0,48.54,0.0,0.0,,0.0,,0.0
2023-04-12,0.0,0.0,0.0,0.0,0.0,0.0,0.0,0.0,0.0,,,,,,,0.0,,0.0,0.0,3.0,47.88,0.0,0.0,,0.0,,0.0
2023-04-13,0.0,0.0,0.0,0.0,0.0,0.0,0.0,0.0,0.0,,,,,,,0.0,,0.0,0.0,3.0,48.02,0.0,0.0,,0.0,,0.0
2023-04-14,0.0,0.0,0.0,0.0,0.0,0.0,0.0,0.0,0.0,,,,,,,0.0,,0.0,0.0,3.0,48.02,0.0,0.0,,0.0,,0.0
2023-04-17,0.0,0.0,0.0,0.0,0.0,0.0,0.0,0.0,0.0,,,,,,,0.0,,0.0,0.0,3.0,48.44,0.0,0.0,,0.0,,0.0
2023-04-18,0.0,0.0,0.0,0.0,0.0,0.0,0.0,0.0,0.0,,,,,,,0.0,,0.0,0.0,3.0,48.35,0.0,0.0,,0.0,,0.0
2023-04-19,0.0,0.0,0.0,0.0,0.0,0.0,0.0,0.0,0.0,,,,,,,0.0,,0.0,0.0,3.0,47.93,0.0,0.0,,0.0,,0.0
2023-04-20,0.0,0.0,0.0,0.0,0.0,0.0,0.0,0.0,0.0,,,,,,,0.0,,0.0,0.0,3.0,47.99,0.0,0.0,,0.0,,0.0
2023-04-21,0.0,0.0,0.0,0.0,0.0,0.0,0.0,0.0,0.0,,,,,,,0.0,,0.0,0.0,3.0,47.32,0.0,0.0,,0.0,,0.0
2023-04-24,0.0,0.0,0.0,0.0,0.0,0.0,0.0,0.0,0.0,,,,,,,0.0,,0.0,0.0,3.0,46.95,0.0,0.0,,0.0,,0.0
2023-04-25,0.0,0.0,0.0,0.0,0.0,0.0,0.0,0.0,0.0,,,,,,,0.0,,0.0,0.0,3.0,46.35,0.0,0.0,,0.0,,0.0
2023-04-26,0.0,0.0,0.0,0.0,0.0,0.0,0.0,0.0,0.0,,,,,,,0.0,,0.0,0.0,3.0,46.37,0.0,0.0,,0.0,,0.0
2023-04-27,0.0,0.0,0.0,0.0,0.0,0.0,0.0,0.0,0.0,,,,,,,0.0,,0.0,0.0,3.0,46.73,0.0,0.0,,0.0,,0.0
2023-04-28,0.0,0.0,0.0,0.0,0.0,0.0,0.0,0.0,0.0,,,,,,,0.0,,0.0,0.0,3.0,46.99,0.0,0.0,,0.0,,0.0
2023-05-01,0.0,0.0,0.0,0.0,0.0,0.0,0.0,0.0,0.0,,,,,,,0.0,,0.0,0.0,3.0,46.99,0.0,0.0,,0.0,,0.0
2023-05-02,0.0,0.0,0.0,0.0,0.0,0.0,0.0,0.0,0.0,,,,,,,0.0,,0.0,0.0,3.0,46.58,0.0,0.0,,0.0,,0.0
2023-05-03,0.0,0.0,0.0,0.0,0.0,0.0,0.0,0.0,0.0,,,,,,,0.0,,0.0,0.0,3.0,46.43,0.0,0.0,,0.0,,0.0
2023-05-04,0.0,0.0,0.0,0.0,0.0,0.0,0.0,0.0,0.0,,,,,,,0.0,,0.0,0.0,3.0,46.87,0.0,0.0,,0.0,,0.0
2023-05-05,0.0,0.0,0.0,0.0,0.0,0.0,0.0,0.0,0.0,,,,,,,0.0,,0.0,0.0,3.0,47.3,0.0,0.0,,0.0,,0.0
2023-05-08,0.0,0.0,0.0,0.0,0.0,0.0,0.0,0.0,0.0,,,,,,,0.0,,0.0,0.0,3.0,47.57,0.0,0.0,,0.0,,0.0
2023-05-09,0.0,0.0,0.0,0.0,0.0,0.0,0.0,0.0,0.0,,,,,,,0.0,,0.0,0.0,3.0,47.28,0.0,0.0,,0.0,,0.0
2023-05-10,0.0,0.0,0.0,0.0,0.0,0.0,0.0,0.0,0.0,,,,,,,0.0,,0.0,0.0,3.0,47.27,0.0,0.0,,0.0,,0.0
2023-05-11,0.0,0.0,0.0,0.0,0.0,0.0,0.0,0.0,0.0,,,,,,,0.0,,0.0,0.0,3.0,47.15,0.0,0.0,,0.0,,0.0
2023-05-12,0.0,0.0,0.0,0.0,0.0,0.0,0.0,0.0,0.0,,,,,,,0.0,,0.0,0.0,3.0,46.95,0.0,0.0,,0.0,,0.0
2023-05-15,0.0,0.0,0.0,0.0,0.0,0.0,0.0,0.0,0.0,,,,,,,0.0,,0.0,0.0,3.0,47.74,0.0,0.0,,0.0,,0.0
2023-05-16,0.0,0.0,0.0,0.0,0.0,0.0,0.0,0.0,0.0,,,,,,,0.0,,0.0,0.0,3.0,47.57,0.0,0.0,,0.0,,0.0
2023-05-17,0.0,0.0,0.0,0.0,0.0,0.0,0.0,0.0,0.0,,,,,,,0.0,,0.0,0.0,3.0,47.59,0.0,0.0,,0.0,,0.0
2023-05-18,0.0,0.0,0.0,0.0,0.0,0.0,0.0,0.0,0.0,,,,,,,0.0,,0.0,0.0,3.0,47.74,0.0,0.0,,0.0,,0.0
2023-05-19,0.0,0.0,0.0,0.0,0.0,0.0,0.0,0.0,0.0,,,,,,,0.0,,0.0,0.0,3.0,47.81,0.0,0.0,,0.0,,0.0
2023-05-22,0.0,0.0,0.0,0.0,0.0,0.0,0.0,0.0,0.0,,,,,,,0.0,,0.0,0.0,3.0,48.21,0.0,0.0,,0.0,,0.0
2023-05-23,0.0,0.0,0.0,0.0,0.0,0.0,0.0,0.0,0.0,,,,,,,0.0,,0.0,0.0,3.0,47.93,0.0,0.0,,0.0,,0.0
2023-05-24,0.0,0.0,0.0,0.0,0.0,0.0,0.0,0.0,0.0,,,,,,,0.0,,0.0,0.0,3.0,47.21,0.0,0.0,,0.0,,0.0
2023-05-25,0.0,0.0,0.0,0.0,0.0,0.0,0.0,0.0,0.0,,,,,,,0.0,,0.0,0.0,3.0,47.24,0.0,0.0,,0.0,,0.0
2023-05-26,0.0,0.0,0.0,0.0,0.0,0.0,0.0,0.0,0.0,,,,,,,0.0,,0.0,0.0,3.0,48.03,0.0,0.0,,0.0,,0.0
2023-05-29,0.0,0.0,0.0,0.0,0.0,0.0,0.0,0.0,0.0,,,,,,,0.0,,0.0,0.0,3.0,47.8,0.0,0.0,,0.0,,0.0
2023-05-30,0.0,0.0,0.0,0.0,0.0,0.0,0.0,0.0,0.0,,,,,,,0.0,,0.0,0.0,3.0,47.52,0.0,0.0,,0.0,,0.0
2023-05-31,0.0,0.0,0.0,0.0,0.0,0.0,0.0,0.0,0.0,,,,,,,0.0,,0.0,0.0,3.0,46.91,0.0,0.0,,0.0,,0.0
2023-06-01,0.0,0.0,0.0,0.0,0.0,0.0,0.0,0.0,0.0,,,,,,,0.0,,0.0,0.0,3.0,47.54,0.0,0.0,,0.0,,0.0
2023-06-02,0.0,0.0,0.0,0.0,0.0,0.0,0.0,0.0,0.0,,,,,,,0.0,,0.0,0.0,3.0,48.64,0.0,0.0,,0.0,,0.0
2023-06-05,0.0,0.0,0.0,0.0,0.0,0.0,0.0,0.0,0.0,,,,,,,0.0,,0.0,0.0,3.0,48.44,0.0,0.0,,0.0,,0.0
2023-06-06,0.0,0.0,0.0,0.0,0.0,0.0,0.0,0.0,0.0,,,,,,,0.0,,0.0,0.0,3.0,48.79,0.0,0.0,,0.0,,0.0
2023-06-07,0.0,0.0,0.0,0.0,0.0,0.0,0.0,0.0,0.0,,,,,,,0.0,,0.0,0.0,3.0,48.8,0.0,0.0,,0.0,,0.0
2023-06-08,0.0,0.0,0.0,0.0,0.0,0.0,0.0,0.0,0.0,,,,,,,0.0,,0.0,0.0,3.0,48.62,0.0,0.0,,0.0,,0.0
2023-06-09,0.0,0.0,0.0,0.0,0.0,0.0,0.0,0.0,0.0,,,,,,,0.0,,0.0,0.0,3.0,48.95,0.0,0.0,,0.0,,0.0
2023-06-12,0.0,0.0,0.0,0.0,0.0,0.0,0.0,0.0,0.0,,,,,,,0.0,,0.0,0.0,3.0,49.03,0.0,0.0,,0.0,,0.0
2023-06-13,0.0,0.0,0.0,0.0,0.0,0.0,0.0,0.0,0.0,,,,,,,0.0,,0.0,0.0,3.0,49.5,0.0,0.0,,0.0,,0.0
2023-06-14,0.0,0.0,0.0,0.0,0.0,0.0,0.0,0.0,0.0,,,,,,,0.0,,0.0,0.0,3.0,49.39,0.0,0.0,,0.0,,0.0
2023-06-15,0.0,0.0,0.0,0.0,0.0,0.0,0.0,0.0,0.0,,,,,,,0.0,,0.0,0.0,3.0,49.26,0.0,0.0,,0.0,,0.0
2023-06-16,0.0,0.0,0.0,0.0,0.0,0.0,0.0,0.0,0.0,,,,,,,0.0,,0.0,0.0,3.0,49.46,0.0,0.0,,0.0,,0.0
2023-06-19,0.0,0.0,0.0,0.0,0.0,0.0,0.0,0.0,0.0,,,,,,,0.0,,0.0,0.0,3.0,49.19,0.0,0.0,,0.0,,0.0
2023-06-20,0.0,0.0,0.0,0.0,0.0,0.0,0.0,0.0,0.0,,,,,,,0.0,,0.0,0.0,3.0,48.6,0.0,0.0,,0.0,,0.0
2023-06-21,0.0,0.0,0.0,0.0,0.0,0.0,0.0,0.0,0.0,,,,,,,0.0,,0.0,0.0,3.0,48.11,0.0,0.0,,0.0,,0.0
2023-06-22,0.0,0.0,0.0,0.0,0.0,0.0,0.0,0.0,0.0,,,,,,,0.0,,0.0,0.0,3.0,47.89,0.0,0.0,,0.0,,0.0
2023-06-23,0.0,0.0,0.0,0.0,0.0,0.0,0.0,0.0,0.0,,,,,,,0.0,,0.0,0.0,3.0,47.28,0.0,0.0,,0.0,,0.0
2023-06-26,0.0,0.0,0.0,0.0,0.0,0.0,0.0,0.0,0.0,,,,,,,0.0,,0.0,0.0,3.0,47.35,0.0,0.0,,0.0,,0.0
2023-06-27,0.0,0.0,0.0,0.0,0.0,0.0,0.0,0.0,0.0,,,,,,,0.0,,0.0,0.0,3.0,47.61,0.0,0.0,,0.0,,0.0
2023-06-28,0.0,0.0,0.0,0.0,0.0,0.0,0.0,0.0,0.0,,,,,,,0.0,,0.0,0.0,3.0,47.63,0.0,0.0,,0.0,,0.0
2023-06-29,0.0,0.0,0.0,0.0,0.0,0.0,0.0,0.0,0.0,,,,,,,0.0,,0.0,0.0,3.0,47.54,0.0,0.0,,0.0,,0.0
2023-06-30,0.0,0.0,0.0,0.0,0.0,0.0,0.0,0.0,0.0,,,,,,,0.0,,0.0,0.0,3.0,47.8,0.0,0.0,,0.0,,0.0
2023-07-03,0.0,0.0,0.0,0.0,0.0,0.0,0.0,0.0,0.0,,,,,,,0.0,,0.0,0.0,3.0,48.25,0.0,0.0,,0.0,,0.0
2023-07-04,0.0,0.0,0.0,0.0,0.0,0.0,0.0,0.0,0.0,,,,,,,0.0,,0.0,0.0,3.0,48.64,0.0,0.0,,0.0,,0.0
2023-07-05,0.0,0.0,0.0,0.0,0.0,0.0,0.0,0.0,0.0,,,,,,,0.0,,0.0,0.0,3.0,48.15,0.0,0.0,,0.0,,0.0
2023-07-06,0.0,0.0,0.0,0.0,0.0,0.0,0.0,0.0,0.0,,,,,,,0.0,,0.0,0.0,3.0,46.97,0.0,0.0,,0.0,,0.0
2023-07-07,0.0,0.0,0.0,0.0,0.0,0.0,0.0,0.0,0.0,,,,,,,0.0,,0.0,0.0,3.0,47.21,0.0,0.0,,0.0,,0.0
2023-07-10,0.0,0.0,0.0,0.0,0.0,0.0,0.0,0.0,0.0,,,,,,,0.0,,0.0,0.0,3.0,47.02,0.0,0.0,,0.0,,0.0
2023-07-11,0.0,0.0,0.0,0.0,0.0,0.0,0.0,0.0,0.0,,,,,,,0.0,,0.0,0.0,3.0,47.35,0.0,0.0,,0.0,,0.0
2023-07-12,0.0,0.0,0.0,0.0,0.0,0.0,0.0,0.0,0.0,,,,,,,0.0,,0.0,0.0,3.0,48.0,0.0,0.0,,0.0,,0.0
2023-07-13,0.0,0.0,0.0,0.0,0.0,0.0,0.0,0.0,0.0,,,,,,,0.0,,0.0,0.0,3.0,48.29,0.0,0.0,,0.0,,0.0
2023-07-14,0.0,0.0,0.0,0.0,0.0,0.0,0.0,0.0,0.0,,,,,,,0.0,,0.0,0.0,3.0,48.17,0.0,0.0,,0.0,,0.0
2023-07-17,0.0,0.0,0.0,0.0,0.0,0.0,0.0,0.0,0.0,,,,,,,0.0,,0.0,0.0,3.0,47.9,0.0,0.0,,0.0,,0.0
2023-07-18,0.0,0.0,0.0,0.0,0.0,0.0,0.0,0.0,0.0,,,,,,,0.0,,0.0,0.0,3.0,47.79,0.0,0.0,,0.0,,0.0
2023-07-19,0.0,0.0,0.0,0.0,0.0,0.0,0.0,0.0,0.0,,,,,,,0.0,,0.0,0.0,3.0,47.81,0.0,0.0,,0.0,,0.0
2023-07-20,0.0,0.0,0.0,0.0,0.0,0.0,0.0,0.0,0.0,,,,,,,0.0,,0.0,0.0,3.0,47.64,0.0,0.0,,0.0,,0.0
2023-07-21,0.0,0.0,0.0,0.0,0.0,0.0,0.0,0.0,0.0,,,,,,,0.0,,0.0,0.0,3.0,47.72,0.0,0.0,,0.0,,0.0
2023-07-24,0.0,0.0,0.0,0.0,0.0,0.0,0.0,0.0,0.0,,,,,,,0.0,,0.0,0.0,3.0,48.37,0.0,0.0,,0.0,,0.0
2023-07-25,0.0,0.0,0.0,0.0,0.0,0.0,0.0,0.0,0.0,,,,,,,0.0,,0.0,0.0,3.0,48.93,0.0,0.0,,0.0,,0.0
2023-07-26,0.0,0.0,0.0,0.0,0.0,0.0,0.0,0.0,0.0,,,,,,,0.0,,0.0,0.0,3.0,48.95,0.0,0.0,,0.0,,0.0
2023-07-27,0.0,0.0,0.0,0.0,0.0,0.0,0.0,0.0,0.0,,,,,,,0.0,,0.0,0.0,3.0,49.39,0.0,0.0,,0.0,,0.0
2023-07-28,0.0,0.0,0.0,0.0,0.0,0.0,0.0,0.0,0.0,,,,,,,0.0,,0.0,0.0,3.0,49.84,0.0,0.0,,0.0,,0.0
2023-07-31,0.0,0.0,0.0,0.0,0.0,0.0,0.0,0.0,0.0,,,,,,,0.0,,0.0,0.0,3.0,49.9,0.0,0.0,,0.0,,0.0
2023-08-01,0.0,0.0,0.0,0.0,0.0,0.0,0.0,0.0,0.0,,,,,,,0.0,,0.0,0.0,3.0,49.56,0.0,0.0,,0.0,,0.0
2023-08-02,0.0,0.0,0.0,0.0,0.0,0.0,0.0,0.0,0.0,,,,,,,0.0,,0.0,0.0,3.0,48.51,0.0,0.0,,0.0,,0.0
2023-08-03,0.0,0.0,0.0,0.0,0.0,0.0,0.0,0.0,0.0,,,,,,,0.0,,0.0,0.0,3.0,48.84,0.0,0.0,,0.0,,0.0
2023-08-04,0.0,0.0,0.0,0.0,0.0,0.0,0.0,0.0,0.0,,,,,,,0.0,,0.0,0.0,3.0,48.59,0.0,0.0,,0.0,,0.0
2023-08-07,0.0,0.0,0.0,0.0,0.0,0.0,0.0,0.0,0.0,,,,,,,0.0,,0.0,0.0,3.0,48.29,0.0,0.0,,0.0,,0.0
2023-08-08,0.0,0.0,0.0,0.0,0.0,0.0,0.0,0.0,0.0,,,,,,,0.0,,0.0,0.0,3.0,47.8,0.0,0.0,,0.0,,0.0
2023-08-09,0.0,0.0,0.0,0.0,0.0,0.0,0.0,0.0,0.0,,,,,,,0.0,,0.0,0.0,3.0,47.95,0.0,0.0,,0.0,,0.0
2023-08-10,0.0,0.0,0.0,0.0,0.0,0.0,0.0,0.0,0.0,,,,,,,0.0,,0.0,0.0,3.0,48.23,0.0,0.0,,0.0,,0.0
2023-08-11,0.0,0.0,0.0,0.0,0.0,0.0,0.0,0.0,0.0,,,,,,,0.0,,0.0,0.0,3.0,47.28,0.0,0.0,,0.0,,0.0
2023-08-14,0.0,0.0,0.0,0.0,0.0,0.0,0.0,0.0,0.0,,,,,,,0.0,,0.0,0.0,3.0,47.21,0.0,0.0,,0.0,,0.0
2023-08-15,0.0,0.0,0.0,0.0,0.0,0.0,0.0,0.0,0.0,,,,,,,0.0,,0.0,0.0,3.0,46.8,0.0,0.0,,0.0,,0.0
2023-08-16,0.0,0.0,0.0,0.0,0.0,0.0,0.0,0.0,0.0,,,,,,,0.0,,0.0,0.0,3.0,46.5,0.0,0.0,,0.0,,0.0
2023-08-17,0.0,0.0,0.0,0.0,0.0,0.0,0.0,0.0,0.0,,,,,,,0.0,,0.0,0.0,3.0,46.65,0.0,0.0,,0.0,,0.0
2023-08-18,0.0,0.0,0.0,0.0,0.0,0.0,0.0,0.0,0.0,,,,,,,0.0,,0.0,0.0,3.0,46.13,0.0,0.0,,0.0,,0.0
2023-08-21,0.0,0.0,0.0,0.0,0.0,0.0,0.0,0.0,0.0,,,,,,,0.0,,0.0,0.0,3.0,45.89,0.0,0.0,,0.0,,0.0
2023-08-22,0.0,0.0,0.0,0.0,0.0,0.0,0.0,0.0,0.0,,,,,,,0.0,,0.0,0.0,3.0,46.23,0.0,0.0,,0.0,,0.0
2023-08-23,0.0,0.0,0.0,0.0,0.0,0.0,0.0,0.0,0.0,,,,,,,0.0,,0.0,0.0,3.0,46.83,0.0,0.0,,0.0,,0.0
2023-08-24,0.0,0.0,0.0,0.0,0.0,0.0,0.0,0.0,0.0,,,,,,,0.0,,0.0,0.0,3.0,46.72,0.0,0.0,,0.0,,0.0
2023-08-25,0.0,0.0,0.0,0.0,0.0,0.0,0.0,0.0,0.0,,,,,,,0.0,,0.0,0.0,3.0,46.8,0.0,0.0,,0.0,,0.0
2023-08-28,0.0,0.0,0.0,0.0,0.0,0.0,0.0,0.0,0.0,,,,,,,0.0,,0.0,0.0,3.0,47.37,0.0,0.0,,0.0,,0.0
2023-08-29,0.0,0.0,0.0,0.0,0.0,0.0,0.0,0.0,0.0,,,,,,,0.0,,0.0,0.0,3.0,47.81,0.0,0.0,,0.0,,0.0
2023-08-30,0.0,0.0,0.0,0.0,0.0,0.0,0.0,0.0,0.0,,,,,,,0.0,,0.0,0.0,3.0,47.43,0.0,0.0,,0.0,,0.0
2023-08-31,0.0,0.0,0.0,0.0,0.0,0.0,0.0,0.0,0.0,,,,,,,0.0,,0.0,0.0,3.0,47.36,0.0,0.0,,0.0,,0.0
2023-09-01,0.0,0.0,0.0,0.0,0.0,0.0,0.0,0.0,0.0,,,,,,,0.0,,0.0,0.0,3.0,48.12,0.0,0.0,,0.0,,0.0
2023-09-04,0.0,0.0,0.0,0.0,0.0,0.0,0.0,0.0,0.0,,,,,,,0.0,,0.0,0.0,3.0,48.35,0.0,0.0,,0.0,,0.0
2023-09-05,0.0,0.0,0.0,0.0,0.0,0.0,0.0,0.0,0.0,,,,,,,0.0,,0.0,0.0,3.0,48.26,0.0,0.0,,0.0,,0.0
2023-09-06,0.0,0.0,0.0,0.0,0.0,0.0,0.0,0.0,0.0,,,,,,,0.0,,0.0,0.0,3.0,48.03,0.0,0.0,,0.0,,0.0
2023-09-07,0.0,0.0,0.0,0.0,0.0,0.0,0.0,0.0,0.0,,,,,,,0.0,,0.0,0.0,3.0,47.51,0.0,0.0,,0.0,,0.0
2023-09-08,0.0,0.0,0.0,0.0,0.0,0.0,0.0,0.0,0.0,,,,,,,0.0,,0.0,0.0,3.0,47.48,0.0,0.0,,0.0,,0.0
2023-09-11,0.0,0.0,0.0,0.0,0.0,0.0,0.0,0.0,0.0,,,,,,,0.0,,0.0,0.0,3.0,47.76,0.0,0.0,,0.0,,0.0
2023-09-12,0.0,0.0,0.0,0.0,0.0,0.0,0.0,0.0,0.0,,,,,,,0.0,,0.0,0.0,3.0,47.87,0.0,0.0,,0.0,,0.0
2023-09-13,0.0,0.0,0.0,0.0,0.0,0.0,0.0,0.0,0.0,,,,,,,0.0,,0.0,0.0,3.0,47.79,0.0,0.0,,0.0,,0.0
2023-09-14,0.0,0.0,0.0,0.0,0.0,0.0,0.0,0.0,0.0,,,,,,,0.0,,0.0,0.0,3.0,48.47,0.0,0.0,,0.0,,0.0
2023-09-15,0.0,0.0,0.0,0.0,0.0,0.0,0.0,0.0,0.0,,,,,,,0.0,,0.0,0.0,3.0,48.18,0.0,0.0,,0.0,,0.0
2023-09-18,0.0,0.0,0.0,0.0,0.0,0.0,0.0,0.0,0.0,,,,,,,0.0,,0.0,0.0,3.0,47.97,0.0,0.0,,0.0,,0.0
2023-09-19,0.0,0.0,0.0,0.0,0.0,0.0,0.0,0.0,0.0,,,,,,,0.0,,0.0,0.0,3.0,47.75,0.0,0.0,,0.0,,0.0
2023-09-20,0.0,0.0,0.0,0.0,0.0,0.0,0.0,0.0,0.0,,,,,,,0.0,,0.0,0.0,3.0,47.74,0.0,0.0,,0.0,,0.0
2023-09-21,0.0,0.0,0.0,0.0,0.0,0.0,0.0,0.0,0.0,,,,,,,0.0,,0.0,0.0,3.0,46.78,0.0,0.0,,0.0,,0.0
2023-09-22,0.0,0.0,0.0,0.0,0.0,0.0,0.0,0.0,0.0,,,,,,,0.0,,0.0,0.0,3.0,47.42,0.0,0.0,,0.0,,0.0
2023-09-25,0.0,0.0,0.0,0.0,0.0,0.0,0.0,0.0,0.0,,,,,,,0.0,,0.0,0.0,3.0,47.41,0.0,0.0,,0.0,,0.0
2023-09-26,0.0,0.0,0.0,0.0,0.0,0.0,0.0,0.0,0.0,,,,,,,0.0,,0.0,0.0,3.0,46.92,0.0,0.0,,0.0,,0.0
2023-09-27,0.0,0.0,0.0,0.0,0.0,0.0,0.0,0.0,0.0,,,,,,,0.0,,0.0,0.0,3.0,47.23,0.0,0.0,,0.0,,0.0
2023-09-28,0.0,0.0,0.0,0.0,0.0,0.0,0.0,0.0,0.0,,,,,,,0.0,,0.0,0.0,3.0,47.03,0.0,0.0,,0.0,,0.0
2023-09-29,0.0,0.0,0.0,0.0,0.0,0.0,0.0,0.0,0.0,,,,,,,0.0,,0.0,0.0,3.0,47.3,0.0,0.0,,0.0,,0.0
2023-10-02,0.0,0.0,0.0,0.0,0.0,0.0,0.0,0.0,0.0,,,,,,,0.0,,0.0,0.0,3.0,47.12,0.0,0.0,,0.0,,0.0
2023-10-03,0.0,0.0,0.0,0.0,0.0,0.0,0.0,0.0,0.0,,,,,,,0.0,,0.0,0.0,3.0,46.79,0.0,0.0,,0.0,,0.0
2023-10-04,0.0,0.0,0.0,0.0,0.0,0.0,0.0,0.0,0.0,,,,,,,0.0,,0.0,0.0,3.0,46.45,0.0,0.0,,0.0,,0.0
2023-10-05,0.0,0.0,0.0,0.0,0.0,0.0,0.0,0.0,0.0,,,,,,,0.0,,0.0,0.0,3.0,46.47,0.0,0.0,,0.0,,0.0
2023-10-06,0.0,0.0,0.0,0.0,0.0,0.0,0.0,0.0,0.0,,,,,,,0.0,,0.0,0.0,3.0,47.1,0.0,0.0,,0.0,,0.0
2023-10-09,0.0,0.0,0.0,0.0,0.0,0.0,0.0,0.0,0.0,,,,,,,0.0,,0.0,0.0,3.0,46.91,0.0,0.0,,0.0,,0.0
2023-10-10,0.0,0.0,0.0,0.0,0.0,0.0,0.0,0.0,0.0,,,,,,,0.0,,0.0,0.0,3.0,47.59,0.0,0.0,,0.0,,0.0
2023-10-11,0.0,0.0,0.0,0.0,0.0,0.0,0.0,0.0,0.0,,,,,,,0.0,,0.0,0.0,3.0,47.72,0.0,0.0,,0.0,,0.0
2023-10-12,0.0,0.0,0.0,0.0,0.0,0.0,0.0,0.0,0.0,,,,,,,0.0,,0.0,0.0,3.0,47.6,0.0,0.0,,0.0,,0.0
2023-10-13,0.0,0.0,0.0,0.0,0.0,0.0,0.0,0.0,0.0,,,,,,,0.0,,0.0,0.0,3.0,47.46,0.0,0.0,,0.0,,0.0
2023-10-16,0.0,0.0,0.0,0.0,0.0,0.0,0.0,0.0,0.0,,,,,,,0.0,,0.0,0.0,3.0,47.57,0.0,0.0,,0.0,,0.0
2023-10-17,0.0,0.0,0.0,0.0,0.0,0.0,0.0,0.0,0.0,,,,,,,0.0,,0.0,0.0,3.0,47.33,0.0,0.0,,0.0,,0.0
2023-10-18,0.0,0.0,0.0,0.0,0.0,0.0,0.0,0.0,0.0,,,,,,,0.0,,0.0,0.0,3.0,46.84,0.0,0.0,,0.0,,0.0
2023-10-19,0.0,0.0,0.0,0.0,0.0,0.0,0.0,0.0,0.0,,,,,,,0.0,,0.0,0.0,3.0,46.41,0.0,0.0,,0.0,,0.0
2023-10-20,0.0,0.0,0.0,0.0,0.0,0.0,0.0,0.0,0.0,,,,,,,0.0,,0.0,0.0,3.0,45.7,0.0,0.0,,0.0,,0.0
2023-10-23,0.0,0.0,0.0,0.0,0.0,0.0,0.0,0.0,0.0,,,,,,,0.0,,0.0,0.0,3.0,45.45,0.0,0.0,,0.0,,0.0
2023-10-24,0.0,0.0,0.0,0.0,0.0,0.0,0.0,0.0,0.0,,,,,,,0.0,,0.0,0.0,3.0,46.23,0.0,0.0,,0.0,,0.0
2023-10-25,0.0,0.0,0.0,0.0,0.0,0.0,0.0,0.0,0.0,,,,,,,0.0,,0.0,0.0,3.0,45.8,0.0,0.0,,0.0,,0.0
2023-10-26,0.0,0.0,0.0,0.0,0.0,0.0,0.0,0.0,0.0,,,,,,,0.0,,0.0,0.0,3.0,45.54,0.0,0.0,,0.0,,0.0
2023-10-27,0.0,0.0,0.0,0.0,0.0,0.0,0.0,0.0,0.0,,,,,,,0.0,,0.0,0.0,3.0,45.46,0.0,0.0,,0.0,,0.0
2023-10-30,0.0,0.0,0.0,0.0,0.0,0.0,0.0,0.0,0.0,,,,,,,0.0,,0.0,0.0,3.0,45.59,0.0,0.0,,0.0,,0.0
2023-10-31,0.0,0.0,0.0,0.0,0.0,0.0,0.0,0.0,0.0,,,,,,,0.0,,0.0,0.0,3.0,45.23,0.0,0.0,,0.0,,0.0
2023-11-01,0.0,0.0,0.0,0.0,0.0,0.0,0.0,0.0,0.0,,,,,,,0.0,,0.0,0.0,3.0,45.77,0.0,0.0,,0.0,,0.0
2023-11-02,0.0,0.0,0.0,0.0,0.0,0.0,0.0,0.0,0.0,,,,,,,0.0,,0.0,0.0,3.0,46.32,0.0,0.0,,0.0,,0.0
2023-11-03,0.0,0.0,0.0,0.0,0.0,0.0,0.0,0.0,0.0,,,,,,,0.0,,0.0,0.0,3.0,46.9,0.0,0.0,,0.0,,0.0
2023-11-06,0.0,0.0,0.0,0.0,0.0,0.0,0.0,0.0,0.0,,,,,,,0.0,,0.0,0.0,3.0,47.22,0.0,0.0,,0.0,,0.0
2023-11-07,0.0,0.0,0.0,0.0,0.0,0.0,0.0,0.0,0.0,,,,,,,0.0,,0.0,0.0,3.0,47.15,0.0,0.0,,0.0,,0.0
2023-11-08,0.0,0.0,0.0,0.0,0.0,0.0,0.0,0.0,0.0,,,,,,,0.0,,0.0,0.0,3.0,46.91,0.0,0.0,,0.0,,0.0
2023-11-09,0.0,0.0,0.0,0.0,0.0,0.0,0.0,0.0,0.0,,,,,,,0.0,,0.0,0.0,3.0,46.92,0.0,0.0,,0.0,,0.0
2023-11-10,0.0,0.0,0.0,0.0,0.0,0.0,0.0,0.0,0.0,,,,,,,0.0,,0.0,0.0,3.0,46.6,0.0,0.0,,0.0,,0.0
2023-11-13,0.0,0.0,0.0,0.0,0.0,0.0,0.0,0.0,0.0,,,,,,,0.0,,0.0,0.0,3.0,46.9,0.0,0.0,,0.0,,0.0
2023-11-14,0.0,0.0,0.0,0.0,0.0,0.0,0.0,0.0,0.0,,,,,,,0.0,,0.0,0.0,3.0,47.19,0.0,0.0,,0.0,,0.0
2023-11-15,0.0,0.0,0.0,0.0,0.0,0.0,0.0,0.0,0.0,,,,,,,0.0,,0.0,0.0,3.0,47.84,0.0,0.0,,0.0,,0.0
2023-11-16,0.0,0.0,0.0,0.0,0.0,0.0,0.0,0.0,0.0,,,,,,,0.0,,0.0,0.0,3.0,46.97,0.0,0.0,,0.0,,0.0
2023-11-17,0.0,0.0,0.0,0.0,0.0,0.0,0.0,0.0,0.0,,,,,,,0.0,,0.0,0.0,3.0,46.97,0.0,0.0,,0.0,,0.0
2023-11-20,0.0,0.0,0.0,0.0,0.0,0.0,0.0,0.0,0.0,,,,,,,0.0,,0.0,0.0,3.0,47.36,0.0,0.0,,0.0,,0.0
2023-11-21,0.0,0.0,0.0,0.0,0.0,0.0,0.0,0.0,0.0,,,,,,,0.0,,0.0,0.0,3.0,47.19,0.0,0.0,,0.0,,0.0
2023-11-22,0.0,0.0,0.0,0.0,0.0,0.0,0.0,0.0,0.0,,,,,,,0.0,,0.0,0.0,3.0,47.31,0.0,0.0,,0.0,,0.0
2023-11-23,0.0,0.0,0.0,0.0,0.0,0.0,0.0,0.0,0.0,,,,,,,0.0,,0.0,0.0,3.0,47.53,0.0,0.0,,0.0,,0.0
2023-11-24,0.0,0.0,0.0,0.0,0.0,0.0,0.0,0.0,0.0,,,,,,,0.0,,0.0,0.0,3.0,47.13,0.0,0.0,,0.0,,0.0
2023-11-27,0.0,0.0,0.0,0.0,0.0,0.0,0.0,0.0,0.0,,,,,,,0.0,,0.0,0.0,3.0,46.77,0.0,0.0,,0.0,,0.0
2023-11-28,0.0,0.0,0.0,0.0,0.0,0.0,0.0,0.0,0.0,,,,,,,0.0,,0.0,0.0,3.0,47.0,0.0,0.0,,0.0,,0.0
2023-11-29,0.0,0.0,0.0,0.0,0.0,0.0,0.0,0.0,0.0,,,,,,,0.0,,0.0,0.0,3.0,46.72,0.0,0.0,,0.0,,0.0
2023-11-30,0.0,0.0,0.0,0.0,0.0,0.0,0.0,0.0,0.0,,,,,,,0.0,,0.0,0.0,3.0,47.11,0.0,0.0,,0.0,,0.0
2023-12-01,0.0,0.0,0.0,0.0,0.0,0.0,0.0,0.0,0.0,,,,,,,0.0,,0.0,0.0,3.0,47.18,0.0,0.0,,0.0,,0.0
2023-12-04,0.0,0.0,0.0,0.0,0.0,0.0,0.0,0.0,0.0,,,,,,,0.0,,0.0,0.0,3.0,47.2,0.0,0.0,,0.0,,0.0
2023-12-05,0.0,0.0,0.0,0.0,0.0,0.0,0.0,0.0,0.0,,,,,,,0.0,,0.0,0.0,3.0,47.02,0.0,0.0,,0.0,,0.0
2023-12-06,0.0,0.0,0.0,0.0,0.0,0.0,0.0,0.0,0.0,,,,,,,0.0,,0.0,0.0,3.0,47.35,0.0,0.0,,0.0,,0.0
2023-12-07,0.0,0.0,0.0,0.0,0.0,0.0,0.0,0.0,0.0,,,,,,,0.0,,0.0,0.0,3.0,47.27,0.0,0.0,,0.0,,0.0
2023-12-08,0.0,0.0,0.0,0.0,0.0,0.0,0.0,0.0,0.0,,,,,,,0.0,,0.0,0.0,3.0,47.35,0.0,0.0,,0.0,,0.0
2023-12-11,0.0,0.0,0.0,0.0,0.0,0.0,0.0,0.0,0.0,,,,,,,0.0,,0.0,0.0,3.0,47.32,0.0,0.0,,0.0,,0.0
2023-12-12,0.0,0.0,0.0,0.0,0.0,0.0,0.0,0.0,0.0,,,,,,,0.0,,0.0,0.0,3.0,47.33,0.0,0.0,,0.0,,0.0
2023-12-13,0.0,0.0,0.0,0.0,0.0,0.0,0.0,0.0,0.0,,,,,,,0.0,,0.0,0.0,3.0,47.25,0.0,0.0,,0.0,,0.0
2023-12-14,0.0,0.0,0.0,0.0,0.0,0.0,0.0,0.0,0.0,,,,,,,0.0,,0.0,0.0,3.0,47.61,0.0,0.0,,0.0,,0.0
2023-12-15,0.0,0.0,0.0,0.0,0.0,0.0,0.0,0.0,0.0,,,,,,,0.0,,0.0,0.0,3.0,48.06,0.0,0.0,,0.0,,0.0
2023-12-18,0.0,0.0,0.0,0.0,0.0,0.0,0.0,0.0,0.0,,,,,,,0.0,,0.0,0.0,3.0,47.7,0.0,0.0,,0.0,,0.0
2023-12-19,0.0,0.0,0.0,0.0,0.0,0.0,0.0,0.0,0.0,,,,,,,0.0,,0.0,0.0,3.0,48.02,0.0,0.0,,0.0,,0.0
2023-12-20,0.0,0.0,0.0,0.0,0.0,0.0,0.0,0.0,0.0,,,,,,,0.0,,0.0,0.0,3.0,47.81,0.0,0.0,,0.0,,0.0
2023-12-21,0.0,0.0,0.0,0.0,0.0,0.0,0.0,0.0,0.0,,,,,,,0.0,,0.0,0.0,3.0,47.93,0.0,0.0,,0.0,,0.0
2023-12-22,0.0,0.0,0.0,0.0,0.0,0.0,0.0,0.0,0.0,,,,,,,0.0,,0.0,0.0,3.0,47.72,0.0,0.0,,0.0,,0.0
2023-12-25,0.0,0.0,0.0,0.0,0.0,0.0,0.0,0.0,0.0,,,,,,,0.0,,0.0,0.0,3.0,47.72,0.0,0.0,,0.0,,0.0
2023-12-26,0.0,0.0,0.0,0.0,0.0,0.0,0.0,0.0,0.0,,,,,,,0.0,,0.0,0.0,3.0,47.72,0.0,0.0,,0.0,,0.0
2023-12-27,0.0,0.0,0.0,0.0,0.0,0.0,0.0,0.0,0.0,,,,,,,0.0,,0.0,0.0,3.0,47.86,0.0,0.0,,0.0,,0.0
2023-12-28,0.0,0.0,0.0,0.0,0.0,0.0,0.0,0.0,0.0,,,,,,,0.0,,0.0,0.0,3.0,48.75,0.0,0.0,,0.0,,0.0
2023-12-29,0.0,0.0,0.0,0.0,0.0,0.0,0.0,0.0,0.0,,,,,,,0.0,,0.0,0.0,3.0,48.69,0.0,0.0,,0.0,,0.0
2024-01-01,0.0,0.0,0.0,0.0,0.0,0.0,0.0,0.0,0.0,,,,,,,0.0,,0.0,0.0,3.0,48.69,0.0,0.0,,0.0,,0.0
2024-01-02,0.0,0.0,0.0,0.0,0.0,0.0,0.0,0.0,0.0,,,,,,,0.0,,0.0,0.0,3.0,48.41,0.0,0.0,,0.0,,0.0
2024-01-03,0.0,0.0,0.0,0.0,0.0,0.0,0.0,0.0,0.0,,,,,,,0.0,,0.0,0.0,3.0,48.31,0.0,0.0,,0.0,,0.0
2024-01-04,0.0,0.0,0.0,0.0,0.0,0.0,0.0,0.0,0.0,,,,,,,0.0,,0.0,0.0,3.0,48.28,0.0,0.0,,0.0,,0.0
2024-01-05,0.0,0.0,0.0,0.0,0.0,0.0,0.0,0.0,0.0,,,,,,,0.0,,0.0,0.0,3.0,48.25,0.0,0.0,,0.0,,0.0
2024-01-08,0.0,0.0,0.0,0.0,0.0,0.0,0.0,0.0,0.0,,,,,,,0.0,,0.0,0.0,3.0,47.93,0.0,0.0,,0.0,,0.0
2024-01-09,0.0,0.0,0.0,0.0,0.0,0.0,0.0,0.0,0.0,,,,,,,0.0,,0.0,0.0,3.0,47.5,0.0,0.0,,0.0,,0.0
2024-01-10,0.0,0.0,0.0,0.0,0.0,0.0,0.0,0.0,0.0,,,,,,,0.0,,0.0,0.0,3.0,47.21,0.0,0.0,,0.0,,0.0
2024-01-11,0.0,0.0,0.0,0.0,0.0,0.0,0.0,0.0,0.0,,,,,,,0.0,,0.0,0.0,3.0,47.18,0.0,0.0,,0.0,,0.0
2024-01-12,0.0,0.0,0.0,0.0,0.0,0.0,0.0,0.0,0.0,,,,,,,0.0,,0.0,0.0,3.0,47.76,0.0,0.0,,0.0,,0.0
2024-01-15,0.0,0.0,0.0,0.0,0.0,0.0,0.0,0.0,0.0,,,,,,,0.0,,0.0,0.0,3.0,47.48,0.0,0.0,,0.0,,0.0
2024-01-16,0.0,0.0,0.0,0.0,0.0,0.0,0.0,0.0,0.0,,,,,,,0.0,,0.0,0.0,3.0,46.92,0.0,0.0,,0.0,,0.0
2024-01-17,0.0,0.0,0.0,0.0,0.0,0.0,0.0,0.0,0.0,,,,,,,0.0,,0.0,0.0,3.0,45.9,0.0,0.0,,0.0,,0.0
2024-01-18,0.0,0.0,0.0,0.0,0.0,0.0,0.0,0.0,0.0,,,,,,,0.0,,0.0,0.0,3.0,46.57,0.0,0.0,,0.0,,0.0
2024-01-19,0.0,0.0,0.0,0.0,0.0,0.0,0.0,0.0,0.0,,,,,,,0.0,,0.0,0.0,3.0,46.58,0.0,0.0,,0.0,,0.0
2024-01-22,0.0,0.0,0.0,0.0,0.0,0.0,0.0,0.0,0.0,,,,,,,0.0,,0.0,0.0,3.0,46.5,0.0,0.0,,0.0,,0.0
2024-01-23,0.0,0.0,0.0,0.0,0.0,0.0,0.0,0.0,0.0,,,,,,,0.0,,0.0,0.0,3.0,46.97,0.0,0.0,,0.0,,0.0
2024-01-24,0.0,0.0,0.0,0.0,0.0,0.0,0.0,0.0,0.0,,,,,,,0.0,,0.0,0.0,3.0,47.75,0.0,0.0,,0.0,,0.0
2024-01-25,0.0,0.0,0.0,0.0,0.0,0.0,0.0,0.0,0.0,,,,,,,0.0,,0.0,0.0,3.0,47.96,0.0,0.0,,0.0,,0.0
2024-01-26,0.0,0.0,0.0,0.0,0.0,0.0,0.0,0.0,0.0,,,,,,,0.0,,0.0,0.0,3.0,47.72,0.0,0.0,,0.0,,0.0
2024-01-29,0.0,0.0,0.0,0.0,0.0,0.0,0.0,0.0,0.0,,,,,,,0.0,,0.0,0.0,3.0,47.78,0.0,0.0,,0.0,,0.0
2024-01-30,0.0,0.0,0.0,0.0,0.0,0.0,0.0,0.0,0.0,,,,,,,0.0,,0.0,0.0,3.0,47.34,0.0,0.0,,0.0,,0.0
2024-01-31,0.0,0.0,0.0,0.0,0.0,0.0,0.0,0.0,0.0,,,,,,,0.0,,0.0,0.0,3.0,47.6,0.0,0.0,,0.0,,0.0
2024-02-01,0.0,0.0,0.0,0.0,0.0,0.0,0.0,0.0,0.0,,,,,,,0.0,,0.0,0.0,3.0,47.3,0.0,0.0,,0.0,,0.0
2024-02-02,0.0,0.0,0.0,0.0,0.0,0.0,0.0,0.0,0.0,,,,,,,0.0,,0.0,0.0,3.0,47.51,0.0,0.0,,0.0,,0.0
2024-02-05,0.0,0.0,0.0,0.0,0.0,0.0,0.0,0.0,0.0,,,,,,,0.0,,0.0,0.0,3.0,47.94,0.0,0.0,,0.0,,0.0
2024-02-06,0.0,0.0,0.0,0.0,0.0,0.0,0.0,0.0,0.0,,,,,,,0.0,,0.0,0.0,3.0,48.83,0.0,0.0,,0.0,,0.0
2024-02-07,0.0,0.0,0.0,0.0,0.0,0.0,0.0,0.0,0.0,,,,,,,0.0,,0.0,0.0,3.0,48.94,0.0,0.0,,0.0,,0.0
2024-02-08,0.0,0.0,0.0,0.0,0.0,0.0,0.0,0.0,0.0,,,,,,,0.0,,0.0,0.0,3.0,48.75,0.0,0.0,,0.0,,0.0
2024-02-09,0.0,0.0,0.0,0.0,0.0,0.0,0.0,0.0,0.0,,,,,,,0.0,,0.0,0.0,3.0,48.7,0.0,0.0,,0.0,,0.0
2024-02-12,0.0,0.0,0.0,0.0,0.0,0.0,0.0,0.0,0.0,,,,,,,0.0,,0.0,0.0,3.0,49.71,0.0,0.0,,0.0,,0.0
2024-02-13,0.0,0.0,0.0,0.0,0.0,0.0,0.0,0.0,0.0,,,,,,,0.0,,0.0,0.0,3.0,49.01,0.0,0.0,,0.0,,0.0
2024-02-14,0.0,0.0,0.0,0.0,0.0,0.0,0.0,0.0,0.0,,,,,,,0.0,,0.0,0.0,3.0,49.03,0.0,0.0,,0.0,,0.0
2024-02-15,0.0,0.0,0.0,0.0,0.0,0.0,0.0,0.0,0.0,,,,,,,0.0,,0.0,0.0,3.0,49.15,0.0,0.0,,0.0,,0.0
2024-02-16,0.0,0.0,0.0,0.0,0.0,0.0,0.0,0.0,0.0,,,,,,,0.0,,0.0,0.0,3.0,49.55,0.0,0.0,,0.0,,0.0
2024-02-19,0.0,0.0,0.0,0.0,0.0,0.0,0.0,0.0,0.0,,,,,,,0.0,,0.0,0.0,3.0,49.61,0.0,0.0,,0.0,,0.0
2024-02-20,0.0,0.0,0.0,0.0,0.0,0.0,0.0,0.0,0.0,,,,,,,0.0,,0.0,0.0,3.0,49.2,0.0,0.0,,0.0,,0.0
2024-02-21,0.0,0.0,0.0,0.0,0.0,0.0,0.0,0.0,0.0,,,,,,,0.0,,0.0,0.0,3.0,49.3,0.0,0.0,,0.0,,0.0
2024-02-22,0.0,0.0,0.0,0.0,0.0,0.0,0.0,0.0,0.0,,,,,,,0.0,,0.0,0.0,3.0,49.82,0.0,0.0,,0.0,,0.0
2024-02-23,0.0,0.0,0.0,0.0,0.0,0.0,0.0,0.0,0.0,,,,,,,0.0,,0.0,0.0,3.0,49.93,0.0,0.0,,0.0,,0.0
2024-02-26,0.0,0.0,0.0,0.0,0.0,0.0,0.0,0.0,0.0,,,,,,,0.0,,0.0,0.0,3.0,49.63,0.0,0.0,,0.0,,0.0
2024-02-27,0.0,0.0,0.0,0.0,0.0,0.0,0.0,0.0,0.0,,,,,,,0.0,,0.0,0.0,3.0,49.62,0.0,0.0,,0.0,,0.0
2024-02-28,0.0,0.0,0.0,0.0,0.0,0.0,0.0,0.0,0.0,,,,,,,0.0,,0.0,0.0,3.0,49.08,0.0,0.0,,0.0,,0.0
2024-02-29,0.0,0.0,0.0,0.0,0.0,0.0,0.0,0.0,0.0,,,,,,,0.0,,0.0,0.0,3.0,49.41,0.0,0.0,,0.0,,0.0
2024-03-01,0.0,0.0,0.0,0.0,0.0,0.0,0.0,0.0,0.0,,,,,,,0.0,,0.0,0.0,3.0,49.96,0.0,0.0,,0.0,,0.0
2024-03-04,0.0,0.0,0.0,0.0,0.0,0.0,0.0,0.0,0.0,,,,,,,0.0,,0.0,0.0,3.0,49.68,0.0,0.0,,0.0,,0.0
2024-03-05,0.0,0.0,0.0,0.0,0.0,0.0,0.0,0.0,0.0,,,,,,,0.0,,0.0,0.0,3.0,49.51,0.0,0.0,,0.0,,0.0
2024-03-06,0.0,0.0,0.0,0.0,0.0,0.0,0.0,0.0,0.0,,,,,,,0.0,,0.0,0.0,3.0,49.96,0.0,0.0,,0.0,,0.0
2024-03-07,0.0,0.0,0.0,0.0,0.0,0.0,0.0,0.0,0.0,,,,,,,0.0,,0.0,0.0,3.0,50.17,0.0,0.0,,0.0,,0.0
2024-03-08,0.0,0.0,0.0,0.0,0.0,0.0,0.0,0.0,0.0,,,,,,,0.0,,0.0,0.0,3.0,50.26,0.0,0.0,,0.0,,0.0
2024-03-11,0.0,0.0,0.0,0.0,0.0,0.0,0.0,0.0,0.0,,,,,,,0.0,,0.0,0.0,3.0,50.27,0.0,0.0,,0.0,,0.0
2024-03-12,0.0,0.0,0.0,0.0,0.0,0.0,0.0,0.0,0.0,,,,,,,0.0,,0.0,0.0,3.0,50.68,0.0,0.0,,0.0,,0.0
2024-03-13,0.0,0.0,0.0,0.0,0.0,0.0,0.0,0.0,0.0,,,,,,,0.0,,0.0,0.0,3.0,50.54,0.0,0.0,,0.0,,0.0
2024-03-14,0.0,0.0,0.0,0.0,0.0,0.0,0.0,0.0,0.0,,,,,,,0.0,,0.0,0.0,3.0,50.45,0.0,0.0,,0.0,,0.0
2024-03-15,0.0,0.0,0.0,0.0,0.0,0.0,0.0,0.0,0.0,,,,,,,0.0,,0.0,0.0,3.0,50.15,0.0,0.0,,0.0,,0.0
2024-03-18,0.0,0.0,0.0,0.0,0.0,0.0,0.0,0.0,0.0,,,,,,,0.0,,0.0,0.0,3.0,50.12,0.0,0.0,,0.0,,0.0
2024-03-19,0.0,0.0,0.0,0.0,0.0,0.0,0.0,0.0,0.0,,,,,,,0.0,,0.0,0.0,3.0,50.0,0.0,0.0,,0.0,,0.0
2024-03-20,0.0,0.0,0.0,0.0,0.0,0.0,0.0,0.0,0.0,,,,,,,0.0,,0.0,0.0,3.0,50.15,0.0,0.0,,0.0,,0.0
2024-03-21,0.0,0.0,0.0,0.0,0.0,0.0,0.0,0.0,0.0,,,,,,,0.0,,0.0,0.0,3.0,50.71,0.0,0.0,,0.0,,0.0
2024-03-22,0.0,0.0,0.0,0.0,0.0,0.0,0.0,0.0,0.0,,,,,,,0.0,,0.0,0.0,3.0,50.55,0.0,0.0,,0.0,,0.0
2024-03-25,0.0,0.0,0.0,0.0,0.0,0.0,0.0,0.0,0.0,,,,,,,0.0,,0.0,0.0,3.0,50.51,0.0,0.0,,0.0,,0.0
2024-03-26,0.0,0.0,0.0,0.0,0.0,0.0,0.0,0.0,0.0,,,,,,,0.0,,0.0,0.0,3.0,50.67,0.0,0.0,,0.0,,0.0
2024-03-27,0.0,0.0,0.0,0.0,0.0,0.0,0.0,0.0,0.0,,,,,,,0.0,,0.0,0.0,3.0,50.5,0.0,0.0,,0.0,,0.0
2024-03-28,0.0,0.0,0.0,0.0,0.0,0.0,0.0,0.0,0.0,,,,,,,0.0,,0.0,0.0,3.0,51.0,0.0,0.0,,0.0,,0.0
2024-03-29,0.0,0.0,0.0,0.0,0.0,0.0,0.0,0.0,0.0,,,,,,,0.0,,0.0,0.0,3.0,51.0,0.0,0.0,,0.0,,0.0
2024-04-01,0.0,0.0,0.0,0.0,0.0,0.0,0.0,0.0,0.0,,,,,,,0.0,,0.0,0.0,3.0,51.0,0.0,0.0,,0.0,,0.0
2024-04-02,0.0,0.0,0.0,0.0,0.0,0.0,0.0,0.0,0.0,,,,,,,0.0,,0.0,0.0,3.0,51.47,0.0,0.0,,0.0,,0.0
2024-04-03,0.0,0.0,0.0,0.0,0.0,0.0,0.0,0.0,0.0,,,,,,,0.0,,0.0,0.0,3.0,50.94,0.0,0.0,,0.0,,0.0
2024-04-04,0.0,0.0,0.0,0.0,0.0,0.0,0.0,0.0,0.0,,,,,,,0.0,,0.0,0.0,3.0,51.24,0.0,0.0,,0.0,,0.0
2024-04-05,0.0,0.0,0.0,0.0,0.0,0.0,0.0,0.0,0.0,,,,,,,0.0,,0.0,0.0,3.0,50.68,0.0,0.0,,0.0,,0.0
2024-04-08,0.0,0.0,0.0,0.0,0.0,0.0,0.0,0.0,0.0,,,,,,,0.0,,0.0,0.0,3.0,51.05,0.0,0.0,,0.0,,0.0
2024-04-09,0.0,0.0,0.0,0.0,0.0,0.0,0.0,0.0,0.0,,,,,,,0.0,,0.0,0.0,3.0,51.27,0.0,0.0,,0.0,,0.0
2024-04-10,0.0,0.0,0.0,0.0,0.0,0.0,0.0,0.0,0.0,,,,,,,0.0,,0.0,0.0,3.0,51.29,0.0,0.0,,0.0,,0.0
2024-04-11,0.0,0.0,0.0,0.0,0.0,0.0,0.0,0.0,0.0,,,,,,,0.0,,0.0,0.0,3.0,51.4,0.0,0.0,,0.0,,0.0
2024-04-12,0.0,0.0,0.0,0.0,0.0,0.0,0.0,0.0,0.0,,,,,,,0.0,,0.0,0.0,3.0,51.08,0.0,0.0,,0.0,,0.0
2024-04-15,0.0,0.0,0.0,0.0,0.0,0.0,0.0,0.0,0.0,,,,,,,0.0,,0.0,0.0,3.0,51.02,0.0,0.0,,0.0,,0.0
2024-04-16,0.0,0.0,0.0,0.0,0.0,0.0,0.0,0.0,0.0,,,,,,,0.0,,0.0,0.0,3.0,49.85,0.0,0.0,,0.0,,0.0
2024-04-17,0.0,0.0,0.0,0.0,0.0,0.0,0.0,0.0,0.0,,,,,,,0.0,,0.0,0.0,3.0,49.9,0.0,0.0,,0.0,,0.0
2024-04-18,0.0,0.0,0.0,0.0,0.0,0.0,0.0,0.0,0.0,,,,,,,0.0,,0.0,0.0,3.0,50.17,0.0,0.0,,0.0,,0.0
2024-04-19,0.0,0.0,0.0,0.0,0.0,0.0,0.0,0.0,0.0,,,,,,,0.0,,0.0,0.0,3.0,49.76,0.0,0.0,,0.0,,0.0
2024-04-22,0.0,0.0,0.0,0.0,0.0,0.0,0.0,0.0,0.0,,,,,,,0.0,,0.0,0.0,3.0,49.98,0.0,0.0,,0.0,,0.0
2024-04-23,0.0,0.0,0.0,0.0,0.0,0.0,0.0,0.0,0.0,,,,,,,0.0,,0.0,0.0,3.0,50.54,0.0,0.0,,0.0,,0.0
2024-04-24,0.0,0.0,0.0,0.0,0.0,0.0,0.0,0.0,0.0,,,,,,,0.0,,0.0,0.0,3.0,50.86,0.0,0.0,,0.0,,0.0
2024-04-25,0.0,0.0,0.0,0.0,0.0,0.0,0.0,0.0,0.0,,,,,,,0.0,,0.0,0.0,3.0,50.38,0.0,0.0,,0.0,,0.0
2024-04-26,0.0,0.0,0.0,0.0,0.0,0.0,0.0,0.0,0.0,,,,,,,0.0,,0.0,0.0,3.0,51.57,0.0,0.0,,0.0,,0.0
2024-04-29,0.0,0.0,0.0,0.0,0.0,0.0,0.0,0.0,0.0,,,,,,,0.0,,0.0,0.0,3.0,51.72,0.0,0.0,,0.0,,0.0
2024-04-30,0.0,0.0,0.0,0.0,0.0,0.0,0.0,0.0,0.0,,,,,,,0.0,,0.0,0.0,3.0,51.59,0.0,0.0,,0.0,,0.0
2024-05-01,0.0,0.0,0.0,0.0,0.0,0.0,0.0,0.0,0.0,,,,,,,0.0,,0.0,0.0,3.0,51.59,0.0,0.0,,0.0,,0.0
2024-05-02,0.0,0.0,0.0,0.0,0.0,0.0,0.0,0.0,0.0,,,,,,,0.0,,0.0,0.0,3.0,52.13,0.0,0.0,,0.0,,0.0
2024-05-03,0.0,0.0,0.0,0.0,0.0,0.0,0.0,0.0,0.0,,,,,,,0.0,,0.0,0.0,3.0,52.65,0.0,0.0,,0.0,,0.0
2024-05-06,0.0,0.0,0.0,0.0,0.0,0.0,0.0,0.0,0.0,,,,,,,0.0,,0.0,0.0,3.0,52.61,0.0,0.0,,0.0,,0.0
2024-05-07,0.0,0.0,0.0,0.0,0.0,0.0,0.0,0.0,0.0,,,,,,,0.0,,0.0,0.0,3.0,52.68,0.0,0.0,,0.0,,0.0
2024-05-08,0.0,0.0,0.0,0.0,0.0,0.0,0.0,0.0,0.0,,,,,,,0.0,,0.0,0.0,3.0,52.58,0.0,0.0,,0.0,,0.0
2024-05-09,0.0,0.0,0.0,0.0,0.0,0.0,0.0,0.0,0.0,,,,,,,0.0,,0.0,0.0,3.0,52.6,0.0,0.0,,0.0,,0.0
2024-05-10,0.0,0.0,0.0,0.0,0.0,0.0,0.0,0.0,0.0,,,,,,,0.0,,0.0,0.0,3.0,52.92,0.0,0.0,,0.0,,0.0
2024-05-13,0.0,0.0,0.0,0.0,0.0,0.0,0.0,0.0,0.0,,,,,,,0.0,,0.0,0.0,3.0,53.25,0.0,0.0,,0.0,,0.0
2024-05-14,0.0,0.0,0.0,0.0,0.0,0.0,0.0,0.0,0.0,,,,,,,0.0,,0.0,0.0,3.0,53.45,0.0,0.0,,0.0,,0.0
2024-05-15,0.0,0.0,0.0,0.0,0.0,0.0,0.0,0.0,0.0,,,,,,,0.0,,0.0,0.0,3.0,53.64,0.0,0.0,,0.0,,0.0
2024-05-16,0.0,0.0,0.0,0.0,0.0,0.0,0.0,0.0,0.0,,,,,,,0.0,,0.0,0.0,3.0,54.3,0.0,0.0,,0.0,,0.0
2024-05-17,0.0,0.0,0.0,0.0,0.0,0.0,0.0,0.0,0.0,,,,,,,0.0,,0.0,0.0,3.0,54.27,0.0,0.0,,0.0,,0.0
2024-05-20,0.0,0.0,0.0,0.0,0.0,0.0,0.0,0.0,0.0,,,,,,,0.0,,0.0,0.0,3.0,54.14,0.0,0.0,,0.0,,0.0
2024-05-21,0.0,0.0,0.0,0.0,0.0,0.0,0.0,0.0,0.0,,,,,,,0.0,,0.0,0.0,3.0,53.77,0.0,0.0,,0.0,,0.0
2024-05-22,0.0,0.0,0.0,0.0,0.0,0.0,0.0,0.0,0.0,,,,,,,0.0,,0.0,0.0,3.0,53.73,0.0,0.0,,0.0,,0.0
2024-05-23,0.0,0.0,0.0,0.0,0.0,0.0,0.0,0.0,0.0,,,,,,,0.0,,0.0,0.0,3.0,53.55,0.0,0.0,,0.0,,0.0
2024-05-24,0.0,0.0,0.0,0.0,0.0,0.0,0.0,0.0,0.0,,,,,,,0.0,,0.0,0.0,3.0,53.18,0.0,0.0,,0.0,,0.0
2024-05-27,0.0,0.0,0.0,0.0,0.0,0.0,0.0,0.0,0.0,,,,,,,0.0,,0.0,0.0,3.0,53.53,0.0,0.0,,0.0,,0.0
2024-05-28,0.0,0.0,0.0,0.0,0.0,0.0,0.0,0.0,0.0,,,,,,,0.0,,0.0,0.0,3.0,53.18,0.0,0.0,,0.0,,0.0
2024-05-29,0.0,0.0,0.0,0.0,0.0,0.0,0.0,0.0,0.0,,,,,,,0.0,,0.0,0.0,3.0,52.78,0.0,0.0,,0.0,,0.0
2024-05-30,0.0,0.0,0.0,0.0,0.0,0.0,0.0,0.0,0.0,,,,,,,0.0,,0.0,0.0,3.0,52.97,0.0,0.0,,0.0,,0.0
2024-05-31,0.0,0.0,0.0,0.0,0.0,0.0,0.0,0.0,0.0,,,,,,,0.0,,0.0,0.0,3.0,51.6,0.0,0.0,,0.0,,0.0
2024-06-03,0.0,0.0,0.0,0.0,0.0,0.0,0.0,0.0,0.0,,,,,,,0.0,,0.0,0.0,3.0,52.37,0.0,0.0,,0.0,,0.0
2024-06-04,0.0,0.0,0.0,0.0,0.0,0.0,0.0,0.0,0.0,,,,,,,0.0,,0.0,0.0,3.0,51.76,0.0,0.0,,0.0,,0.0
2024-06-05,0.0,0.0,0.0,0.0,0.0,0.0,0.0,0.0,0.0,,,,,,,0.0,,0.0,0.0,3.0,52.91,0.0,0.0,,0.0,,0.0
2024-06-06,0.0,0.0,0.0,0.0,0.0,0.0,0.0,0.0,0.0,,,,,,,0.0,,0.0,0.0,3.0,53.19,0.0,0.0,,0.0,,0.0
2024-06-07,0.0,0.0,0.0,0.0,0.0,0.0,0.0,0.0,0.0,,,,,,,0.0,,0.0,0.0,3.0,53.24,0.0,0.0,,0.0,,0.0
2024-06-10,0.0,0.0,0.0,0.0,0.0,0.0,0.0,0.0,0.0,,,,,,,0.0,,0.0,0.0,3.0,53.59,0.0,0.0,,0.0,,0.0
2024-06-11,0.0,0.0,0.0,0.0,0.0,0.0,0.0,0.0,0.0,,,,,,,0.0,,0.0,0.0,3.0,53.26,0.0,0.0,,0.0,,0.0
2024-06-12,0.0,0.0,0.0,0.0,0.0,0.0,0.0,0.0,0.0,,,,,,,0.0,,0.0,0.0,3.0,53.78,0.0,0.0,,0.0,,0.0
2024-06-13,0.0,0.0,0.0,0.0,0.0,0.0,0.0,0.0,0.0,,,,,,,0.0,,0.0,0.0,3.0,53.72,0.0,0.0,,0.0,,0.0
2024-06-14,0.0,0.0,0.0,0.0,0.0,0.0,0.0,0.0,0.0,,,,,,,0.0,,0.0,0.0,3.0,53.99,0.0,0.0,,0.0,,0.0
2024-06-17,0.0,0.0,0.0,0.0,0.0,0.0,0.0,0.0,0.0,,,,,,,0.0,,0.0,0.0,3.0,54.02,0.0,0.0,,0.0,,0.0
2024-06-18,0.0,0.0,0.0,0.0,0.0,0.0,0.0,0.0,0.0,,,,,,,0.0,,0.0,0.0,3.0,54.53,0.0,0.0,,0.0,,0.0
2024-06-19,0.0,0.0,0.0,0.0,0.0,0.0,0.0,0.0,0.0,,,,,,,0.0,,0.0,0.0,3.0,54.97,0.0,0.0,,0.0,,0.0
2024-06-20,0.0,0.0,0.0,0.0,0.0,0.0,0.0,0.0,0.0,,,,,,,0.0,,0.0,0.0,3.0,54.8,0.0,0.0,,0.0,,0.0
2024-06-21,0.0,0.0,0.0,0.0,0.0,0.0,0.0,0.0,0.0,,,,,,,0.0,,0.0,0.0,3.0,54.61,0.0,0.0,,0.0,,0.0
2024-06-24,0.0,0.0,0.0,0.0,0.0,0.0,0.0,0.0,0.0,,,,,,,0.0,,0.0,0.0,3.0,54.63,0.0,0.0,,0.0,,0.0
2024-06-25,0.0,0.0,0.0,0.0,0.0,0.0,0.0,0.0,0.0,,,,,,,0.0,,0.0,0.0,3.0,54.36,0.0,0.0,,0.0,,0.0
2024-06-26,0.0,0.0,0.0,0.0,0.0,0.0,0.0,0.0,0.0,,,,,,,0.0,,0.0,0.0,3.0,54.36,0.0,0.0,,0.0,,0.0
2024-06-27,0.0,0.0,0.0,0.0,0.0,0.0,0.0,0.0,0.0,,,,,,,0.0,,0.0,0.0,3.0,54.42,0.0,0.0,,0.0,,0.0
2024-06-28,0.0,0.0,0.0,0.0,0.0,0.0,0.0,0.0,0.0,,,,,,,0.0,,0.0,0.0,3.0,54.59,0.0,0.0,,0.0,,0.0
2024-07-01,0.0,0.0,0.0,0.0,0.0,0.0,0.0,0.0,0.0,,,,,,,0.0,,0.0,0.0,3.0,54.42,0.0,0.0,,0.0,,0.0
2024-07-02,0.0,0.0,0.0,0.0,0.0,0.0,0.0,0.0,0.0,,,,,,,0.0,,0.0,0.0,3.0,54.38,0.0,0.0,,0.0,,0.0
2024-07-03,0.0,0.0,0.0,0.0,0.0,0.0,0.0,0.0,0.0,,,,,,,0.0,,0.0,0.0,3.0,55.03,0.0,0.0,,0.0,,0.0
2024-07-04,0.0,0.0,0.0,0.0,0.0,0.0,0.0,0.0,0.0,,,,,,,0.0,,0.0,0.0,3.0,55.13,0.0,0.0,,0.0,,0.0
2024-07-05,0.0,0.0,0.0,0.0,0.0,0.0,0.0,0.0,0.0,,,,,,,0.0,,0.0,0.0,3.0,54.94,0.0,0.0,,0.0,,0.0
2024-07-08,0.0,0.0,0.0,0.0,0.0,0.0,0.0,0.0,0.0,,,,,,,0.0,,0.0,0.0,3.0,55.08,0.0,0.0,,0.0,,0.0
2024-07-09,0.0,0.0,0.0,0.0,0.0,0.0,0.0,0.0,0.0,,,,,,,0.0,,0.0,0.0,3.0,55.16,0.0,0.0,,0.0,,0.0
2024-07-10,0.0,0.0,0.0,0.0,0.0,0.0,0.0,0.0,0.0,,,,,,,0.0,,0.0,0.0,3.0,55.46,0.0,0.0,,0.0,,0.0
2024-07-11,0.0,0.0,0.0,0.0,0.0,0.0,0.0,0.0,0.0,,,,,,,0.0,,0.0,0.0,3.0,55.9,0.0,0.0,,0.0,,0.0
2024-07-12,0.0,0.0,0.0,0.0,0.0,0.0,0.0,0.0,0.0,,,,,,,0.0,,0.0,0.0,3.0,55.99,0.0,0.0,,0.0,,0.0
2024-07-15,0.0,0.0,0.0,0.0,0.0,0.0,0.0,0.0,0.0,,,,,,,0.0,,0.0,0.0,3.0,55.53,0.0,0.0,,0.0,,0.0
2024-07-16,0.0,0.0,0.0,0.0,0.0,0.0,0.0,0.0,0.0,,,,,,,0.0,,0.0,0.0,3.0,55.44,0.0,0.0,,0.0,,0.0
2024-07-17,0.0,0.0,0.0,0.0,0.0,0.0,0.0,0.0,0.0,,,,,,,0.0,,0.0,0.0,3.0,54.8,0.0,0.0,,0.0,,0.0
2024-07-18,0.0,0.0,0.0,0.0,0.0,0.0,0.0,0.0,0.0,,,,,,,0.0,,0.0,0.0,3.0,54.37,0.0,0.0,,0.0,,0.0
2024-07-19,0.0,0.0,0.0,0.0,0.0,0.0,0.0,0.0,0.0,,,,,,,0.0,,0.0,0.0,3.0,53.86,0.0,0.0,,0.0,,0.0
2024-07-22,0.0,0.0,0.0,0.0,0.0,0.0,0.0,0.0,0.0,,,,,,,0.0,,0.0,0.0,3.0,53.98,0.0,0.0,,0.0,,0.0
2024-07-23,0.0,0.0,0.0,0.0,0.0,0.0,0.0,0.0,0.0,,,,,,,0.0,,0.0,0.0,3.0,54.04,0.0,0.0,,0.0,,0.0
2024-07-24,0.0,0.0,0.0,0.0,0.0,0.0,0.0,0.0,0.0,,,,,,,0.0,,0.0,0.0,3.0,53.55,0.0,0.0,,0.0,,0.0
2024-07-25,0.0,0.0,0.0,0.0,0.0,0.0,0.0,0.0,0.0,,,,,,,0.0,,0.0,0.0,3.0,53.08,0.0,0.0,,0.0,,0.0
2024-07-26,0.0,0.0,0.0,0.0,0.0,0.0,0.0,0.0,0.0,,,,,,,0.0,,0.0,0.0,3.0,53.47,0.0,0.0,,0.0,,0.0
2024-07-29,0.0,0.0,0.0,0.0,0.0,0.0,0.0,0.0,0.0,,,,,,,0.0,,0.0,0.0,3.0,53.36,0.0,0.0,,0.0,,0.0
2024-07-30,0.0,0.0,0.0,0.0,0.0,0.0,0.0,0.0,0.0,,,,,,,0.0,,0.0,0.0,3.0,53.39,0.0,0.0,,0.0,,0.0
2024-07-31,0.0,0.0,0.0,0.0,0.0,0.0,0.0,0.0,0.0,,,,,,,0.0,,0.0,0.0,3.0,54.45,0.0,0.0,,0.0,,0.0
2024-08-01,0.0,0.0,0.0,0.0,0.0,0.0,0.0,0.0,0.0,,,,,,,0.0,,0.0,0.0,3.0,53.77,0.0,0.0,,0.0,,0.0
2024-08-02,0.0,0.0,0.0,0.0,0.0,0.0,0.0,0.0,0.0,,,,,,,0.0,,0.0,0.0,3.0,51.81,0.0,0.0,,0.0,,0.0
2024-08-05,0.0,0.0,0.0,0.0,0.0,0.0,0.0,0.0,0.0,,,,,,,0.0,,0.0,0.0,3.0,50.28,0.0,0.0,,0.0,,0.0
2024-08-06,0.0,0.0,0.0,0.0,0.0,0.0,0.0,0.0,0.0,,,,,,,0.0,,0.0,0.0,3.0,50.76,0.0,0.0,,0.0,,0.0
2024-08-07,0.0,0.0,0.0,0.0,0.0,0.0,0.0,0.0,0.0,,,,,,,0.0,,0.0,0.0,3.0,51.9,0.0,0.0,,0.0,,0.0
2024-08-08,0.0,0.0,0.0,0.0,0.0,0.0,0.0,0.0,0.0,,,,,,,0.0,,0.0,0.0,3.0,52.2,0.0,0.0,,0.0,,0.0
2024-08-09,0.0,0.0,0.0,0.0,0.0,0.0,0.0,0.0,0.0,,,,,,,0.0,,0.0,0.0,3.0,52.49,0.0,0.0,,0.0,,0.0
2024-08-12,0.0,0.0,0.0,0.0,0.0,0.0,0.0,0.0,0.0,,,,,,,0.0,,0.0,0.0,3.0,52.72,0.0,0.0,,0.0,,0.0
2024-08-13,0.0,0.0,0.0,0.0,0.0,0.0,0.0,0.0,0.0,,,,,,,0.0,,0.0,0.0,3.0,52.85,0.0,0.0,,0.0,,0.0
2024-08-14,0.0,0.0,0.0,0.0,0.0,0.0,0.0,0.0,0.0,,,,,,,0.0,,0.0,0.0,3.0,52.52,0.0,0.0,,0.0,,0.0
2024-08-15,0.0,0.0,0.0,0.0,0.0,0.0,0.0,0.0,0.0,,,,,,,0.0,,0.0,0.0,3.0,53.25,0.0,0.0,,0.0,,0.0
2024-08-16,0.0,0.0,0.0,0.0,0.0,0.0,0.0,0.0,0.0,,,,,,,0.0,,0.0,0.0,3.0,53.65,0.0,0.0,,0.0,,0.0
2024-08-19,0.0,0.0,0.0,0.0,0.0,0.0,0.0,0.0,0.0,,,,,,,0.0,,0.0,0.0,3.0,54.09,0.0,0.0,,0.0,,0.0
2024-08-20,0.0,0.0,0.0,0.0,0.0,0.0,0.0,0.0,0.0,,,,,,,0.0,,0.0,0.0,3.0,53.5,0.0,0.0,,0.0,,0.0
2024-08-21,0.0,0.0,0.0,0.0,0.0,0.0,0.0,0.0,0.0,,,,,,,0.0,,0.0,0.0,3.0,53.6,0.0,0.0,,0.0,,0.0
2024-08-22,0.0,0.0,0.0,0.0,0.0,0.0,0.0,0.0,0.0,,,,,,,0.0,,0.0,0.0,3.0,53.24,0.0,0.0,,0.0,,0.0
2024-08-23,0.0,0.0,0.0,0.0,0.0,0.0,0.0,0.0,0.0,,,,,,,0.0,,0.0,0.0,3.0,53.88,0.0,0.0,,0.0,,0.0
2024-08-26,0.0,0.0,0.0,0.0,0.0,0.0,0.0,0.0,0.0,,,,,,,0.0,,0.0,0.0,3.0,53.47,0.0,0.0,,0.0,,0.0
2024-08-27,0.0,0.0,0.0,0.0,0.0,0.0,0.0,0.0,0.0,,,,,,,0.0,,0.0,0.0,3.0,53.51,0.0,0.0,,0.0,,0.0
2024-08-28,0.0,0.0,0.0,0.0,0.0,0.0,0.0,0.0,0.0,,,,,,,0.0,,0.0,0.0,3.0,53.67,0.0,0.0,,0.0,,0.0
2024-08-29,0.0,0.0,0.0,0.0,0.0,0.0,0.0,0.0,0.0,,,,,,,0.0,,0.0,0.0,3.0,54.02,0.0,0.0,,0.0,,0.0
2024-08-30,0.0,0.0,0.0,0.0,0.0,0.0,0.0,0.0,0.0,,,,,,,0.0,,0.0,0.0,3.0,53.78,0.0,0.0,,0.0,,0.0
2024-09-02,0.0,0.0,0.0,0.0,0.0,0.0,0.0,0.0,0.0,,,,,,,0.0,,0.0,0.0,3.0,53.72,0.0,0.0,,0.0,,0.0
2024-09-03,0.0,0.0,0.0,0.0,0.0,0.0,0.0,0.0,0.0,,,,,,,0.0,,0.0,0.0,3.0,53.31,0.0,0.0,,0.0,,0.0
2024-09-04,0.0,0.0,0.0,0.0,0.0,0.0,0.0,0.0,0.0,,,,,,,0.0,,0.0,0.0,3.0,52.92,0.0,0.0,,0.0,,0.0
2024-09-05,0.0,0.0,0.0,0.0,0.0,0.0,0.0,0.0,0.0,,,,,,,0.0,,0.0,0.0,3.0,52.89,0.0,0.0,,0.0,,0.0
2024-09-06,0.0,0.0,0.0,0.0,0.0,0.0,0.0,0.0,0.0,,,,,,,0.0,,0.0,0.0,3.0,52.14,0.0,0.0,,0.0,,0.0
2024-09-09,0.0,0.0,0.0,0.0,0.0,0.0,0.0,0.0,0.0,,,,,,,0.0,,0.0,0.0,3.0,52.59,0.0,0.0,,0.0,,0.0
2024-09-10,0.0,0.0,0.0,0.0,0.0,0.0,0.0,0.0,0.0,,,,,,,0.0,,0.0,0.0,3.0,52.5,0.0,0.0,,0.0,,0.0
2024-09-11,0.0,0.0,0.0,0.0,0.0,0.0,0.0,0.0,0.0,,,,,,,0.0,,0.0,0.0,3203.0,55933.99,0.06,0.0,,0.0,,0.0
2024-09-12,0.0,0.0,0.0,0.0,0.0,0.0,0.0,0.0,0.0,,,,,,,0.0,,0.0,0.0,3203.0,56635.45,0.06,0.0,,0.0,,0.0
2024-09-13,0.0,0.0,0.0,0.0,0.0,0.0,0.0,0.0,0.0,,,,,,,0.0,,0.0,0.0,3203.0,57333.7,0.06,0.0,,0.0,,0.0
2024-09-16,0.0,0.0,0.0,0.0,0.0,0.0,0.0,0.0,0.0,,,,,,,0.0,,0.0,0.0,3203.0,56888.48,0.06,0.0,,0.0,,0.0
2024-09-17,0.0,0.0,0.0,0.0,0.0,0.0,0.0,0.0,0.0,,,,,,,0.0,,0.0,0.0,3203.0,57109.49,0.06,0.0,,0.0,,0.0
2024-09-18,0.0,0.0,0.0,0.0,0.0,0.0,0.0,0.0,0.0,,,,,,,0.0,,0.0,0.0,3.0,53.14,0.0,0.0,,0.0,,0.0
2024-09-19,0.0,0.0,0.0,0.0,0.0,0.0,0.0,0.0,0.0,,,,,,,0.0,,0.0,0.0,3.0,54.22,0.0,0.0,,0.0,,0.0
2024-09-20,0.0,0.0,0.0,0.0,0.0,0.0,0.0,0.0,0.0,,,,,,,0.0,,0.0,0.0,3.0,54.04,0.0,0.0,,0.0,,0.0
2024-09-23,0.0,0.0,0.0,0.0,0.0,0.0,0.0,0.0,0.0,,,,,,,0.0,,0.0,0.0,3.0,54.82,0.0,0.0,,0.0,,0.0
2024-09-24,0.0,0.0,0.0,0.0,0.0,0.0,0.0,0.0,0.0,,,,,,,0.0,,0.0,0.0,3.0,56.03,0.0,0.0,,0.0,,0.0
2024-09-25,0.0,0.0,0.0,0.0,0.0,0.0,0.0,0.0,0.0,,,,,,,0.0,,0.0,0.0,3.0,56.33,0.0,0.0,,0.0,,0.0
2024-09-26,0.0,0.0,0.0,0.0,0.0,0.0,0.0,0.0,0.0,,,,,,,0.0,,0.0,0.0,3.0,57.42,0.0,0.0,,0.0,,0.0
2024-09-27,0.0,0.0,0.0,0.0,0.0,0.0,0.0,0.0,0.0,,,,,,,0.0,,0.0,0.0,3.0,57.96,0.0,0.0,,0.0,,0.0
2024-09-30,0.0,0.0,0.0,0.0,0.0,0.0,0.0,0.0,0.0,,,,,,,0.0,,0.0,0.0,3.0,57.04,0.0,0.0,,0.0,,0.0
2024-10-01,0.0,0.0,0.0,0.0,0.0,0.0,0.0,0.0,0.0,,,,,,,0.0,,0.0,0.0,3.0,57.1,0.0,0.0,,0.0,,0.0
2024-10-02,0.0,0.0,0.0,0.0,0.0,0.0,0.0,0.0,0.0,,,,,,,0.0,,0.0,0.0,3.0,59.15,0.0,0.0,,0.0,,0.0
2024-10-03,0.0,0.0,0.0,0.0,0.0,0.0,0.0,0.0,0.0,,,,,,,0.0,,0.0,0.0,3.0,58.21,0.0,0.0,,0.0,,0.0
2024-10-04,0.0,0.0,0.0,0.0,0.0,0.0,0.0,0.0,0.0,,,,,,,0.0,,0.0,0.0,3.0,59.28,0.0,0.0,,0.0,,0.0
2024-10-07,0.0,0.0,0.0,0.0,0.0,0.0,0.0,0.0,0.0,,,,,,,0.0,,0.0,0.0,3.0,59.88,0.0,0.0,,0.0,,0.0
2024-10-08,0.0,0.0,0.0,0.0,0.0,0.0,0.0,0.0,0.0,,,,,,,0.0,,0.0,0.0,3.0,58.12,0.0,0.0,,0.0,,0.0
2024-10-09,0.0,0.0,0.0,0.0,0.0,0.0,0.0,0.0,0.0,,,,,,,0.0,,0.0,0.0,3.0,58.11,0.0,0.0,,0.0,,0.0
2024-10-10,0.0,0.0,0.0,0.0,0.0,0.0,0.0,0.0,0.0,,,,,,,0.0,,0.0,0.0,3.0,58.08,0.0,0.0,,0.0,,0.0
2024-10-11,0.0,0.0,0.0,0.0,0.0,0.0,0.0,0.0,0.0,,,,,,,0.0,,0.0,0.0,3.0,58.96,0.0,0.0,,0.0,,0.0
2024-10-14,0.0,0.0,0.0,0.0,0.0,0.0,0.0,0.0,0.0,,,,,,,0.0,,0.0,0.0,3.0,58.74,0.0,0.0,,0.0,,0.0
2024-10-15,0.0,0.0,0.0,0.0,0.0,0.0,0.0,0.0,0.0,,,,,,,0.0,,0.0,0.0,3.0,57.6,0.0,0.0,,0.0,,0.0
2024-10-16,0.0,0.0,0.0,0.0,0.0,0.0,0.0,0.0,0.0,,,,,,,0.0,,0.0,0.0,3.0,58.14,0.0,0.0,,0.0,,0.0
2024-10-17,0.0,0.0,0.0,0.0,0.0,0.0,0.0,0.0,0.0,,,,,,,0.0,,0.0,0.0,3.0,58.25,0.0,0.0,,0.0,,0.0
2024-10-18,0.0,0.0,0.0,0.0,0.0,0.0,0.0,0.0,0.0,,,,,,,0.0,,0.0,0.0,3.0,58.62,0.0,0.0,,0.0,,0.0
2024-10-21,0.0,0.0,0.0,0.0,0.0,0.0,0.0,0.0,0.0,,,,,,,0.0,,0.0,0.0,3.0,58.01,0.0,0.0,,0.0,,0.0
2024-10-22,0.0,0.0,0.0,0.0,0.0,0.0,0.0,0.0,0.0,,,,,,,0.0,,0.0,0.0,3.0,58.4,0.0,0.0,,0.0,,0.0
2024-10-23,0.0,0.0,0.0,0.0,0.0,0.0,0.0,0.0,0.0,,,,,,,0.0,,0.0,0.0,3.0,58.07,0.0,0.0,,0.0,,0.0
2024-10-24,0.0,0.0,0.0,0.0,0.0,0.0,0.0,0.0,0.0,,,,,,,0.0,,0.0,0.0,3.0,57.55,0.0,0.0,,0.0,,0.0
2024-10-25,0.0,0.0,0.0,0.0,0.0,0.0,0.0,0.0,0.0,,,,,,,0.0,,0.0,0.0,3.0,58.2,0.0,0.0,,0.0,,0.0
2024-10-28,0.0,0.0,0.0,0.0,0.0,0.0,0.0,0.0,0.0,,,,,,,0.0,,0.0,0.0,3.0,58.13,0.0,0.0,,0.0,,0.0
2024-10-29,0.0,0.0,0.0,0.0,0.0,0.0,0.0,0.0,0.0,,,,,,,0.0,,0.0,0.0,3.0,57.93,0.0,0.0,,0.0,,0.0
2024-10-30,0.0,0.0,0.0,0.0,0.0,0.0,0.0,0.0,0.0,,,,,,,0.0,,0.0,0.0,3.0,56.46,0.0,0.0,,0.0,,0.0
2024-10-31,0.0,0.0,0.0,0.0,0.0,0.0,0.0,0.0,0.0,,,,,,,0.0,,0.0,0.0,3.0,56.04,0.0,0.0,,0.0,,0.0
2024-11-01,0.0,0.0,0.0,0.0,0.0,0.0,0.0,0.0,0.0,,,,,,,0.0,,0.0,0.0,3.0,56.76,0.0,0.0,,0.0,,0.0
2024-11-04,0.0,0.0,0.0,0.0,0.0,0.0,0.0,0.0,0.0,,,,,,,0.0,,0.0,0.0,3.0,56.82,0.0,0.0,,0.0,,0.0
2024-11-05,0.0,0.0,0.0,0.0,0.0,0.0,0.0,0.0,0.0,,,,,,,0.0,,0.0,0.0,3.0,57.52,0.0,0.0,,0.0,,0.0
2024-11-06,0.0,0.0,0.0,0.0,0.0,0.0,0.0,0.0,0.0,,,,,,,0.0,,0.0,0.0,3.0,57.44,0.0,0.0,,0.0,,0.0
2024-11-07,0.0,0.0,0.0,0.0,0.0,0.0,0.0,0.0,0.0,,,,,,,0.0,,0.0,0.0,3.0,58.34,0.0,0.0,,0.0,,0.0
2024-11-08,0.0,0.0,0.0,0.0,0.0,0.0,0.0,0.0,0.0,,,,,,,0.0,,0.0,0.0,3.0,57.3,0.0,0.0,,0.0,,0.0
2024-11-11,0.0,0.0,0.0,0.0,0.0,0.0,0.0,0.0,0.0,,,,,,,0.0,,0.0,0.0,3.0,57.64,0.0,0.0,,0.0,,0.0
2024-11-12,0.0,0.0,0.0,0.0,0.0,0.0,0.0,0.0,0.0,,,,,,,0.0,,0.0,0.0,3.0,56.54,0.0,0.0,,0.0,,0.0
2024-11-13,0.0,0.0,0.0,0.0,0.0,0.0,0.0,0.0,0.0,,,,,,,0.0,,0.0,0.0,3.0,57.0,0.0,0.0,,0.0,,0.0
2024-11-14,0.0,0.0,0.0,0.0,0.0,0.0,0.0,0.0,0.0,,,,,,,0.0,,0.0,0.0,3.0,56.61,0.0,0.0,,0.0,,0.0
2024-11-15,0.0,0.0,0.0,0.0,0.0,0.0,0.0,0.0,0.0,,,,,,,0.0,,0.0,0.0,3.0,56.27,0.0,0.0,,0.0,,0.0
2024-11-18,0.0,0.0,0.0,0.0,0.0,0.0,0.0,0.0,0.0,,,,,,,0.0,,0.0,0.0,3.0,56.96,0.0,0.0,,0.0,,0.0
2024-11-19,0.0,0.0,0.0,0.0,0.0,0.0,0.0,0.0,0.0,,,,,,,0.0,,0.0,0.0,3.0,56.95,0.0,0.0,,0.0,,0.0
2024-11-20,0.0,0.0,0.0,0.0,0.0,0.0,0.0,0.0,0.0,,,,,,,0.0,,0.0,0.0,3.0,57.11,0.0,0.0,,0.0,,0.0
2024-11-21,0.0,0.0,0.0,0.0,0.0,0.0,0.0,0.0,0.0,,,,,,,0.0,,0.0,0.0,3.0,57.19,0.0,0.0,,0.0,,0.0
2024-11-22,0.0,0.0,0.0,0.0,0.0,0.0,0.0,0.0,0.0,,,,,,,0.0,,0.0,0.0,3.0,57.9,0.0,0.0,,0.0,,0.0
2024-11-25,0.0,0.0,0.0,0.0,0.0,0.0,0.0,0.0,0.0,,,,,,,0.0,,0.0,0.0,3.0,57.26,0.0,0.0,,0.0,,0.0
2024-11-26,0.0,0.0,0.0,0.0,0.0,0.0,0.0,0.0,0.0,,,,,,,0.0,,0.0,0.0,3.0,56.96,0.0,0.0,,0.0,,0.0
2024-11-27,0.0,0.0,0.0,0.0,0.0,0.0,0.0,0.0,0.0,,,,,,,0.0,,0.0,0.0,3.0,56.66,0.0,0.0,,0.0,,0.0
2024-11-28,0.0,0.0,0.0,0.0,0.0,0.0,0.0,0.0,0.0,,,,,,,0.0,,0.0,0.0,3.0,56.55,0.0,0.0,,0.0,,0.0
2024-11-29,0.0,0.0,0.0,0.0,0.0,0.0,0.0,0.0,0.0,,,,,,,0.0,,0.0,0.0,3.0,57.3,0.0,0.0,,0.0,,0.0
2024-12-02,0.0,0.0,0.0,0.0,0.0,0.0,0.0,0.0,0.0,,,,,,,0.0,,0.0,0.0,3.0,57.47,0.0,0.0,,0.0,,0.0
2024-12-03,0.0,0.0,0.0,0.0,0.0,0.0,0.0,0.0,0.0,,,,,,,0.0,,0.0,0.0,3.0,57.33,0.0,0.0,,0.0,,0.0
2024-12-04,0.0,0.0,0.0,0.0,0.0,0.0,0.0,0.0,0.0,,,,,,,0.0,,0.0,0.0,3.0,57.57,0.0,0.0,,0.0,,0.0
2024-12-05,0.0,0.0,0.0,0.0,0.0,0.0,0.0,0.0,0.0,,,,,,,0.0,,0.0,0.0,3.0,57.78,0.0,0.0,,0.0,,0.0
2024-12-06,0.0,0.0,0.0,0.0,0.0,0.0,0.0,0.0,0.0,,,,,,,0.0,,0.0,0.0,3.0,57.57,0.0,0.0,,0.0,,0.0
2024-12-09,0.0,0.0,0.0,0.0,0.0,0.0,0.0,0.0,0.0,,,,,,,0.0,,0.0,0.0,3.0,58.95,0.0,0.0,,0.0,,0.0
2024-12-10,0.0,0.0,0.0,0.0,0.0,0.0,0.0,0.0,0.0,,,,,,,0.0,,0.0,0.0,3.0,58.13,0.0,0.0,,0.0,,0.0
2024-12-11,0.0,0.0,0.0,0.0,0.0,0.0,0.0,0.0,0.0,,,,,,,0.0,,0.0,0.0,3.0,58.1,0.0,0.0,,0.0,,0.0
2024-12-12,0.0,0.0,0.0,0.0,0.0,0.0,0.0,0.0,0.0,,,,,,,0.0,,0.0,0.0,3.0,57.71,0.0,0.0,,0.0,,0.0
2024-12-13,0.0,0.0,0.0,0.0,0.0,0.0,0.0,0.0,0.0,,,,,,,0.0,,0.0,0.0,3.0,57.6,0.0,0.0,,0.0,,0.0
2024-12-16,0.0,0.0,0.0,0.0,0.0,0.0,0.0,0.0,0.0,,,,,,,0.0,,0.0,0.0,3.0,57.68,0.0,0.0,,0.0,,0.0
2024-12-17,0.0,0.0,0.0,0.0,0.0,0.0,0.0,0.0,0.0,,,,,,,0.0,,0.0,0.0,3.0,57.45,0.0,0.0,,0.0,,0.0
2024-12-18,0.0,0.0,0.0,0.0,0.0,0.0,0.0,0.0,0.0,,,,,,,0.0,,0.0,0.0,3.0,57.42,0.0,0.0,,0.0,,0.0
2024-12-19,0.0,0.0,0.0,0.0,0.0,0.0,0.0,0.0,0.0,,,,,,,0.0,,0.0,0.0,3.0,57.47,0.0,0.0,,0.0,,0.0
2024-12-20,0.0,0.0,0.0,0.0,0.0,0.0,0.0,0.0,0.0,,,,,,,0.0,,0.0,0.0,3.0,57.03,0.0,0.0,,0.0,,0.0
2024-12-23,0.0,0.0,0.0,0.0,0.0,0.0,0.0,0.0,0.0,,,,,,,0.0,,0.0,0.0,3.0,57.45,0.0,0.0,,0.0,,0.0
2024-12-24,0.0,0.0,0.0,0.0,0.0,0.0,0.0,0.0,0.0,,,,,,,0.0,,0.0,0.0,3.0,57.9,0.0,0.0,,0.0,,0.0
2024-12-25,0.0,0.0,0.0,0.0,0.0,0.0,0.0,0.0,0.0,,,,,,,0.0,,0.0,0.0,3.0,57.9,0.0,0.0,,0.0,,0.0
2024-12-26,0.0,0.0,0.0,0.0,0.0,0.0,0.0,0.0,0.0,,,,,,,0.0,,0.0,0.0,3.0,57.9,0.0,0.0,,0.0,,0.0
2024-12-27,0.0,0.0,0.0,0.0,0.0,0.0,0.0,0.0,0.0,,,,,,,0.0,,0.0,0.0,3.0,57.1,0.0,0.0,,0.0,,0.0
2024-12-30,0.0,0.0,0.0,0.0,0.0,0.0,0.0,0.0,0.0,,,,,,,0.0,,0.0,0.0,3.0,56.7,0.0,0.0,,0.0,,0.0
2024-12-31,0.0,0.0,0.0,0.0,0.0,0.0,0.0,0.0,0.0,,,,,,,0.0,,0.0,0.0,3.0,56.9,0.0,0.0,,0.0,,0.0
2025-01-01,0.0,0.0,0.0,0.0,0.0,0.0,0.0,0.0,0.0,,,,,,,0.0,,0.0,0.0,3.0,56.9,0.0,0.0,,0.0,,0.0
2025-01-02,0.0,0.0,0.0,0.0,0.0,0.0,0.0,0.0,0.0,,,,,,,0.0,,0.0,0.0,3.0,57.2,0.0,0.0,,0.0,,0.0
2025-01-03,0.0,0.0,0.0,0.0,0.0,0.0,0.0,0.0,0.0,,,,,,,0.0,,0.0,0.0,3.0,57.87,0.0,0.0,,0.0,,0.0
2025-01-06,0.0,0.0,0.0,0.0,0.0,0.0,0.0,0.0,0.0,,,,,,,0.0,,0.0,0.0,3.0,57.97,0.0,0.0,,0.0,,0.0
2025-01-07,0.0,0.0,0.0,0.0,0.0,0.0,0.0,0.0,0.0,,,,,,,0.0,,0.0,0.0,3.0,57.68,0.0,0.0,,0.0,,0.0
2025-01-08,0.0,0.0,0.0,0.0,0.0,0.0,0.0,0.0,0.0,,,,,,,0.0,,0.0,0.0,3.0,57.36,0.0,0.0,,0.0,,0.0
2025-01-09,0.0,0.0,0.0,0.0,0.0,0.0,0.0,0.0,0.0,,,,,,,0.0,,0.0,0.0,3.0,57.15,0.0,0.0,,0.0,,0.0
2025-01-10,0.0,0.0,0.0,0.0,0.0,0.0,0.0,0.0,0.0,,,,,,,0.0,,0.0,0.0,3.0,56.68,0.0,0.0,,0.0,,0.0
2025-01-13,0.0,0.0,0.0,0.0,0.0,0.0,0.0,0.0,0.0,,,,,,,0.0,,0.0,0.0,3.0,55.8,0.0,0.0,,0.0,,0.0
2025-01-14,0.0,0.0,0.0,0.0,0.0,0.0,0.0,0.0,0.0,,,,,,,0.0,,0.0,0.0,3.0,56.33,0.0,0.0,,0.0,,0.0
2025-01-15,0.0,0.0,0.0,0.0,0.0,0.0,0.0,0.0,0.0,,,,,,,0.0,,0.0,0.0,3.0,56.93,0.0,0.0,,0.0,,0.0
2025-01-16,0.0,0.0,0.0,0.0,0.0,0.0,0.0,0.0,0.0,,,,,,,0.0,,0.0,0.0,3.0,57.02,0.0,0.0,,0.0,,0.0
2025-01-17,0.0,0.0,0.0,0.0,0.0,0.0,0.0,0.0,0.0,,,,,,,0.0,,0.0,0.0,3.0,57.34,0.0,0.0,,0.0,,0.0
2025-01-20,0.0,0.0,0.0,0.0,0.0,0.0,0.0,0.0,0.0,,,,,,,0.0,,0.0,0.0,3.0,57.71,0.0,0.0,,0.0,,0.0
2025-01-21,0.0,0.0,0.0,0.0,0.0,0.0,0.0,0.0,0.0,,,,,,,0.0,,0.0,0.0,3.0,57.42,0.0,0.0,,0.0,,0.0
2025-01-22,0.0,0.0,0.0,0.0,0.0,0.0,0.0,0.0,0.0,,,,,,,0.0,,0.0,0.0,3.0,57.44,0.0,0.0,,0.0,,0.0
2025-01-23,0.0,0.0,0.0,0.0,0.0,0.0,0.0,0.0,0.0,,,,,,,0.0,,0.0,0.0,2.0,37.94,0.0,0.0,,0.0,,0.0
2025-01-24,0.0,0.0,0.0,0.0,0.0,0.0,0.0,0.0,0.0,,,,,,,0.0,,0.0,0.0,2.0,38.09,0.0,0.0,,0.0,,0.0
2025-01-27,0.0,0.0,0.0,0.0,0.0,0.0,0.0,0.0,0.0,,,,,,,0.0,,0.0,0.0,2.0,37.43,0.0,0.0,,0.0,,0.0
2025-01-28,0.0,0.0,0.0,0.0,0.0,0.0,0.0,0.0,0.0,,,,,,,0.0,,0.0,0.0,2.0,37.54,0.0,0.0,,0.0,,0.0
2025-01-29,0.0,0.0,0.0,0.0,0.0,0.0,0.0,0.0,0.0,,,,,,,0.0,,0.0,0.0,2.0,37.85,0.0,0.0,,0.0,,0.0
2025-01-30,0.0,0.0,0.0,0.0,0.0,0.0,0.0,0.0,0.0,,,,,,,0.0,,0.0,0.0,2.0,38.48,0.0,0.0,,0.0,,0.0
2025-01-31,0.0,0.0,0.0,0.0,0.0,0.0,0.0,0.0,0.0,,,,,,,0.0,,0.0,0.0,2.0,38.74,0.0,0.0,,0.0,,0.0
2025-02-03,0.0,0.0,0.0,0.0,0.0,0.0,0.0,0.0,0.0,,,,,,,0.0,,0.0,0.0,2.0,38.35,0.0,0.0,,0.0,,0.0
2025-02-04,0.0,0.0,0.0,0.0,0.0,0.0,0.0,0.0,0.0,,,,,,,0.0,,0.0,0.0,2.0,38.93,0.0,0.0,,0.0,,0.0
2025-02-05,0.0,0.0,0.0,0.0,0.0,0.0,0.0,0.0,0.0,,,,,,,0.0,,0.0,0.0,2.0,38.62,0.0,0.0,,0.0,,0.0
2025-02-06,0.0,0.0,0.0,0.0,0.0,0.0,0.0,0.0,0.0,,,,,,,0.0,,0.0,0.0,2.0,38.43,0.0,0.0,,0.0,,0.0
2025-02-07,0.0,0.0,0.0,0.0,0.0,0.0,0.0,0.0,0.0,,,,,,,0.0,,0.0,0.0,2.0,39.07,0.0,0.0,,0.0,,0.0
2025-02-10,0.0,0.0,0.0,0.0,0.0,0.0,0.0,0.0,0.0,,,,,,,0.0,,0.0,0.0,2.0,39.06,0.0,0.0,,0.0,,0.0
2025-02-11,0.0,0.0,0.0,0.0,0.0,0.0,0.0,0.0,0.0,,,,,,,0.0,,0.0,0.0,2.0,38.96,0.0,0.0,,0.0,,0.0
2025-02-12,0.0,0.0,0.0,0.0,0.0,0.0,0.0,0.0,0.0,,,,,,,0.0,,0.0,0.0,2.0,39.0,0.0,0.0,,0.0,,0.0
2025-02-13,0.0,0.0,0.0,0.0,0.0,0.0,0.0,0.0,0.0,,,,,,,0.0,,0.0,0.0,2.0,38.92,0.0,0.0,,0.0,,0.0
2025-02-14,0.0,0.0,0.0,0.0,0.0,0.0,0.0,0.0,0.0,,,,,,,0.0,,0.0,0.0,2.0,38.99,0.0,0.0,,0.0,,0.0
2025-02-17,0.0,0.0,0.0,0.0,0.0,0.0,0.0,0.0,0.0,,,,,,,0.0,,0.0,0.0,2.0,39.44,0.0,0.0,,0.0,,0.0
2025-02-18,0.0,0.0,0.0,0.0,0.0,0.0,0.0,0.0,0.0,,,,,,,0.0,,0.0,0.0,2.0,39.58,0.0,0.0,,0.0,,0.0
2025-02-19,0.0,0.0,0.0,0.0,0.0,0.0,0.0,0.0,0.0,,,,,,,0.0,,0.0,0.0,2.0,39.67,0.0,0.0,,0.0,,0.0
2025-02-20,0.0,0.0,0.0,0.0,0.0,0.0,0.0,0.0,0.0,,,,,,,0.0,,0.0,0.0,2.0,39.49,0.0,0.0,,0.0,,0.0
2025-02-21,0.0,0.0,0.0,0.0,0.0,0.0,0.0,0.0,0.0,,,,,,,0.0,,0.0,0.0,2.0,39.95,0.0,0.0,,0.0,,0.0
2025-02-24,0.0,0.0,0.0,0.0,0.0,0.0,0.0,0.0,0.0,,,,,,,0.0,,0.0,0.0,2.0,39.17,0.0,0.0,,0.0,,0.0
2025-02-25,0.0,0.0,0.0,0.0,0.0,0.0,0.0,0.0,0.0,,,,,,,0.0,,0.0,0.0,2.0,38.98,0.0,0.0,,0.0,,0.0
2025-02-26,0.0,0.0,0.0,0.0,0.0,0.0,0.0,0.0,0.0,,,,,,,0.0,,0.0,0.0,2.0,39.83,0.0,0.0,,0.0,,0.0
2025-02-27,0.0,0.0,0.0,0.0,0.0,0.0,0.0,0.0,0.0,,,,,,,0.0,,0.0,0.0,2.0,39.38,0.0,0.0,,0.0,,0.0
2025-02-28,0.0,0.0,0.0,0.0,0.0,0.0,0.0,0.0,0.0,,,,,,,0.0,,0.0,0.0,2.0,38.16,0.0,0.0,,0.0,,0.0
2025-03-03,0.0,0.0,0.0,0.0,0.0,0.0,0.0,0.0,0.0,,,,,,,0.0,,0.0,0.0,2.0,38.5,0.0,0.0,,0.0,,0.0
2025-03-04,0.0,0.0,0.0,0.0,0.0,0.0,0.0,0.0,0.0,,,,,,,0.0,,0.0,0.0,2.0,37.68,0.0,0.0,,0.0,,0.0
2025-03-05,0.0,0.0,0.0,0.0,0.0,0.0,0.0,0.0,0.0,,,,,,,0.0,,0.0,0.0,2.0,37.95,0.0,0.0,,0.0,,0.0
2025-03-06,0.0,0.0,0.0,0.0,0.0,0.0,0.0,0.0,0.0,,,,,,,0.0,,0.0,0.0,2.0,37.96,0.0,0.0,,0.0,,0.0
2025-03-07,0.0,0.0,0.0,0.0,0.0,0.0,0.0,0.0,0.0,,,,,,,0.0,,0.0,0.0,2.0,37.7,0.0,0.0,,0.0,,0.0
2025-03-10,0.0,0.0,0.0,0.0,0.0,0.0,0.0,0.0,0.0,,,,,,,0.0,,0.0,0.0,2.0,37.01,0.0,0.0,,0.0,,0.0
2025-03-11,0.0,0.0,0.0,0.0,0.0,0.0,0.0,0.0,0.0,,,,,,,0.0,,0.0,0.0,2.0,36.73,0.0,0.0,,0.0,,0.0
2025-03-12,0.0,0.0,0.0,0.0,0.0,0.0,0.0,0.0,0.0,,,,,,,0.0,,0.0,0.0,2.0,37.2,0.0,0.0,,0.0,,0.0
2025-03-13,0.0,0.0,0.0,0.0,0.0,0.0,0.0,0.0,0.0,,,,,,,0.0,,0.0,0.0,2.0,36.8,0.0,0.0,,0.0,,0.0
2025-03-14,0.0,0.0,0.0,0.0,0.0,0.0,0.0,0.0,0.0,,,,,,,0.0,,0.0,0.0,2.0,37.39,0.0,0.0,,0.0,,0.0
2025-03-17,0.0,0.0,0.0,0.0,0.0,0.0,0.0,0.0,0.0,,,,,,,0.0,,0.0,0.0,2.0,37.61,0.0,0.0,,0.0,,0.0
2025-03-18,0.0,0.0,0.0,0.0,0.0,0.0,0.0,0.0,0.0,,,,,,,0.0,,0.0,0.0,2.0,37.96,0.0,0.0,,0.0,,0.0
2025-03-19,0.0,0.0,0.0,0.0,0.0,0.0,0.0,0.0,0.0,,,,,,,0.0,,0.0,0.0,2.0,38.0,0.0,0.0,,0.0,,0.0
2025-03-20,0.0,0.0,0.0,0.0,0.0,0.0,0.0,0.0,0.0,,,,,,,0.0,,0.0,0.0,2.0,37.54,0.0,0.0,,0.0,,0.0
2025-03-21,0.0,0.0,0.0,0.0,0.0,0.0,0.0,0.0,0.0,,,,,,,0.0,,0.0,0.0,2.0,37.97,0.0,0.0,,0.0,,0.0
2025-03-24,0.0,0.0,0.0,0.0,0.0,0.0,0.0,0.0,0.0,,,,,,,0.0,,0.0,0.0,2.0,38.08,0.0,0.0,,0.0,,0.0
2025-03-25,0.0,0.0,0.0,0.0,0.0,0.0,0.0,0.0,0.0,,,,,,,0.0,,0.0,0.0,2.0,38.06,0.0,0.0,,0.0,,0.0
2025-03-26,0.0,0.0,0.0,0.0,0.0,0.0,0.0,0.0,0.0,,,,,,,0.0,,0.0,0.0,2.0,37.97,0.0,0.0,,0.0,,0.0
2025-03-27,0.0,0.0,0.0,0.0,0.0,0.0,0.0,0.0,0.0,,,,,,,0.0,,0.0,0.0,2.0,38.06,0.0,0.0,,0.0,,0.0
2025-03-28,0.0,0.0,0.0,0.0,0.0,0.0,0.0,0.0,0.0,,,,,,,0.0,,0.0,0.0,2.0,37.44,0.0,0.0,,0.0,,0.0
2025-03-31,0.0,0.0,0.0,0.0,0.0,0.0,0.0,0.0,0.0,,,,,,,0.0,,0.0,0.0,2.0,37.09,0.0,0.0,,0.0,,0.0
2025-04-01,0.0,0.0,0.0,0.0,0.0,0.0,0.0,0.0,0.0,,,,,,,0.0,,0.0,0.0,2.0,37.07,0.0,0.0,,0.0,,0.0
2025-04-02,0.0,0.0,0.0,0.0,0.0,0.0,0.0,0.0,0.0,,,,,,,0.0,,0.0,0.0,2.0,37.2,0.0,0.0,,0.0,,0.0
2025-04-03,0.0,0.0,0.0,0.0,0.0,0.0,0.0,0.0,0.0,,,,,,,0.0,,0.0,0.0,2.0,35.92,0.0,0.0,,0.0,,0.0
2025-04-04,0.0,0.0,0.0,0.0,0.0,0.0,0.0,0.0,0.0,,,,,,,0.0,,0.0,0.0,2.0,33.94,0.0,0.0,,0.0,,0.0
2025-04-07,0.0,0.0,0.0,0.0,0.0,0.0,0.0,0.0,0.0,,,,,,,0.0,,0.0,0.0,2.0,33.15,0.0,0.0,,0.0,,0.0
2025-04-08,0.0,0.0,0.0,0.0,0.0,0.0,0.0,0.0,0.0,,,,,,,0.0,,0.0,0.0,2.0,33.38,0.0,0.0,,0.0,,0.0
2025-04-09,0.0,0.0,0.0,0.0,0.0,0.0,0.0,0.0,0.0,,,,,,,0.0,,0.0,0.0,2.0,32.02,0.0,0.0,,0.0,,0.0
2025-04-10,0.0,0.0,0.0,0.0,0.0,0.0,0.0,0.0,0.0,,,,,,,0.0,,0.0,0.0,2.0,33.38,0.0,0.0,,0.0,,0.0
2025-04-11,0.0,0.0,0.0,0.0,0.0,0.0,0.0,0.0,0.0,,,,,,,0.0,,0.0,0.0,2.0,33.39,0.0,0.0,,0.0,,0.0
2025-04-14,0.0,0.0,0.0,0.0,0.0,0.0,0.0,0.0,0.0,,,,,,,0.0,,0.0,0.0,2.0,34.05,0.0,0.0,,0.0,,0.0
2025-04-15,0.0,0.0,0.0,0.0,0.0,0.0,0.0,0.0,0.0,,,,,,,0.0,,0.0,0.0,2.0,34.34,0.0,0.0,,0.0,,0.0
2025-04-16,0.0,0.0,0.0,0.0,0.0,0.0,0.0,0.0,0.0,,,,,,,0.0,,0.0,0.0,2.0,34.03,0.0,0.0,,0.0,,0.0
2025-04-17,0.0,0.0,0.0,0.0,0.0,0.0,0.0,0.0,0.0,,,,,,,0.0,,0.0,0.0,2.0,34.1,0.0,0.0,,0.0,,0.0
2025-04-18,0.0,0.0,0.0,0.0,0.0,0.0,0.0,0.0,0.0,,,,,,,0.0,,0.0,0.0,2.0,34.1,0.0,0.0,,0.0,,0.0
2025-04-21,0.0,0.0,0.0,0.0,0.0,0.0,0.0,0.0,0.0,,,,,,,0.0,,0.0,0.0,2.0,34.1,0.0,0.0,,0.0,,0.0
2025-04-22,0.0,0.0,0.0,0.0,0.0,0.0,0.0,0.0,0.0,,,,,,,0.0,,0.0,0.0,2.0,33.88,0.0,0.0,,0.0,,0.0
2025-04-23,0.0,0.0,0.0,0.0,0.0,0.0,0.0,0.0,0.0,,,,,,,0.0,,0.0,0.0,2.0,35.18,0.0,0.0,,0.0,,0.0
2025-04-24,0.0,0.0,0.0,0.0,0.0,0.0,0.0,0.0,0.0,,,,,,,0.0,,0.0,0.0,2.0,35.25,0.0,0.0,,0.0,,0.0
2025-04-25,0.0,0.0,0.0,0.0,0.0,0.0,0.0,0.0,0.0,,,,,,,0.0,,0.0,0.0,2.0,35.41,0.0,0.0,,0.0,,0.0
2025-04-28,0.0,0.0,0.0,0.0,0.0,0.0,0.0,0.0,0.0,,,,,,,0.0,,0.0,0.0,2.0,35.07,0.0,0.0,,0.0,,0.0
2025-04-29,0.0,0.0,0.0,0.0,0.0,0.0,0.0,0.0,0.0,,,,,,,0.0,,0.0,0.0,2.0,35.02,0.0,0.0,,0.0,,0.0
2025-04-30,0.0,0.0,0.0,0.0,0.0,0.0,0.0,0.0,0.0,,,,,,,0.0,,0.0,0.0,2.0,35.86,0.0,0.0,,0.0,,0.0
2025-05-01,0.0,0.0,0.0,0.0,0.0,0.0,0.0,0.0,0.0,,,,,,,0.0,,0.0,0.0,13.0,233.08,0.0,0.0,,0.0,,0.0
2025-05-02,0.0,0.0,0.0,0.0,0.0,0.0,0.0,0.0,0.0,,,,,,,0.0,,0.0,0.0,13.0,238.34,0.0,0.0,,0.0,,0.0
2025-05-05,0.0,0.0,0.0,0.0,0.0,0.0,0.0,0.0,0.0,,,,,,,0.0,,0.0,0.0,13.0,243.1,0.0,0.0,,0.0,,0.0
2025-05-06,0.0,0.0,0.0,0.0,0.0,0.0,0.0,0.0,0.0,,,,,,,0.0,,0.0,0.0,13.0,243.15,0.0,0.0,,0.0,,0.0
2025-05-07,0.0,0.0,0.0,0.0,0.0,0.0,0.0,0.0,0.0,,,,,,,0.0,,0.0,0.0,13.0,237.45,0.0,0.0,,0.0,,0.0
2025-05-08,0.0,0.0,0.0,0.0,0.0,0.0,0.0,0.0,0.0,,,,,,,0.0,,0.0,0.0,13.0,238.67,0.0,0.0,,0.0,,0.0
2025-05-09,0.0,0.0,0.0,0.0,0.0,0.0,0.0,0.0,0.0,,,,,,,0.0,,0.0,0.0,13.0,239.88,0.0,0.0,,0.0,,0.0
2025-05-12,0.0,0.0,0.0,0.0,0.0,0.0,0.0,0.0,0.0,,,,,,,0.0,,0.0,0.0,13.0,251.03,0.0,0.0,,0.0,,0.0
2025-05-13,0.0,0.0,0.0,0.0,0.0,0.0,0.0,0.0,0.0,,,,,,,0.0,,0.0,0.0,13.0,250.45,0.0,0.0,,0.0,,0.0
2025-05-14,0.0,0.0,0.0,0.0,0.0,0.0,0.0,0.0,0.0,,,,,,,0.0,,0.0,0.0,13.0,248.96,0.0,0.0,,0.0,,0.0
2025-05-15,0.0,0.0,0.0,0.0,0.0,0.0,0.0,0.0,0.0,,,,,,,0.0,,0.0,0.0,13.0,249.76,0.0,0.0,,0.0,,0.0
2025-05-16,0.0,0.0,0.0,0.0,0.0,0.0,0.0,0.0,0.0,,,,,,,0.0,,0.0,0.0,13.0,249.24,0.0,0.0,,0.0,,0.0
2025-05-19,0.0,0.0,0.0,0.0,0.0,0.0,0.0,0.0,0.0,,,,,,,0.0,,0.0,0.0,13.0,246.04,0.0,0.0,,0.0,,0.0
2025-05-20,0.0,0.0,0.0,0.0,0.0,0.0,0.0,0.0,0.0,,,,,,,0.0,,0.0,0.0,13.0,246.42,0.0,0.0,,0.0,,0.0
2025-05-21,0.0,0.0,0.0,0.0,0.0,0.0,0.0,0.0,0.0,,,,,,,0.0,,0.0,0.0,13.0,248.95,0.0,0.0,,0.0,,0.0
2025-05-22,0.0,0.0,0.0,0.0,0.0,0.0,0.0,0.0,0.0,,,,,,,0.0,,0.0,0.0,13.0,245.45,0.0,0.0,,0.0,,0.0
2025-05-23,0.0,0.0,0.0,0.0,0.0,0.0,0.0,0.0,0.0,,,,,,,0.0,,0.0,0.0,13.0,247.56,0.0,0.0,,0.0,,0.0
2025-05-26,0.0,0.0,0.0,0.0,0.0,0.0,0.0,0.0,0.0,,,,,,,0.0,,0.0,0.0,13.0,247.79,0.0,0.0,,0.0,,0.0
2025-05-27,0.0,0.0,0.0,0.0,0.0,0.0,0.0,0.0,0.0,,,,,,,0.0,,0.0,0.0,13.0,243.43,0.0,0.0,,0.0,,0.0
2025-05-28,0.0,0.0,0.0,0.0,0.0,0.0,0.0,0.0,0.0,,,,,,,0.0,,0.0,0.0,13.0,244.36,0.0,0.0,,0.0,,0.0
2025-05-29,0.0,0.0,0.0,0.0,0.0,0.0,0.0,0.0,0.0,,,,,,,0.0,,0.0,0.0,13.0,246.78,0.0,0.0,,0.0,,0.0
2025-05-30,0.0,0.0,0.0,0.0,0.0,0.0,0.0,0.0,0.0,,,,,,,0.0,,0.0,0.0,13.0,241.54,0.0,0.0,,0.0,,0.0
2025-06-02,0.0,0.0,0.0,0.0,0.0,0.0,0.0,0.0,0.0,,,,,,,0.0,,0.0,0.0,13.0,241.48,0.0,0.0,,0.0,,0.0
2025-06-03,0.0,0.0,0.0,0.0,0.0,0.0,0.0,0.0,0.0,,,,,,,0.0,,0.0,0.0,13.0,243.93,0.0,0.0,,0.0,,0.0
2025-06-04,0.0,0.0,0.0,0.0,0.0,0.0,0.0,0.0,0.0,,,,,,,0.0,,0.0,0.0,13.0,246.68,0.0,0.0,,0.0,,0.0
2025-06-05,0.0,0.0,0.0,0.0,0.0,0.0,0.0,0.0,0.0,,,,,,,0.0,,0.0,0.0,13.0,247.81,0.0,0.0,,0.0,,0.0
2025-06-06,0.0,0.0,0.0,0.0,0.0,0.0,0.0,0.0,0.0,,,,,,,0.0,,0.0,0.0,13.0,247.73,0.0,0.0,,0.0,,0.0
2025-06-09,0.0,0.0,0.0,0.0,0.0,0.0,0.0,0.0,0.0,,,,,,,0.0,,0.0,0.0,13.0,250.77,0.0,0.0,,0.0,,0.0
2025-06-10,0.0,0.0,0.0,0.0,0.0,0.0,0.0,0.0,0.0,,,,,,,0.0,,0.0,0.0,13.0,252.07,0.0,0.0,,0.0,,0.0
2025-06-11,0.0,0.0,0.0,0.0,0.0,0.0,0.0,0.0,0.0,,,,,,,0.0,,0.0,0.0,13.0,251.98,0.0,0.0,,0.0,,0.0
2025-06-12,0.0,0.0,0.0,0.0,0.0,0.0,0.0,0.0,0.0,,,,,,,0.0,,0.0,0.0,13.0,248.95,0.0,0.0,,0.0,,0.0
2025-06-13,0.0,0.0,0.0,0.0,0.0,0.0,0.0,0.0,0.0,,,,,,,0.0,,0.0,0.0,13.0,246.99,0.0,0.0,,0.0,,0.0
2025-06-16,0.0,0.0,0.0,0.0,0.0,0.0,0.0,0.0,0.0,,,,,,,0.0,,0.0,0.0,13.0,249.54,0.0,0.0,,0.0,,0.0
2025-06-17,0.0,0.0,0.0,0.0,0.0,0.0,0.0,0.0,0.0,,,,,,,0.0,,0.0,0.0,13.0,248.95,0.0,0.0,,0.0,,0.0
2025-06-18,0.0,0.0,0.0,0.0,0.0,0.0,0.0,0.0,0.0,,,,,,,0.0,,0.0,0.0,13.0,247.0,0.0,0.0,,0.0,,0.0
2025-06-19,0.0,0.0,0.0,0.0,0.0,0.0,0.0,0.0,0.0,,,,,,,0.0,,0.0,0.0,13.0,244.17,0.0,0.0,,0.0,,0.0
2025-06-20,0.0,0.0,0.0,0.0,0.0,0.0,0.0,0.0,0.0,,,,,,,0.0,,0.0,0.0,13.0,244.66,0.0,0.0,,0.0,,0.0
2025-06-23,0.0,0.0,0.0,0.0,0.0,0.0,0.0,0.0,0.0,,,,,,,0.0,,0.0,0.0,13.0,245.43,0.0,0.0,,0.0,,0.0
2025-06-24,0.0,0.0,0.0,0.0,0.0,0.0,0.0,0.0,0.0,,,,,,,0.0,,0.0,0.0,13.0,250.0,0.0,0.0,,0.0,,0.0
2025-06-25,0.0,0.0,0.0,0.0,0.0,0.0,0.0,0.0,0.0,,,,,,,0.0,,0.0,0.0,13.0,251.04,0.0,0.0,,0.0,,0.0
2025-06-26,0.0,0.0,0.0,0.0,0.0,0.0,0.0,0.0,0.0,,,,,,,0.0,,0.0,0.0,13.0,250.82,0.0,0.0,,0.0,,0.0
2025-06-27,0.0,0.0,0.0,0.0,0.0,0.0,0.0,0.0,0.0,,,,,,,0.0,,0.0,0.0,13.0,253.5,0.0,0.0,,0.0,,0.0
2025-06-30,0.0,0.0,0.0,0.0,0.0,0.0,0.0,0.0,0.0,,,,,,,0.0,,0.0,0.0,13.0,248.3,0.0,0.0,,0.0,,0.0
2025-07-01,0.0,0.0,0.0,0.0,0.0,0.0,0.0,0.0,0.0,,,,,,,0.0,,0.0,0.0,13.0,248.01,0.0,0.0,,0.0,,0.0
2025-07-02,0.0,0.0,0.0,0.0,0.0,0.0,0.0,0.0,0.0,,,,,,,0.0,,0.0,0.0,13.0,249.6,0.0,0.0,,0.0,,0.0
2025-07-03,0.0,0.0,0.0,0.0,0.0,0.0,0.0,0.0,0.0,,,,,,,0.0,,0.0,0.0,13.0,253.5,0.0,0.0,,0.0,,0.0
2025-07-04,0.0,0.0,0.0,0.0,0.0,0.0,0.0,0.0,0.0,,,,,,,0.0,,0.0,0.0,13.0,251.39,0.0,0.0,,0.0,,0.0
2025-07-07,0.0,0.0,0.0,0.0,0.0,0.0,0.0,0.0,0.0,,,,,,,0.0,,0.0,0.0,13.0,248.7,0.0,0.0,,0.0,,0.0
2025-07-08,0.0,0.0,0.0,0.0,0.0,0.0,0.0,0.0,0.0,,,,,,,0.0,,0.0,0.0,13.0,250.06,0.0,0.0,,0.0,,0.0
2025-07-09,0.0,0.0,0.0,0.0,0.0,0.0,0.0,0.0,0.0,,,,,,,0.0,,0.0,0.0,13.0,249.41,0.0,0.0,,0.0,,0.0
2025-07-10,0.0,0.0,0.0,0.0,0.0,0.0,0.0,0.0,0.0,,,,,,,0.0,,0.0,0.0,13.0,251.55,0.0,0.0,,0.0,,0.0
2025-07-11,0.0,0.0,0.0,0.0,0.0,0.0,0.0,0.0,0.0,,,,,,,0.0,,0.0,0.0,13.0,250.99,0.0,0.0,,0.0,,0.0
2025-07-14,0.0,0.0,0.0,0.0,0.0,0.0,0.0,0.0,0.0,,,,,,,0.0,,0.0,0.0,13.0,251.68,0.0,0.0,,0.0,,0.0
2025-07-15,0.0,0.0,0.0,0.0,0.0,0.0,0.0,0.0,0.0,,,,,,,0.0,,0.0,0.0,13.0,254.48,0.0,0.0,,0.0,,0.0
2025-07-16,0.0,0.0,0.0,0.0,0.0,0.0,0.0,0.0,0.0,,,,,,,0.0,,0.0,0.0,13.0,255.1,0.0,0.0,,0.0,,0.0
2025-07-17,0.0,0.0,0.0,0.0,0.0,0.0,0.0,0.0,0.0,,,,,,,0.0,,0.0,0.0,13.0,257.57,0.0,0.0,,0.0,,0.0
2025-07-18,0.0,0.0,0.0,0.0,0.0,0.0,0.0,0.0,0.0,,,,,,,0.0,,0.0,0.0,13.0,257.69,0.0,0.0,,0.0,,0.0
2025-07-21,0.0,0.0,0.0,0.0,0.0,0.0,0.0,0.0,0.0,,,,,,,0.0,,0.0,0.0,13.0,258.57,0.0,0.0,,0.0,,0.0
2025-07-22,0.0,0.0,0.0,0.0,0.0,0.0,0.0,0.0,0.0,,,,,,,0.0,,0.0,0.0,13.0,257.65,0.0,0.0,,0.0,,0.0
2025-07-23,0.0,0.0,0.0,0.0,0.0,0.0,0.0,0.0,0.0,,,,,,,0.0,,0.0,0.0,13.0,258.54,0.0,0.0,,0.0,,0.0
2025-07-24,0.0,0.0,0.0,0.0,0.0,0.0,0.0,0.0,0.0,,,,,,,0.0,,0.0,0.0,13.0,259.0,0.0,0.0,,0.0,,0.0
2025-07-25,0.0,0.0,0.0,0.0,0.0,0.0,0.0,0.0,0.0,,,,,,,0.0,,0.0,0.0,13.0,256.48,0.0,0.0,,0.0,,0.0
2025-07-28,0.0,0.0,0.0,0.0,0.0,0.0,0.0,0.0,0.0,,,,,,,0.0,,0.0,0.0,13.0,258.4,0.0,0.0,,0.0,,0.0
2025-07-29,0.0,0.0,0.0,0.0,0.0,0.0,0.0,0.0,0.0,,,,,,,0.0,,0.0,0.0,13.0,260.48,0.0,0.0,,0.0,,0.0
2025-07-30,0.0,0.0,0.0,0.0,0.0,0.0,0.0,0.0,0.0,,,,,,,0.0,,0.0,0.0,13.0,260.26,0.0,0.0,,0.0,,0.0
2025-07-31,0.0,0.0,0.0,0.0,0.0,0.0,0.0,0.0,0.0,,,,,,,0.0,,0.0,0.0,13.0,260.26,0.0,0.0,,0.0,,0.0
2025-08-01,0.0,0.0,0.0,0.0,0.0,0.0,0.0,0.0,0.0,,,,,,,0.0,,0.0,0.0,11.0,213.65,0.0,0.0,,0.0,,0.0
2025-08-04,0.0,0.0,0.0,0.0,0.0,0.0,0.0,0.0,0.0,,,,,,,0.0,,0.0,0.0,11.0,215.74,0.0,0.0,,0.0,,0.0
2025-08-05,0.0,0.0,0.0,0.0,0.0,0.0,0.0,0.0,0.0,,,,,,,0.0,,0.0,0.0,11.0,218.59,0.0,0.0,,0.0,,0.0
2025-08-06,0.0,0.0,0.0,0.0,0.0,0.0,0.0,0.0,0.0,,,,,,,0.0,,0.0,0.0,11.0,216.06,0.0,0.0,,0.0,,0.0
2025-08-07,0.0,0.0,0.0,0.0,0.0,0.0,0.0,0.0,0.0,,,,,,,0.0,,0.0,0.0,11.0,217.25,0.0,0.0,,0.0,,0.0
2025-08-08,0.0,0.0,0.0,0.0,0.0,0.0,0.0,0.0,0.0,,,,,,,0.0,,0.0,0.0,11.0,217.45,0.0,0.0,,0.0,,0.0
2025-08-11,0.0,0.0,0.0,0.0,0.0,0.0,0.0,0.0,0.0,,,,,,,0.0,,0.0,0.0,11.0,218.65,0.0,0.0,,0.0,,0.0
2025-08-12,0.0,0.0,0.0,0.0,0.0,0.0,0.0,0.0,0.0,,,,,,,0.0,,0.0,0.0,11.0,218.35,0.0,0.0,,0.0,,0.0
2025-08-13,0.0,0.0,0.0,0.0,0.0,0.0,0.0,0.0,0.0,,,,,,,0.0,,0.0,0.0,11.0,221.51,0.0,0.0,,0.0,,0.0
2025-08-14,0.0,0.0,0.0,0.0,0.0,0.0,0.0,0.0,0.0,,,,,,,0.0,,0.0,0.0,1.0,20.02,0.0,0.0,,0.0,,0.0
2025-08-15,0.0,0.0,0.0,0.0,0.0,0.0,0.0,0.0,0.0,,,,,,,0.0,,0.0,0.0,1.0,19.96,0.0,0.0,,0.0,,0.0
2025-08-18,0.0,0.0,0.0,0.0,0.0,0.0,0.0,0.0,0.0,,,,,,,0.0,,0.0,0.0,1.0,20.09,0.0,0.0,,0.0,,0.0
2025-08-19,0.0,0.0,0.0,0.0,0.0,0.0,0.0,0.0,0.0,,,,,,,0.0,,0.0,0.0,1.0,20.04,0.0,0.0,,0.0,,0.0
2025-08-20,0.0,0.0,0.0,0.0,0.0,0.0,0.0,0.0,0.0,,,,,,,0.0,,0.0,0.0,1.0,19.95,0.0,0.0,,0.0,,0.0
2025-08-21,0.0,0.0,0.0,0.0,0.0,0.0,0.0,0.0,0.0,,,,,,,0.0,,0.0,0.0,1.0,20.07,0.0,0.0,,0.0,,0.0
2025-08-22,0.0,0.0,0.0,0.0,0.0,0.0,0.0,0.0,0.0,,,,,,,0.0,,0.0,0.0,1.0,20.13,0.0,0.0,,0.0,,0.0
2025-08-25,0.0,0.0,0.0,0.0,0.0,0.0,0.0,0.0,0.0,,,,,,,0.0,,0.0,0.0,1.0,20.27,0.0,0.0,,0.0,,0.0
2025-08-26,0.0,0.0,0.0,0.0,0.0,0.0,0.0,0.0,0.0,,,,,,,0.0,,0.0,0.0,1.0,20.19,0.0,0.0,,0.0,,0.0
2025-08-27,0.0,0.0,0.0,0.0,0.0,0.0,0.0,0.0,0.0,,,,,,,0.0,,0.0,0.0,1.0,20.06,0.0,0.0,,0.0,,0.0
2025-08-28,0.0,0.0,0.0,0.0,0.0,0.0,0.0,0.0,0.0,,,,,,,0.0,,0.0,0.0,1.0,20.08,0.0,0.0,,0.0,,0.0
