,SRIC5 FP Equity_DX_SI_QTY,SRIC5 FP Equity_DX_SHORT_INTEREST_VALUE,SRIC5 FP Equity_DX_SHORT_INT_RATIO_DAYS_TO_COVER,SRIC5 FP Equity_DX_SHORT_INTEREST_PCT_SHARES_OUT,SRIC5 FP Equity_DX_SI_MV,SRIC5 FP Equity_DX_BROKER_SHORT_INTEREST_VALUE,SRIC5 FP Equity_DX_SUPPLY_SI_QTY,SRIC5 FP Equity_DX_BROKER_SI_QTY,SRIC5 FP Equity_DX_SUPPLY_SIDE_SHORT_INT_VAL,SRIC5 FP Equity_DX_SUPPLY_SI_QTY_INC_x,SRIC5 FP Equity_DX_BROKER_SI_MV_INC_x,SRIC5 FP Equity_DX_BROKER_SI_QTY_ADD,SRIC5 FP Equity_DX_SUPPLY_SI_MV_DEC,SRIC5 FP Equity_DX_BROKER_SI_QTY_INC,SRIC5 FP Equity_DX_SUPPLY_SI_QTY_DEC,SRIC5 FP Equity_DX_BROKER_SI_MV_INC_y,SRIC5 FP Equity_DX_SUPPLY_SI_QTY_INC_y,SRIC5 FP Equity_DX_BROKER_SI_MV_ADD,SRIC5 FP Equity_DX_SUPPLY_SI_QTY_ADD,SRIC5 FP Equity_DX_BROKER_SI_QTY_DEC,SRIC5 FP Equity_DX_SUPPLY_SI_MV,SRIC5 FP Equity_DX_BROKER_SI_MV_DEC,SRIC5 FP Equity_DX_ACTIVE_UTILIZATION_QUANTITY,SRIC5 FP Equity_DX_UTILIZATION_QUANTITY,SRIC5 FP Equity_DX_ACTIVE_AVAIL_SUPPLY_QTY,SRIC5 FP Equity_DX_ACTIVE_AVAILABILITY_VALUE,SRIC5 FP Equity_DX_ACTIVE_AVAIL_SUPPLY_MV,SRIC5 FP Equity_DX_ACTIVE_UTILIZATION_MV,SRIC5 FP Equity_DX_BROKER_SI_MARKET_SHARE_2,SRIC5 FP Equity_DX_BROKER_SI_CON_RATIO,SRIC5 FP Equity_DX_BROKER_SI_MARKET_SHARE_1,SRIC5 FP Equity_DX_DEMAND_SUPPLY_RATIO
2021-05-04,0.0,0.0,0.0,0.0,0.0,0.0,0.0,0.0,0.0,,,,,,,,,,,,0.0,,0.0,0.0,9833.0,98442.1,0.1,0.0,,0.0,,0.0
2021-05-05,0.0,0.0,0.0,0.0,0.0,0.0,0.0,0.0,0.0,,,,,,,,,,,,0.0,,0.0,0.0,9833.0,98504.04,0.1,0.0,,0.0,,0.0
2021-05-06,0.0,0.0,0.0,0.0,0.0,0.0,0.0,0.0,0.0,,,,,,,,,,,,0.0,,0.0,0.0,9833.0,98514.86,0.1,0.0,,0.0,,0.0
2021-05-07,0.0,0.0,0.0,0.0,0.0,0.0,0.0,0.0,0.0,,,,,,,,,,,,0.0,,0.0,0.0,9833.0,98513.88,0.1,0.0,,0.0,,0.0
2021-05-10,0.0,0.0,0.0,0.0,0.0,0.0,0.0,0.0,0.0,,,,,,,,,,,,0.0,,0.0,0.0,9833.0,98519.78,0.1,0.0,,0.0,,0.0
2021-05-11,0.0,0.0,0.0,0.0,0.0,0.0,0.0,0.0,0.0,,,,,,,,,,,,0.0,,0.0,0.0,9833.0,98383.1,0.1,0.0,,0.0,,0.0
2021-05-12,0.0,0.0,0.0,0.0,0.0,0.0,0.0,0.0,0.0,,,,,,,,,,,,0.0,,0.0,0.0,9833.0,98243.47,0.1,0.0,,0.0,,0.0
2021-05-13,0.0,0.0,0.0,0.0,0.0,0.0,0.0,0.0,0.0,,,,,,,,,,,,0.0,,0.0,0.0,9833.0,98161.86,0.1,0.0,,0.0,,0.0
2021-05-14,0.0,0.0,0.0,0.0,0.0,0.0,0.0,0.0,0.0,,,,,,,,,,,,0.0,,0.0,0.0,9833.0,98199.22,0.1,0.0,,0.0,,0.0
2021-05-17,0.0,0.0,0.0,0.0,0.0,0.0,0.0,0.0,0.0,,,,,,,,,,,,0.0,,0.0,0.0,9833.0,98175.62,0.1,0.0,,0.0,,0.0
2021-05-18,0.0,0.0,0.0,0.0,0.0,0.0,0.0,0.0,0.0,,,,,,,,,,,,0.0,,0.0,0.0,9833.0,98166.77,0.1,0.0,,0.0,,0.0
2021-05-19,0.0,0.0,0.0,0.0,0.0,0.0,0.0,0.0,0.0,,,,,,,,,,,,0.0,,0.0,0.0,9833.0,98114.66,0.1,0.0,,0.0,,0.0
2021-05-20,0.0,0.0,0.0,0.0,0.0,0.0,0.0,0.0,0.0,,,,,,,,,,,,0.0,,0.0,0.0,9833.0,98151.04,0.1,0.0,,0.0,,0.0
2021-05-21,0.0,0.0,0.0,0.0,0.0,0.0,0.0,0.0,0.0,,,,,,,,,,,,0.0,,0.0,0.0,9833.0,98175.62,0.1,0.0,,0.0,,0.0
2021-05-24,0.0,0.0,0.0,0.0,0.0,0.0,0.0,0.0,0.0,,,,,,,,,,,,0.0,,0.0,0.0,9833.0,98201.19,0.1,0.0,,0.0,,0.0
2021-05-25,0.0,0.0,0.0,0.0,0.0,0.0,0.0,0.0,0.0,,,,,,,,,,,,0.0,,0.0,0.0,9833.0,98279.85,0.1,0.0,,0.0,,0.0
2021-05-26,0.0,0.0,0.0,0.0,0.0,0.0,0.0,0.0,0.0,,,,,,,,,,,,0.0,,0.0,0.0,9833.0,98355.57,0.1,0.0,,0.0,,0.0
2021-05-27,0.0,0.0,0.0,0.0,0.0,0.0,0.0,0.0,0.0,,,,,,,,,,,,0.0,,0.0,0.0,9833.0,98331.97,0.1,0.0,,0.0,,0.0
2021-05-28,0.0,0.0,0.0,0.0,0.0,0.0,0.0,0.0,0.0,,,,,,,,,,,,0.0,,0.0,0.0,9833.0,98361.47,0.1,0.0,,0.0,,0.0
2021-05-31,0.0,0.0,0.0,0.0,0.0,0.0,0.0,0.0,0.0,,,,,,,,,,,,0.0,,0.0,0.0,9833.0,98367.37,0.1,0.0,,0.0,,0.0
2021-06-01,0.0,0.0,0.0,0.0,0.0,0.0,0.0,0.0,0.0,,,,,,,,,,,,0.0,,0.0,0.0,9833.0,98393.91,0.1,0.0,,0.0,,0.0
2021-06-02,0.0,0.0,0.0,0.0,0.0,0.0,0.0,0.0,0.0,,,,,,,,,,,,0.0,,0.0,0.0,9833.0,98453.9,0.1,0.0,,0.0,,0.0
2021-06-03,0.0,0.0,0.0,0.0,0.0,0.0,0.0,0.0,0.0,,,,,,,,,,,,0.0,,0.0,0.0,9833.0,98442.1,0.1,0.0,,0.0,,0.0
2021-06-04,0.0,0.0,0.0,0.0,0.0,0.0,0.0,0.0,0.0,,,,,,,,,,,,0.0,,0.0,0.0,9833.0,98529.61,0.1,0.0,,0.0,,0.0
2021-06-07,0.0,0.0,0.0,0.0,0.0,0.0,0.0,0.0,0.0,,,,,,,,,,,,0.0,,0.0,0.0,9833.0,98507.98,0.1,0.0,,0.0,,0.0
2021-06-08,0.0,0.0,0.0,0.0,0.0,0.0,0.0,0.0,0.0,,,,,,,,,,,,0.0,,0.0,0.0,9833.0,98554.19,0.1,0.0,,0.0,,0.0
2021-06-09,0.0,0.0,0.0,0.0,0.0,0.0,0.0,0.0,0.0,,,,,,,,,,,,0.0,,0.0,0.0,9833.0,98578.77,0.1,0.0,,0.0,,0.0
2021-06-10,0.0,0.0,0.0,0.0,0.0,0.0,0.0,0.0,0.0,,,,,,,,,,,,0.0,,0.0,0.0,9833.0,98594.51,0.1,0.0,,0.0,,0.0
2021-06-11,0.0,0.0,0.0,0.0,0.0,0.0,0.0,0.0,0.0,,,,,,,,,,,,0.0,,0.0,0.0,9833.0,98657.44,0.1,0.0,,0.0,,0.0
2021-06-14,0.0,0.0,0.0,0.0,0.0,0.0,0.0,0.0,0.0,,,,,,,,,,,,0.0,,0.0,0.0,9833.0,98633.84,0.1,0.0,,0.0,,0.0
2021-06-15,0.0,0.0,0.0,0.0,0.0,0.0,0.0,0.0,0.0,,,,,,,,,,,,0.0,,0.0,0.0,9833.0,98535.51,0.1,0.0,,0.0,,0.0
2021-06-16,0.0,0.0,0.0,0.0,0.0,0.0,0.0,0.0,0.0,,,,,,,,,,,,0.0,,0.0,0.0,9833.0,98594.51,0.1,0.0,,0.0,,0.0
2021-06-17,0.0,0.0,0.0,0.0,0.0,0.0,0.0,0.0,0.0,,,,,,,,,,,,0.0,,0.0,0.0,9833.0,98565.01,0.1,0.0,,0.0,,0.0
2021-06-18,0.0,0.0,0.0,0.0,0.0,0.0,0.0,0.0,0.0,,,,,,,,,,,,0.0,,0.0,0.0,9833.0,98529.61,0.1,0.0,,0.0,,0.0
2021-06-21,0.0,0.0,0.0,0.0,0.0,0.0,0.0,0.0,0.0,,,,,,,,,,,,0.0,,0.0,0.0,9833.0,98469.63,0.1,0.0,,0.0,,0.0
2021-06-22,0.0,0.0,0.0,0.0,0.0,0.0,0.0,0.0,0.0,,,,,,,,,,,,0.0,,0.0,0.0,9833.0,98376.22,0.1,0.0,,0.0,,0.0
2021-06-23,0.0,0.0,0.0,0.0,0.0,0.0,0.0,0.0,0.0,,,,,,,,,,,,0.0,,0.0,0.0,9833.0,98397.85,0.1,0.0,,0.0,,0.0
2021-06-24,0.0,0.0,0.0,0.0,0.0,0.0,0.0,0.0,0.0,,,,,,,,,,,,0.0,,0.0,0.0,9833.0,98433.25,0.1,0.0,,0.0,,0.0
2021-06-25,0.0,0.0,0.0,0.0,0.0,0.0,0.0,0.0,0.0,,,,,,,,,,,,0.0,,0.0,0.0,9833.0,98395.88,0.1,0.0,,0.0,,0.0
2021-06-28,0.0,0.0,0.0,0.0,0.0,0.0,0.0,0.0,0.0,,,,,,,,,,,,0.0,,0.0,0.0,9833.0,98412.6,0.1,0.0,,0.0,,0.0
2021-06-29,0.0,0.0,0.0,0.0,0.0,0.0,0.0,0.0,0.0,,,,,,,,,,,,0.0,,0.0,0.0,9833.0,98422.43,0.1,0.0,,0.0,,0.0
2021-06-30,0.0,0.0,0.0,0.0,0.0,0.0,0.0,0.0,0.0,,,,,,,,,,,,0.0,,0.0,0.0,9833.0,98489.29,0.1,0.0,,0.0,,0.0
2021-07-01,0.0,0.0,0.0,0.0,0.0,0.0,0.0,0.0,0.0,,,,,,,,,,,,0.0,,0.0,0.0,9833.0,98517.81,0.1,0.0,,0.0,,0.0
2021-07-02,0.0,0.0,0.0,0.0,0.0,0.0,0.0,0.0,0.0,,,,,,,,,,,,0.0,,0.0,0.0,9833.0,98565.99,0.1,0.0,,0.0,,0.0
2021-07-05,0.0,0.0,0.0,0.0,0.0,0.0,0.0,0.0,0.0,,,,,,,,,,,,0.0,,0.0,0.0,9833.0,98546.33,0.1,0.0,,0.0,,0.0
2021-07-06,0.0,0.0,0.0,0.0,0.0,0.0,0.0,0.0,0.0,,,,,,,,,,,,0.0,,0.0,0.0,9833.0,98646.62,0.1,0.0,,0.0,,0.0
2021-07-07,0.0,0.0,0.0,0.0,0.0,0.0,0.0,0.0,0.0,,,,,,,,,,,,0.0,,0.0,0.0,9833.0,98724.3,0.1,0.0,,0.0,,0.0
2021-07-08,0.0,0.0,0.0,0.0,0.0,0.0,0.0,0.0,0.0,,,,,,,,,,,,0.0,,0.0,0.0,9833.0,98764.62,0.1,0.0,,0.0,,0.0
2021-07-09,0.0,0.0,0.0,0.0,0.0,0.0,0.0,0.0,0.0,,,,,,,,,,,,0.0,,0.0,0.0,9833.0,98771.5,0.1,0.0,,0.0,,0.0
2021-07-12,0.0,0.0,0.0,0.0,0.0,0.0,0.0,0.0,0.0,,,,,,,,,,,,0.0,,0.0,0.0,9833.0,98760.69,0.1,0.0,,0.0,,0.0
2021-07-13,0.0,0.0,0.0,0.0,0.0,0.0,0.0,0.0,0.0,,,,,,,,,,,,0.0,,0.0,0.0,9833.0,98753.8,0.1,0.0,,0.0,,0.0
2021-07-14,0.0,0.0,0.0,0.0,0.0,0.0,0.0,0.0,0.0,,,,,,,,,,,,0.0,,0.0,0.0,9833.0,98784.28,0.1,0.0,,0.0,,0.0
2021-07-15,0.0,0.0,0.0,0.0,0.0,0.0,0.0,0.0,0.0,,,,,,,,,,,,0.0,,0.0,0.0,9833.0,98807.88,0.1,0.0,,0.0,,0.0
2021-07-16,0.0,0.0,0.0,0.0,0.0,0.0,0.0,0.0,0.0,,,,,,,,,,,,0.0,,0.0,0.0,9833.0,98848.2,0.1,0.0,,0.0,,0.0
2021-07-19,0.0,0.0,0.0,0.0,0.0,0.0,0.0,0.0,0.0,,,,,,,,,,,,0.0,,0.0,0.0,9833.0,98859.02,0.1,0.0,,0.0,,0.0
2021-07-20,0.0,0.0,0.0,0.0,0.0,0.0,0.0,0.0,0.0,,,,,,,,,,,,0.0,,0.0,0.0,9833.0,98910.15,0.1,0.0,,0.0,,0.0
2021-07-21,19600.0,197238.72,0.72,0.08,0.2,98619.36,9800.0,9800.0,98619.36,,,9800.0,,,,,,0.1,9800.0,,0.1,,100.0,99.66,0.0,0.0,0.0,100.0,49.99,0.5,50.01,1.9933
2021-07-22,19600.0,197350.44,0.72,0.08,0.2,98675.22,9800.0,9800.0,98675.22,,,,,,,,,,,,0.1,,100.0,99.66,0.0,0.0,0.0,100.0,49.99,0.5,50.01,1.9933
2021-07-23,19600.0,197344.56,0.72,0.08,0.2,98672.28,9800.0,9800.0,98672.28,,,,,,,,,,,,0.1,,100.0,99.66,0.0,0.0,0.0,100.0,50.0,0.5,50.0,1.9933
2021-07-26,19600.0,197373.96,0.82,0.08,0.2,98686.98,9800.0,9800.0,98686.98,,,,,,,,,,,,0.1,,100.0,99.66,0.0,0.0,0.0,100.0,50.0,0.5,50.0,1.9933
2021-07-27,9800.0,98731.08,0.41,0.04,0.1,98731.08,0.0,9800.0,0.0,,,,0.1,,9800.0,,,,,,0.0,,0.0,0.0,0.0,0.0,0.0,0.0,49.99,1.0,100.0,0.9966
2021-07-28,0.0,0.0,0.0,0.0,0.0,0.0,0.0,0.0,0.0,,,,,,,,,,,9800.0,0.0,0.1,0.0,0.0,9833.0,99093.04,0.1,0.0,,0.0,,0.0
2021-07-29,0.0,0.0,0.0,0.0,0.0,0.0,0.0,0.0,0.0,,,,,,,,,,,,0.0,,0.0,0.0,9833.0,99173.67,0.1,0.0,,0.0,,0.0
2021-07-30,0.0,0.0,0.0,0.0,0.0,0.0,0.0,0.0,0.0,,,,,,,,,,,,0.0,,0.0,0.0,9833.0,99173.67,0.1,0.0,,0.0,,0.0
2021-08-02,19600.0,197689.52,0.85,0.08,0.2,98844.76,9800.0,9800.0,98844.76,,,9800.0,,,,,,0.1,9800.0,,0.1,,100.0,99.66,0.0,0.0,0.0,100.0,50.0,0.5,50.0,1.9933
2021-08-03,19600.0,197679.72,0.85,0.08,0.2,98839.86,9800.0,9800.0,98839.86,,,,,,,,,,,,0.1,,100.0,99.66,0.0,0.0,0.0,100.0,50.0,0.5,50.0,1.9933
2021-08-04,19600.0,197760.08,0.66,0.08,0.2,98880.04,9800.0,9800.0,98880.04,,,,,,,,,,,,0.1,,100.0,99.66,0.0,0.0,0.0,100.0,49.99,0.5,50.01,1.9933
2021-08-05,19600.0,197830.64,0.85,0.08,0.2,98915.32,9800.0,9800.0,98915.32,,,,,,,,,,,,0.1,,100.0,99.66,0.0,0.0,0.0,100.0,49.99,0.5,50.01,1.9933
2021-08-06,19600.0,197671.88,0.86,0.08,0.2,98835.94,9800.0,9800.0,98835.94,,,,,,,,,,,,0.1,,100.0,99.66,0.0,0.0,0.0,100.0,49.98,0.5,50.02,1.9933
2021-08-09,19600.0,197532.72,0.86,0.08,0.2,98766.36,9800.0,9800.0,98766.36,,,,,,,,,,,,0.1,,100.0,99.66,0.0,0.0,0.0,100.0,49.98,0.5,50.02,1.9933
2021-08-10,9800.0,98750.68,0.43,0.04,0.1,98750.68,0.0,9800.0,0.0,,,,0.1,,9800.0,,,,,,0.0,,0.0,0.0,0.0,0.0,0.0,0.0,50.0,1.0,100.0,0.9966
2021-08-11,0.0,0.0,0.0,0.0,0.0,0.0,0.0,0.0,0.0,,,,,,,,,,,9800.0,0.0,0.1,0.0,0.0,9833.0,99097.96,0.1,0.0,,0.0,,0.0
2021-08-12,0.0,0.0,0.0,0.0,0.0,0.0,0.0,0.0,0.0,,,,,,,,,,,,0.0,,0.0,0.0,9833.0,99087.14,0.1,0.0,,0.0,,0.0
2021-08-13,0.0,0.0,0.0,0.0,0.0,0.0,0.0,0.0,0.0,,,,,,,,,,,,0.0,,0.0,0.0,9833.0,99069.44,0.1,0.0,,0.0,,0.0
2021-08-16,0.0,0.0,0.0,0.0,0.0,0.0,0.0,0.0,0.0,,,,,,,,,,,,0.0,,0.0,0.0,9833.0,99091.07,0.1,0.0,,0.0,,0.0
2021-08-17,0.0,0.0,0.0,0.0,0.0,0.0,0.0,0.0,0.0,,,,,,,,,,,,0.0,,0.0,0.0,9833.0,99075.34,0.1,0.0,,0.0,,0.0
2021-08-18,0.0,0.0,0.0,0.0,0.0,0.0,0.0,0.0,0.0,,,,,,,,,,,,0.0,,0.0,0.0,9833.0,99110.74,0.1,0.0,,0.0,,0.0
2021-08-19,19600.0,197566.04,1.36,0.08,0.2,98783.02,9800.0,9800.0,98783.02,,,9800.0,,,,,,0.1,9800.0,,0.1,,100.0,99.66,0.0,0.0,0.0,100.0,50.0,0.5,50.0,1.9933
2021-08-20,19600.0,197554.28,0.96,0.08,0.2,98777.14,9800.0,9800.0,98777.14,,,,,,,,,,,,0.1,,100.0,99.66,0.0,0.0,0.0,100.0,50.0,0.5,50.0,1.9933
2021-08-23,19600.0,197534.68,0.96,0.08,0.2,98767.34,9800.0,9800.0,98767.34,,,,,,,,,,,,0.1,,100.0,99.66,0.0,0.0,0.0,100.0,50.0,0.5,50.0,1.9933
2021-08-24,19600.0,197489.6,0.73,0.08,0.2,98744.8,9800.0,9800.0,98744.8,,,,,,,,,,,,0.1,,100.0,99.66,0.0,0.0,0.0,100.0,49.99,0.5,50.01,1.9933
2021-08-25,19600.0,197281.84,0.73,0.08,0.2,98640.92,9800.0,9800.0,98640.92,,,,,,,,,,,,0.1,,100.0,99.66,0.0,0.0,0.0,100.0,49.97,0.5,50.03,1.9933
2021-08-26,19600.0,197160.32,0.73,0.08,0.2,98580.16,9800.0,9800.0,98580.16,,,,,,,,,,,,0.1,,100.0,99.66,0.0,0.0,0.0,100.0,49.98,0.5,50.02,1.9933
2021-08-27,19600.0,197187.76,0.73,0.07,0.2,98593.88,9800.0,9800.0,98593.88,,,,,,,,,,,,0.1,,100.0,99.66,0.0,0.0,0.0,100.0,50.0,0.5,50.0,1.9933
2021-08-30,9800.0,98624.26,0.37,0.04,0.1,98624.26,0.0,9800.0,0.0,,,,0.1,,9800.0,,,,,,0.0,,0.0,0.0,0.0,0.0,0.0,0.0,49.99,1.0,100.0,0.9966
2021-08-31,0.0,0.0,0.0,0.0,0.0,0.0,0.0,0.0,0.0,,,,,,,,,,,9800.0,0.0,0.1,0.0,0.0,9833.0,98859.02,0.1,0.0,,0.0,,0.0
2021-09-01,0.0,0.0,0.0,0.0,0.0,0.0,0.0,0.0,0.0,,,,,,,,,,,,0.0,,0.0,0.0,9833.0,98853.12,0.1,0.0,,0.0,,0.0
2021-09-02,0.0,0.0,0.0,0.0,0.0,0.0,0.0,0.0,0.0,,,,,,,,,,,,0.0,,0.0,0.0,9833.0,98902.28,0.1,0.0,,0.0,,0.0
2021-09-03,0.0,0.0,0.0,0.0,0.0,0.0,0.0,0.0,0.0,,,,,,,,,,,,0.0,,0.0,0.0,9833.0,98843.28,0.1,0.0,,0.0,,0.0
2021-09-06,0.0,0.0,0.0,0.0,0.0,0.0,0.0,0.0,0.0,,,,,,,,,,,,0.0,,0.0,0.0,9833.0,98815.75,0.1,0.0,,0.0,,0.0
2021-09-07,0.0,0.0,0.0,0.0,0.0,0.0,0.0,0.0,0.0,,,,,,,,,,,,0.0,,0.0,0.0,9833.0,98706.6,0.1,0.0,,0.0,,0.0
2021-09-08,0.0,0.0,0.0,0.0,0.0,0.0,0.0,0.0,0.0,,,,,,,,,,,,0.0,,0.0,0.0,9833.0,98665.31,0.1,0.0,,0.0,,0.0
2021-09-09,4000.0,40168.8,0.07,0.01,0.04,0.0,4000.0,0.0,40168.8,,,,,,,,,,4000.0,,0.04,,100.0,40.68,0.0,0.0,0.0,100.0,,1.0,100.0,0.4068
2021-09-10,4000.0,40168.8,0.08,0.01,0.04,0.0,4000.0,0.0,40168.8,,,,,,,,,,,,0.04,,100.0,40.68,0.0,0.0,0.0,100.0,,1.0,100.0,0.4068
2021-09-13,4000.0,40167.6,0.08,0.01,0.04,0.0,4000.0,0.0,40167.6,,,,,,,,,,,,0.04,,100.0,40.68,0.0,0.0,0.0,100.0,,1.0,100.0,0.4068
2021-09-14,4000.0,40180.8,0.08,0.01,0.04,0.0,4000.0,0.0,40180.8,,,,,,,,,,,,0.04,,100.0,40.68,0.0,0.0,0.0,100.0,,1.0,100.0,0.4068
2021-09-15,4000.0,40170.8,0.09,0.01,0.04,0.0,4000.0,0.0,40170.8,,,,,,,,,,,,0.04,,100.0,40.68,0.0,0.0,0.0,100.0,,1.0,100.0,0.4068
2021-09-16,4000.0,40171.2,0.09,0.01,0.04,0.0,4000.0,0.0,40171.2,,,,,,,,,,,,0.04,,100.0,40.68,0.0,0.0,0.0,100.0,,1.0,100.0,0.4068
2021-09-17,4000.0,40154.0,0.09,0.01,0.04,0.0,4000.0,0.0,40154.0,,,,,,,,,,,,0.04,,100.0,40.68,0.0,0.0,0.0,100.0,,1.0,100.0,0.4068
2021-09-20,4000.0,40171.6,0.09,0.01,0.04,0.0,4000.0,0.0,40171.6,,,,,,,,,,,,0.04,,100.0,40.68,0.0,0.0,0.0,100.0,,1.0,100.0,0.4068
2021-09-21,4000.0,40185.2,0.09,0.01,0.04,0.0,4000.0,0.0,40185.2,,,,,,,,,,,,0.04,,100.0,40.68,0.0,0.0,0.0,100.0,,1.0,100.0,0.4068
2021-09-22,4000.0,40189.6,0.08,0.01,0.04,0.0,4000.0,0.0,40189.6,,,,,,,,,,,,0.04,,100.0,40.68,0.0,0.0,0.0,100.0,,1.0,100.0,0.4068
2021-09-23,4000.0,40118.8,0.08,0.01,0.04,0.0,4000.0,0.0,40118.8,,,,,,,,,,,,0.04,,100.0,40.68,0.0,0.0,0.0,100.0,,1.0,100.0,0.4068
2021-09-24,4000.0,40091.6,0.08,0.01,0.04,0.0,4000.0,0.0,40091.6,,,,,,,,,,,,0.04,,100.0,40.68,0.0,0.0,0.0,100.0,,1.0,100.0,0.4068
2021-09-27,4000.0,40094.8,0.07,0.01,0.04,0.0,4000.0,0.0,40094.8,,,,,,,,,,,,0.04,,100.0,40.68,0.0,0.0,0.0,100.0,,1.0,100.0,0.4068
2021-09-28,4000.0,40067.6,0.07,0.01,0.04,0.0,4000.0,0.0,40067.6,,,,,,,,,,,,0.04,,100.0,40.68,0.0,0.0,0.0,100.0,,1.0,100.0,0.4068
2021-09-29,4000.0,40079.6,0.07,0.01,0.04,0.0,4000.0,0.0,40079.6,,,,,,,,,,,,0.04,,100.0,40.68,0.0,0.0,0.0,100.0,,1.0,100.0,0.4068
2021-09-30,4000.0,40076.8,0.07,0.01,0.04,0.0,4000.0,0.0,40076.8,,,,,,,,,,,,0.04,,100.0,40.68,0.0,0.0,0.0,100.0,,1.0,100.0,0.4068
2021-10-01,4000.0,40104.0,0.08,0.01,0.04,0.0,4000.0,0.0,40104.0,,,,,,,,,,,,0.04,,100.0,40.68,0.0,0.0,0.0,100.0,,1.0,100.0,0.4068
2021-10-04,4000.0,40106.4,0.08,0.01,0.04,0.0,4000.0,0.0,40106.4,,,,,,,,,,,,0.04,,100.0,40.68,0.0,0.0,0.0,100.0,,1.0,100.0,0.4068
2021-10-05,4000.0,40095.2,0.09,0.01,0.04,0.0,4000.0,0.0,40095.2,,,,,,,,,,,,0.04,,100.0,40.68,0.0,0.0,0.0,100.0,,1.0,100.0,0.4068
2021-10-06,4000.0,40061.2,0.09,0.01,0.04,0.0,4000.0,0.0,40061.2,,,,,,,,,,,,0.04,,100.0,40.68,0.0,0.0,0.0,100.0,,1.0,100.0,0.4068
2021-10-07,15600.0,156294.84,0.22,0.05,0.16,58109.62,9800.0,5800.0,98185.22,5800.0,,5800.0,,,,,5800.0,0.06,,,0.1,,100.0,99.66,0.0,0.0,0.0,100.0,37.17,0.3422,37.18,1.5865
2021-10-08,15600.0,156138.84,0.18,0.05,0.16,58051.62,9800.0,5800.0,98087.22,,,,,,,,,,,,0.1,,100.0,99.66,0.0,0.0,0.0,100.0,37.17,0.3422,37.2,1.5865
2021-10-11,15600.0,156000.0,0.17,0.05,0.16,58000.0,9800.0,5800.0,98000.0,,,,,,,,,,,,0.1,,100.0,99.66,0.0,0.0,0.0,100.0,37.17,0.3422,37.2,1.5865
2021-10-12,15600.0,156000.0,0.21,0.05,0.16,58000.0,9800.0,5800.0,98000.0,,,,,,,,,,,,0.1,,100.0,99.66,0.0,0.0,0.0,100.0,37.15,0.3423,37.22,1.5865
2021-10-13,15600.0,156000.0,0.2,0.05,0.16,58000.0,9800.0,5800.0,98000.0,,,,,,,,,,,,0.1,,100.0,99.66,0.0,0.0,0.0,100.0,37.15,0.3423,37.23,1.5865
2021-10-14,15600.0,156014.04,0.2,0.05,0.16,58005.22,9800.0,5800.0,98008.82,,,,,,,,,,,,0.1,,100.0,99.66,0.0,0.0,0.0,100.0,37.18,0.3422,37.18,1.5865
2021-10-15,15600.0,156020.28,0.22,0.05,0.16,58007.54,9800.0,5800.0,98012.74,,,,,,,,,,,,0.1,,100.0,99.66,0.0,0.0,0.0,100.0,37.18,0.3422,37.18,1.5865
2021-10-18,8103.0,81040.53,0.11,0.03,0.08,58007.54,2303.0,5800.0,23032.99,,,,0.07,,7497.0,,,,,,0.02,,100.0,23.42,0.0,0.0,0.0,100.0,28.38,0.5935,71.62,0.8241
2021-10-19,2303.0,22972.89,0.03,0.01,0.02,0.0,2303.0,0.0,22972.89,,,,,,,,,,,5800.0,0.02,0.06,100.0,23.42,0.0,0.0,0.0,100.0,,1.0,100.0,0.2342
2021-10-20,2303.0,22993.15,0.03,0.01,0.02,0.0,2303.0,0.0,22993.15,,,,,,,,,,,,0.02,,100.0,23.42,0.0,0.0,0.0,100.0,,1.0,100.0,0.2342
2021-10-21,2303.0,22965.06,0.03,0.01,0.02,0.0,2303.0,0.0,22965.06,,,,,,,,,,,,0.02,,100.0,23.42,0.0,0.0,0.0,100.0,,1.0,100.0,0.2342
2021-10-22,2303.0,22952.39,0.03,0.01,0.02,0.0,2303.0,0.0,22952.39,,,,,,,,,,,,0.02,,100.0,23.42,0.0,0.0,0.0,100.0,,1.0,100.0,0.2342
2021-10-25,2303.0,22976.34,0.03,0.01,0.02,0.0,2303.0,0.0,22976.34,,,,,,,,,,,,0.02,,100.0,23.42,0.0,0.0,0.0,100.0,,1.0,100.0,0.2342
2021-10-26,2303.0,22986.01,0.03,0.01,0.02,0.0,2303.0,0.0,22986.01,,,,,,,,,,,,0.02,,100.0,23.42,0.0,0.0,0.0,100.0,,1.0,100.0,0.2342
2021-10-27,2303.0,22987.86,0.03,0.01,0.02,0.0,2303.0,0.0,22987.86,,,,,,,,,,,,0.02,,100.0,23.42,0.0,0.0,0.0,100.0,,1.0,100.0,0.2342
2021-10-28,2303.0,22965.98,0.03,0.01,0.02,0.0,2303.0,0.0,22965.98,,,,,,,,,,,,0.02,,100.0,23.42,0.0,0.0,0.0,100.0,,1.0,100.0,0.2342
2021-10-29,2303.0,22916.23,0.02,0.01,0.02,0.0,2303.0,0.0,22916.23,,,,,,,,,,,,0.02,,100.0,23.42,0.0,0.0,0.0,100.0,,1.0,100.0,0.2342
2021-11-01,2303.0,22908.17,0.02,0.01,0.02,0.0,2303.0,0.0,22908.17,,,,,,,,,,,,0.02,,100.0,23.42,0.0,0.0,0.0,100.0,,1.0,100.0,0.2342
2021-11-02,2303.0,22976.11,0.02,0.01,0.02,0.0,2303.0,0.0,22976.11,,,,,,,,,,,,0.02,,100.0,23.42,0.0,0.0,0.0,100.0,,1.0,100.0,0.2342
2021-11-03,2303.0,22979.79,0.02,0.01,0.02,0.0,2303.0,0.0,22979.79,,,,,,,,,,,,0.02,,100.0,23.42,0.0,0.0,0.0,100.0,,1.0,100.0,0.2342
2021-11-04,2303.0,23060.4,0.02,0.01,0.02,0.0,2303.0,0.0,23060.4,,,,,,,,,,,,0.02,,100.0,23.42,0.0,0.0,0.0,100.0,,1.0,100.0,0.2342
2021-11-05,2303.0,23074.22,0.02,0.01,0.02,0.0,2303.0,0.0,23074.22,,,,,,,,,,,,0.02,,100.0,23.42,0.0,0.0,0.0,100.0,,1.0,100.0,0.2342
2021-11-08,0.0,0.0,0.0,0.0,0.0,0.0,0.0,0.0,0.0,,,,0.02,,2303.0,,,,,,0.0,,0.0,0.0,247.0,2473.73,0.0,0.0,,0.0,100.0,0.0
2021-11-09,2303.0,23082.97,0.02,0.01,0.02,0.0,2303.0,0.0,23082.97,,,,,,,,,,2303.0,,0.02,,100.0,23.42,0.0,0.0,0.0,100.0,,1.0,100.0,0.2342
2021-11-10,2303.0,23038.98,0.02,0.01,0.02,0.0,2303.0,0.0,23038.98,,,,,,,,,,,,0.02,,100.0,23.42,0.0,0.0,0.0,100.0,,1.0,100.0,0.2342
2021-11-11,0.0,0.0,0.0,0.0,0.0,0.0,0.0,0.0,0.0,,,,0.02,,2303.0,,,,,,0.0,,0.0,0.0,247.0,2471.98,0.0,0.0,,0.0,100.0,0.0
2021-11-12,0.0,0.0,0.0,0.0,0.0,0.0,0.0,0.0,0.0,,,,,,,,,,,,0.0,,0.0,0.0,247.0,2470.57,0.0,0.0,,0.0,,0.0
2021-11-15,0.0,0.0,0.0,0.0,0.0,0.0,0.0,0.0,0.0,,,,,,,,,,,,0.0,,0.0,0.0,247.0,2471.26,0.0,0.0,,0.0,,0.0
2021-11-16,0.0,0.0,0.0,0.0,0.0,0.0,0.0,0.0,0.0,,,,,,,,,,,,0.0,,0.0,0.0,247.0,2464.64,0.0,0.0,,0.0,,0.0
2021-11-17,0.0,0.0,0.0,0.0,0.0,0.0,0.0,0.0,0.0,,,,,,,,,,,,0.0,,0.0,0.0,247.0,2464.64,0.0,0.0,,0.0,,0.0
2021-11-18,0.0,0.0,0.0,0.0,0.0,0.0,0.0,0.0,0.0,,,,,,,,,,,,0.0,,0.0,0.0,247.0,2464.64,0.0,0.0,,0.0,,0.0
2021-11-19,0.0,0.0,0.0,0.0,0.0,0.0,0.0,0.0,0.0,,,,,,,,,,,,0.0,,0.0,0.0,247.0,2472.1,0.0,0.0,,0.0,,0.0
2021-11-22,0.0,0.0,0.0,0.0,0.0,0.0,0.0,0.0,0.0,,,,,,,,,,,,0.0,,0.0,0.0,247.0,2472.0,0.0,0.0,,0.0,,0.0
2021-11-23,0.0,0.0,0.0,0.0,0.0,0.0,0.0,0.0,0.0,,,,,,,,,,,,0.0,,0.0,0.0,247.0,2464.29,0.0,0.0,,0.0,,0.0
2021-11-24,0.0,0.0,0.0,0.0,0.0,0.0,0.0,0.0,0.0,,,,,,,,,,,,0.0,,0.0,0.0,247.0,2464.29,0.0,0.0,,0.0,,0.0
2021-11-25,0.0,0.0,0.0,0.0,0.0,0.0,0.0,0.0,0.0,,,,,,,,,,,,0.0,,0.0,0.0,247.0,2461.75,0.0,0.0,,0.0,,0.0
2021-11-26,0.0,0.0,0.0,0.0,0.0,0.0,0.0,0.0,0.0,,,,,,,,,,,,0.0,,0.0,0.0,247.0,2458.49,0.0,0.0,,0.0,,0.0
2021-11-29,0.0,0.0,0.0,0.0,0.0,0.0,0.0,0.0,0.0,,,,,,,,,,,,0.0,,0.0,0.0,247.0,2459.38,0.0,0.0,,0.0,,0.0
2021-11-30,0.0,0.0,0.0,0.0,0.0,0.0,0.0,0.0,0.0,,,,,,,,,,,,0.0,,0.0,0.0,247.0,2460.37,0.0,0.0,,0.0,,0.0
2021-12-01,0.0,0.0,0.0,0.0,0.0,0.0,0.0,0.0,0.0,,,,,,,,,,,,0.0,,0.0,0.0,247.0,2463.97,0.0,0.0,,0.0,,0.0
2021-12-02,0.0,0.0,0.0,0.0,0.0,0.0,0.0,0.0,0.0,,,,,,,,,,,,0.0,,0.0,0.0,247.0,2467.11,0.0,0.0,,0.0,,0.0
2021-12-03,0.0,0.0,0.0,0.0,0.0,0.0,0.0,0.0,0.0,,,,,,,,,,,,0.0,,0.0,0.0,247.0,2468.49,0.0,0.0,,0.0,,0.0
2021-12-06,0.0,0.0,0.0,0.0,0.0,0.0,0.0,0.0,0.0,,,,,,,,,,,,0.0,,0.0,0.0,247.0,2469.83,0.0,0.0,,0.0,,0.0
2021-12-07,0.0,0.0,0.0,0.0,0.0,0.0,0.0,0.0,0.0,,,,,,,,,,,,0.0,,0.0,0.0,247.0,2470.91,0.0,0.0,,0.0,,0.0
2021-12-08,0.0,0.0,0.0,0.0,0.0,0.0,0.0,0.0,0.0,,,,,,,,,,,,0.0,,0.0,0.0,247.0,2465.73,0.0,0.0,,0.0,,0.0
2021-12-09,0.0,0.0,0.0,0.0,0.0,0.0,0.0,0.0,0.0,,,,,,,,,,,,0.0,,0.0,0.0,247.0,2469.51,0.0,0.0,,0.0,,0.0
2021-12-10,0.0,0.0,0.0,0.0,0.0,0.0,0.0,0.0,0.0,,,,,,,,,,,,0.0,,0.0,0.0,247.0,2468.59,0.0,0.0,,0.0,,0.0
2021-12-13,0.0,0.0,0.0,0.0,0.0,0.0,0.0,0.0,0.0,,,,,,,,,,,,0.0,,0.0,0.0,247.0,2470.05,0.0,0.0,,0.0,,0.0
2021-12-14,0.0,0.0,0.0,0.0,0.0,0.0,0.0,0.0,0.0,,,,,,,,,,,,0.0,,0.0,0.0,247.0,2468.42,0.0,0.0,,0.0,,0.0
2021-12-15,0.0,0.0,0.0,0.0,0.0,0.0,0.0,0.0,0.0,,,,,,,,,,,,0.0,,0.0,0.0,247.0,2468.15,0.0,0.0,,0.0,,0.0
2021-12-16,0.0,0.0,0.0,0.0,0.0,0.0,0.0,0.0,0.0,,,,,,,,,,,,0.0,,0.0,0.0,247.0,2468.54,0.0,0.0,,0.0,,0.0
2021-12-17,0.0,0.0,0.0,0.0,0.0,0.0,0.0,0.0,0.0,,,,,,,,,,,,0.0,,0.0,0.0,247.0,2470.91,0.0,0.0,,0.0,,0.0
2021-12-20,0.0,0.0,0.0,0.0,0.0,0.0,0.0,0.0,0.0,,,,,,,,,,,,0.0,,0.0,0.0,247.0,2471.31,0.0,0.0,,0.0,,0.0
2021-12-21,0.0,0.0,0.0,0.0,0.0,0.0,0.0,0.0,0.0,,,,,,,,,,,,0.0,,0.0,0.0,247.0,2474.05,0.0,0.0,,0.0,,0.0
2021-12-22,0.0,0.0,0.0,0.0,0.0,0.0,0.0,0.0,0.0,,,,,,,,,,,,0.0,,0.0,0.0,247.0,2467.26,0.0,0.0,,0.0,,0.0
2021-12-23,0.0,0.0,0.0,0.0,0.0,0.0,0.0,0.0,0.0,,,,,,,,,,,,0.0,,0.0,0.0,247.0,2465.58,0.0,0.0,,0.0,,0.0
2021-12-24,0.0,0.0,0.0,0.0,0.0,0.0,0.0,0.0,0.0,,,,,,,,,,,,0.0,,0.0,0.0,247.0,2466.54,0.0,0.0,,0.0,,0.0
2021-12-27,0.0,0.0,0.0,0.0,0.0,0.0,0.0,0.0,0.0,,,,,,,,,,,,0.0,,0.0,0.0,247.0,2464.42,0.0,0.0,,0.0,,0.0
2021-12-28,0.0,0.0,0.0,0.0,0.0,0.0,0.0,0.0,0.0,,,,,,,,,,,,0.0,,0.0,0.0,247.0,2463.78,0.0,0.0,,0.0,,0.0
2021-12-29,0.0,0.0,0.0,0.0,0.0,0.0,0.0,0.0,0.0,,,,,,,,,,,,0.0,,0.0,0.0,247.0,2463.78,0.0,0.0,,0.0,,0.0
2021-12-30,0.0,0.0,0.0,0.0,0.0,0.0,0.0,0.0,0.0,,,,,,,,,,,,0.0,,0.0,0.0,247.0,2461.43,0.0,0.0,,0.0,,0.0
2021-12-31,0.0,0.0,0.0,0.0,0.0,0.0,0.0,0.0,0.0,,,,,,,,,,,,0.0,,0.0,0.0,247.0,2461.43,0.0,0.0,,0.0,,0.0
2022-01-03,0.0,0.0,0.0,0.0,0.0,0.0,0.0,0.0,0.0,,,,,,,,,,,,0.0,,0.0,0.0,247.0,2458.17,0.0,0.0,,0.0,,0.0
2022-01-04,0.0,0.0,0.0,0.0,0.0,0.0,0.0,0.0,0.0,,,,,,,,,,,,0.0,,0.0,0.0,247.0,2459.72,0.0,0.0,,0.0,,0.0
2022-01-05,0.0,0.0,0.0,0.0,0.0,0.0,0.0,0.0,0.0,,,,,,,,,,,,0.0,,0.0,0.0,247.0,2458.93,0.0,0.0,,0.0,,0.0
2022-01-06,0.0,0.0,0.0,0.0,0.0,0.0,0.0,0.0,0.0,,,,,,,,,,,,0.0,,0.0,0.0,247.0,2454.91,0.0,0.0,,0.0,,0.0
2022-01-07,0.0,0.0,0.0,0.0,0.0,0.0,0.0,0.0,0.0,,,,,,,,,,,,0.0,,0.0,0.0,247.0,2452.98,0.0,0.0,,0.0,,0.0
2022-01-10,0.0,0.0,0.0,0.0,0.0,0.0,0.0,0.0,0.0,,,,,,,,,,,,0.0,,0.0,0.0,247.0,2452.98,0.0,0.0,,0.0,,0.0
2022-01-11,0.0,0.0,0.0,0.0,0.0,0.0,0.0,0.0,0.0,,,,,,,,,,,,0.0,,0.0,0.0,247.0,2452.98,0.0,0.0,,0.0,,0.0
2022-01-12,0.0,0.0,0.0,0.0,0.0,0.0,0.0,0.0,0.0,,,,,,,,,,,,0.0,,0.0,0.0,247.0,2452.98,0.0,0.0,,0.0,,0.0
2022-01-13,0.0,0.0,0.0,0.0,0.0,0.0,0.0,0.0,0.0,,,,,,,,,,,,0.0,,0.0,0.0,247.0,2451.28,0.0,0.0,,0.0,,0.0
2022-01-14,0.0,0.0,0.0,0.0,0.0,0.0,0.0,0.0,0.0,,,,,,,,,,,,0.0,,0.0,0.0,247.0,2451.28,0.0,0.0,,0.0,,0.0
2022-01-17,0.0,0.0,0.0,0.0,0.0,0.0,0.0,0.0,0.0,,,,,,,,,,,,0.0,,0.0,0.0,247.0,2447.37,0.0,0.0,,0.0,,0.0
2022-01-18,0.0,0.0,0.0,0.0,0.0,0.0,0.0,0.0,0.0,,,,,,,,,,,,0.0,,0.0,0.0,247.0,2445.52,0.0,0.0,,0.0,,0.0
2022-01-19,0.0,0.0,0.0,0.0,0.0,0.0,0.0,0.0,0.0,,,,,,,,,,,,0.0,,0.0,0.0,247.0,2446.78,0.0,0.0,,0.0,,0.0
2022-01-20,0.0,0.0,0.0,0.0,0.0,0.0,0.0,0.0,0.0,,,,,,,,,,,,0.0,,0.0,0.0,247.0,2447.08,0.0,0.0,,0.0,,0.0
2022-01-21,0.0,0.0,0.0,0.0,0.0,0.0,0.0,0.0,0.0,,,,,,,,,,,,0.0,,0.0,0.0,247.0,2448.54,0.0,0.0,,0.0,,0.0
2022-01-24,0.0,0.0,0.0,0.0,0.0,0.0,0.0,0.0,0.0,,,,,,,,,,,,0.0,,0.0,0.0,247.0,2449.5,0.0,0.0,,0.0,,0.0
2022-01-25,0.0,0.0,0.0,0.0,0.0,0.0,0.0,0.0,0.0,,,,,,,,,,,,0.0,,0.0,0.0,247.0,2447.55,0.0,0.0,,0.0,,0.0
2022-01-26,0.0,0.0,0.0,0.0,0.0,0.0,0.0,0.0,0.0,,,,,,,,,,,,0.0,,0.0,0.0,247.0,2449.28,0.0,0.0,,0.0,,0.0
2022-01-27,0.0,0.0,0.0,0.0,0.0,0.0,0.0,0.0,0.0,,,,,,,,,,,,0.0,,0.0,0.0,247.0,2445.45,0.0,0.0,,0.0,,0.0
2022-01-28,0.0,0.0,0.0,0.0,0.0,0.0,0.0,0.0,0.0,,,,,,,,,,,,0.0,,0.0,0.0,247.0,2441.2,0.0,0.0,,0.0,,0.0
2022-01-31,0.0,0.0,0.0,0.0,0.0,0.0,0.0,0.0,0.0,,,,,,,,,,,,0.0,,0.0,0.0,247.0,2434.46,0.0,0.0,,0.0,,0.0
2022-02-01,0.0,0.0,0.0,0.0,0.0,0.0,0.0,0.0,0.0,,,,,,,,,,,,0.0,,0.0,0.0,247.0,2435.05,0.0,0.0,,0.0,,0.0
2022-02-02,0.0,0.0,0.0,0.0,0.0,0.0,0.0,0.0,0.0,,,,,,,,,,,,0.0,,0.0,0.0,247.0,2434.16,0.0,0.0,,0.0,,0.0
2022-02-03,0.0,0.0,0.0,0.0,0.0,0.0,0.0,0.0,0.0,,,,,,,,,,,,0.0,,0.0,0.0,247.0,2414.05,0.0,0.0,,0.0,,0.0
2022-02-04,0.0,0.0,0.0,0.0,0.0,0.0,0.0,0.0,0.0,,,,,,,,,,,,0.0,,0.0,0.0,247.0,2396.15,0.0,0.0,,0.0,,0.0
2022-02-07,0.0,0.0,0.0,0.0,0.0,0.0,0.0,0.0,0.0,,,,,,,,,,,,0.0,,0.0,0.0,247.0,2395.9,0.0,0.0,,0.0,,0.0
2022-02-08,0.0,0.0,0.0,0.0,0.0,0.0,0.0,0.0,0.0,,,,,,,,,,,,0.0,,0.0,0.0,247.0,2394.89,0.0,0.0,,0.0,,0.0
2022-02-09,0.0,0.0,0.0,0.0,0.0,0.0,0.0,0.0,0.0,,,,,,,,,,,,0.0,,0.0,0.0,247.0,2404.15,0.0,0.0,,0.0,,0.0
2022-02-10,0.0,0.0,0.0,0.0,0.0,0.0,0.0,0.0,0.0,,,,,,,,,,,,0.0,,0.0,0.0,247.0,2393.95,0.0,0.0,,0.0,,0.0
2022-02-11,0.0,0.0,0.0,0.0,0.0,0.0,0.0,0.0,0.0,,,,,,,,,,,,0.0,,0.0,0.0,247.0,2393.36,0.0,0.0,,0.0,,0.0
2022-02-14,0.0,0.0,0.0,0.0,0.0,0.0,0.0,0.0,0.0,,,,,,,,,,,,0.0,,0.0,0.0,247.0,2393.18,0.0,0.0,,0.0,,0.0
2022-02-15,0.0,0.0,0.0,0.0,0.0,0.0,0.0,0.0,0.0,,,,,,,,,,,,0.0,,0.0,0.0,247.0,2392.52,0.0,0.0,,0.0,,0.0
2022-02-16,0.0,0.0,0.0,0.0,0.0,0.0,0.0,0.0,0.0,,,,,,,,,,,,0.0,,0.0,0.0,247.0,2395.31,0.0,0.0,,0.0,,0.0
2022-02-17,0.0,0.0,0.0,0.0,0.0,0.0,0.0,0.0,0.0,,,,,,,,,,,,0.0,,0.0,0.0,247.0,2397.01,0.0,0.0,,0.0,,0.0
2022-02-18,0.0,0.0,0.0,0.0,0.0,0.0,0.0,0.0,0.0,,,,,,,,,,,,0.0,,0.0,0.0,247.0,2398.74,0.0,0.0,,0.0,,0.0
2022-02-21,0.0,0.0,0.0,0.0,0.0,0.0,0.0,0.0,0.0,,,,,,,,,,,,0.0,,0.0,0.0,247.0,2398.74,0.0,0.0,,0.0,,0.0
2022-02-22,0.0,0.0,0.0,0.0,0.0,0.0,0.0,0.0,0.0,,,,,,,,,,,,0.0,,0.0,0.0,247.0,2388.71,0.0,0.0,,0.0,,0.0
2022-02-23,0.0,0.0,0.0,0.0,0.0,0.0,0.0,0.0,0.0,,,,,,,,,,,,0.0,,0.0,0.0,247.0,2388.71,0.0,0.0,,0.0,,0.0
2022-02-24,0.0,0.0,0.0,0.0,0.0,0.0,0.0,0.0,0.0,,,,,,,,,,,,0.0,,0.0,0.0,247.0,2388.71,0.0,0.0,,0.0,,0.0
2022-02-25,0.0,0.0,0.0,0.0,0.0,0.0,0.0,0.0,0.0,,,,,,,,,,,,0.0,,0.0,0.0,247.0,2385.23,0.0,0.0,,0.0,,0.0
2022-02-28,0.0,0.0,0.0,0.0,0.0,0.0,0.0,0.0,0.0,,,,,,,,,,,,0.0,,0.0,0.0,247.0,2392.66,0.0,0.0,,0.0,,0.0
2022-03-01,0.0,0.0,0.0,0.0,0.0,0.0,0.0,0.0,0.0,,,,,,,,,,,,0.0,,0.0,0.0,247.0,2392.66,0.0,0.0,,0.0,,0.0
2022-03-02,0.0,0.0,0.0,0.0,0.0,0.0,0.0,0.0,0.0,,,,,,,,,,,,0.0,,0.0,0.0,247.0,2403.38,0.0,0.0,,0.0,,0.0
2022-03-03,0.0,0.0,0.0,0.0,0.0,0.0,0.0,0.0,0.0,,,,,,,,,,,,0.0,,0.0,0.0,247.0,2403.38,0.0,0.0,,0.0,,0.0
2022-03-04,0.0,0.0,0.0,0.0,0.0,0.0,0.0,0.0,0.0,,,,,,,,,,,,0.0,,0.0,0.0,247.0,2406.74,0.0,0.0,,0.0,,0.0
2022-03-07,0.0,0.0,0.0,0.0,0.0,0.0,0.0,0.0,0.0,,,,,,,,,,,,0.0,,0.0,0.0,247.0,2389.23,0.0,0.0,,0.0,,0.0
2022-03-08,0.0,0.0,0.0,0.0,0.0,0.0,0.0,0.0,0.0,,,,,,,,,,,,0.0,,0.0,0.0,247.0,2380.19,0.0,0.0,,0.0,,0.0
2022-03-09,0.0,0.0,0.0,0.0,0.0,0.0,0.0,0.0,0.0,,,,,,,,,,,,0.0,,0.0,0.0,247.0,2382.73,0.0,0.0,,0.0,,0.0
2022-03-10,0.0,0.0,0.0,0.0,0.0,0.0,0.0,0.0,0.0,,,,,,,,,,,,0.0,,0.0,0.0,247.0,2369.05,0.0,0.0,,0.0,,0.0
2022-03-11,0.0,0.0,0.0,0.0,0.0,0.0,0.0,0.0,0.0,,,,,,,,,,,,0.0,,0.0,0.0,247.0,2370.63,0.0,0.0,,0.0,,0.0
2022-03-14,0.0,0.0,0.0,0.0,0.0,0.0,0.0,0.0,0.0,,,,,,,,,,,,0.0,,0.0,0.0,247.0,2365.03,0.0,0.0,,0.0,,0.0
2022-03-15,0.0,0.0,0.0,0.0,0.0,0.0,0.0,0.0,0.0,,,,,,,,,,,,0.0,,0.0,0.0,247.0,2369.84,0.0,0.0,,0.0,,0.0
2022-03-16,0.0,0.0,0.0,0.0,0.0,0.0,0.0,0.0,0.0,,,,,,,,,,,,0.0,,0.0,0.0,247.0,2366.83,0.0,0.0,,0.0,,0.0
2022-03-17,0.0,0.0,0.0,0.0,0.0,0.0,0.0,0.0,0.0,,,,,,,,,,,,0.0,,0.0,0.0,247.0,2370.93,0.0,0.0,,0.0,,0.0
2022-03-18,0.0,0.0,0.0,0.0,0.0,0.0,0.0,0.0,0.0,,,,,,,,,,,,0.0,,0.0,0.0,247.0,2370.63,0.0,0.0,,0.0,,0.0
2022-03-21,0.0,0.0,0.0,0.0,0.0,0.0,0.0,0.0,0.0,,,,,,,,,,,,0.0,,0.0,0.0,247.0,2365.54,0.0,0.0,,0.0,,0.0
2022-03-22,0.0,0.0,0.0,0.0,0.0,0.0,0.0,0.0,0.0,,,,,,,,,,,,0.0,,0.0,0.0,247.0,2361.67,0.0,0.0,,0.0,,0.0
2022-03-23,0.0,0.0,0.0,0.0,0.0,0.0,0.0,0.0,0.0,,,,,,,,,,,,0.0,,0.0,0.0,247.0,2364.53,0.0,0.0,,0.0,,0.0
2022-03-24,0.0,0.0,0.0,0.0,0.0,0.0,0.0,0.0,0.0,,,,,,,,,,,,0.0,,0.0,0.0,247.0,2361.22,0.0,0.0,,0.0,,0.0
2022-03-25,0.0,0.0,0.0,0.0,0.0,0.0,0.0,0.0,0.0,,,,,,,,,,,,0.0,,0.0,0.0,247.0,2357.39,0.0,0.0,,0.0,,0.0
2022-03-28,0.0,0.0,0.0,0.0,0.0,0.0,0.0,0.0,0.0,,,,,,,,,,,,0.0,,0.0,0.0,247.0,2356.11,0.0,0.0,,0.0,,0.0
2022-03-29,0.0,0.0,0.0,0.0,0.0,0.0,0.0,0.0,0.0,,,,,,,,,,,,0.0,,0.0,0.0,247.0,2358.18,0.0,0.0,,0.0,,0.0
2022-03-30,0.0,0.0,0.0,0.0,0.0,0.0,0.0,0.0,0.0,,,,,,,,,,,,0.0,,0.0,0.0,247.0,2352.45,0.0,0.0,,0.0,,0.0
2022-03-31,0.0,0.0,0.0,0.0,0.0,0.0,0.0,0.0,0.0,,,,,,,,,,,,0.0,,0.0,0.0,247.0,2360.68,0.0,0.0,,0.0,,0.0
2022-04-01,0.0,0.0,0.0,0.0,0.0,0.0,0.0,0.0,0.0,,,,,,,,,,,,0.0,,0.0,0.0,247.0,2361.47,0.0,0.0,,0.0,,0.0
2022-04-04,0.0,0.0,0.0,0.0,0.0,0.0,0.0,0.0,0.0,,,,,,,,,,,,0.0,,0.0,0.0,247.0,2365.22,0.0,0.0,,0.0,,0.0
2022-04-05,0.0,0.0,0.0,0.0,0.0,0.0,0.0,0.0,0.0,,,,,,,,,,,,0.0,,0.0,0.0,247.0,2355.39,0.0,0.0,,0.0,,0.0
2022-04-06,0.0,0.0,0.0,0.0,0.0,0.0,0.0,0.0,0.0,,,,,,,,,,,,0.0,,0.0,0.0,247.0,2352.85,0.0,0.0,,0.0,,0.0
2022-04-07,0.0,0.0,0.0,0.0,0.0,0.0,0.0,0.0,0.0,,,,,,,,,,,,0.0,,0.0,0.0,247.0,2350.25,0.0,0.0,,0.0,,0.0
2022-04-08,0.0,0.0,0.0,0.0,0.0,0.0,0.0,0.0,0.0,,,,,,,,,,,,0.0,,0.0,0.0,247.0,2345.49,0.0,0.0,,0.0,,0.0
2022-04-11,0.0,0.0,0.0,0.0,0.0,0.0,0.0,0.0,0.0,,,,,,,,,,,,0.0,,0.0,0.0,247.0,2336.25,0.0,0.0,,0.0,,0.0
2022-04-12,0.0,0.0,0.0,0.0,0.0,0.0,0.0,0.0,0.0,,,,,,,,,,,,0.0,,0.0,0.0,247.0,2339.76,0.0,0.0,,0.0,,0.0
2022-04-13,0.0,0.0,0.0,0.0,0.0,0.0,0.0,0.0,0.0,,,,,,,,,,,,0.0,,0.0,0.0,247.0,2339.66,0.0,0.0,,0.0,,0.0
2022-04-14,0.0,0.0,0.0,0.0,0.0,0.0,0.0,0.0,0.0,,,,,,,,,,,,0.0,,0.0,0.0,247.0,2339.41,0.0,0.0,,0.0,,0.0
2022-04-15,0.0,0.0,0.0,0.0,0.0,0.0,0.0,0.0,0.0,,,,,,,,,,,,0.0,,0.0,0.0,247.0,2339.41,0.0,0.0,,0.0,,0.0
2022-04-18,0.0,0.0,0.0,0.0,0.0,0.0,0.0,0.0,0.0,,,,,,,,,,,,0.0,,0.0,0.0,247.0,2339.41,0.0,0.0,,0.0,,0.0
2022-04-19,0.0,0.0,0.0,0.0,0.0,0.0,0.0,0.0,0.0,,,,,,,,,,,,0.0,,0.0,0.0,247.0,2335.16,0.0,0.0,,0.0,,0.0
2022-04-20,0.0,0.0,0.0,0.0,0.0,0.0,0.0,0.0,0.0,,,,,,,,,,,,0.0,,0.0,0.0,247.0,2336.45,0.0,0.0,,0.0,,0.0
2022-04-21,0.0,0.0,0.0,0.0,0.0,0.0,0.0,0.0,0.0,,,,,,,,,,,,0.0,,0.0,0.0,247.0,2327.93,0.0,0.0,,0.0,,0.0
2022-04-22,0.0,0.0,0.0,0.0,0.0,0.0,0.0,0.0,0.0,,,,,,,,,,,,0.0,,0.0,0.0,247.0,2318.96,0.0,0.0,,0.0,,0.0
2022-04-25,0.0,0.0,0.0,0.0,0.0,0.0,0.0,0.0,0.0,,,,,,,,,,,,0.0,,0.0,0.0,247.0,2326.79,0.0,0.0,,0.0,,0.0
2022-04-26,0.0,0.0,0.0,0.0,0.0,0.0,0.0,0.0,0.0,,,,,,,,,,,,0.0,,0.0,0.0,247.0,2298.14,0.0,0.0,,0.0,,0.0
2022-04-27,0.0,0.0,0.0,0.0,0.0,0.0,0.0,0.0,0.0,,,,,,,,,,,,0.0,,0.0,0.0,247.0,2295.84,0.0,0.0,,0.0,,0.0
2022-04-28,0.0,0.0,0.0,0.0,0.0,0.0,0.0,0.0,0.0,,,,,,,,,,,,0.0,,0.0,0.0,247.0,2290.06,0.0,0.0,,0.0,,0.0
2022-04-29,0.0,0.0,0.0,0.0,0.0,0.0,0.0,0.0,0.0,,,,,,,,,,,,0.0,,0.0,0.0,247.0,2284.6,0.0,0.0,,0.0,,0.0
2022-05-02,0.0,0.0,0.0,0.0,0.0,0.0,0.0,0.0,0.0,,,,,,,,,,,,0.0,,0.0,0.0,247.0,2281.98,0.0,0.0,,0.0,,0.0
2022-05-03,0.0,0.0,0.0,0.0,0.0,0.0,0.0,0.0,0.0,,,,,,,,,,,,0.0,,0.0,0.0,247.0,2281.96,0.0,0.0,,0.0,,0.0
2022-05-04,0.0,0.0,0.0,0.0,0.0,0.0,0.0,0.0,0.0,,,,,,,,,,,,0.0,,0.0,0.0,247.0,2276.67,0.0,0.0,,0.0,,0.0
2022-05-05,0.0,0.0,0.0,0.0,0.0,0.0,0.0,0.0,0.0,,,,,,,,,,,,0.0,,0.0,0.0,247.0,2272.57,0.0,0.0,,0.0,,0.0
2022-05-06,0.0,0.0,0.0,0.0,0.0,0.0,0.0,0.0,0.0,,,,,,,,,,,,0.0,,0.0,0.0,247.0,2260.32,0.0,0.0,,0.0,,0.0
2022-05-09,0.0,0.0,0.0,0.0,0.0,0.0,0.0,0.0,0.0,,,,,,,,,,,,0.0,,0.0,0.0,247.0,2258.94,0.0,0.0,,0.0,,0.0
2022-05-10,0.0,0.0,0.0,0.0,0.0,0.0,0.0,0.0,0.0,,,,,,,,,,,,0.0,,0.0,0.0,247.0,2268.0,0.0,0.0,,0.0,,0.0
2022-05-11,0.0,0.0,0.0,0.0,0.0,0.0,0.0,0.0,0.0,,,,,,,,,,,,0.0,,0.0,0.0,247.0,2273.22,0.0,0.0,,0.0,,0.0
2022-05-12,0.0,0.0,0.0,0.0,0.0,0.0,0.0,0.0,0.0,,,,,,,,,,,,0.0,,0.0,0.0,247.0,2283.12,0.0,0.0,,0.0,,0.0
2022-05-13,0.0,0.0,0.0,0.0,0.0,0.0,0.0,0.0,0.0,,,,,,,,,,,,0.0,,0.0,0.0,247.0,2283.37,0.0,0.0,,0.0,,0.0
2022-05-16,0.0,0.0,0.0,0.0,0.0,0.0,0.0,0.0,0.0,,,,,,,,,,,,0.0,,0.0,0.0,247.0,2283.59,0.0,0.0,,0.0,,0.0
2022-05-17,0.0,0.0,0.0,0.0,0.0,0.0,0.0,0.0,0.0,,,,,,,,,,,,0.0,,0.0,0.0,247.0,2275.91,0.0,0.0,,0.0,,0.0
2022-05-18,0.0,0.0,0.0,0.0,0.0,0.0,0.0,0.0,0.0,,,,,,,,,,,,0.0,,0.0,0.0,247.0,2273.04,0.0,0.0,,0.0,,0.0
2022-05-19,0.0,0.0,0.0,0.0,0.0,0.0,0.0,0.0,0.0,,,,,,,,,,,,0.0,,0.0,0.0,247.0,2274.77,0.0,0.0,,0.0,,0.0
2022-05-20,0.0,0.0,0.0,0.0,0.0,0.0,0.0,0.0,0.0,,,,,,,,,,,,0.0,,0.0,0.0,247.0,2273.51,0.0,0.0,,0.0,,0.0
2022-05-23,0.0,0.0,0.0,0.0,0.0,0.0,0.0,0.0,0.0,,,,,,,,,,,,0.0,,0.0,0.0,247.0,2267.48,0.0,0.0,,0.0,,0.0
2022-05-24,0.0,0.0,0.0,0.0,0.0,0.0,0.0,0.0,0.0,,,,,,,,,,,,0.0,,0.0,0.0,247.0,2271.49,0.0,0.0,,0.0,,0.0
2022-05-25,0.0,0.0,0.0,0.0,0.0,0.0,0.0,0.0,0.0,,,,,,,,,,,,0.0,,0.0,0.0,247.0,2275.29,0.0,0.0,,0.0,,0.0
2022-05-26,0.0,0.0,0.0,0.0,0.0,0.0,0.0,0.0,0.0,,,,,,,,,,,,0.0,,0.0,0.0,247.0,2277.86,0.0,0.0,,0.0,,0.0
2022-05-27,0.0,0.0,0.0,0.0,0.0,0.0,0.0,0.0,0.0,,,,,,,,,,,,0.0,,0.0,0.0,247.0,2282.7,0.0,0.0,,0.0,,0.0
2022-05-30,0.0,0.0,0.0,0.0,0.0,0.0,0.0,0.0,0.0,,,,,,,,,,,,0.0,,0.0,0.0,247.0,2282.7,0.0,0.0,,0.0,,0.0
2022-05-31,0.0,0.0,0.0,0.0,0.0,0.0,0.0,0.0,0.0,,,,,,,,,,,,0.0,,0.0,0.0,247.0,2267.76,0.0,0.0,,0.0,,0.0
2022-06-01,0.0,0.0,0.0,0.0,0.0,0.0,0.0,0.0,0.0,,,,,,,,,,,,0.0,,0.0,0.0,247.0,2263.93,0.0,0.0,,0.0,,0.0
2022-06-02,0.0,0.0,0.0,0.0,0.0,0.0,0.0,0.0,0.0,,,,,,,,,,,,0.0,,0.0,0.0,247.0,2258.99,0.0,0.0,,0.0,,0.0
2022-06-03,0.0,0.0,0.0,0.0,0.0,0.0,0.0,0.0,0.0,,,,,,,,,,,,0.0,,0.0,0.0,247.0,2256.15,0.0,0.0,,0.0,,0.0
2022-06-06,0.0,0.0,0.0,0.0,0.0,0.0,0.0,0.0,0.0,,,,,,,,,,,,0.0,,0.0,0.0,247.0,2253.83,0.0,0.0,,0.0,,0.0
2022-06-07,0.0,0.0,0.0,0.0,0.0,0.0,0.0,0.0,0.0,,,,,,,,,,,,0.0,,0.0,0.0,247.0,2255.75,0.0,0.0,,0.0,,0.0
2022-06-08,0.0,0.0,0.0,0.0,0.0,0.0,0.0,0.0,0.0,,,,,,,,,,,,0.0,,0.0,0.0,247.0,2248.96,0.0,0.0,,0.0,,0.0
2022-06-09,0.0,0.0,0.0,0.0,0.0,0.0,0.0,0.0,0.0,,,,,,,,,,,,0.0,,0.0,0.0,247.0,2231.6,0.0,0.0,,0.0,,0.0
2022-06-10,0.0,0.0,0.0,0.0,0.0,0.0,0.0,0.0,0.0,,,,,,,,,,,,0.0,,0.0,0.0,247.0,2211.61,0.0,0.0,,0.0,,0.0
2022-06-13,0.0,0.0,0.0,0.0,0.0,0.0,0.0,0.0,0.0,,,,,,,,,,,,0.0,,0.0,0.0,247.0,2182.66,0.0,0.0,,0.0,,0.0
2022-06-14,0.0,0.0,0.0,0.0,0.0,0.0,0.0,0.0,0.0,,,,,,,,,,,,0.0,,0.0,0.0,247.0,2172.59,0.0,0.0,,0.0,,0.0
2022-06-15,0.0,0.0,0.0,0.0,0.0,0.0,0.0,0.0,0.0,,,,,,,,,,,,0.0,,0.0,0.0,247.0,2185.26,0.0,0.0,,0.0,,0.0
2022-06-16,0.0,0.0,0.0,0.0,0.0,0.0,0.0,0.0,0.0,,,,,,,,,,,,0.0,,0.0,0.0,247.0,2173.72,0.0,0.0,,0.0,,0.0
2022-06-17,0.0,0.0,0.0,0.0,0.0,0.0,0.0,0.0,0.0,,,,,,,,,,,,0.0,,0.0,0.0,247.0,2178.29,0.0,0.0,,0.0,,0.0
2022-06-20,0.0,0.0,0.0,0.0,0.0,0.0,0.0,0.0,0.0,,,,,,,,,,,,0.0,,0.0,0.0,247.0,2177.53,0.0,0.0,,0.0,,0.0
2022-06-21,0.0,0.0,0.0,0.0,0.0,0.0,0.0,0.0,0.0,,,,,,,,,,,,0.0,,0.0,0.0,247.0,2179.73,0.0,0.0,,0.0,,0.0
2022-06-22,0.0,0.0,0.0,0.0,0.0,0.0,0.0,0.0,0.0,,,,,,,,,,,,0.0,,0.0,0.0,247.0,2186.59,0.0,0.0,,0.0,,0.0
2024-07-10,0.0,0.0,0.0,0.0,0.0,0.0,0.0,0.0,0.0,,,,,,,,,,,,0.0,,0.0,0.0,100.0,898.29,0.0,0.0,,0.0,,0.0
2025-05-14,0.0,0.0,0.0,0.0,0.0,0.0,0.0,0.0,0.0,,,,,,,,,,,,0.0,,0.0,0.0,2000.0,18273.8,0.02,0.0,,0.0,,0.0
2025-05-15,0.0,0.0,0.0,0.0,0.0,0.0,0.0,0.0,0.0,,,,,,,,,,,,0.0,,0.0,0.0,2000.0,18308.6,0.02,0.0,,0.0,,0.0
2025-05-16,15200.0,139346.0,2.82,0.01,0.14,69673.0,7600.0,7600.0,69673.0,,,7600.0,,,,,,0.07,7600.0,,0.07,,100.0,100.0,0.0,0.0,0.0,100.0,49.68,0.5,50.32,2.0
2025-05-19,7600.0,69673.0,1.41,0.01,0.07,0.0,7600.0,0.0,69673.0,,,,,,,,,,,7600.0,0.07,0.07,100.0,100.0,0.0,0.0,0.0,100.0,,1.0,100.0,1.0
2025-05-23,14600.0,134000.26,2.66,0.01,0.13,67000.13,7300.0,7300.0,67000.13,,,7300.0,,,,,,0.07,7300.0,,0.07,,100.0,100.0,0.0,0.0,0.0,100.0,49.9,0.5,50.1,2.0
2025-05-26,14600.0,133991.5,2.46,0.01,0.14,66995.75,7300.0,7300.0,66995.75,,,,,,,,,,,,0.07,,100.0,100.0,0.0,0.0,0.0,100.0,50.0,0.5,50.0,2.0
2025-06-10,15400.0,141898.68,6.47,0.01,0.14,70949.34,7700.0,7700.0,70949.34,,,7700.0,,,,,,0.07,7700.0,,0.07,,100.0,100.0,0.0,0.0,0.0,100.0,49.97,0.5,50.03,2.0
2025-06-11,15400.0,141949.5,6.47,0.01,0.14,70974.75,7700.0,7700.0,70974.75,,,,,,,,,,,,0.07,,100.0,39.54,0.0,0.0,0.0,100.0,49.99,0.5,50.01,0.7907
2025-06-12,15400.0,142077.32,5.8,0.01,0.14,71038.66,7700.0,7700.0,71038.66,,,,,,,,,,,,0.07,,100.0,39.54,0.0,0.0,0.0,100.0,50.0,0.5,50.0,0.7907
2025-06-13,0.0,0.0,0.0,0.0,0.0,0.0,0.0,0.0,0.0,,,,0.07,,7700.0,,,,,7700.0,0.0,0.07,0.0,0.0,19476.0,179165.57,0.18,0.0,,0.0,,0.0
2025-06-16,0.0,0.0,0.0,0.0,0.0,0.0,0.0,0.0,0.0,,,,,,,,,,,,0.0,,0.0,0.0,11776.0,108577.08,0.11,0.0,,0.0,,0.0
2025-06-17,0.0,0.0,0.0,0.0,0.0,0.0,0.0,0.0,0.0,,,,,,,,,,,,0.0,,0.0,0.0,11776.0,108518.2,0.11,0.0,,0.0,,0.0
2025-06-18,15600.0,143794.56,4.23,0.01,0.14,71897.28,7800.0,7800.0,71897.28,,,7800.0,,,,,,0.07,7800.0,,0.07,,100.0,39.84,0.0,0.0,0.0,100.0,49.99,0.5,50.01,0.7969
2025-06-19,0.0,0.0,0.0,0.0,0.0,0.0,0.0,0.0,0.0,,,,0.07,,7800.0,,,,,7800.0,0.0,0.07,0.0,0.0,11776.0,108431.05,0.11,0.0,,0.0,,0.0
2025-06-20,0.0,0.0,0.0,0.0,0.0,0.0,0.0,0.0,0.0,,,,,,,,,,,,0.0,,0.0,0.0,11776.0,108549.99,0.11,0.0,,0.0,,0.0
2025-06-23,0.0,0.0,0.0,0.0,0.0,0.0,0.0,0.0,0.0,,,,,,,,,,,,0.0,,0.0,0.0,11776.0,108577.08,0.11,0.0,,0.0,,0.0
2025-06-24,0.0,0.0,0.0,0.0,0.0,0.0,0.0,0.0,0.0,,,,,,,,,,,,0.0,,0.0,0.0,11776.0,108660.68,0.11,0.0,,0.0,,0.0
2025-06-25,0.0,0.0,0.0,0.0,0.0,0.0,0.0,0.0,0.0,,,,,,,,,,,,0.0,,0.0,0.0,11776.0,108608.87,0.11,0.0,,0.0,,0.0
2025-06-26,7400.0,68296.08,1.22,0.01,0.07,34148.04,3700.0,3700.0,34148.04,,,3700.0,,,,,,0.03,3700.0,,0.03,,100.0,23.91,0.0,0.0,0.0,100.0,49.98,0.5,50.02,0.4782
2025-06-27,0.0,0.0,0.0,0.0,0.0,0.0,0.0,0.0,0.0,,,,0.03,,3700.0,,,,,3700.0,0.0,0.03,0.0,0.0,15476.0,142789.31,0.14,0.0,,0.0,,0.0
2025-06-30,16400.0,151390.04,2.72,0.01,0.15,75695.02,8200.0,8200.0,75695.02,,,8200.0,,,,,,0.08,8200.0,,0.08,,100.0,41.05,0.0,0.0,0.0,100.0,49.99,0.5,50.01,0.821
2025-07-01,16400.0,151568.8,2.69,0.01,0.15,75784.4,8200.0,8200.0,75784.4,,,,,,,,,,,,0.08,,100.0,41.05,0.0,0.0,0.0,100.0,49.96,0.5,50.04,0.821
2025-07-02,16400.0,151637.68,2.71,0.01,0.15,75818.84,8200.0,8200.0,75818.84,,,,,,,,,,,,0.08,,100.0,41.05,0.0,0.0,0.0,100.0,49.98,0.5,50.02,0.821
2025-07-03,16400.0,151932.88,2.74,0.01,0.15,75966.44,8200.0,8200.0,75966.44,,,,,,,,,,,,0.08,,100.0,41.05,0.0,0.0,0.0,100.0,49.96,0.5,50.04,0.821
2025-07-04,16400.0,152075.56,2.73,0.01,0.15,76037.78,8200.0,8200.0,76037.78,,,,,,,,,,,,0.08,,100.0,41.05,0.0,0.0,0.0,100.0,49.99,0.5,50.01,0.821
2025-07-07,0.0,0.0,0.0,0.0,0.0,0.0,0.0,0.0,0.0,,,,0.08,,8200.0,,,,,8200.0,0.0,0.08,0.0,0.0,11776.0,109025.74,0.11,0.0,,0.0,,0.0
2025-07-08,0.0,0.0,0.0,0.0,0.0,0.0,0.0,0.0,0.0,,,,,,,,,,,,0.0,,0.0,0.0,11776.0,108975.1,0.11,0.0,,0.0,,0.0
2025-07-09,0.0,0.0,0.0,0.0,0.0,0.0,0.0,0.0,0.0,,,,,,,,,,,,0.0,,0.0,0.0,45545.0,421555.41,0.42,0.0,,0.0,,0.0
2025-07-10,0.0,0.0,0.0,0.0,0.0,0.0,0.0,0.0,0.0,,,,,,,,,,,,0.0,,0.0,0.0,45432.0,420268.72,0.42,0.0,,0.0,,0.0
2025-07-11,0.0,0.0,0.0,0.0,0.0,0.0,0.0,0.0,0.0,,,,,,,,,,,,0.0,,0.0,0.0,45432.0,419723.53,0.42,0.0,,0.0,,0.0
2025-07-14,0.0,0.0,0.0,0.0,0.0,0.0,0.0,0.0,0.0,,,,,,,,,,,,0.0,,0.0,0.0,45432.0,419914.35,0.42,0.0,,0.0,,0.0
2025-07-15,18800.0,173873.68,2.67,0.01,0.17,86936.84,9400.0,9400.0,86936.84,,,9400.0,,,,,,0.09,9400.0,,0.09,,100.0,17.14,0.0,0.0,0.0,100.0,49.98,0.5,50.02,0.3429
2025-07-16,18800.0,173986.48,2.67,0.01,0.17,86993.24,9400.0,9400.0,86993.24,,,,,,,,,,,,0.09,,100.0,17.14,0.0,0.0,0.0,100.0,49.98,0.5,50.02,0.3429
2025-07-17,0.0,0.0,0.0,0.0,0.0,0.0,0.0,0.0,0.0,,,,0.09,,9400.0,,,,,9400.0,0.0,0.09,0.0,0.0,45432.0,420841.16,0.42,0.0,,0.0,,0.0
2025-07-18,0.0,0.0,0.0,0.0,0.0,0.0,0.0,0.0,0.0,,,,,,,,,,,,0.0,,0.0,0.0,45432.0,420609.46,0.42,0.0,,0.0,,0.0
2025-07-21,0.0,0.0,0.0,0.0,0.0,0.0,0.0,0.0,0.0,,,,,,,,,,,,0.0,,0.0,0.0,45432.0,421495.38,0.42,0.0,,0.0,,0.0
2025-07-22,0.0,0.0,0.0,0.0,0.0,0.0,0.0,0.0,0.0,,,,,,,,,,,,0.0,,0.0,0.0,45432.0,421963.33,0.42,0.0,,0.0,,0.0
2025-07-23,4600.0,42733.54,0.65,0.0,0.04,21366.77,2300.0,2300.0,21366.77,,,2300.0,,,,,,0.02,2300.0,,0.02,,100.0,4.82,0.0,0.0,0.0,100.0,49.99,0.5,50.01,0.0964
2025-07-24,18600.0,172291.8,2.81,0.01,0.17,86145.9,9300.0,9300.0,86145.9,7000.0,0.06,,,7000.0,,0.06,7000.0,,,,0.09,,100.0,16.99,0.0,0.0,0.0,100.0,49.94,0.5,50.06,0.3398
2025-07-25,18600.0,172262.04,2.91,0.01,0.17,86131.02,9300.0,9300.0,86131.02,,,,,,,,,,,,0.09,,100.0,16.99,0.0,0.0,0.0,100.0,50.0,0.5,50.0,0.3398
2025-07-28,18600.0,172446.18,2.82,0.01,0.17,86223.09,9300.0,9300.0,86223.09,,,,,,,,,,,,0.09,,100.0,16.99,0.0,0.0,0.0,100.0,50.0,0.5,50.0,0.3398
2025-07-29,18600.0,172511.28,2.82,0.01,0.17,86255.64,9300.0,9300.0,86255.64,,,,,,,,,,,,0.09,,100.0,16.99,0.0,0.0,0.0,100.0,49.99,0.5,50.01,0.3398
2025-07-30,0.0,0.0,0.0,0.0,0.0,0.0,0.0,0.0,0.0,,,,0.09,,9300.0,,,,,9300.0,0.0,0.09,0.0,0.0,45432.0,421109.21,0.42,0.0,,0.0,,0.0
2025-07-31,0.0,0.0,0.0,0.0,0.0,0.0,0.0,0.0,0.0,,,,,,,,,,,,0.0,,0.0,0.0,45432.0,421091.04,0.42,0.0,,0.0,,0.0
2025-08-01,19000.0,176057.8,2.63,0.01,0.18,88028.9,9500.0,9500.0,88028.9,,,9500.0,,,,,,0.09,9500.0,,0.09,,100.0,17.29,0.0,0.0,0.0,100.0,49.98,0.5,50.02,0.3459
2025-08-04,19000.0,176333.3,2.63,0.01,0.18,88166.65,9500.0,9500.0,88166.65,,,,,,,,,,,,0.09,,100.0,17.29,0.0,0.0,0.0,100.0,49.98,0.5,50.02,0.3459
2025-08-05,19000.0,176437.8,2.63,0.01,0.18,88218.9,9500.0,9500.0,88218.9,,,,,,,,,,,,0.09,,100.0,17.29,0.0,0.0,0.0,100.0,49.98,0.5,50.02,0.3459
2025-08-06,0.0,0.0,0.0,0.0,0.0,0.0,0.0,0.0,0.0,,,,0.09,,9500.0,,,,,9500.0,0.0,0.09,0.0,0.0,45432.0,421790.69,0.42,0.0,,0.0,,0.0
2025-08-07,0.0,0.0,0.0,0.0,0.0,0.0,0.0,0.0,0.0,,,,,,,,,,,,0.0,,0.0,0.0,45432.0,421976.96,0.42,0.0,,0.0,,0.0
2025-08-08,0.0,0.0,0.0,0.0,0.0,0.0,0.0,0.0,0.0,,,,,,,,,,,,0.0,,0.0,0.0,45432.0,421454.49,0.42,0.0,,0.0,,0.0
2025-08-11,0.0,0.0,0.0,0.0,0.0,0.0,0.0,0.0,0.0,,,,,,,,,,,,0.0,,0.0,0.0,45432.0,421222.79,0.42,0.0,,0.0,,0.0
2025-08-12,0.0,0.0,0.0,0.0,0.0,0.0,0.0,0.0,0.0,,,,,,,,,,,,0.0,,0.0,0.0,45432.0,421036.52,0.42,0.0,,0.0,,0.0
2025-08-13,82000.0,762034.2,12.39,0.05,0.77,381017.1,41000.0,41000.0,381017.1,,,41000.0,,,,,,0.38,41000.0,,0.38,,100.0,73.96,0.0,0.0,0.0,100.0,37.82,0.408,50.01,1.4793
2025-08-14,10000.0,92867.0,1.43,0.01,0.09,0.0,10000.0,0.0,92867.0,,,,0.29,,31000.0,,,,,41000.0,0.09,0.38,100.0,18.04,0.0,0.0,0.0,100.0,,1.0,100.0,0.1804
2025-08-15,0.0,0.0,0.0,0.0,0.0,0.0,0.0,0.0,0.0,,,,0.09,,10000.0,,,,,,0.0,,0.0,0.0,54932.0,509345.98,0.51,0.0,,0.0,,0.0
2025-08-18,20000.0,185520.0,2.59,0.01,0.19,92760.0,10000.0,10000.0,92760.0,,,10000.0,,,,,,0.09,10000.0,,0.09,,100.0,18.04,0.0,0.0,0.0,100.0,49.98,0.5,50.02,0.3608
2025-08-19,20000.0,185614.0,2.92,0.01,0.19,92807.0,10000.0,10000.0,92807.0,,,,,,,,,,,,0.09,,100.0,18.04,0.0,0.0,0.0,100.0,49.98,0.5,50.02,0.3608
2025-08-20,20000.0,185716.0,3.36,0.01,0.19,92858.0,10000.0,10000.0,92858.0,,,,,,,,,,,,0.09,,100.0,18.04,0.0,0.0,0.0,100.0,49.97,0.5,50.03,0.3608
2025-08-21,20000.0,185450.0,3.36,0.01,0.18,92725.0,10000.0,10000.0,92725.0,,,,,,,,,,,,0.09,,100.0,18.04,0.0,0.0,0.0,100.0,49.96,0.5,50.04,0.3608
2025-08-22,20000.0,185624.0,2.58,0.01,0.19,92812.0,10000.0,10000.0,92812.0,,,,,,,,,,,,0.09,,100.0,18.04,0.0,0.0,0.0,100.0,49.99,0.5,50.01,0.3608
2025-08-25,10000.0,92703.0,1.3,0.01,0.09,92703.0,0.0,10000.0,0.0,,,,0.09,,10000.0,,,,,,0.0,,0.0,0.0,0.0,0.0,0.0,0.0,,1.0,100.0,0.1804
2025-08-26,0.0,0.0,0.0,0.0,0.0,0.0,0.0,0.0,0.0,,,,,,,,,,,10000.0,0.0,0.09,0.0,0.0,45432.0,421636.22,0.42,0.0,,0.0,,0.0
2025-08-27,0.0,0.0,0.0,0.0,0.0,0.0,0.0,0.0,0.0,,,,,,,,,,,,0.0,,0.0,0.0,45432.0,421849.75,0.42,0.0,,0.0,,0.0
2025-08-28,0.0,0.0,0.0,0.0,0.0,0.0,0.0,0.0,0.0,,,,,,,,,,,,0.0,,0.0,0.0,45432.0,421577.16,0.42,0.0,,0.0,,0.0
