,TNO FP Equity_DX_DSS,TNO FP Equity_PX_LAST
2006-08-28,,28.16
2006-08-30,,29.09
2006-08-31,,29.24
2006-09-01,,28.82
2006-09-04,,28.84
2006-09-05,,28.59
2006-09-06,,28.52
2006-09-07,,27.84
2006-09-08,,28.0
2006-09-11,,27.88
2006-09-12,,28.68
2006-09-13,,28.95
2006-09-14,,28.66
2006-09-15,,28.79
2006-09-18,,28.56
2006-09-19,,28.34
2006-09-20,,28.8
2006-09-21,,28.95
2006-09-22,,28.58
2006-09-25,,28.49
2006-09-26,,29.02
2006-09-27,,29.18
2006-09-28,,29.29
2006-09-29,,29.25
2006-10-02,,29.13
2006-10-03,,28.68
2006-10-04,,28.96
2006-10-05,,29.18
2006-10-06,,29.23
2006-10-09,,29.22
2006-10-10,,29.62
2006-10-12,,30.18
2006-10-13,,30.4
2006-10-16,,30.39
2006-10-17,,29.92
2006-10-18,,29.94
2006-10-19,,29.64
2006-10-20,,29.74
2006-10-23,,29.95
2006-10-24,,29.92
2006-10-25,,29.79
2006-10-26,,29.86
2006-10-27,,29.8
2006-10-30,,29.6
2006-11-01,,29.87
2006-11-02,,29.48
2006-11-03,,29.43
2006-11-06,,29.78
2006-11-07,,30.18
2006-11-08,,30.05
2006-11-09,,30.18
2006-11-10,,29.82
2006-11-13,,30.08
2006-11-14,,30.08
2006-11-16,,30.67
2006-11-17,,30.5
2006-11-21,,30.9
2006-11-22,,31.07
2006-11-24,,30.61
2006-11-27,,30.03
2006-11-28,,29.64
2006-11-29,,30.01
2006-12-01,,29.29
2006-12-04,,29.66
2006-12-05,,29.86
2006-12-06,,29.79
2006-12-07,,30.15
2006-12-08,,30.04
2006-12-11,,30.34
2006-12-12,,30.33
2006-12-13,,30.5
2006-12-14,,30.5
2006-12-15,,30.71
2006-12-19,,30.56
2006-12-20,,30.65
2006-12-21,,30.63
2006-12-28,,30.81
2006-12-29,,30.85
2007-01-02,,31.22
2007-01-03,,31.53
2007-01-04,,31.43
2007-01-05,,31.05
2007-01-08,,31.19
2007-01-09,,31.3
2007-01-10,,30.8
2007-01-11,,31.5
2007-01-12,,30.99
2007-01-15,,31.22
2007-01-16,,31.42
2007-01-17,,31.38
2007-01-18,,30.95
2007-01-19,,30.96
2007-01-22,,30.68
2007-01-23,,30.06
2007-01-24,,30.32
2007-01-25,,31.14
2007-01-26,,30.93
2007-01-29,,30.89
2007-01-30,,31.06
2007-01-31,,30.75
2007-02-01,,30.92
2007-02-02,,30.52
2007-02-05,,30.71
2007-02-06,,30.56
2007-02-07,,30.84
2007-02-08,,30.79
2007-02-09,,30.72
2007-02-12,,30.63
2007-02-13,,30.49
2007-02-15,,31.04
2007-02-19,,31.18
2007-02-20,,30.97
2007-02-21,,30.86
2007-02-22,,30.77
2007-02-23,,30.96
2007-02-26,,30.93
2007-02-27,,30.07
2007-02-28,,29.73
2007-03-01,,29.45
2007-03-02,,29.4
2007-03-05,,29.18
2007-03-06,,29.15
2007-03-07,,29.19
2007-03-12,,29.67
2007-03-13,,29.42
2007-03-14,,28.87
2007-03-15,,29.15
2007-03-16,,29.39
2007-03-19,,29.75
2007-03-20,,29.75
2007-03-21,,29.88
2007-03-22,,30.54
2007-03-23,,30.45
2007-03-26,,30.17
2007-03-27,,30.09
2007-03-28,,29.8
2007-03-29,,30.15
2007-03-30,,30.21
2007-04-02,,29.99
2007-04-03,,30.37
2007-04-04,,30.68
2007-04-05,,30.85
2007-04-10,,31.0
2007-04-11,,30.79
2007-04-12,,30.78
2007-04-13,,30.98
2007-04-16,,31.53
2007-04-17,,31.42
2007-04-18,,31.41
2007-04-19,,31.66
2007-04-20,,31.87
2007-04-23,,31.79
2007-04-24,,31.77
2007-04-25,,31.97
2007-04-26,,32.0
2007-04-27,,31.73
2007-04-30,,31.77
2007-05-02,,31.96
2007-05-03,,31.88
2007-05-04,,32.17
2007-05-07,,32.13
2007-05-08,,31.8
2007-05-09,,31.79
2007-05-10,,31.56
2007-05-11,,31.6
2007-05-14,,32.1
2007-05-15,,32.11
2007-05-16,,32.1
2007-05-17,,32.13
2007-05-18,,32.56
2007-05-21,,32.63
2007-05-22,,32.46
2007-05-23,,32.74
2007-05-24,,32.48
2007-05-25,,32.54
2007-05-28,,32.5
2007-05-29,,32.59
2007-05-30,,32.61
2007-05-31,,32.99
2007-06-01,,33.54
2007-06-04,,33.51
2007-06-05,,33.34
2007-06-06,,33.16
2007-06-07,,32.6
2007-06-08,,32.9
2007-06-11,,33.2
2007-06-12,,32.66
2007-06-14,,33.36
2007-06-15,,33.9
2007-06-18,,34.09
2007-06-19,,34.06
2007-06-20,,34.39
2007-06-21,,33.86
2007-06-22,,33.79
2007-06-25,,33.67
2007-06-26,,33.49
2007-06-27,,33.38
2007-06-28,,33.93
2007-06-29,,33.9
2007-07-02,,34.0
2007-07-03,,34.46
2007-07-04,,34.58
2007-07-05,,34.34
2007-07-06,,34.44
2007-07-09,,34.55
2007-07-10,,34.22
2007-07-11,,33.99
2007-07-12,,34.68
2007-07-13,,34.84
2007-07-16,,34.87
2007-07-17,,34.7
2007-07-18,,34.39
2007-07-19,,34.97
2007-07-20,,34.22
2007-07-23,,34.31
2007-07-24,,33.84
2007-07-25,,33.49
2007-07-26,,32.65
2007-07-27,,32.93
2007-07-30,,33.2
2007-07-31,,33.08
2007-08-01,,32.51
2007-08-02,,33.48
2007-08-03,,33.0
2007-08-06,,32.62
2007-08-07,,32.66
2007-08-08,,33.6
2007-08-09,,33.34
2007-08-10,,32.36
2007-08-13,,33.1
2007-08-14,,32.78
2007-08-15,,32.33
2007-08-16,,31.26
2007-08-17,,31.93
2007-08-20,,32.24
2007-08-21,,32.27
2007-08-22,,32.79
2007-08-23,,32.74
2007-08-24,,32.86
2007-08-27,,32.85
2007-08-28,,32.33
2007-08-29,,32.99
2007-08-30,,33.67
2007-08-31,,34.11
2007-09-03,,34.27
2007-09-04,,34.65
2007-09-05,,34.05
2007-09-06,,34.55
2007-09-07,,34.08
2007-09-10,,33.4
2007-09-11,,34.04
2007-09-12,,33.73
2007-09-13,,33.78
2007-09-14,,33.51
2007-09-17,,33.37
2007-09-18,,33.87
2007-09-19,,34.5
2007-09-20,,34.61
2007-09-21,,34.79
2007-09-24,,34.67
2007-09-26,,34.58
2007-09-28,,35.05
2007-10-01,,34.82
2007-10-02,,34.98
2007-10-03,,35.11
2007-10-04,,34.44
2007-10-05,,34.99
2007-10-08,,34.53
2007-10-09,,34.51
2007-10-10,,34.66
2007-10-11,,35.28
2007-10-12,,34.84
2007-10-15,,34.55
2007-10-16,,32.66
2007-10-17,,33.15
2007-10-18,,33.27
2007-10-19,,33.51
2007-10-22,,32.69
2007-10-23,,33.34
2007-10-24,,33.34
2007-10-26,,33.38
2007-10-29,,33.48
2007-10-31,,33.46
2007-11-01,,33.0
2007-11-05,,32.8
2007-11-07,,33.52
2007-11-08,,33.24
2007-11-09,,32.21
2007-11-12,,31.54
2007-11-13,,31.22
2007-11-14,,32.2
2007-11-16,,31.0
2007-11-19,,31.0
2007-11-21,,29.78
2007-11-22,,29.72
2007-11-23,,29.87
2007-11-26,,30.39
2007-11-28,,29.97
2007-11-29,,30.95
2007-11-30,,31.16
2007-12-03,,31.34
2007-12-06,,30.86
2007-12-07,,31.11
2007-12-11,,31.74
2007-12-12,,31.55
2007-12-13,,31.0
2007-12-14,,30.84
2007-12-17,,30.5
2007-12-18,,29.82
2007-12-20,,29.88
2007-12-21,,30.61
2007-12-27,,30.52
2007-12-28,,30.25
2008-01-02,,29.8
2008-01-07,,27.64
2008-01-08,,28.11
2008-01-10,,27.03
2008-01-11,,27.23
2008-01-14,,27.72
2008-01-15,,27.22
2008-01-17,,27.35
2008-01-18,,27.1
2008-01-21,,25.4
2008-01-24,,26.5
2008-01-25,,27.65
2008-01-28,,26.5
2008-01-29,,26.88
2008-01-30,,26.79
2008-01-31,,26.96
2008-02-04,,28.06
2008-02-05,,27.89
2008-02-06,,26.61
2008-02-07,,26.1
2008-02-08,,26.79
2008-02-11,,26.78
2008-02-12,,27.3
2008-02-14,,28.27
2008-02-15,,27.63
2008-02-19,,27.57
2008-02-20,,27.06
2008-02-22,,27.34
2008-02-25,,27.35
2008-02-28,,27.66
2008-02-29,,26.57
2008-03-04,,24.83
2008-03-05,,25.46
2008-03-06,,25.52
2008-03-12,,24.22
2008-03-17,,22.62
2008-03-18,,23.26
2008-03-19,,22.34
2008-03-25,,23.29
2008-03-26,,23.49
2008-03-27,,23.07
2008-03-28,,23.51
2008-03-31,,23.6
2008-04-01,,24.67
2008-04-02,,24.98
2008-04-04,,24.96
2008-04-07,,25.6
2008-04-08,,24.98
2008-04-09,,24.58
2008-04-10,,24.48
2008-04-14,,23.84
2008-04-16,,24.38
2008-04-17,,23.08
2008-04-18,,23.4
2008-04-21,,23.21
2008-04-22,,23.35
2008-04-24,,23.63
2008-04-25,,24.52
2008-04-28,,24.6
2008-04-29,,24.93
2008-04-30,,25.03
2008-05-02,,25.12
2008-05-06,,24.83
2008-05-07,,25.03
2008-05-08,,25.3
2008-05-09,,25.19
2008-05-12,,25.03
2008-05-13,,25.08
2008-05-14,,25.28
2008-05-16,,26.01
2008-05-19,,26.5
2008-05-20,,25.97
2008-05-21,,25.47
2008-05-22,,25.25
2008-05-23,,25.22
2008-05-27,,25.15
2008-05-28,,25.7
2008-05-29,,25.53
2008-05-30,,26.0
2008-06-02,,25.52
2008-06-03,,25.57
2008-06-05,,25.2
2008-06-06,,24.8
2008-06-09,,24.45
2008-06-11,,24.11
2008-06-13,,24.08
2008-06-20,,22.73
2008-06-23,,22.81
2008-06-24,,22.56
2008-06-30,,21.98
2008-07-01,,21.62
2008-07-02,,21.95
2008-07-03,,22.0
2008-07-08,,22.0
2008-07-09,,22.42
2008-07-10,,22.02
2008-07-11,,22.09
2008-07-17,,23.4
2008-07-21,,23.71
2008-07-22,,23.15
2008-07-23,,23.34
2008-07-25,,23.75
2008-07-28,,23.68
2008-07-30,,24.19
2008-07-31,,24.01
2008-08-01,,23.7
2008-08-04,,23.77
2008-08-05,,24.31
2008-08-06,,24.62
2008-08-07,,24.67
2008-08-08,,24.69
2008-08-11,,25.17
2008-08-12,,25.09
2008-08-13,,24.57
2008-08-14,,24.6
2008-08-18,,24.6
2008-08-19,,23.95
2008-08-20,,23.94
2008-08-26,,24.92
2008-08-28,,25.04
2008-09-03,,24.49
2008-09-04,,24.05
2008-09-05,,22.39
2008-09-08,,22.6
2008-09-09,,22.02
2008-09-11,,21.95
2008-09-16,,21.83
2008-09-17,,21.49
2008-09-22,,21.5
2008-09-23,,21.2
2008-09-26,,21.18
2008-09-30,,19.89
2008-10-01,,20.0
2008-10-02,,19.8
2008-10-03,,19.28
2008-10-06,,18.0
2008-10-07,,17.96
2008-10-08,,17.31
2008-10-09,,17.24
2008-10-10,,15.43
2008-10-14,,17.38
2008-10-15,,16.85
2008-10-20,,17.71
2008-10-21,,17.14
2008-10-22,,16.73
2008-10-27,,15.01
2008-10-28,,15.72
2008-10-29,,16.48
2008-11-04,,17.9
2008-11-05,,18.24
2008-11-07,,16.64
2008-11-10,,17.13
2008-11-12,,15.28
2008-11-14,,15.86
2008-11-17,,14.99
2008-11-19,,15.13
2008-11-21,,14.43
2008-11-25,,15.39
2008-11-26,,15.56
2008-12-01,,15.63
2008-12-03,,14.83
2008-12-09,,16.19
2008-12-11,,15.89
2008-12-16,,15.43
2009-01-06,,16.53
2009-01-07,,16.75
2009-01-08,,15.91
2009-01-14,,15.23
2009-01-19,,15.02
2009-01-22,,15.09
2009-01-23,,14.18
2009-01-26,,14.5
2009-01-27,,14.93
2009-02-04,,15.59
2009-02-06,,16.43
2009-02-09,,16.37
2009-02-10,,15.94
2009-02-11,,15.56
2009-02-12,,15.38
2009-02-24,,13.76
2009-02-26,,13.86
2009-03-06,,13.15
2009-03-09,,12.73
2009-03-17,,14.7
2009-03-18,,15.0
2009-03-19,,14.85
2009-03-20,,14.4
2009-03-23,,14.22
2009-03-24,,14.61
2009-04-02,,15.59
2009-04-03,,15.79
2009-04-07,,15.54
2009-04-08,,15.81
2009-04-16,,16.2
2009-04-17,,17.5
2009-04-20,,16.95
2009-04-21,,17.18
2009-04-23,,17.31
2009-04-24,,17.3
2009-04-27,,17.29
2009-04-28,,16.9
2009-04-29,,17.2
2009-04-30,,17.38
2009-05-04,,17.57
2009-05-05,,17.45
2009-05-06,,17.83
2009-05-07,,17.33
2009-05-08,,17.42
2009-05-11,,16.88
2009-05-12,,16.8
2009-05-13,,16.5
2009-05-14,,16.44
2009-05-18,,17.3
2009-05-19,,17.8
2009-05-20,,17.77
2009-05-21,,17.58
2009-05-22,,17.27
2009-05-25,,17.4
2009-05-26,,17.4
2009-05-27,,17.65
2009-05-29,,17.66
2009-06-01,,17.94
2009-06-02,,18.2
2009-06-03,,17.48
2009-06-04,,17.53
2009-06-05,,17.74
2009-06-09,,17.89
2009-06-10,,18.04
2009-06-11,,18.05
2009-06-12,,17.84
2009-06-15,,17.42
2009-06-16,,17.54
2009-06-17,,17.32
2009-06-18,,17.43
2009-06-19,,17.43
2009-06-22,,16.94
2009-06-23,,16.78
2009-06-24,,17.33
2009-06-25,,17.15
2009-06-26,,17.31
2009-06-29,,17.49
2009-06-30,,17.33
2009-07-01,,17.61
2009-07-02,,17.21
2009-07-03,,17.11
2009-07-06,,16.99
2009-07-07,,16.91
2009-07-08,,16.79
2009-07-09,,16.9
2009-07-10,,16.81
2009-07-13,,17.25
2009-07-14,,17.23
2009-07-15,,17.99
2009-07-16,,17.13
2009-07-17,,17.22
2009-07-20,,17.25
2009-07-21,,17.29
2009-07-22,,17.43
2009-07-23,,17.67
2009-07-24,,17.29
2009-07-27,,17.2
2009-07-28,,17.08
2009-07-29,,17.34
2009-07-30,,17.8
2009-07-31,,17.9
2009-08-03,,18.04
2009-08-04,,18.11
2009-08-05,,17.8
2009-08-06,,17.86
2009-08-07,,18.15
2009-08-10,,18.06
2009-08-11,,17.77
2009-08-12,,17.97
2009-08-13,,18.06
2009-08-14,,17.9
2009-08-17,,17.63
2009-08-18,,17.74
2009-08-19,,17.49
2009-08-20,,17.78
2009-08-21,,18.0
2009-08-24,,18.04
2009-08-25,,18.05
2009-08-26,,18.25
2009-08-27,,18.41
2009-08-28,,18.8
2009-08-31,,18.72
2009-09-01,,18.44
2009-09-02,,18.27
2009-09-03,,18.52
2009-09-04,,18.81
2009-09-07,,19.16
2009-09-08,,19.25
2009-09-09,,19.53
2009-09-10,,19.67
2009-09-11,,19.71
2009-09-14,,19.36
2009-09-15,,19.56
2009-09-16,,19.69
2009-09-17,,19.59
2009-09-18,,19.48
2009-09-21,,19.56
2009-09-22,,19.67
2009-09-23,,19.69
2009-09-24,,19.14
2009-09-25,,19.08
2009-09-28,,19.37
2009-09-29,,19.13
2009-09-30,,19.08
2009-10-01,,18.85
2009-10-02,,18.49
2009-10-05,0.0,18.64
2009-10-06,0.0,18.98
2009-10-07,0.0,18.95
2009-10-08,0.0,19.21
2009-10-09,,19.25
2009-10-12,,19.64
2009-10-13,,19.45
2009-10-14,,19.79
2009-10-15,,19.06
2009-10-16,,18.95
2009-10-19,,19.21
2009-10-20,,18.89
2009-10-21,,18.86
2009-10-22,,18.47
2009-10-23,,18.6
2009-10-26,,18.36
2009-10-27,,18.35
2009-10-28,,17.8
2009-10-29,,18.03
2009-10-30,,17.61
2009-11-02,,17.78
2009-11-03,,17.62
2009-11-04,0.0,17.97
2009-11-05,0.0,17.85
2009-11-06,0.0,17.84
2009-11-09,0.0,18.17
2009-11-10,0.0,17.95
2009-11-11,0.0,18.27
2009-11-12,0.0,18.26
2009-11-13,0.0,18.38
2009-11-16,,18.63
2009-11-17,,18.61
2009-11-18,,18.64
2009-11-19,0.0,18.09
2009-11-20,0.0,17.91
2009-11-23,0.0,18.15
2009-11-24,0.0,17.98
2009-11-25,0.0,18.02
2009-11-26,0.0,17.51
2009-11-27,0.0,17.83
2009-11-30,0.0,17.57
2009-12-01,0.0,17.87
2009-12-02,0.0,17.73
2009-12-03,0.0,17.58
2009-12-04,0.0,17.69
2009-12-07,0.0,17.66
2009-12-08,0.0,17.66
2009-12-09,0.0,17.45
2009-12-10,0.0,17.59
2009-12-11,0.0,17.73
2009-12-14,0.0,17.89
2009-12-15,0.0,17.84
2009-12-16,0.0,18.09
2009-12-17,0.0,17.89
2009-12-18,0.0,17.96
2009-12-21,0.0,18.17
2009-12-22,0.0,18.33
2009-12-23,0.0,18.33
2009-12-24,0.0,
2009-12-25,0.0,
2009-12-28,0.0,18.34
2009-12-29,0.0,18.39
2009-12-30,0.0,18.44
2009-12-31,1.0,
2010-01-01,1.0,
2010-01-04,1.0,18.86
2010-01-05,1.0,18.88
2010-01-06,1.0,19.1
2010-01-07,1.0,19.29
2010-01-08,1.0,19.23
2010-01-11,1.0,19.07
2010-01-12,1.0,18.91
2010-01-13,1.0,19.1
2010-01-14,0.0,19.43
2010-01-15,1.0,19.19
2010-01-18,1.0,19.23
2010-01-19,1.0,19.28
2010-01-20,1.0,19.22
2010-01-21,1.0,19.09
2010-01-22,1.0,18.98
2010-01-25,1.0,18.71
2010-01-26,1.0,18.86
2010-01-27,1.0,18.78
2010-01-28,1.0,19.1
2010-01-29,1.0,19.47
2010-02-01,1.0,19.65
2010-02-02,0.0,19.88
2010-02-03,1.0,19.89
2010-02-04,1.0,19.53
2010-02-05,1.0,19.11
2010-02-08,1.0,19.02
2010-02-09,1.0,18.97
2010-02-10,1.0,18.87
2010-02-11,1.0,18.78
2010-02-12,1.0,18.79
2010-02-15,1.0,18.58
2010-02-16,1.0,18.97
2010-02-17,1.0,19.33
2010-02-18,1.0,19.33
2010-02-19,1.0,19.42
2010-02-22,1.0,19.49
2010-02-23,1.0,19.26
2010-02-24,1.0,19.37
2010-02-25,1.0,19.04
2010-02-26,1.0,19.36
2010-03-01,0.0,19.58
2010-03-02,0.0,19.84
2010-03-03,1.0,20.03
2010-03-04,1.0,20.05
2010-03-05,1.0,20.37
2010-03-08,1.0,20.44
2010-03-09,1.0,20.43
2010-03-10,1.0,20.76
2010-03-11,1.0,20.6
2010-03-12,1.0,20.79
2010-03-15,1.0,20.69
2010-03-16,1.0,20.92
2010-03-17,0.0,21.19
2010-03-18,0.0,21.0
2010-03-19,0.0,20.95
2010-03-22,0.0,21.09
2010-03-23,0.0,21.24
2010-03-24,0.0,21.35
2010-03-25,1.0,21.61
2010-03-26,1.0,21.43
2010-03-29,1.0,21.47
2010-03-30,1.0,21.39
2010-03-31,0.0,21.54
2010-04-01,0.0,21.9
2010-04-02,0.0,
2010-04-05,0.0,
2010-04-06,0.0,21.94
2010-04-07,0.0,21.86
2010-04-08,0.0,21.65
2010-04-09,0.0,21.7
2010-04-12,0.0,21.61
2010-04-13,0.0,21.51
2010-04-14,0.0,21.91
2010-04-15,0.0,22.2
2010-04-16,0.0,21.62
2010-04-19,0.0,21.785
2010-04-20,0.0,22.11
2010-04-21,1.0,22.25
2010-04-22,1.0,21.38
2010-04-23,1.0,21.77
2010-04-26,1.0,21.785
2010-04-27,1.0,21.5
2010-04-28,1.0,20.67
2010-04-29,1.0,20.9
2010-04-30,1.0,20.85
2010-05-03,1.0,21.06
2010-05-04,1.0,20.53
2010-05-05,1.0,20.415
2010-05-06,1.0,20.17
2010-05-07,1.0,19.32
2010-05-10,1.0,20.38
2010-05-11,1.0,20.36
2010-05-12,1.0,20.79
2010-05-13,1.0,20.615
2010-05-14,1.0,20.065
2010-05-17,1.0,20.14
2010-05-18,1.0,20.31
2010-05-19,1.0,19.71
2010-05-20,1.0,19.26
2010-05-21,1.0,19.275
2010-05-24,1.0,19.44
2010-05-25,1.0,18.85
2010-05-26,,19.375
2010-05-27,,19.7
2010-05-28,,19.655
2010-05-31,,19.83
2010-06-01,,19.925
2010-06-02,,20.02
2010-06-03,,20.435
2010-06-04,,20.145
2010-06-07,,19.88
2010-06-08,,19.73
2010-06-09,,20.11
2010-06-10,,20.375
2010-06-11,,20.38
2010-06-14,,20.54
2010-06-15,,20.85
2010-06-16,,20.515
2010-06-17,,20.55
2010-06-18,,20.66
2010-06-21,,20.65
2010-06-22,,20.54
2010-06-23,,20.45
2010-06-24,,20.0
2010-06-25,,19.9
2010-06-28,,20.115
2010-06-29,,19.625
2010-06-30,,19.66
2010-07-01,,19.195
2010-07-02,,19.145
2010-07-05,,19.055
2010-07-06,,19.43
2010-07-07,,19.635
2010-07-08,,19.63
2010-07-09,,19.73
2010-07-12,,19.775
2010-07-13,,20.14
2010-07-14,,20.41
2010-07-15,,20.205
2010-07-16,,19.915
2010-07-19,,19.86
2010-07-20,,19.76
2010-07-21,,19.93
2010-07-22,,20.28
2010-07-23,,20.165
2010-07-26,,20.13
2010-07-27,,19.93
2010-07-28,,19.705
2010-07-29,,19.635
2010-07-30,,19.66
2010-08-02,,20.025
2010-08-03,,19.89
2010-08-04,,19.87
2010-08-05,,19.88
2010-08-06,,19.56
2010-08-09,,19.87
2010-08-10,,19.655
2010-08-11,,19.09
2010-08-12,,19.06
2010-08-13,,19.045
2010-08-16,,19.075
2010-08-17,,19.335
2010-08-18,,19.275
2010-08-19,,19.23
2010-08-20,,19.11
2010-08-23,,19.13
2010-08-24,,18.775
2010-08-25,,18.585
2010-08-26,,18.77
2010-08-27,,18.63
2010-08-30,,18.59
2010-08-31,,18.525
2010-09-01,,19.1
2010-09-02,,19.2
2010-09-03,,19.39
2010-09-06,,19.485
2010-09-07,,19.45
2010-09-08,,19.78
2010-09-09,,20.14
2010-09-10,,20.07
2010-09-13,,19.925
2010-09-14,,19.87
2010-09-15,,19.8
2010-09-16,,19.715
2010-09-17,,19.755
2010-09-20,,20.075
2010-09-21,,19.86
2010-09-22,,19.545
2010-09-23,,19.6
2010-09-24,,19.805
2010-09-27,,19.735
2010-09-28,,19.73
2010-09-29,,19.715
2010-09-30,,19.72
2010-10-01,,19.87
2010-10-04,,19.58
2010-10-05,,19.87
2010-10-06,,19.615
2010-10-07,,19.665
2010-10-08,,19.66
2010-10-11,,19.795
2010-10-12,,19.91
2010-10-13,,20.32
2010-10-14,,20.185
2010-10-15,,20.18
2010-10-18,,20.265
2010-10-19,,19.99
2010-10-20,,20.05
2010-10-21,,20.27
2010-10-22,,20.435
2010-10-25,,20.46
2010-10-26,,20.41
2010-10-27,,20.18
2010-10-28,,20.225
2010-10-29,,20.185
2010-11-01,,20.135
2010-11-02,,20.18
2010-11-03,,19.915
2010-11-04,,19.98
2010-11-05,,20.075
2010-11-08,,20.085
2010-11-09,,20.32
2010-11-10,,20.19
2010-11-11,,19.97
2010-11-12,,19.835
2010-11-15,,19.935
2010-11-16,,19.675
2010-11-17,,19.845
2010-11-18,,20.08
2010-11-19,,20.065
2010-11-22,,19.955
2010-11-23,,19.8
2010-11-24,,19.98
2010-11-25,,20.22
2010-11-26,,20.205
2010-11-29,,19.87
2010-11-30,,19.905
2010-12-01,,20.325
2010-12-02,,20.47
2010-12-03,,20.715
2010-12-06,,20.705
2010-12-07,,20.87
2010-12-08,,20.835
2010-12-09,,20.875
2010-12-10,,20.955
2010-12-13,,20.97
2010-12-14,,20.98
2010-12-15,,20.96
2010-12-16,,21.18
2010-12-17,,21.42
2010-12-20,,21.45
2010-12-21,,21.765
2010-12-22,,21.845
2010-12-23,,21.765
2010-12-27,,21.605
2010-12-28,,21.73
2010-12-29,,21.82
2010-12-30,,21.69
2011-01-03,,21.92
2011-01-04,,21.76
2011-01-05,,21.9
2011-01-06,,21.985
2011-01-07,,21.95
2011-01-10,,21.66
2011-01-11,,22.225
2011-01-12,,22.525
2011-01-13,,22.53
2011-01-14,,22.715
2011-01-17,,22.7
2011-01-18,,22.74
2011-01-19,,22.275
2011-01-20,,22.05
2011-01-21,,22.3
2011-01-24,,22.18
2011-01-25,,22.29
2011-01-26,,22.765
2011-01-27,,22.98
2011-01-28,,22.89
2011-01-31,,22.92
2011-02-01,,23.365
2011-02-02,,23.62
2011-02-03,,23.545
2011-02-04,,23.705
2011-02-07,,24.155
2011-02-08,,23.94
2011-02-09,,23.92
2011-02-10,,23.98
2011-02-11,,23.735
2011-02-14,,23.84
2011-02-15,,23.61
2011-02-16,,23.79
2011-02-17,,23.88
2011-02-18,,23.805
2011-02-21,,23.375
2011-02-22,,23.305
2011-02-23,,22.86
2011-02-24,,22.765
2011-02-25,,23.12
2011-02-28,,23.4
2011-03-01,,23.29
2011-03-02,,23.19
2011-03-03,,23.5
2011-03-04,,23.335
2011-03-07,,23.275
2011-03-08,,23.23
2011-03-09,,22.945
2011-03-10,,22.645
2011-03-11,,22.375
2011-03-14,,22.11
2011-03-15,,21.475
2011-03-16,,21.13
2011-03-17,,21.445
2011-03-18,,21.55
2011-03-21,,21.91
2011-03-22,,21.88
2011-03-23,,21.98
2011-03-24,,22.345
2011-03-25,,22.53
2011-03-28,,22.77
2011-03-29,,22.79
2011-03-30,,22.895
2011-03-31,,22.76
2011-04-01,,22.88
2011-04-04,,22.89
2011-04-05,,23.17
2011-04-06,,22.98
2011-04-07,,22.905
2011-04-08,,22.9
2011-04-11,,22.91
2011-04-12,,22.24
2011-04-13,,22.49
2011-04-14,,22.38
2011-04-15,,22.445
2011-04-18,,22.1
2011-04-19,,22.08
2011-04-20,,22.665
2011-04-21,,22.9
2011-04-26,,23.14
2011-04-27,,23.565
2011-04-28,,23.385
2011-04-29,,23.37
2011-05-02,,23.51
2011-05-03,,23.33
2011-05-04,,23.0
2011-05-05,,23.12
2011-05-06,,23.435
2011-05-09,,23.585
2011-05-10,,23.955
2011-05-11,,23.96
2011-05-12,,23.87
2011-05-13,,23.75
2011-05-16,,23.855
2011-05-17,,23.275
2011-05-18,,23.45
2011-05-19,,23.505
2011-05-20,,23.505
2011-05-23,,22.955
2011-05-24,,22.88
2011-05-25,,23.035
2011-05-26,,22.9
2011-05-27,,23.02
2011-05-30,,23.07
2011-05-31,,22.695
2011-06-01,,22.66
2011-06-02,,22.25
2011-06-03,,22.225
2011-06-06,,22.11
2011-06-07,,22.045
2011-06-08,,21.65
2011-06-09,,21.83
2011-06-10,,21.53
2011-06-13,,21.515
2011-06-14,,21.88
2011-06-15,,21.62
2011-06-16,,21.36
2011-06-17,,21.37
2011-06-20,,21.165
2011-06-21,,21.62
2011-06-22,,21.445
2011-06-23,,21.015
2011-06-24,,21.135
2011-06-27,,21.255
2011-06-28,,21.315
2011-06-29,,21.72
2011-06-30,,21.92
2011-07-01,,21.975
2011-07-04,,22.2
2011-07-05,,22.1
2011-07-06,,21.74
2011-07-07,,22.26
2011-07-08,,21.83
2011-07-11,,21.59
2011-07-12,,21.215
2011-07-13,,21.14
2011-07-14,,20.61
2011-07-15,,20.43
2011-07-18,,20.075
2011-07-19,,20.62
2011-07-20,,20.79
2011-07-21,,20.615
2011-07-22,,20.765
2011-07-25,,20.705
2011-07-26,,20.755
2011-07-27,,20.745
2011-07-28,,20.385
2011-07-29,,20.195
2011-08-01,,19.85
2011-08-02,,19.48
2011-08-03,,18.985
2011-08-04,,18.19
2011-08-05,,18.075
2011-08-08,,17.065
2011-08-09,,17.55
2011-08-10,,16.965
2011-08-11,,17.65
2011-08-12,,18.23
2011-08-15,,18.185
2011-08-16,,18.205
2011-08-17,,17.88
2011-08-18,,16.76
2011-08-19,,17.255
2011-08-22,,17.295
2011-08-23,,17.635
2011-08-24,,17.985
2011-08-25,,17.8
2011-08-26,,17.84
2011-08-29,,18.3
2011-08-30,,18.375
2011-08-31,,18.835
2011-09-01,,18.98
2011-09-02,,18.495
2011-09-05,,17.65
2011-09-06,,17.765
2011-09-07,,18.47
2011-09-08,,18.72
2011-09-09,,18.245
2011-09-12,,17.9
2011-09-13,,17.99
2011-09-14,,18.315
2011-09-15,,18.64
2011-09-16,,18.63
2011-09-19,,18.34
2011-09-20,,18.665
2011-09-21,,18.47
2011-09-22,,17.6
2011-09-23,,17.58
2011-09-26,,17.81
2011-09-27,,18.685
2011-09-28,,18.51
2011-09-29,,18.43
2011-09-30,,18.155
2011-10-03,,17.79
2011-10-04,,17.24
2011-10-05,,17.89
2011-10-06,,18.43
2011-10-07,,18.53
2011-10-10,,18.95
2011-10-11,,18.89
2011-10-12,,19.245
2011-10-13,,19.11
2011-10-14,,19.45
2011-10-17,,19.195
2011-10-18,,19.21
2011-10-19,,19.05
2011-10-20,,19.19
2011-10-21,,19.335
2011-10-24,,19.7
2011-10-25,,19.675
2011-10-26,,19.74
2011-10-27,,20.345
2011-10-28,,20.36
2011-10-31,,20.01
2011-11-01,,19.325
2011-11-02,,19.695
2011-11-03,,20.255
2011-11-04,,20.17
2011-11-07,,19.94
2011-11-08,,20.16
2011-11-09,,19.775
2011-11-10,,19.62
2011-11-11,,20.06
2011-11-14,,19.865
2011-11-15,,19.765
2011-11-16,,19.78
2011-11-17,,19.545
2011-11-18,,19.27
2011-11-21,,18.72
2011-11-22,,18.3
2011-11-23,,18.03
2011-11-24,,18.055
2011-11-25,,18.085
2011-11-28,,18.7
2011-11-29,,18.805
2011-11-30,,19.465
2011-12-01,,19.365
2011-12-02,,19.485
2011-12-05,,19.36
2011-12-06,,19.33
2011-12-07,,19.225
2011-12-08,,18.94
2011-12-09,,18.985
2011-12-12,,18.585
2011-12-13,,18.79
2011-12-14,,18.435
2011-12-15,,18.63
2011-12-16,,18.25
2011-12-19,,18.215
2011-12-20,,18.67
2011-12-21,,18.185
2011-12-22,,18.475
2011-12-23,,18.565
2011-12-27,,18.585
2011-12-28,,18.485
2011-12-29,,18.68
2011-12-30,,18.835
2012-01-02,,19.065
2012-01-03,,19.385
2012-01-04,,19.13
2012-01-05,,19.24
2012-01-06,,19.31
2012-01-09,,19.375
2012-01-10,,19.445
2012-01-11,,19.355
2012-01-12,,19.22
2012-01-13,,19.31
2012-01-16,,19.71
2012-01-17,,19.775
2012-01-18,,19.975
2012-01-19,,20.11
2012-01-20,,20.075
2012-01-23,,20.23
2012-01-24,,19.92
2012-01-25,,19.47
2012-01-26,,19.81
2012-01-27,,19.695
2012-01-30,,19.54
2012-01-31,,19.735
2012-02-01,,20.065
2012-02-02,,20.0
2012-02-03,,20.455
2012-02-06,,20.37
2012-02-07,,20.345
2012-02-08,,20.255
2012-02-09,,20.2
2012-02-10,,20.29
2012-02-13,,20.31
2012-02-14,,20.445
2012-02-15,,20.68
2012-02-16,,20.76
2012-02-17,,21.045
2012-02-20,,21.325
2012-02-21,,21.255
2012-02-22,,21.025
2012-02-23,,21.025
2012-02-24,,21.335
2012-02-27,,21.05
2012-02-28,,21.245
2012-02-29,,21.14
2012-03-01,,21.045
2012-03-02,,21.135
2012-03-05,,20.975
2012-03-06,,20.445
2012-03-07,,20.675
2012-03-08,,21.05
2012-03-09,,21.26
2012-03-12,,21.235
2012-03-13,,21.59
2012-03-14,,21.6
2012-03-15,,21.885
2012-03-16,,21.97
2012-03-19,,22.03
2012-03-20,,21.815
2012-03-21,,21.79
2012-03-22,,21.6
2012-03-23,,21.57
2012-03-26,,21.79
2012-03-27,,21.835
2012-03-28,,21.88
2012-03-29,,21.57
2012-03-30,,21.76
2012-04-02,,22.095
2012-04-03,,21.92
2012-04-04,,21.195
2012-04-05,,21.18
2012-04-10,,20.735
2012-04-11,,20.535
2012-04-12,,20.69
2012-04-13,,20.415
2012-04-16,,20.26
2012-04-17,,20.49
2012-04-18,,20.46
2012-04-19,,20.375
2012-04-20,,20.24
2012-04-23,,19.615
2012-04-24,,19.735
2012-04-25,,20.09
2012-04-26,,20.275
2012-04-27,,20.405
2012-04-30,,20.325
2012-05-02,,20.19
2012-05-03,,20.095
2012-05-04,,19.56
2012-05-07,,19.71
2012-05-08,,19.3
2012-05-09,,19.345
2012-05-10,,19.545
2012-05-11,,19.745
2012-05-14,,19.36
2012-05-15,,19.19
2012-05-16,,19.1
2012-05-17,,18.82
2012-05-18,,18.58
2012-05-21,,18.835
2012-05-22,,19.185
2012-05-23,,18.84
2012-05-24,,19.03
2012-05-25,,18.92
2012-05-28,,19.16
2012-05-29,,19.48
2012-05-30,,19.115
2012-05-31,,19.18
2012-06-01,,18.66
2012-06-04,,18.395
2012-06-05,,18.595
2012-06-06,,19.055
2012-06-07,,19.225
2012-06-08,,19.29
2012-06-11,,19.325
2012-06-12,,19.35
2012-06-13,,19.315
2012-06-14,,18.85
2012-06-15,,19.095
2012-06-18,,19.29
2012-06-19,,19.635
2012-06-20,,19.85
2012-06-21,,19.66
2012-06-22,,19.375
2012-06-25,,18.95
2012-06-26,,18.71
2012-06-27,,18.955
2012-06-28,,18.75
2012-06-29,,19.3
2012-07-02,,19.625
2012-07-03,,19.82
2012-07-04,,19.785
2012-07-05,,19.77
2012-07-06,,19.2
2012-07-09,,18.955
2012-07-10,,19.265
2012-07-11,,19.295
2012-07-12,,19.205
2012-07-13,,19.465
2012-07-16,,19.45
2012-07-17,,19.19
2012-07-18,,19.735
2012-07-19,,20.22
2012-07-20,,20.04
2012-07-23,,19.585
2012-07-24,,19.87
2012-07-25,,19.99
2012-07-26,,20.45
2012-07-27,,20.76
2012-07-30,,20.995
2012-07-31,,21.0
2012-08-01,,21.06
2012-08-02,,20.74
2012-08-03,,21.205
2012-08-06,,21.17
2012-08-07,,21.3
2012-08-08,,21.34
2012-08-09,,21.52
2012-08-10,,21.47
2012-08-13,,21.25
2012-08-14,,21.31
2012-08-15,,21.385
2012-08-16,,21.435
2012-08-17,,21.695
2012-08-20,,21.64
2012-08-21,,21.705
2012-08-22,,21.39
2012-08-23,,21.33
2012-08-24,,21.335
2012-08-27,,21.615
2012-08-28,,21.135
2012-08-29,,21.17
2012-08-30,,20.92
2012-08-31,,21.11
2012-09-03,,21.23
2012-09-04,,20.87
2012-09-05,,20.78
2012-09-06,,21.05
2012-09-07,,21.075
2012-09-10,,21.03
2012-09-11,,21.155
2012-09-12,,21.37
2012-09-13,,21.36
2012-09-14,,21.705
2012-09-17,,21.645
2012-09-18,,21.605
2012-09-19,,21.57
2012-09-20,,21.57
2012-09-21,,21.57
2012-09-24,,21.38
2012-09-25,,21.475
2012-09-26,,20.89
2012-09-27,,21.11
2012-09-28,,21.025
2012-10-01,,21.19
2012-10-02,,21.03
2012-10-03,,21.03
2012-10-04,,20.93
2012-10-05,,21.145
2012-10-08,,20.99
2012-10-09,,20.905
2012-10-10,,20.495
2012-10-11,,20.51
2012-10-12,,20.555
2012-10-15,,20.565
2012-10-16,,20.965
2012-10-17,,20.795
2012-10-18,,20.97
2012-10-19,,20.825
2012-10-22,,20.75
2012-10-23,,20.585
2012-10-24,,21.045
2012-10-25,,21.12
2012-10-26,,20.99
2012-10-29,,21.04
2012-10-30,,21.35
2012-10-31,,21.19
2012-11-01,,21.585
2012-11-02,,21.745
2012-11-05,,21.625
2012-11-06,,21.81
2012-11-07,,21.395
2012-11-08,,21.45
2012-11-09,,21.425
2012-11-12,,21.34
2012-11-13,,21.445
2012-11-14,,21.465
2012-11-15,,21.155
2012-11-16,,21.065
2012-11-19,,21.66
2012-11-20,,21.73
2012-11-21,,22.0
2012-11-22,,22.19
2012-11-23,,22.505
2012-11-26,,22.47
2012-11-27,,22.53
2012-11-28,,22.59
2012-11-29,,22.925
2012-11-30,,22.905
2012-12-03,,23.05
2012-12-04,,22.91
2012-12-05,,22.98
2012-12-06,,23.23
2012-12-07,,23.35
2012-12-10,1.0,23.41
2012-12-11,1.0,23.55
2012-12-12,,23.4
2012-12-13,,23.235
2012-12-14,,23.29
2012-12-17,,23.35
2012-12-18,,23.575
2012-12-19,,23.77
2012-12-20,,23.7
2012-12-21,,23.445
2012-12-27,,23.415
2012-12-28,,23.33
2013-01-02,,24.08
2013-01-03,,24.28
2013-01-04,,24.2
2013-01-07,,24.16
2013-01-08,,23.82
2013-01-09,,23.965
2013-01-10,,24.27
2013-01-11,,24.425
2013-01-14,,24.39
2013-01-15,,23.88
2013-01-16,,24.03
2013-01-17,,24.175
2013-01-18,,24.165
2013-01-21,,24.25
2013-01-22,,24.205
2013-01-23,,24.49
2013-01-24,,24.42
2013-01-25,,24.615
2013-01-28,,24.695
2013-01-29,,24.645
2013-01-30,,24.48
2013-01-31,,24.62
2013-02-01,,25.12
2013-02-04,,24.965
2013-02-05,,25.0
2013-02-06,,24.95
2013-02-07,,24.945
2013-02-08,,25.085
2013-02-11,,24.92
2013-02-12,,25.14
2013-02-13,,25.21
2013-02-14,,25.165
2013-02-15,,25.2
2013-02-18,,24.975
2013-02-19,,25.265
2013-02-20,,25.295
2013-02-21,,24.88
2013-02-22,,25.04
2013-02-25,,25.21
2013-02-26,,24.93
2013-02-27,,25.21
2013-02-28,,25.21
2013-03-01,,25.28
2013-03-04,,25.33
2013-03-05,,25.96
2013-03-06,,25.95
2013-03-07,,25.98
2013-03-08,,25.94
2013-03-11,,25.9
2013-03-12,,25.87
2013-03-13,,25.875
2013-03-14,,26.125
2013-03-15,,26.035
2013-03-18,,25.93
2013-03-19,,25.81
2013-03-20,,25.855
2013-03-21,,25.435
2013-03-22,,25.27
2013-03-25,,25.335
2013-03-26,,25.31
2013-03-27,,25.19
2013-03-28,,25.375
2013-04-02,,25.38
2013-04-03,,25.31
2013-04-04,,24.86
2013-04-05,,24.43
2013-04-08,,24.44
2013-04-09,,24.36
2013-04-10,,24.75
2013-04-11,,24.985
2013-04-12,,24.695
2013-04-15,,24.515
2013-04-16,,24.42
2013-04-17,,24.275
2013-04-18,,24.305
2013-04-19,,24.075
2013-04-22,,23.91
2013-04-23,,24.565
2013-04-24,,25.065
2013-04-25,,25.47
2013-04-26,,25.3
2013-04-29,,25.39
2013-04-30,,25.46
2013-05-02,,25.66
2013-05-03,,26.005
2013-05-06,,26.065
2013-05-07,,26.275
2013-05-08,,26.505
2013-05-09,,26.575
2013-05-10,,26.715
2013-05-13,,26.725
2013-05-14,,26.745
2013-05-15,,27.03
2013-05-16,,26.85
2013-05-17,,26.79
2013-05-20,,26.925
2013-05-21,,26.755
2013-05-22,,26.725
2013-05-23,,26.12
2013-05-24,,25.815
2013-05-27,,26.21
2013-05-28,,26.585
2013-05-29,,26.14
2013-05-30,,26.22
2013-05-31,,25.995
2013-06-03,,25.705
2013-06-04,,25.855
2013-06-05,,25.435
2013-06-06,,25.37
2013-06-07,,25.535
2013-06-10,,25.63
2013-06-11,,25.42
2013-06-12,,25.205
2013-06-13,,25.22
2013-06-14,,25.395
2013-06-17,,25.555
2013-06-18,,25.575
2013-06-19,,25.735
2013-06-20,,25.15
2013-06-21,,24.665
2013-06-24,,24.17
2013-06-25,,24.445
2013-06-26,,25.12
2013-06-27,,25.47
2013-06-28,,25.085
2013-07-01,,25.185
2013-07-02,,25.195
2013-07-03,,25.2
2013-07-04,,25.77
2013-07-05,,25.405
2013-07-08,,25.88
2013-07-09,,26.09
2013-07-10,,26.05
2013-07-11,,26.325
2013-07-12,,26.705
2013-07-15,,26.81
2013-07-16,,26.705
2013-07-17,,26.83
2013-07-18,,26.625
2013-07-19,,26.435
2013-07-22,,26.33
2013-07-23,,26.165
2013-07-24,,26.28
2013-07-25,,26.22
2013-07-26,,26.075
2013-07-29,,26.09
2013-07-30,,26.21
2013-07-31,,26.185
2013-08-01,,26.445
2013-08-02,,26.515
2013-08-05,,26.68
2013-08-06,,26.83
2013-08-07,,26.685
2013-08-08,,26.705
2013-08-09,,26.78
2013-08-12,,26.77
2013-08-13,,26.955
2013-08-14,,27.35
2013-08-15,,27.015
2013-08-16,,27.015
2013-08-19,,27.01
2013-08-20,,26.71
2013-08-21,,26.565
2013-08-22,,26.87
2013-08-23,,26.96
2013-08-26,,27.055
2013-08-27,,26.435
2013-08-28,,26.35
2013-08-29,,26.535
2013-08-30,,26.305
2013-09-02,,26.64
2013-09-03,,27.215
2013-09-04,,27.195
2013-09-05,,27.32
2013-09-06,,27.51
2013-09-09,,27.675
2013-09-10,,28.025
2013-09-11,,28.07
2013-09-12,,28.58
2013-09-13,,28.485
2013-09-16,,28.775
2013-09-17,,28.535
2013-09-18,,28.855
2013-09-19,,28.915
2013-09-20,,28.94
2013-09-23,,28.685
2013-09-24,,28.895
2013-09-25,,28.87
2013-09-26,,28.815
2013-09-27,,28.815
2013-09-30,,28.555
2013-10-01,,28.95
2013-10-02,,28.815
2013-10-03,,28.72
2013-10-04,,28.545
2013-10-07,,28.24
2013-10-08,,28.09
2013-10-09,,27.53
2013-10-10,,28.255
2013-10-11,,28.32
2013-10-14,,28.095
2013-10-15,,28.44
2013-10-16,,28.295
2013-10-17,,28.105
2013-10-18,,28.265
2013-10-21,,28.775
2013-10-22,,28.75
2013-10-23,,28.46
2013-10-24,,28.14
2013-10-25,,28.15
2013-10-28,,28.045
2013-10-29,,28.295
2013-10-30,,28.44
2013-10-31,,28.705
2013-11-01,,28.765
2013-11-04,,28.67
2013-11-05,,28.575
2013-11-06,,28.94
2013-11-07,,28.83
2013-11-08,,28.68
2013-11-11,,28.965
2013-11-12,,28.705
2013-11-13,,28.72
2013-11-14,,28.965
2013-11-15,,29.245
2013-11-18,,29.235
2013-11-19,,29.09
2013-11-20,,29.165
2013-11-21,,29.035
2013-11-22,,29.24
2013-11-25,,29.515
2013-11-26,,29.465
2013-11-27,,29.63
2013-11-28,,29.815
2013-11-29,,29.67
2013-12-02,,29.645
2013-12-03,,29.235
2013-12-04,,29.26
2013-12-05,,29.01
2013-12-06,,29.205
2013-12-09,,29.26
2013-12-10,,28.915
2013-12-11,,28.82
2013-12-12,,28.43
2013-12-13,,28.49
2013-12-16,,28.565
2013-12-17,,28.345
2013-12-18,,28.74
2013-12-19,,29.315
2013-12-20,,29.38
2013-12-23,,29.695
2013-12-27,,30.02
2013-12-30,,29.98
2014-01-02,,29.85
2014-01-03,,29.955
2014-01-06,,29.86
2014-01-07,,29.72
2014-01-08,,30.025
2014-01-09,,29.74
2014-01-10,,29.74
2014-01-13,,29.71
2014-01-14,,29.625
2014-01-15,,29.875
2014-01-16,,29.51
2014-01-17,,29.5
2014-01-20,,29.575
2014-01-21,,29.39
2014-01-22,,29.685
2014-01-23,,28.875
2014-01-24,,28.365
2014-01-27,,28.435
2014-01-28,,28.44
2014-01-29,,28.49
2014-01-30,,28.76
2014-01-31,,28.59
2014-02-03,,28.24
2014-02-04,,28.14
2014-02-05,,28.045
2014-02-06,,28.555
2014-02-07,,28.55
2014-02-10,,28.705
2014-02-11,,29.125
2014-02-12,,29.095
2014-02-13,,29.13
2014-02-14,,29.22
2014-02-17,,29.35
2014-02-18,,29.385
2014-02-19,,29.315
2014-02-20,,29.21
2014-02-21,,29.47
2014-02-24,,29.7
2014-02-25,,29.685
2014-02-26,,29.72
2014-02-27,,29.6
2014-02-28,,29.84
2014-03-03,,29.07
2014-03-04,,29.645
2014-03-05,,29.79
2014-03-06,,29.93
2014-03-07,,29.595
2014-03-10,,29.49
2014-03-11,,29.505
2014-03-12,,29.11
2014-03-13,,28.815
2014-03-14,,28.59
2014-03-17,,29.03
2014-03-18,,29.235
2014-03-19,,29.22
2014-03-20,,29.415
2014-03-21,,29.45
2014-03-24,,28.985
2014-03-25,,29.28
2014-03-26,,29.645
2014-03-27,,29.75
2014-03-28,,29.825
2014-03-31,,29.95
2014-04-01,,30.245
2014-04-02,,30.22
2014-04-03,,30.225
2014-04-04,,30.115
2014-04-07,,29.555
2014-04-08,,29.595
2014-04-09,,29.855
2014-04-10,,29.655
2014-04-11,,28.92
2014-04-14,,28.81
2014-04-15,,28.485
2014-04-16,,28.655
2014-04-17,,28.915
2014-04-22,,29.215
2014-04-23,,28.85
2014-04-24,,28.905
2014-04-25,,28.5
2014-04-28,,28.27
2014-04-29,,28.68
2014-04-30,,28.745
2014-05-02,,28.63
2014-05-05,,28.375
2014-05-06,,28.345
2014-05-07,,28.3
2014-05-08,,28.455
2014-05-09,,28.2
2014-05-12,,28.795
2014-05-13,,28.88
2014-05-14,,28.77
2014-05-15,,28.445
2014-05-16,,28.275
2014-05-19,,28.315
2014-05-20,,28.435
2014-05-21,,28.735
2014-05-22,,28.93
2014-05-23,,28.99
2014-05-26,,29.28
2014-05-27,,29.72
2014-05-28,,29.76
2014-05-29,,29.675
2014-05-30,,29.915
2014-06-02,,29.795
2014-06-03,,29.75
2014-06-04,,29.755
2014-06-05,,29.805
2014-06-06,,29.785
2014-06-09,,29.91
2014-06-10,,30.015
2014-06-11,,29.845
2014-06-12,,29.985
2014-06-13,,29.86
2014-06-16,,29.9
2014-06-17,,29.995
2014-06-18,,30.09
2014-06-19,,30.19
2014-06-20,,30.19
2014-06-23,,30.165
2014-06-24,,30.015
2014-06-25,,29.555
2014-06-26,,29.435
2014-06-27,,29.435
2014-06-30,,29.46
2014-07-01,,29.735
2014-07-02,,29.775
2014-07-03,,30.275
2014-07-04,,30.16
2014-07-07,,29.96
2014-07-08,,29.45
2014-07-09,,29.47
2014-07-10,,29.165
2014-07-11,,29.07
2014-07-14,,29.335
2014-07-15,,29.08
2014-07-16,,29.31
2014-07-17,,29.365
2014-07-18,,29.785
2014-07-21,,29.865
2014-07-22,,30.32
2014-07-23,,30.315
2014-07-24,,30.52
2014-07-25,,30.135
2014-07-28,,30.01
2014-07-29,,30.055
2014-07-30,,30.435
2014-07-31,,30.06
2014-08-01,,29.585
2014-08-04,,29.305
2014-08-05,,29.485
2014-08-06,,29.31
2014-08-07,,29.31
2014-08-08,,29.125
2014-08-11,,29.65
2014-08-12,,29.46
2014-08-13,,29.42
2014-08-14,,29.545
2014-08-15,,29.295
2014-08-18,,29.865
2014-08-19,,30.145
2014-08-20,,30.175
2014-08-21,,30.435
2014-08-22,,30.475
2014-08-25,,30.875
2014-08-26,,30.925
2014-08-27,,30.965
2014-08-28,,30.71
2014-08-29,,30.92
2014-09-01,,30.895
2014-09-02,,31.12
2014-09-03,,31.11
2014-09-04,,31.47
2014-09-05,,31.36
2014-09-08,,31.655
2014-09-09,,31.425
2014-09-10,,31.315
2014-09-11,,31.45
2014-09-12,,31.495
2014-09-15,,31.6
2014-09-16,,31.28
2014-09-17,,31.42
2014-09-18,,31.87
2014-09-19,,31.62
2014-09-22,,31.43
2014-09-23,,31.025
2014-09-24,,31.125
2014-09-25,,30.89
2014-09-26,,31.06
2014-09-29,,31.04
2014-09-30,,31.085
2014-10-01,,30.695
2014-10-02,,30.17
2014-10-03,,30.67
2014-10-06,,30.63
2014-10-07,,29.9
2014-10-08,,29.235
2014-10-09,,29.315
2014-10-10,,28.74
2014-10-13,,28.545
2014-10-14,,28.88
2014-10-15,,27.865
2014-10-16,,27.99
2014-10-17,,28.655
2014-10-20,,27.965
2014-10-21,,28.38
2014-10-22,,28.625
2014-10-23,,28.975
2014-10-24,,28.68
2014-10-27,,28.525
2014-10-28,,28.845
2014-10-29,,28.825
2014-10-30,,29.24
2014-10-31,,29.93
2014-11-03,,30.06
2014-11-04,,29.56
2014-11-05,,30.075
2014-11-06,,30.44
2014-11-07,,29.965
2014-11-10,,30.145
2014-11-11,,30.295
2014-11-12,,29.97
2014-11-13,,30.185
2014-11-14,,30.025
2014-11-17,,30.25
2014-11-18,,30.605
2014-11-19,,30.615
2014-11-20,,30.73
2014-11-21,,31.41
2014-11-24,,31.44
2014-11-25,,31.505
2014-11-26,,31.52
2014-11-27,,31.635
2014-11-28,,31.74
2014-12-01,,31.71
2014-12-02,,31.595
2014-12-03,,31.84
2014-12-04,,31.685
2014-12-05,,32.325
2014-12-08,,32.34
2014-12-09,,31.53
2014-12-10,,31.595
2014-12-11,,31.79
2014-12-12,,31.1
2014-12-15,,30.29
2014-12-16,,30.775
2014-12-17,,30.75
2014-12-18,,32.055
2014-12-19,,32.14
2014-12-22,,32.415
2014-12-23,,32.78
2014-12-29,,32.83
2014-12-30,,32.585
2015-01-02,,32.695
2015-01-05,,32.1
2015-01-06,,31.465
2015-01-07,,31.575
2015-01-08,,32.43
2015-01-09,,31.975
2015-01-12,,32.54
2015-01-13,,32.61
2015-01-14,,32.31
2015-01-15,,32.755
2015-01-16,,32.865
2015-01-19,,32.995
2015-01-20,,32.85
2015-01-21,,33.105
2015-01-22,,33.72
2015-01-23,,34.19
2015-01-26,,34.63
2015-01-27,,34.085
2015-01-28,,34.285
2015-01-29,,34.24
2015-01-30,,34.255
2015-02-02,,34.03
2015-02-03,,34.255
2015-02-04,,34.495
2015-02-05,,34.61
2015-02-06,,34.645
2015-02-09,,34.155
2015-02-10,,34.77
2015-02-11,,35.025
2015-02-12,,35.36
2015-02-13,,35.41
2015-02-16,,35.46
2015-02-17,,35.265
2015-02-18,,35.69
2015-02-19,,35.83
2015-02-20,,35.855
2015-02-23,,36.22
2015-02-24,,36.515
2015-02-25,,36.615
2015-02-26,,36.965
2015-02-27,,36.95
2015-03-02,,37.175
2015-03-03,,36.885
2015-03-04,,37.115
2015-03-05,,37.485
2015-03-06,,37.435
2015-03-09,,37.32
2015-03-10,,37.165
2015-03-11,,37.96
2015-03-12,,37.78
2015-03-13,,38.17
2015-03-16,,38.6
2015-03-17,,38.24
2015-03-18,,38.28
2015-03-19,,38.475
2015-03-20,,38.72
2015-03-23,,38.515
2015-03-24,,38.67
2015-03-25,,37.59
2015-03-26,,36.925
2015-03-27,,37.08
2015-03-30,,37.93
2015-03-31,,37.685
2015-04-01,,37.47
2015-04-02,,37.48
2015-04-07,,37.875
2015-04-08,,37.76
2015-04-09,,38.315
2015-04-10,,38.985
2015-04-13,,39.265
2015-04-14,,39.17
2015-04-15,,38.755
2015-04-16,,38.22
2015-04-17,,37.545
2015-04-20,,37.925
2015-04-21,,38.945
2015-04-22,,39.59
2015-04-23,,38.79
2015-04-24,,38.625
2015-04-27,,39.19
2015-04-28,,38.475
2015-04-29,,37.65
2015-04-30,,36.805
2015-05-04,,36.98
2015-05-05,,36.15
2015-05-06,,36.22
2015-05-07,,36.755
2015-05-08,,37.71
2015-05-11,,37.895
2015-05-12,,37.475
2015-05-13,,37.175
2015-05-14,,37.66
2015-05-15,,37.475
2015-05-18,,37.835
2015-05-19,,38.475
2015-05-20,,38.745
2015-05-21,,38.96
2015-05-22,,38.71
2015-05-26,,38.485
2015-05-27,,39.055
2015-05-28,,39.4
2015-05-29,,38.75
2015-06-01,,38.895
2015-06-02,,38.505
2015-06-03,,38.52
2015-06-04,,38.41
2015-06-05,,37.98
2015-06-08,,37.49
2015-06-09,,37.235
2015-06-10,,37.445
2015-06-11,,37.745
2015-06-12,,37.475
2015-06-15,,36.895
2015-06-16,,37.15
2015-06-17,,36.985
2015-06-18,,36.8
2015-06-19,,36.95
2015-06-22,,37.97
2015-06-23,,38.38
2015-06-24,,37.855
2015-06-25,,38.02
2015-06-26,,37.79
2015-06-29,,36.54
2015-06-30,,35.95
2015-07-01,,36.82
2015-07-02,,36.19
2015-07-03,,36.025
2015-07-06,,35.735
2015-07-07,,35.03
2015-07-08,,35.01
2015-07-09,,35.845
2015-07-10,,36.355
2015-07-13,,37.015
2015-07-14,,37.09
2015-07-15,,37.47
2015-07-16,,37.605
2015-07-17,,37.77
2015-07-20,,38.115
2015-07-21,,37.765
2015-07-22,,37.165
2015-07-23,,37.425
2015-07-24,,37.125
2015-07-27,,36.34
2015-07-28,,36.245
2015-07-29,,36.335
2015-07-30,,36.905
2015-07-31,,36.855
2015-08-03,,36.805
2015-08-04,,36.54
2015-08-05,,37.035
2015-08-06,,36.585
2015-08-07,,36.075
2015-08-10,,36.585
2015-08-11,,36.03
2015-08-12,,34.825
2015-08-13,,35.315
2015-08-14,,35.05
2015-08-17,,35.185
2015-08-18,,35.405
2015-08-19,,34.68
2015-08-20,,33.89
2015-08-21,,32.94
2015-08-24,,31.43
2015-08-25,,33.125
2015-08-26,,32.435
2015-08-27,,33.54
2015-08-28,,33.665
2015-08-31,,33.405
2015-09-01,,32.73
2015-09-02,,32.675
2015-09-03,,33.67
2015-09-04,,32.93
2015-09-07,,33.075
2015-09-08,,33.46
2015-09-09,,33.68
2015-09-10,,33.33
2015-09-11,,32.96
2015-09-14,,33.11
2015-09-15,,33.425
2015-09-16,,33.775
2015-09-17,,33.685
2015-09-18,,33.105
2015-09-21,,33.315
2015-09-22,,32.515
2015-09-23,,32.475
2015-09-24,,31.96
2015-09-25,,33.03
2015-09-28,,32.24
2015-09-29,,32.22
2015-09-30,,33.185
2015-10-01,,32.735
2015-10-02,,32.92
2015-10-05,,33.855
2015-10-06,,34.05
2015-10-07,,33.905
2015-10-08,,34.11
2015-10-09,,34.065
2015-10-12,,34.01
2015-10-13,,34.16
2015-10-14,,33.855
2015-10-15,,34.815
2015-10-16,,35.005
2015-10-19,,35.105
2015-10-20,,35.015
2015-10-21,,35.66
2015-10-22,,36.39
2015-10-23,,36.665
2015-10-26,,36.305
2015-10-27,,35.805
2015-10-28,,36.19
2015-10-29,,36.615
2015-10-30,,36.705
2015-11-02,,37.005
2015-11-03,,37.325
2015-11-04,,37.635
2015-11-05,,37.71
2015-11-06,,37.835
2015-11-09,,37.725
2015-11-10,,37.295
2015-11-11,,37.715
2015-11-12,,37.445
2015-11-13,,36.975
2015-11-16,,37.105
2015-11-17,,37.795
2015-11-18,,37.835
2015-11-19,,38.025
2015-11-20,,38.23
2015-11-23,,38.135
2015-11-24,,37.55
2015-11-25,,38.115
2015-11-26,,38.68
2015-11-27,,38.67
2015-11-30,,38.975
2015-12-01,,38.96
2015-12-02,,39.185
2015-12-03,,38.11
2015-12-04,,38.06
2015-12-07,,38.375
2015-12-08,,37.71
2015-12-09,,37.355
2015-12-10,,37.165
2015-12-11,,36.6
2015-12-14,,35.87
2015-12-15,,37.0
2015-12-16,,36.76
2015-12-17,,37.325
2015-12-18,,36.905
2015-12-21,,37.02
2015-12-22,,36.925
2015-12-23,,37.62
2015-12-28,,37.27
2015-12-29,,37.96
2015-12-30,,37.895
2016-01-04,,36.72
2016-01-05,,36.91
2016-01-06,,36.525
2016-01-07,,36.02
2016-01-08,,35.575
2016-01-11,,35.86
2016-01-12,,36.415
2016-01-13,,36.31
2016-01-14,,35.8
2016-01-15,,34.46
2016-01-18,,34.66
2016-01-19,,35.335
2016-01-20,,34.79
2016-01-21,,35.415
2016-01-22,,36.38
2016-01-25,,36.485
2016-01-26,,36.615
2016-01-27,,36.515
2016-01-28,,35.42
2016-01-29,,36.37
2016-02-01,,35.81
2016-02-02,,35.03
2016-02-03,,34.7
2016-02-04,,34.445
2016-02-05,,33.74
2016-02-08,,32.345
2016-02-09,,32.345
2016-02-10,,32.465
2016-02-11,,31.48
2016-02-12,,31.765
2016-02-15,,32.67
2016-02-16,,32.645
2016-02-17,,33.52
2016-02-18,,34.03
2016-02-19,,33.845
2016-02-22,,34.39
2016-02-23,,34.215
2016-02-24,,33.47
2016-02-25,,34.14
2016-02-26,,34.505
2016-02-29,,34.795
2016-03-01,,35.405
2016-03-02,,35.385
2016-03-03,,34.9
2016-03-04,,35.105
2016-03-07,,34.99
2016-03-08,,34.52
2016-03-09,,34.65
2016-03-10,,34.245
2016-03-11,,34.955
2016-03-14,,35.37
2016-03-15,,35.29
2016-03-16,,35.345
2016-03-17,,35.04
2016-03-18,,35.42
2016-03-21,,35.2
2016-03-22,,35.47
2016-03-23,,35.65
2016-03-24,,35.13
2016-03-29,,35.42
2016-03-30,,35.945
2016-03-31,,35.705
2016-04-01,,35.39
2016-04-04,,35.45
2016-04-05,,34.795
2016-04-06,,35.03
2016-04-07,,34.8
2016-04-08,,35.045
2016-04-11,,34.94
2016-04-12,,34.94
2016-04-13,,35.76
2016-04-14,,35.73
2016-04-15,,35.475
2016-04-18,,35.345
2016-04-19,,35.855
2016-04-20,,35.45
2016-04-21,,34.81
2016-04-22,,34.815
2016-04-25,,34.61
2016-04-26,,34.495
2016-04-27,,35.0
2016-04-28,,35.045
2016-04-29,,34.005
2016-05-02,,34.19
2016-05-03,,33.67
2016-05-04,,33.385
2016-05-05,,33.4
2016-05-06,,33.18
2016-05-09,,33.645
2016-05-10,,33.41
2016-05-11,,33.255
2016-05-12,,32.895
2016-05-13,,33.31
2016-05-16,,33.455
2016-05-17,,33.405
2016-05-18,,33.87
2016-05-19,,33.475
2016-05-20,,34.025
2016-05-23,,34.23
2016-05-24,,34.87
2016-05-25,,35.38
2016-05-26,,35.465
2016-05-27,,35.7
2016-05-30,,35.765
2016-05-31,,35.72
2016-06-01,,35.385
2016-06-02,,35.5
2016-06-03,,35.26
2016-06-06,,35.275
2016-06-07,,35.59
2016-06-08,,35.25
2016-06-09,,35.16
2016-06-10,,34.365
2016-06-13,,33.9
2016-06-14,,33.35
2016-06-15,,33.81
2016-06-16,,33.565
2016-06-17,,33.755
2016-06-20,,34.895
2016-06-21,,35.15
2016-06-22,,35.25
2016-06-23,,35.73
2016-06-24,,33.865
2016-06-27,,32.44
2016-06-28,,33.29
2016-06-29,,34.125
2016-06-30,,34.43
2016-07-01,,34.51
2016-07-04,,34.13
2016-07-05,,33.675
2016-07-06,,33.19
2016-07-07,,33.515
2016-07-08,,34.42
2016-07-11,,35.195
2016-07-12,,35.37
2016-07-13,,35.5
2016-07-14,,36.01
2016-07-15,,35.875
2016-07-18,,37.08
2016-07-19,,36.9
2016-07-20,,38.05
2016-07-21,,38.06
2016-07-22,,38.065
2016-07-25,,38.38
2016-07-26,,38.52
2016-07-27,,38.835
2016-07-28,,38.805
2016-07-29,,38.8
2016-08-01,,38.56
2016-08-02,,37.96
2016-08-03,,37.945
2016-08-04,,38.175
2016-08-05,,38.475
2016-08-08,,38.37
2016-08-09,,38.895
2016-08-10,,38.75
2016-08-11,,38.975
2016-08-12,,38.875
2016-08-15,,38.955
2016-08-16,,38.65
2016-08-17,,38.085
2016-08-18,,38.365
2016-08-19,,38.315
2016-08-22,,38.265
2016-08-23,,38.605
2016-08-24,,38.74
2016-08-25,,38.4
2016-08-26,,38.7
2016-08-29,,38.625
2016-08-30,,39.145
2016-08-31,,38.725
2016-09-01,,38.8
2016-09-02,,39.23
2016-09-05,,39.225
2016-09-06,,38.96
2016-09-07,,39.225
2016-09-08,,38.795
2016-09-09,,38.495
2016-09-12,,38.07
2016-09-13,,38.025
2016-09-14,,38.08
2016-09-15,,38.365
2016-09-16,,38.085
2016-09-19,,38.565
2016-09-20,,38.725
2016-09-21,,39.0
2016-09-22,,39.83
2016-09-23,,39.565
2016-09-26,,39.155
2016-09-27,,39.225
2016-09-28,,39.435
2016-09-29,,39.355
2016-09-30,,39.66
2016-10-03,,39.675
2016-10-04,,39.905
2016-10-05,,39.605
2016-10-06,,39.46
2016-10-07,,38.985
2016-10-10,,39.34
2016-10-11,,38.88
2016-10-12,,37.77
2016-10-13,,37.37
2016-10-14,,37.6
2016-10-17,,37.41
2016-10-18,,37.99
2016-10-19,,38.03
2016-10-20,,37.86
2016-10-21,,38.26
2016-10-24,,38.18
2016-10-25,,37.865
2016-10-26,,37.89
2016-10-27,,37.525
2016-10-28,,37.31
2016-10-31,,37.035
2016-11-01,,36.375
2016-11-02,,36.05
2016-11-03,,35.825
2016-11-04,,35.755
2016-11-07,,36.36
2016-11-08,,36.37
2016-11-09,,36.525
2016-11-10,,36.17
2016-11-11,,35.695
2016-11-14,,35.645
2016-11-15,,35.775
2016-11-16,,36.095
2016-11-17,,36.44
2016-11-18,,37.005
2016-11-21,,37.115
2016-11-22,,37.365
2016-11-23,,37.415
2016-11-24,,37.685
2016-11-25,,37.55
2016-11-28,,37.32
2016-11-29,,37.355
2016-11-30,,37.2
2016-12-01,,36.52
2016-12-02,,36.195
2016-12-05,,36.695
2016-12-06,,36.78
2016-12-07,,37.13
2016-12-08,,37.615
2016-12-09,,37.84
2016-12-12,,37.645
2016-12-13,,38.07
2016-12-14,,38.135
2016-12-15,,38.845
2016-12-16,,39.04
2016-12-19,,39.42
2016-12-20,,39.465
2016-12-21,,39.52
2016-12-22,,39.195
2016-12-23,,39.495
2016-12-27,,39.64
2016-12-28,,39.755
2016-12-29,,39.565
2016-12-30,,39.46
2017-01-02,,39.84
2017-01-03,,39.675
2017-01-04,,39.505
2017-01-05,,39.575
2017-01-06,,39.75
2017-01-09,,39.955
2017-01-10,,39.99
2017-01-11,,39.99
2017-01-12,,39.69
2017-01-13,,40.145
2017-01-16,,39.925
2017-01-17,,39.77
2017-01-18,,40.115
2017-01-19,,40.04
2017-01-20,,40.025
2017-01-23,,39.595
2017-01-24,,39.795
2017-01-25,,40.2
2017-01-26,,40.51
2017-01-27,,40.505
2017-01-30,,40.205
2017-01-31,,40.075
2017-02-01,,40.21
2017-02-02,,41.055
2017-02-03,,41.12
2017-02-06,,40.73
2017-02-07,,41.095
2017-02-08,,41.245
2017-02-09,,41.45
2017-02-10,,41.45
2017-02-13,,41.87
2017-02-14,,41.9
2017-02-15,,42.01
2017-02-16,,42.19
2017-02-17,,42.07
2017-02-20,,42.165
2017-02-21,,42.76
2017-02-22,,42.9
2017-02-23,,43.04
2017-02-24,,42.635
2017-02-27,,42.68
2017-02-28,,42.665
2017-03-01,,43.3
2017-03-02,,43.335
2017-03-03,,43.295
2017-03-06,,42.955
2017-03-07,,43.04
2017-03-08,,43.085
2017-03-09,,43.19
2017-03-10,,43.215
2017-03-13,,43.35
2017-03-14,,43.445
2017-03-15,,43.5
2017-03-16,,43.845
2017-03-17,,44.055
2017-03-20,,44.09
2017-03-21,,43.53
2017-03-22,,43.31
2017-03-23,,43.65
2017-03-24,,44.215
2017-03-27,,43.89
2017-03-28,,44.24
2017-03-29,,44.28
2017-03-30,,44.635
2017-03-31,,44.835
2017-04-03,,44.63
2017-04-04,,44.705
2017-04-05,,44.555
2017-04-06,,44.61
2017-04-07,,44.74
2017-04-10,,44.835
2017-04-11,,44.265
2017-04-12,,44.455
2017-04-13,,44.405
2017-04-18,,43.915
2017-04-19,,44.015
2017-04-20,,44.18
2017-04-21,,44.08
2017-04-24,,44.99
2017-04-25,,45.28
2017-04-26,,45.19
2017-04-27,,45.41
2017-04-28,,45.405
2017-05-02,,46.075
2017-05-03,,45.92
2017-05-04,,46.25
2017-05-05,,46.635
2017-05-08,,46.575
2017-05-09,,46.91
2017-05-10,,46.715
2017-05-11,,46.52
2017-05-12,,46.94
2017-05-15,,47.155
2017-05-16,,47.07
2017-05-17,,46.3
2017-05-18,,46.115
2017-05-19,,46.405
2017-05-22,,46.115
2017-05-23,,46.77
2017-05-24,,47.045
2017-05-25,,47.11
2017-05-26,,47.065
2017-05-29,,46.985
2017-05-30,,47.07
2017-05-31,,47.095
2017-06-01,,47.415
2017-06-02,,47.63
2017-06-05,,47.465
2017-06-06,,47.265
2017-06-07,,47.445
2017-06-08,,47.54
2017-06-09,,47.69
2017-06-12,,45.94
2017-06-13,,46.495
2017-06-14,,46.685
2017-06-15,,46.11
2017-06-16,,46.635
2017-06-19,,47.08
2017-06-20,,46.85
2017-06-21,,46.91
2017-06-22,,47.135
2017-06-23,,47.285
2017-06-26,,47.085
2017-06-27,,46.43
2017-06-28,,46.105
2017-06-29,,44.81
2017-06-30,,44.985
2017-07-03,,45.085
2017-07-04,,45.0
2017-07-05,,45.32
2017-07-06,,44.955
2017-07-07,,45.195
2017-07-10,,45.58
2017-07-11,,45.38
2017-07-12,,46.11
2017-07-13,,46.085
2017-07-14,,46.185
2017-07-17,,46.13
2017-07-18,,45.285
2017-07-19,,46.295
2017-07-20,,46.4
2017-07-21,,45.715
2017-07-24,,45.52
2017-07-25,,45.58
2017-07-26,,46.0
2017-07-27,,46.33
2017-07-28,,45.745
2017-07-31,,45.53
2017-08-01,,45.875
2017-08-02,,45.61
2017-08-03,,45.615
2017-08-04,,46.08
2017-08-07,,45.95
2017-08-08,,46.015
2017-08-09,,45.6
2017-08-10,,45.2
2017-08-11,,44.72
2017-08-14,,45.34
2017-08-15,,45.55
2017-08-16,,45.91
2017-08-17,,45.68
2017-08-18,,45.195
2017-08-21,,44.93
2017-08-22,,45.485
2017-08-23,,45.385
2017-08-24,,45.1
2017-08-25,,45.11
2017-08-28,,44.915
2017-08-29,,44.475
2017-08-30,,44.72
2017-08-31,,45.145
2017-09-01,,45.535
2017-09-04,,45.125
2017-09-05,,45.255
2017-09-06,,45.405
2017-09-07,,46.005
2017-09-08,,45.93
2017-09-11,,46.53
2017-09-12,,46.69
2017-09-13,,46.68
2017-09-14,,46.755
2017-09-15,,46.895
2017-09-18,,47.26
2017-09-19,,47.38
2017-09-20,,47.07
2017-09-21,,46.835
2017-09-22,,46.93
2017-09-25,,46.68
2017-09-26,,46.6
2017-09-27,,46.94
2017-09-28,,47.245
2017-09-29,,47.47
2017-10-02,,48.085
2017-10-03,,48.145
2017-10-04,,47.98
2017-10-05,,47.955
2017-10-06,,47.84
2017-10-09,,48.21
2017-10-10,,47.935
2017-10-11,,47.905
2017-10-12,,48.05
2017-10-13,,48.32
2017-10-16,,48.29
2017-10-17,,48.27
2017-10-18,,48.19
2017-10-19,,48.285
2017-10-20,,48.58
2017-10-23,,49.21
2017-10-24,,48.975
2017-10-25,,49.115
2017-10-26,,48.995
2017-10-27,,49.59
2017-10-30,,49.48
2017-10-31,,49.895
2017-11-01,,50.645
2017-11-02,,50.13
2017-11-03,,50.465
2017-11-06,,50.89
2017-11-07,,50.52
2017-11-08,,50.345
2017-11-09,,49.105
2017-11-10,,48.985
2017-11-13,,48.75
2017-11-14,,48.845
2017-11-15,,48.67
2017-11-16,,49.385
2017-11-17,,49.215
2017-11-20,,49.745
2017-11-21,,50.5
2017-11-22,,49.99
2017-11-23,,49.945
2017-11-24,,50.06
2017-11-27,,49.73
2017-11-28,,49.89
2017-11-29,,48.485
2017-11-30,,48.365
2017-12-01,,47.505
2017-12-04,,47.625
2017-12-05,,47.73
2017-12-06,,47.5
2017-12-07,,47.57
2017-12-08,,47.955
2017-12-11,,47.675
2017-12-12,,48.435
2017-12-13,,48.55
2017-12-14,,48.635
2017-12-15,,48.355
2017-12-18,,49.07
2017-12-19,,48.815
2017-12-20,,48.135
2017-12-21,,48.455
2017-12-22,,48.405
2017-12-27,,48.27
2017-12-28,,47.955
2017-12-29,,47.755
2018-01-02,,47.82
2018-01-03,,48.58
2018-01-04,,49.025
2018-01-05,,49.67
2018-01-08,,49.53
2018-01-09,,49.63
2018-01-10,,49.045
2018-01-11,,48.655
2018-01-12,,48.855
2018-01-15,,48.755
2018-01-16,,48.97
2018-01-17,,49.24
2018-01-18,,50.02
2018-01-19,,50.345
2018-01-22,,50.115
2018-01-23,,50.425
2018-01-24,,49.58
2018-01-25,,49.145
2018-01-26,,49.5
2018-01-29,,49.755
2018-01-30,,49.205
2018-01-31,,48.95
2018-02-01,,49.39
2018-02-02,,48.57
2018-02-05,,48.205
2018-02-06,,47.115
2018-02-07,,48.175
2018-02-08,,46.595
2018-02-09,,46.195
2018-02-12,,46.88
2018-02-13,,46.595
2018-02-14,,47.315
2018-02-15,,47.82
2018-02-16,,48.175
2018-02-19,,47.855
2018-02-20,,48.42
2018-02-21,,48.35
2018-02-22,,47.925
2018-02-23,,48.065
2018-02-26,,48.5
2018-02-27,,48.55
2018-02-28,,48.55
2018-03-01,,47.545
2018-03-02,,46.565
2018-03-05,,47.795
2018-03-06,,48.1
2018-03-07,,48.685
2018-03-08,,49.5
2018-03-09,,49.88
2018-03-12,,50.17
2018-03-13,,49.505
2018-03-14,,49.48
2018-03-15,,49.895
2018-03-16,,49.625
2018-03-19,,48.425
2018-03-20,,48.63
2018-03-21,,48.725
2018-03-22,,47.785
2018-03-23,,47.08
2018-03-26,,46.63
2018-03-27,,47.575
2018-03-28,,46.55
2018-03-29,,46.975
2018-04-03,,46.49
2018-04-04,,45.635
2018-04-05,,47.125
2018-04-06,,47.0
2018-04-09,,47.3
2018-04-10,,47.77
2018-04-11,,47.67
2018-04-12,,48.205
2018-04-13,,48.1
2018-04-16,,47.87
2018-04-17,,48.675
2018-04-18,,48.535
2018-04-19,,47.97
2018-04-20,,47.89
2018-04-23,,48.3
2018-04-24,,48.565
2018-04-25,,48.26
2018-04-26,,48.62
2018-04-27,,49.095
2018-04-30,,48.965
2018-05-02,,49.49
2018-05-03,,49.57
2018-05-04,,50.34
2018-05-07,,50.9
2018-05-08,,51.12
2018-05-09,,51.48
2018-05-10,,51.9
2018-05-11,,51.76
2018-05-14,,51.66
2018-05-15,,51.33
2018-05-16,,51.68
2018-05-17,,51.94
2018-05-18,,51.74
2018-05-21,,51.98
2018-05-22,,51.99
2018-05-23,,51.54
2018-05-24,,51.84
2018-05-25,,52.3
2018-05-28,,51.95
2018-05-29,,51.39
2018-05-30,,51.56
2018-05-31,,51.4
2018-06-01,,52.16
2018-06-04,,52.4
2018-06-05,,53.14
2018-06-06,,53.32
2018-06-07,,53.08
2018-06-08,,53.06
2018-06-11,,53.55
2018-06-12,,53.66
2018-06-13,,54.44
2018-06-14,,55.48
2018-06-15,,55.01
2018-06-18,,54.5
2018-06-19,,53.76
2018-06-20,,53.84
2018-06-21,,53.26
2018-06-22,,53.3
2018-06-25,,51.69
2018-06-26,,51.84
2018-06-27,,52.19
2018-06-28,,50.92
2018-06-29,,51.62
2018-07-02,,51.17
2018-07-03,,51.22
2018-07-04,,50.6
2018-07-05,,51.12
2018-07-06,,51.3
2018-07-09,,52.02
2018-07-10,,52.55
2018-07-11,,51.76
2018-07-12,,52.4
2018-07-13,,52.52
2018-07-16,,52.62
2018-07-17,,52.92
2018-07-18,,54.21
2018-07-19,,53.62
2018-07-20,,53.54
2018-07-23,,53.06
2018-07-24,,53.36
2018-07-25,,52.96
2018-07-26,,53.39
2018-07-27,,53.28
2018-07-30,,52.38
2018-07-31,,52.26
2018-08-01,,51.92
2018-08-02,,52.08
2018-08-03,,52.32
2018-08-06,,52.46
2018-08-07,,52.16
2018-08-08,,52.46
2018-08-09,,52.47
2018-08-10,,51.66
2018-08-13,,51.95
2018-08-14,,52.02
2018-08-15,,51.1
2018-08-16,,51.8
2018-08-17,,51.52
2018-08-20,,51.96
2018-08-21,,52.03
2018-08-22,,51.99
2018-08-23,,52.36
2018-08-24,,52.7
2018-08-27,,53.37
2018-08-28,,53.15
2018-08-29,,53.31
2018-08-30,,53.15
2018-08-31,,52.81
2018-09-03,,52.94
2018-09-04,,52.14
2018-09-05,,50.61
2018-09-06,,49.965
2018-09-07,,50.22
2018-09-10,,50.48
2018-09-11,,50.38
2018-09-12,,49.985
2018-09-13,,50.34
2018-09-14,,50.76
2018-09-17,,50.36
2018-09-18,,50.82
2018-09-19,,50.62
2018-09-20,,50.66
2018-09-21,,51.13
2018-09-24,,51.1
2018-09-25,,51.89
2018-09-26,,51.89
2018-09-27,,51.89
2018-09-28,,51.27
2018-10-01,,51.94
2018-10-02,,51.77
2018-10-03,,51.89
2018-10-04,,51.35
2018-10-05,,50.25
2018-10-08,,49.28
2018-10-09,,49.555
2018-10-10,,47.45
2018-10-11,,46.925
2018-10-12,,47.18
2018-10-15,,47.11
2018-10-16,,48.67
2018-10-17,,48.91
2018-10-18,,47.825
2018-10-19,,47.595
2018-10-22,,47.47
2018-10-23,,45.685
2018-10-24,,44.8
2018-10-25,,45.645
2018-10-26,,45.345
2018-10-29,,45.545
2018-10-30,,45.7
2018-10-31,,46.75
2018-11-01,,47.035
2018-11-02,,47.395
2018-11-05,,46.755
2018-11-06,,46.805
2018-11-07,,47.315
2018-11-08,,47.2
2018-11-09,,47.205
2018-11-12,,45.495
2018-11-13,,46.25
2018-11-14,,45.94
2018-11-15,,45.76
2018-11-16,,45.375
2018-11-19,,44.49
2018-11-20,,43.61
2018-11-21,,44.405
2018-11-22,,43.97
2018-11-23,,44.56
2018-11-26,,45.055
2018-11-27,,45.055
2018-11-28,,45.39
2018-11-29,,45.69
2018-11-30,,45.455
2018-12-03,,46.59
2018-12-04,,45.97
2018-12-05,,45.135
2018-12-06,,43.825
2018-12-07,,43.91
2018-12-10,,43.545
2018-12-11,,44.485
2018-12-12,,45.47
2018-12-13,,45.215
2018-12-14,,44.8
2018-12-17,,44.22
2018-12-18,,43.73
2018-12-19,,43.92
2018-12-20,,42.815
2018-12-21,,42.54
2018-12-24,,41.79
2018-12-27,,42.07
2018-12-28,,43.085
2018-12-31,,43.515
2019-01-02,,43.25
2019-01-03,,41.355
2019-01-04,,42.55
2019-01-07,,43.2
2019-01-08,,43.675
2019-01-09,,44.555
2019-01-10,,44.425
2019-01-11,,44.34
2019-01-14,,43.64
2019-01-15,,44.12
2019-01-16,,44.3
2019-01-17,,44.455
2019-01-18,,45.765
2019-01-21,,45.618
2019-01-22,,45.278
2019-01-23,,45.336
2019-01-24,,46.357
2019-01-25,,47.149
2019-01-28,,46.504
2019-01-29,,46.251
2019-01-30,,46.276
2019-01-31,,46.269
2019-02-01,,46.35
2019-02-04,,46.46
2019-02-05,,47.054
2019-02-06,,47.935
2019-02-07,,46.842
2019-02-08,,46.85
2019-02-11,,47.321
2019-02-12,,47.504
2019-02-13,,48.183
2019-02-14,,48.432
2019-02-15,,48.788
2019-02-18,,48.869
2019-02-19,,48.558
2019-02-20,,48.832
2019-02-21,,48.658
2019-02-22,,49.249
2019-02-25,,49.421
2019-02-26,,49.308
2019-02-27,,48.826
2019-02-28,,48.761
2019-03-01,,49.133
2019-03-04,,49.225
2019-03-05,,49.398
2019-03-06,,48.97
2019-03-07,,48.777
2019-03-08,,48.637
2019-03-11,,49.119
2019-03-12,,48.999
2019-03-13,,49.225
2019-03-14,,49.428
2019-03-15,,50.714
2019-03-18,,50.238
2019-03-19,,50.64
2019-03-20,,50.411
2019-03-21,,50.663
2019-03-22,,49.866
2019-03-25,,49.483
2019-03-26,,50.052
2019-03-27,,49.531
2019-03-28,,49.765
2019-03-29,,50.518
2019-04-01,,51.161
2019-04-02,,51.333
2019-04-03,,52.257
2019-04-04,,52.061
2019-04-05,,52.144
2019-04-08,,52.181
2019-04-09,,51.405
2019-04-10,,51.519
2019-04-11,,51.577
2019-04-12,,51.877
2019-04-15,,51.783
2019-04-16,,51.942
2019-04-17,,52.183
2019-04-18,,52.616
2019-04-23,,52.873
2019-04-24,,54.998
2019-04-25,,54.67
2019-04-26,,54.511
2019-04-29,,54.579
2019-04-30,,54.544
2019-05-02,,53.742
2019-05-03,,53.772
2019-05-06,,52.944
2019-05-07,,52.052
2019-05-08,,52.549
2019-05-09,,51.359
2019-05-10,,51.622
2019-05-13,,50.727
2019-05-14,,51.843
2019-05-15,,52.274
2019-05-16,,53.54
2019-05-17,,53.443
2019-05-20,,51.923
2019-05-21,,52.751
2019-05-22,,53.424
2019-05-23,,52.095
2019-05-24,,52.337
2019-05-27,,52.506
2019-05-28,,52.223
2019-05-29,,51.183
2019-05-30,,51.66
2019-05-31,,51.221
2019-06-03,,51.074
2019-06-04,,50.958
2019-06-05,,51.381
2019-06-06,,51.286
2019-06-07,,52.322
2019-06-10,,52.407
2019-06-11,,52.751
2019-06-12,,52.336
2019-06-13,,52.571
2019-06-14,,51.655
2019-06-17,,51.775
2019-06-18,,52.855
2019-06-19,,52.885
2019-06-20,,53.685
2019-06-21,,53.475
2019-06-24,,53.351
2019-06-25,,53.52
2019-06-26,,53.488
2019-06-27,,53.524
2019-06-28,,54.326
2019-07-01,,55.4
2019-07-02,,55.53
2019-07-03,,55.925
2019-07-04,,55.783
2019-07-05,,55.026
2019-07-08,,55.045
2019-07-09,,54.783
2019-07-10,,54.641
2019-07-11,,54.734
2019-07-12,,54.697
2019-07-15,,54.9
2019-07-16,,54.982
2019-07-17,,54.78
2019-07-18,,53.965
2019-07-19,,54.104
2019-07-22,,54.208
2019-07-23,,54.768
2019-07-24,,55.564
2019-07-25,,55.103
2019-07-26,,55.727
2019-07-29,,55.435
2019-07-30,,54.595
2019-07-31,,54.614
2019-08-01,,55.447
2019-08-02,,53.41
2019-08-05,,51.76
2019-08-06,,51.412
2019-08-07,,51.8
2019-08-08,,53.12
2019-08-09,,52.2
2019-08-12,,52.077
2019-08-13,,52.503
2019-08-14,,50.96
2019-08-15,,50.734
2019-08-16,,51.57
2019-08-19,,52.264
2019-08-20,,51.913
2019-08-21,,52.83
2019-08-22,,51.966
2019-08-23,,51.363
2019-08-26,,51.534
2019-08-27,,51.808
2019-08-28,,51.259
2019-08-29,,51.819
2019-08-30,,52.271
2019-09-02,,51.98
2019-09-03,,51.9
2019-09-04,,52.485
2019-09-05,,53.806
2019-09-06,,54.026
2019-09-09,,53.781
2019-09-10,,53.221
2019-09-11,,53.87
2019-09-12,,54.251
2019-09-13,,54.246
2019-09-16,,53.746
2019-09-17,,54.028
2019-09-18,,54.26
2019-09-19,,54.429
2019-09-20,,54.467
2019-09-23,,53.631
2019-09-24,,53.789
2019-09-25,,53.147
2019-09-26,,53.498
2019-09-27,,53.79
2019-09-30,,53.78
2019-10-01,,53.184
2019-10-02,,51.562
2019-10-03,,51.892
2019-10-04,,52.463
2019-10-07,,52.733
2019-10-08,,52.17
2019-10-09,,52.89
2019-10-10,,53.274
2019-10-11,,55.768
2019-10-14,,55.31
2019-10-15,,56.055
2019-10-16,,55.961
2019-10-17,,55.601
2019-10-18,,55.265
2019-10-21,,56.122
2019-10-22,,55.831
2019-10-23,,55.535
2019-10-24,,55.593
2019-10-25,,55.533
2019-10-28,,55.823
2019-10-29,,55.46
2019-10-30,,55.43
2019-10-31,,55.136
2019-11-01,,55.715
2019-11-04,,56.463
2019-11-05,,56.555
2019-11-06,,56.78
2019-11-07,,57.328
2019-11-08,,57.274
2019-11-11,,57.391
2019-11-12,,57.682
2019-11-13,,57.479
2019-11-14,,57.178
2019-11-15,,57.787
2019-11-18,,57.723
2019-11-19,,57.665
2019-11-20,,57.481
2019-11-21,,57.25
2019-11-22,,57.636
2019-11-25,,58.17
2019-11-26,,58.263
2019-11-27,,58.401
2019-11-28,,58.246
2019-11-29,,58.31
2019-12-02,,56.879
2019-12-03,,56.886
2019-12-04,,57.739
2019-12-05,,57.596
2019-12-06,,58.539
2019-12-09,,58.287
2019-12-10,,57.904
2019-12-11,,58.03
2019-12-12,,58.522
2019-12-13,,59.277
2019-12-16,,59.777
2019-12-17,,59.228
2019-12-18,,59.029
2019-12-19,,58.949
2019-12-20,,59.37
2019-12-23,,59.48
2019-12-24,,59.573
2019-12-27,,59.66
2019-12-30,,58.976
2019-12-31,,58.807
2020-01-02,,60.16
2020-01-03,,59.602
2020-01-06,,59.117
2020-01-07,,59.849
2020-01-08,,60.198
2020-01-09,,60.949
2020-01-10,,60.918
2020-01-13,,61.14
2020-01-14,,61.066
2020-01-15,,61.227
2020-01-16,,61.348
2020-01-17,,62.151
2020-01-20,,62.136
2020-01-21,,62.127
2020-01-22,,62.261
2020-01-23,,61.552
2020-01-24,,62.548
2020-01-27,,60.383
2020-01-28,,60.348
2020-01-29,,60.669
2020-01-30,,59.492
2020-01-31,,58.499
2020-02-03,,59.431
2020-02-04,,60.927
2020-02-05,,62.035
2020-02-06,,62.349
2020-02-07,,62.225
2020-02-10,,62.144
2020-02-11,,63.421
2020-02-12,,63.966
2020-02-13,,63.899
2020-02-14,,63.824
2020-02-17,,63.616
2020-02-18,,63.145
2020-02-19,,64.075
2020-02-20,,63.141
2020-02-21,,62.603
2020-02-24,,59.846
2020-02-25,,58.989
2020-02-26,,59.294
2020-02-27,,56.969
2020-02-28,,55.375
2020-03-02,,55.356
2020-03-03,,56.202
2020-03-04,,56.112
2020-03-05,,55.377
2020-03-06,,53.291
2020-03-09,,49.568
2020-03-10,,49.67
2020-03-11,,49.188
2020-03-12,,44.179
2020-03-13,,44.616
2020-03-16,,43.083
2020-03-17,,43.062
2020-03-18,,40.39
2020-03-19,,41.077
2020-03-20,,43.827
2020-03-23,,42.854
2020-03-24,,47.095
2020-03-25,,48.183
2020-03-26,,49.303
2020-03-27,,47.509
2020-03-30,,48.576
2020-03-31,,49.147
2020-04-01,,47.41
2020-04-02,,46.767
2020-04-03,,46.485
2020-04-06,,48.608
2020-04-07,,50.023
2020-04-08,,51.047
2020-04-09,,52.224
2020-04-14,,53.12
2020-04-15,,51.023
2020-04-16,,52.392
2020-04-17,,53.725
2020-04-20,,54.033
2020-04-21,,51.209
2020-04-22,,52.598
2020-04-23,,52.76
2020-04-24,,52.048
2020-04-27,,52.983
2020-04-28,,53.558
2020-04-29,,54.529
2020-04-30,,53.935
2020-05-04,,52.346
2020-05-05,,53.505
2020-05-06,,53.489
2020-05-07,,54.539
2020-05-08,,55.034
2020-05-11,,54.729
2020-05-12,,55.032
2020-05-13,,54.472
2020-05-14,,53.031
2020-05-15,,53.109
2020-05-18,,55.195
2020-05-19,,55.874
2020-05-20,,57.176
2020-05-21,,56.158
2020-05-22,,56.368
2020-05-25,,57.871
2020-05-26,,58.184
2020-05-27,,57.344
2020-05-28,,58.149
2020-05-29,,57.897
2020-06-01,,58.996
2020-06-02,,59.382
2020-06-03,,61.058
2020-06-04,,60.795
2020-06-05,,62.104
2020-06-08,,61.041
2020-06-09,,61.023
2020-06-10,,60.971
2020-06-11,,58.868
2020-06-12,,59.017
2020-06-15,,58.716
2020-06-16,,60.531
2020-06-17,,61.589
2020-06-18,,61.495
2020-06-19,,62.341
2020-06-22,,61.788
2020-06-23,,62.716
2020-06-24,,61.201
2020-06-25,,61.398
2020-06-26,,61.794
2020-06-29,,61.616
2020-06-30,,62.555
2020-07-01,,62.566
2020-07-02,,63.82
2020-07-03,,63.723
2020-07-06,,65.362
2020-07-07,,64.687
2020-07-08,,64.391
2020-07-09,,64.891
2020-07-10,,65.404
2020-07-13,,66.489
2020-07-14,,64.806
2020-07-15,,64.988
2020-07-16,,64.462
2020-07-17,,65.193
2020-07-20,,66.536
2020-07-21,,66.901
2020-07-22,,66.673
2020-07-23,,66.65
2020-07-24,,64.001
2020-07-27,,64.573
2020-07-28,,64.388
2020-07-29,,63.891
2020-07-30,,62.194
2020-07-31,,62.569
2020-08-03,,64.327
2020-08-04,,64.107
2020-08-05,,64.324
2020-08-06,,63.823
2020-08-07,,64.424
2020-08-10,,63.399
2020-08-11,,64.627
2020-08-12,,65.241
2020-08-13,,65.147
2020-08-14,,64.024
2020-08-17,,64.597
2020-08-18,,64.27
2020-08-19,,64.376
2020-08-20,,63.645
2020-08-21,,64.06
2020-08-24,,65.151
2020-08-25,,65.624
2020-08-26,,67.041
2020-08-27,,66.52
2020-08-28,,65.94
2020-08-31,,65.236
2020-09-01,,66.171
2020-09-02,,67.526
2020-09-03,,64.923
2020-09-04,,63.292
2020-09-07,,63.962
2020-09-08,,62.722
2020-09-09,,64.122
2020-09-10,,63.805
2020-09-11,,63.733
2020-09-14,,64.383
2020-09-15,,64.568
2020-09-16,,64.954
2020-09-17,,64.236
2020-09-18,,64.344
2020-09-21,,62.257
2020-09-22,,62.759
2020-09-23,,63.123
2020-09-24,,62.798
2020-09-25,,62.35
2020-09-28,,63.961
2020-09-29,,64.131
2020-09-30,,63.791
2020-10-01,,64.693
2020-10-02,,64.288
2020-10-05,,64.771
2020-10-06,,64.168
2020-10-07,,64.09
2020-10-08,,64.884
2020-10-09,,65.83
2020-10-12,,66.705
2020-10-13,,66.735
2020-10-14,,66.784
2020-10-15,,65.294
2020-10-16,,65.863
2020-10-19,,65.895
2020-10-20,,64.999
2020-10-21,,64.019
2020-10-22,,63.191
2020-10-23,,63.056
2020-10-26,,58.534
2020-10-27,,58.24
2020-10-28,,56.403
2020-10-29,,56.98
2020-10-30,,56.723
2020-11-02,,56.953
2020-11-03,,58.106
2020-11-04,,59.802
2020-11-05,,61.522
2020-11-06,,61.513
2020-11-09,,62.766
2020-11-10,,61.15
2020-11-11,,62.417
2020-11-12,,62.114
2020-11-13,,62.323
2020-11-16,,62.624
2020-11-17,,62.175
2020-11-18,,62.837
2020-11-19,,62.701
2020-11-20,,63.13
2020-11-23,,62.71
2020-11-24,,62.875
2020-11-25,,63.268
2020-11-26,,63.734
2020-11-27,,64.434
2020-11-30,,64.22
2020-12-01,,64.857
2020-12-02,,64.362
2020-12-03,,64.583
2020-12-04,,65.288
2020-12-07,,65.598
2020-12-08,,65.309
2020-12-09,,65.144
2020-12-10,,64.289
2020-12-11,,63.899
2020-12-14,,64.11
2020-12-15,,64.753
2020-12-16,,65.481
2020-12-17,,66.5
2020-12-18,,66.099
2020-12-21,,64.825
2020-12-22,,66.258
2020-12-23,,66.532
2020-12-24,,66.772
2020-12-28,,67.296
2020-12-29,,67.565
2020-12-30,,67.754
2020-12-31,,67.58
2021-01-04,,68.271
2021-01-05,,68.243
2021-01-06,,68.037
2021-01-07,,67.409
2021-01-08,,69.195
2021-01-11,,68.679
2021-01-12,,69.081
2021-01-13,,69.382
2021-01-14,,70.697
2021-01-15,,69.641
2021-01-18,,69.992
2021-01-19,,70.193
2021-01-20,,71.472
2021-01-21,,72.552
2021-01-22,,71.795
2021-01-25,,71.717
2021-01-26,,71.951
2021-01-27,,70.315
2021-01-28,,71.068
2021-01-29,,69.75
2021-02-01,,71.352
2021-02-02,,72.326
2021-02-03,,72.128
2021-02-04,,72.689
2021-02-05,,72.796
2021-02-08,,73.853
2021-02-09,,73.849
2021-02-10,,73.146
2021-02-11,,74.846
2021-02-12,,75.694
2021-02-15,,76.284
2021-02-16,,76.331
2021-02-17,,74.68
2021-02-18,,74.465
2021-02-19,,75.846
2021-02-22,,74.369
2021-02-23,,73.032
2021-02-24,,73.013
2021-02-25,,72.801
2021-02-26,,71.974
2021-03-01,,73.374
2021-03-02,,72.809
2021-03-03,,71.945
2021-03-04,,69.574
2021-03-05,,68.486
2021-03-08,,69.661
2021-03-09,,71.344
2021-03-10,,70.738
2021-03-11,,72.396
2021-03-12,,71.082
2021-03-15,,71.349
2021-03-16,,72.33
2021-03-17,,71.719
2021-03-18,,71.725
2021-03-19,,71.889
2021-03-22,,73.176
2021-03-23,,72.604
2021-03-24,,73.352
2021-03-25,,73.157
2021-03-26,,75.051
2021-03-29,,74.97
2021-03-30,,75.15
2021-03-31,,75.577
2021-04-01,,77.276
2021-04-06,,77.831
2021-04-07,,77.153
2021-04-08,,78.15
2021-04-09,,78.255
2021-04-12,,77.237
2021-04-13,,77.906
2021-04-14,,78.39
2021-04-15,,78.672
2021-04-16,,79.19
2021-04-19,,78.128
2021-04-20,,76.389
2021-04-21,,77.817
2021-04-22,,79.194
2021-04-23,,79.757
2021-04-26,,79.811
2021-04-27,,79.466
2021-04-28,,79.08
2021-04-29,,78.517
2021-04-30,,77.821
2021-05-03,,77.908
2021-05-04,,74.981
2021-05-05,,77.049
2021-05-06,,76.132
2021-05-07,,77.83
2021-05-10,,76.004
2021-05-11,,74.513
2021-05-12,,73.404
2021-05-13,,73.881
2021-05-14,,75.58
2021-05-17,,74.796
2021-05-18,,75.332
2021-05-19,,73.752
2021-05-20,,75.858
2021-05-21,,75.809
2021-05-24,,76.999
2021-05-25,,77.565
2021-05-26,,77.481
2021-05-27,,77.48
2021-05-28,,78.403
2021-05-31,,78.078
2021-06-01,,78.475
2021-06-02,,78.72
2021-06-03,,78.19
2021-06-04,,79.143
2021-06-07,,78.946
2021-06-08,,79.144
2021-06-09,,79.538
2021-06-10,,80.151
2021-06-11,,80.925
2021-06-14,,81.442
2021-06-15,,81.408
2021-06-16,,81.551
2021-06-17,,81.929
2021-06-18,,79.952
2021-06-21,,80.167
2021-06-22,,80.597
2021-06-23,,79.985
2021-06-24,,81.33
2021-06-25,,81.137
2021-06-28,,81.505
2021-06-29,,81.991
2021-06-30,,81.152
2021-07-01,,80.824
2021-07-02,,81.41
2021-07-05,,81.213
2021-07-06,,81.581
2021-07-07,,82.595
2021-07-08,,80.97
2021-07-09,,82.001
2021-07-12,,82.682
2021-07-13,,83.397
2021-07-14,,83.956
2021-07-15,,82.838
2021-07-16,,82.381
2021-07-19,,80.79
2021-07-20,,80.803
2021-07-21,,82.058
2021-07-22,,83.586
2021-07-23,,84.625
2021-07-26,,84.235
2021-07-27,,82.974
2021-07-28,,84.857
2021-07-29,,85.587
2021-07-30,,85.147
2021-08-02,,86.399
2021-08-03,,86.025
2021-08-04,,87.482
2021-08-05,,88.325
2021-08-06,,87.774
2021-08-09,,88.173
2021-08-10,,88.486
2021-08-11,,87.934
2021-08-12,,88.215
2021-08-13,,87.793
2021-08-16,,87.32
2021-08-17,,87.615
2021-08-18,,87.702
2021-08-19,,86.792
2021-08-20,,87.579
2021-08-23,,88.573
2021-08-24,,88.995
2021-08-25,,89.055
2021-08-26,,88.957
2021-08-27,,89.98
2021-08-30,,90.457
2021-08-31,,90.473
2021-09-01,,91.678
2021-09-02,,92.063
2021-09-03,,91.645
2021-09-06,,93.25
2021-09-07,,92.675
2021-09-08,,91.393
2021-09-09,,91.047
2021-09-10,,91.592
2021-09-13,,91.08
2021-09-14,,92.284
2021-09-15,,91.132
2021-09-16,,91.661
2021-09-17,,90.424
2021-09-20,,88.819
2021-09-21,,90.282
2021-09-22,,90.586
2021-09-23,,92.262
2021-09-24,,90.867
2021-09-27,,89.537
2021-09-28,,85.3
2021-09-29,,84.615
2021-09-30,,84.495
2021-10-01,,83.294
2021-10-04,,81.46
2021-10-05,,83.338
2021-10-06,,82.538
2021-10-07,,84.656
2021-10-08,,83.345
2021-10-11,,82.977
2021-10-12,,82.689
2021-10-13,,84.771
2021-10-14,,86.881
2021-10-15,,87.754
2021-10-18,,87.659
2021-10-19,,88.452
2021-10-20,,87.412
2021-10-21,,87.529
2021-10-22,,88.847
2021-10-25,,88.689
2021-10-26,,89.126
2021-10-27,,89.482
2021-10-28,,90.683
2021-10-29,,90.591
2021-11-01,,90.723
2021-11-02,,90.953
2021-11-03,,91.827
2021-11-04,,93.212
2021-11-05,,93.636
2021-11-08,,93.626
2021-11-09,,93.428
2021-11-10,,92.16
2021-11-11,,92.964
2021-11-12,,93.586
2021-11-15,,94.377
2021-11-16,,94.865
2021-11-17,,95.498
2021-11-18,,95.476
2021-11-19,,95.52
2021-11-22,,93.597
2021-11-23,,90.382
2021-11-24,,90.1
2021-11-25,,90.592
2021-11-26,,87.683
2021-11-29,,89.006
2021-11-30,,88.332
2021-12-01,,91.325
2021-12-02,,87.586
2021-12-03,,86.481
2021-12-06,,86.043
2021-12-07,,90.875
2021-12-08,,89.647
2021-12-09,,88.913
2021-12-10,,88.172
2021-12-13,,88.016
2021-12-14,,85.939
2021-12-15,,87.011
2021-12-16,,87.32
2021-12-17,,86.631
2021-12-20,,85.701
2021-12-21,,87.287
2021-12-22,,88.86
2021-12-23,,89.991
2021-12-24,,89.919
2021-12-27,,91.061
2021-12-28,,91.243
2021-12-29,,90.042
2021-12-30,,90.837
2021-12-31,,90.52
2022-01-03,,90.718
2022-01-04,,89.393
2022-01-05,,88.847
2022-01-06,,86.592
2022-01-07,,86.72
2022-01-10,,83.786
2022-01-11,,85.222
2022-01-12,,86.505
2022-01-13,,87.077
2022-01-14,,85.535
2022-01-17,,86.692
2022-01-18,,84.879
2022-01-19,,84.127
2022-01-20,,85.337
2022-01-21,,83.599
2022-01-24,,78.986
2022-01-25,,77.99
2022-01-26,,79.54
2022-01-27,,78.45
2022-01-28,,77.125
2022-01-31,,79.689
2022-02-01,,80.788
2022-02-02,,80.812
2022-02-03,,77.976
2022-02-04,,77.157
2022-02-07,,77.707
2022-02-08,,77.116
2022-02-09,,79.404
2022-02-10,,78.505
2022-02-11,,76.876
2022-02-14,,75.436
2022-02-15,,76.382
2022-02-16,,76.398
2022-02-17,,75.941
2022-02-18,,74.429
2022-02-21,,72.44
2022-02-22,,73.089
2022-02-23,,72.414
2022-02-24,,71.189
2022-02-25,,74.012
2022-02-28,,74.854
2022-03-01,,72.893
2022-03-02,,73.82
2022-03-03,,72.339
2022-03-04,,68.423
2022-03-07,,68.506
2022-03-08,,66.813
2022-03-09,,71.202
2022-03-10,,69.434
2022-03-11,,69.84
2022-03-14,,69.457
2022-03-15,,69.301
2022-03-16,,73.77
2022-03-17,,74.125
2022-03-18,,76.115
2022-03-21,,75.688
2022-03-22,,76.804
2022-03-23,,75.437
2022-03-24,,75.524
2022-03-25,,75.736
2022-03-28,,75.841
2022-03-29,,77.979
2022-03-30,,76.631
2022-03-31,,75.404
2022-04-01,,75.154
2022-04-04,,76.77
2022-04-05,,75.438
2022-04-06,,72.649
2022-04-07,,71.772
2022-04-08,,71.819
2022-04-11,,70.363
2022-04-12,,70.757
2022-04-13,,70.767
2022-04-14,,70.412
2022-04-19,,70.319
2022-04-20,,72.022
2022-04-21,,72.086
2022-04-22,,70.692
2022-04-25,,68.966
2022-04-26,,67.45
2022-04-27,,67.694
2022-04-28,,69.51
2022-04-29,,70.172
2022-05-02,,68.695
2022-05-03,,69.522
2022-05-04,,68.29
2022-05-05,,68.056
2022-05-06,,66.53
2022-05-09,,63.199
2022-05-10,,63.432
2022-05-11,,65.54
2022-05-12,,65.344
2022-05-13,,67.354
2022-05-16,,66.348
2022-05-17,,67.829
2022-05-18,,65.999
2022-05-19,,65.653
2022-05-20,,65.939
2022-05-23,,67.17
2022-05-24,,65.374
2022-05-25,,65.41
2022-05-26,,66.679
2022-05-27,,68.705
2022-05-30,,70.08
2022-05-31,,68.425
2022-06-01,,67.761
2022-06-02,,68.561
2022-06-03,,67.697
2022-06-06,,69.086
2022-06-07,,68.136
2022-06-08,,68.586
2022-06-09,,67.047
2022-06-10,,64.592
2022-06-13,,61.839
2022-06-14,,61.023
2022-06-15,,62.623
2022-06-16,,59.662
2022-06-17,,60.429
2022-06-20,,60.968
2022-06-21,,61.873
2022-06-22,,61.618
2022-06-23,,61.333
2022-06-24,,63.721
2022-06-27,,64.711
2022-06-28,,63.714
2022-06-29,,62.873
2022-06-30,,61.669
2022-07-01,,60.436
2022-07-04,,59.803
2022-07-05,,58.817
2022-07-06,,60.66
2022-07-07,,62.706
2022-07-08,,63.059
2022-07-11,,62.061
2022-07-12,,61.9
2022-07-13,,61.472
2022-07-14,,61.208
2022-07-15,,62.864
2022-07-18,,63.999
2022-07-19,,65.004
2022-07-20,,66.249
2022-07-21,,67.627
2022-07-22,,67.94
2022-07-25,,67.402
2022-07-26,,66.521
2022-07-27,,67.594
2022-07-28,,68.79
2022-07-29,,69.812
2022-08-01,,70.381
2022-08-02,,69.197
2022-08-03,,71.528
2022-08-04,,72.358
2022-08-05,,70.753
2022-08-08,,71.041
2022-08-09,,68.74
2022-08-10,,70.326
2022-08-11,,70.63
2022-08-12,,70.654
2022-08-15,,71.189
2022-08-16,,70.969
2022-08-17,,69.539
2022-08-18,,70.433
2022-08-19,,69.507
2022-08-22,,67.474
2022-08-23,,67.253
2022-08-24,,67.814
2022-08-25,,68.549
2022-08-26,,66.882
2022-08-29,,65.32
2022-08-30,,64.673
2022-08-31,,64.249
2022-09-01,,62.303
2022-09-02,,64.244
2022-09-05,,63.469
2022-09-06,,63.614
2022-09-07,,63.517
2022-09-08,,64.027
2022-09-09,,65.642
2022-09-12,,66.37
2022-09-13,,64.238
2022-09-14,,64.148
2022-09-15,,62.962
2022-09-16,,61.867
2022-09-19,,62.071
2022-09-20,,61.577
2022-09-21,,62.423
2022-09-22,,59.807
2022-09-23,,58.724
2022-09-26,,59.526
2022-09-27,,59.511
2022-09-28,,59.622
2022-09-29,,57.833
2022-09-30,,58.991
2022-10-03,,59.559
2022-10-04,,62.625
2022-10-05,,62.293
2022-10-06,,62.996
2022-10-07,,60.253
2022-10-10,,59.126
2022-10-11,,58.004
2022-10-12,,57.484
2022-10-13,,57.65
2022-10-14,,57.111
2022-10-17,,58.27
2022-10-18,,58.769
2022-10-19,,59.437
2022-10-20,,60.71
2022-10-21,,60.715
2022-10-24,,61.181
2022-10-25,,63.776
2022-10-26,,63.66
2022-10-27,,62.657
2022-10-28,,62.068
2022-10-31,,61.885
2022-11-01,,62.54
2022-11-02,,61.671
2022-11-03,,60.397
2022-11-04,,61.945
2022-11-07,,62.86
2022-11-08,,64.934
2022-11-09,,64.233
2022-11-10,,69.175
2022-11-11,,70.279
2022-11-14,,71.046
2022-11-15,,72.311
2022-11-16,,70.879
2022-11-17,,71.117
2022-11-18,,71.102
2022-11-21,,70.642
2022-11-22,,70.868
2022-11-23,,71.673
2022-11-24,,71.713
2022-11-25,,71.424
2022-11-28,,70.752
2022-11-29,,69.945
2022-11-30,,70.54
2022-12-01,,72.491
2022-12-02,,72.057
2022-12-05,,71.87
2022-12-06,,70.697
2022-12-07,,70.187
2022-12-08,,70.756
2022-12-09,,71.197
2022-12-12,,70.798
2022-12-13,,73.19
2022-12-14,,72.614
2022-12-15,,69.103
2022-12-16,,68.015
2022-12-19,,67.687
2022-12-20,,66.841
2022-12-21,,68.178
2022-12-22,,66.45
2022-12-23,,65.949
2022-12-27,,65.825
2022-12-28,,65.332
2022-12-29,,66.631
2022-12-30,,65.301
2023-01-02,,66.427
2023-01-03,,67.535
2023-01-04,,68.61
2023-01-05,,69.281
2023-01-06,,70.669
2023-01-09,,72.894
2023-01-10,,72.484
2023-01-11,,73.38
2023-01-12,,73.749
2023-01-13,,74.527
2023-01-16,,74.601
2023-01-17,,74.702
2023-01-18,,75.6
2023-01-19,,73.521
2023-01-20,,73.667
2023-01-23,,75.278
2023-01-24,,75.241
2023-01-25,,74.847
2023-01-26,,75.689
2023-01-27,,76.269
2023-01-30,,75.006
2023-01-31,,75.006
2023-02-01,,75.558
2023-02-02,,79.093
2023-02-03,,79.556
2023-02-06,,78.155
2023-02-07,,77.885
2023-02-08,,77.636
2023-02-09,,78.4
2023-02-10,,76.773
2023-02-13,,77.588
2023-02-14,,77.533
2023-02-15,,78.197
2023-02-16,,78.125
2023-02-17,,76.851
2023-02-20,,76.397
2023-02-21,,75.301
2023-02-22,,75.054
2023-02-23,,75.377
2023-02-24,,73.861
2023-02-27,,75.159
2023-02-28,,74.6
2023-03-01,,74.375
2023-03-02,,74.381
2023-03-03,,75.641
2023-03-06,,76.213
2023-03-07,,74.866
2023-03-08,,75.48
2023-03-09,,75.635
2023-03-10,,74.595
2023-03-13,,72.761
2023-03-14,,74.331
2023-03-15,,72.52
2023-03-16,,74.641
2023-03-17,,74.662
2023-03-20,,74.91
2023-03-21,,75.275
2023-03-22,,75.532
2023-03-23,,77.205
2023-03-24,,75.521
2023-03-27,,75.688
2023-03-28,,74.581
2023-03-29,,76.599
2023-03-30,,78.556
2023-03-31,,78.984
2023-04-03,,78.054
2023-04-04,,78.208
2023-04-05,,76.902
2023-04-06,,77.111
2023-04-11,,77.163
2023-04-12,,76.323
2023-04-13,,76.867
2023-04-14,,77.062
2023-04-17,,76.219
2023-04-18,,76.814
2023-04-19,,75.368
2023-04-20,,75.136
2023-04-21,,75.852
2023-04-24,,75.173
2023-04-25,,74.821
2023-04-26,,74.279
2023-04-27,,74.597
2023-04-28,,75.35
2023-05-02,,75.464
2023-05-03,,75.504
2023-05-04,,75.142
2023-05-05,,76.047
2023-05-08,,76.229
2023-05-09,,75.415
2023-05-10,,76.434
2023-05-11,,76.023
2023-05-12,,76.53
2023-05-15,,76.608
2023-05-16,,77.3
2023-05-17,,77.739
2023-05-18,,79.802
2023-05-19,,80.234
2023-05-22,,80.481
2023-05-23,,79.498
2023-05-24,,77.62
2023-05-25,,78.957
2023-05-26,,81.262
2023-05-29,,80.771
2023-05-30,,81.174
2023-05-31,,80.721
2023-06-01,,81.655
2023-06-02,,82.196
2023-06-05,,81.809
2023-06-06,,81.713
2023-06-07,,81.799
2023-06-08,,81.565
2023-06-09,,81.626
2023-06-12,,82.549
2023-06-13,,83.934
2023-06-14,,83.928
2023-06-15,,83.408
2023-06-16,,83.244
2023-06-19,,82.799
2023-06-20,,81.876
2023-06-21,,80.52
2023-06-22,,80.599
2023-06-23,,79.417
2023-06-26,,79.7
2023-06-27,,79.973
2023-06-28,,81.506
2023-06-29,,81.688
2023-06-30,,82.457
2023-07-03,,81.927
2023-07-04,,82.263
2023-07-05,,81.27
2023-07-06,,78.747
2023-07-07,,79.412
2023-07-10,,79.824
2023-07-11,,79.701
2023-07-12,,81.8
2023-07-13,,83.244
2023-07-14,,84.127
2023-07-17,,82.994
2023-07-18,,82.894
2023-07-19,,82.608
2023-07-20,,80.651
2023-07-21,,80.262
2023-07-24,,79.697
2023-07-25,,80.645
2023-07-26,,79.677
2023-07-27,,83.119
2023-07-28,,82.764
2023-07-31,,82.758
2023-08-01,,82.269
2023-08-02,,80.753
2023-08-03,,79.297
2023-08-04,,79.351
2023-08-07,,79.46
2023-08-08,,78.52
2023-08-09,,78.662
2023-08-10,,79.837
2023-08-11,,78.199
2023-08-14,,78.471
2023-08-15,,77.898
2023-08-16,,77.911
2023-08-17,,76.513
2023-08-18,,76.608
2023-08-21,,76.794
2023-08-22,,78.298
2023-08-23,,78.898
2023-08-24,,77.042
2023-08-25,,76.557
2023-08-28,,77.818
2023-08-29,,78.847
2023-08-30,,78.6
2023-08-31,,78.589
2023-09-01,,78.67
2023-09-04,,79.003
2023-09-05,,79.164
2023-09-06,,79.044
2023-09-07,,77.546
2023-09-08,,77.45
2023-09-11,,76.935
2023-09-12,,76.406
2023-09-13,,76.047
2023-09-14,,76.955
2023-09-15,,75.858
2023-09-18,,74.886
2023-09-19,,74.373
2023-09-20,,74.927
2023-09-21,,73.948
2023-09-22,,74.513
2023-09-25,,74.057
2023-09-26,,72.696
2023-09-27,,73.026
2023-09-28,,73.408
2023-09-29,,74.144
2023-10-02,,74.096
2023-10-03,,73.03
2023-10-04,,73.843
2023-10-05,,73.339
2023-10-06,,74.739
2023-10-09,,73.801
2023-10-10,,75.768
2023-10-11,,75.651
2023-10-12,,76.583
2023-10-13,,74.599
2023-10-16,,74.562
2023-10-17,,74.488
2023-10-18,,72.788
2023-10-19,,73.178
2023-10-20,,71.448
2023-10-23,,71.734
2023-10-24,,72.584
2023-10-25,,72.725
2023-10-26,,72.878
2023-10-27,,72.61
2023-10-30,,71.868
2023-10-31,,72.932
2023-11-01,,73.556
2023-11-02,,75.689
2023-11-03,,76.479
2023-11-06,,76.131
2023-11-07,,77.245
2023-11-08,,77.456
2023-11-09,,78.356
2023-11-10,,78.142
2023-11-13,,78.767
2023-11-14,,80.183
2023-11-15,,81.889
2023-11-16,,81.357
2023-11-17,,81.819
2023-11-20,,82.491
2023-11-21,,81.894
2023-11-22,,82.968
2023-11-23,,82.896
2023-11-24,,82.709
2023-11-27,,82.675
2023-11-28,,82.581
2023-11-29,,83.932
2023-11-30,,83.711
2023-12-01,,84.723
2023-12-04,,84.096
2023-12-05,,84.834
2023-12-06,,85.62
2023-12-07,,85.415
2023-12-08,,86.251
2023-12-11,,86.7
2023-12-12,,87.047
2023-12-13,,87.019
2023-12-14,,87.798
2023-12-15,,88.8
2023-12-18,,87.077
2023-12-19,,87.514
2023-12-20,,87.242
2023-12-21,,87.11
2023-12-22,,86.41
2023-12-27,,87.092
2023-12-28,,86.9
2023-12-29,,86.728
2024-01-02,,85.218
2024-01-03,,83.516
2024-01-04,,83.217
2024-01-05,,83.052
2024-01-08,,83.997
2024-01-09,,83.864
2024-01-10,,83.82
2024-01-11,,83.583
2024-01-12,,84.474
2024-01-15,,84.024
2024-01-16,,84.185
2024-01-17,,83.543
2024-01-18,,86.145
2024-01-19,,86.661
2024-01-22,,88.411
2024-01-23,,88.37
2024-01-24,,92.716
2024-01-25,,94.346
2024-01-26,,93.583
2024-01-29,,93.752
2024-01-30,,93.944
2024-01-31,,93.337
2024-02-01,,93.562
2024-02-02,,93.789
2024-02-05,,94.381
2024-02-06,,95.16
2024-02-07,,95.878
2024-02-08,,96.717
2024-02-09,,97.906
2024-02-12,,98.086
2024-02-13,,95.43
2024-02-14,,96.383
2024-02-15,,96.545
2024-02-16,,97.396
2024-02-19,,96.534
2024-02-20,,94.777
2024-02-21,,94.634
2024-02-22,,97.585
2024-02-23,,97.343
2024-02-26,,97.76
2024-02-27,,98.747
2024-02-28,,97.419
2024-02-29,,97.156
2024-03-01,,98.682
2024-03-04,,99.413
2024-03-05,,97.776
2024-03-06,,98.998
2024-03-07,,101.179
2024-03-08,,99.597
2024-03-11,,97.488
2024-03-12,,99.109
2024-03-13,,98.477
2024-03-14,,97.884
2024-03-15,,96.123
2024-03-18,,96.398
2024-03-19,,96.02
2024-03-20,,96.014
2024-03-21,,99.064
2024-03-22,,98.326
2024-03-25,,98.364
2024-03-26,,98.413
2024-03-27,,98.052
2024-03-28,,97.639
2024-04-02,,96.865
2024-04-03,,97.661
2024-04-04,,97.604
2024-04-05,,97.405
2024-04-08,,97.988
2024-04-09,,96.985
2024-04-10,,97.451
2024-04-11,,97.127
2024-04-12,,96.618
2024-04-15,,96.807
2024-04-16,,96.004
2024-04-17,,93.488
2024-04-18,,92.693
2024-04-19,,91.125
2024-04-22,,91.088
2024-04-23,,93.466
2024-04-24,,94.61
2024-04-25,,93.624
2024-04-26,,95.396
2024-04-29,,94.568
2024-04-30,,93.38
2024-05-02,,92.365
2024-05-03,,93.864
2024-05-06,,94.938
2024-05-07,,96.555
2024-05-08,,96.474
2024-05-09,,97.051
2024-05-10,,97.938
2024-05-13,,97.676
2024-05-14,,97.861
2024-05-15,,98.9
2024-05-16,,99.119
2024-05-17,,98.677
2024-05-20,,99.545
2024-05-21,,98.958
2024-05-22,,99.581
2024-05-23,,100.695
2024-05-24,,100.409
2024-05-27,,100.547
2024-05-28,,100.382
2024-05-29,,99.201
2024-05-30,,98.288
2024-05-31,,97.02
2024-06-03,,97.756
2024-06-04,,97.624
2024-06-05,,101.236
2024-06-06,,102.569
2024-06-07,,102.919
2024-06-10,,102.881
2024-06-11,,102.241
2024-06-12,,104.695
2024-06-13,,102.869
2024-06-14,,100.963
2024-06-17,,101.52
2024-06-18,,102.308
2024-06-19,,101.233
2024-06-20,,103.01
2024-06-21,,101.68
2024-06-24,,101.009
2024-06-25,,101.113
2024-06-26,,101.32
2024-06-27,,101.494
2024-06-28,,101.97
2024-07-01,,101.073
2024-07-02,,101.441
2024-07-03,,103.101
2024-07-04,,103.153
2024-07-05,,103.88
2024-07-08,,103.729
2024-07-09,,102.183
2024-07-10,,103.226
2024-07-11,,103.114
2024-07-12,,104.587
2024-07-15,,103.651
2024-07-16,,102.741
2024-07-17,,98.229
2024-07-18,,96.454
2024-07-19,,95.454
2024-07-22,,97.124
2024-07-23,,98.585
2024-07-24,,96.161
2024-07-25,,93.535
2024-07-26,,94.194
2024-07-29,,93.364
2024-07-30,,93.508
2024-07-31,,95.814
2024-08-01,,94.198
2024-08-02,,88.51
2024-08-05,,87.525
2024-08-06,,89.052
2024-08-07,,90.582
2024-08-08,,90.583
2024-08-09,,90.446
2024-08-12,,90.636
2024-08-13,,91.2
2024-08-14,,91.396
2024-08-15,,93.859
2024-08-16,,94.004
2024-08-19,,94.411
2024-08-20,,94.222
2024-08-21,,94.883
2024-08-22,,94.579
2024-08-23,,94.009
2024-08-26,,92.985
2024-08-27,,93.299
2024-08-28,,93.174
2024-08-29,,95.192
2024-08-30,,94.818
2024-09-02,,95.156
2024-09-03,,92.927
2024-09-04,,89.951
2024-09-05,,88.965
2024-09-06,,86.957
2024-09-09,,87.372
2024-09-10,,87.216
2024-09-11,,88.378
2024-09-12,,90.124
2024-09-13,,91.16
2024-09-16,,90.132
2024-09-17,,90.957
2024-09-18,,90.357
2024-09-19,,93.456
2024-09-20,,90.853
2024-09-23,,91.277
2024-09-24,,92.06
2024-09-25,,92.232
2024-09-26,,95.156
2024-09-27,,96.16
2024-09-30,,94.644
2024-10-01,,94.177
2024-10-02,,95.022
2024-10-03,,94.131
2024-10-04,,94.491
2024-10-07,,93.899
2024-10-08,,93.748
2024-10-09,,94.948
2024-10-10,,94.088
2024-10-11,,94.627
2024-10-14,,96.3
2024-10-15,,90.628
2024-10-16,,88.765
2024-10-17,,89.056
2024-10-18,,90.754
2024-10-21,,89.733
2024-10-22,,90.416
2024-10-23,,90.235
2024-10-24,,90.547
2024-10-25,,90.792
2024-10-28,,90.983
2024-10-29,,91.147
2024-10-30,,88.813
2024-10-31,,87.011
2024-11-01,,88.019
2024-11-04,,87.08
2024-11-05,,87.132
2024-11-06,,86.599
2024-11-07,,88.499
2024-11-08,,88.0
2024-11-11,,88.663
2024-11-12,,88.505
2024-11-13,,87.67
2024-11-14,,90.354
2024-11-15,,87.742
2024-11-18,,87.588
2024-11-19,,87.117
2024-11-20,,87.09
2024-11-21,,87.916
2024-11-22,,89.075
2024-11-25,,89.967
2024-11-26,,89.113
2024-11-27,,87.863
2024-11-28,,88.647
2024-11-29,,90.45
2024-12-02,,91.235
2024-12-03,,92.086
2024-12-04,,93.581
2024-12-05,,94.0
2024-12-06,,94.515
2024-12-09,,94.88
2024-12-10,,94.312
2024-12-11,,94.552
2024-12-12,,94.707
2024-12-13,,94.648
2024-12-16,,94.268
2024-12-17,,94.809
2024-12-18,,95.834
2024-12-19,,93.635
2024-12-20,,93.388
2024-12-23,,93.295
2024-12-24,,94.034
2024-12-27,,93.924
2024-12-30,,93.039
2024-12-31,,93.686
2025-01-02,,93.76
2025-01-03,,92.747
2025-01-06,,96.626
2025-01-07,,96.762
2025-01-08,,95.464
2025-01-09,,97.429
2025-01-10,,95.075
2025-01-13,,93.921
2025-01-14,,94.259
2025-01-15,,95.581
2025-01-16,,97.506
2025-01-17,,97.784
2025-01-20,,98.34
2025-01-21,,97.76
2025-01-22,,99.15
2025-01-23,,97.619
2025-01-24,,97.332
2025-01-27,,94.197
2025-01-28,,94.411
2025-01-29,,96.726
2025-01-30,,97.666
2025-01-31,,99.264
2025-02-03,,97.87
2025-02-04,,99.624
2025-02-05,,99.71
2025-02-06,,100.688
2025-02-07,,99.758
2025-02-10,,100.986
2025-02-11,,101.685
2025-02-12,,101.917
2025-02-13,,103.419
2025-02-14,,103.523
2025-02-17,,104.01
2025-02-18,,102.91
2025-02-19,,102.429
2025-02-20,,102.343
2025-02-21,,102.684
2025-02-24,,101.758
2025-02-25,,100.256
2025-02-26,,101.402
2025-02-27,,99.195
2025-02-28,,97.803
2025-03-03,,99.146
2025-03-04,,95.437
2025-03-05,,97.738
2025-03-06,,98.284
2025-03-07,,97.048
2025-03-10,,93.866
2025-03-11,,92.265
2025-03-12,,93.409
2025-03-13,,92.499
2025-03-14,,94.406
2025-03-17,,95.091
2025-03-18,,95.705
2025-03-19,,96.62
2025-03-20,,95.817
2025-03-21,,94.95
2025-03-24,,96.167
2025-03-25,,96.673
2025-03-26,,94.805
2025-03-27,,93.301
2025-03-28,,91.949
2025-03-31,,90.089
2025-04-01,,91.66
2025-04-02,,91.289
2025-04-03,,87.234
2025-04-04,,83.922
2025-04-07,,80.324
2025-04-08,,82.697
2025-04-09,,79.693
2025-04-10,,83.154
2025-04-11,,82.529
2025-04-14,,84.563
2025-04-15,,86.783
2025-04-16,,84.967
2025-04-17,,84.062
2025-04-22,,83.588
2025-04-23,,86.733
2025-04-24,,87.705
2025-04-25,,88.425
2025-04-28,,88.314
2025-04-29,,88.909
2025-04-30,,89.067
2025-05-02,,92.252
2025-05-05,,92.205
2025-05-06,,91.73
2025-05-07,,91.564
2025-05-08,,93.193
2025-05-09,,93.416
2025-05-12,,96.621
2025-05-13,,98.542
2025-05-14,,97.945
2025-05-15,,98.084
2025-05-16,,97.545
2025-05-19,,97.119
2025-05-20,,97.07
2025-05-21,,97.61
2025-05-22,,96.977
2025-05-23,,95.396
2025-05-26,,96.607
2025-05-27,,97.823
2025-05-28,,96.924
2025-05-29,,96.803
2025-05-30,,96.095
2025-06-02,,95.207
2025-06-03,,96.141
2025-06-04,,97.3
2025-06-05,,97.741
2025-06-06,,98.216
2025-06-09,,98.753
2025-06-10,,99.117
2025-06-11,,99.111
2025-06-12,,97.827
2025-06-13,,96.316
2025-06-16,,97.209
2025-06-17,,96.404
2025-06-18,,95.945
2025-06-19,,94.365
2025-06-20,,94.519
2025-06-23,,95.144
2025-06-24,,97.006
2025-06-25,,96.584
2025-06-26,,95.935
2025-06-27,,97.459
2025-06-30,,97.295
2025-07-01,,96.287
2025-07-02,,96.059
2025-07-03,,97.672
2025-07-04,,96.176
2025-07-07,,97.403
2025-07-08,,98.359
2025-07-09,,98.648
2025-07-10,,99.278
2025-07-11,,98.283
2025-07-14,,97.824
2025-07-15,,98.676
2025-07-16,,96.521
2025-07-17,,98.448
2025-07-18,,97.952
2025-07-21,,97.704
2025-07-22,,96.099
2025-07-23,,95.024
2025-07-24,,94.214
2025-07-25,,93.612
2025-07-28,,94.275
2025-07-29,,94.703
2025-07-30,,95.1
2025-07-31,,94.158
2025-08-01,,91.736
2025-08-04,,92.161
2025-08-05,,92.344
2025-08-06,,91.807
2025-08-07,,93.448
2025-08-08,,92.998
2025-08-11,,93.01
2025-08-12,,91.092
2025-08-13,,92.289
2025-08-14,,92.534
2025-08-15,,92.106
2025-08-18,,91.97
2025-08-19,,92.32
2025-08-20,,91.887
2025-08-21,,91.41
2025-08-22,,92.227
2025-08-25,,92.24
2025-08-26,,91.806
2025-08-27,,92.478
2025-08-28,,92.37
2025-08-29,,90.651
