,WPEA FP Equity_DX_SI_QTY,WPEA FP Equity_DX_SHORT_INTEREST_VALUE,WPEA FP Equity_DX_SHORT_INT_RATIO_DAYS_TO_COVER,WPEA FP Equity_DX_SHORT_INTEREST_PCT_SHARES_OUT,WPEA FP Equity_DX_SI_MV,WPEA FP Equity_DX_BROKER_SHORT_INTEREST_VALUE,WPEA FP Equity_DX_SUPPLY_SI_QTY,WPEA FP Equity_DX_BROKER_SI_QTY,WPEA FP Equity_DX_SUPPLY_SIDE_SHORT_INT_VAL,WPEA FP Equity_DX_SUPPLY_SI_QTY_INC_x,WPEA FP Equity_DX_BROKER_SI_MV_INC_x,WPEA FP Equity_DX_BROKER_SI_QTY_ADD,WPEA FP Equity_DX_SUPPLY_SI_MV_DEC,WPEA FP Equity_DX_BROKER_SI_QTY_INC,WPEA FP Equity_DX_SUPPLY_SI_QTY_DEC,WPEA FP Equity_DX_BROKER_SI_MV_INC_y,WPEA FP Equity_DX_SUPPLY_SI_QTY_INC_y,WPEA FP Equity_DX_BROKER_SI_MV_ADD,WPEA FP Equity_DX_SUPPLY_SI_QTY_ADD,WPEA FP Equity_DX_BROKER_SI_QTY_DEC,WPEA FP Equity_DX_SUPPLY_SI_MV,WPEA FP Equity_DX_BROKER_SI_MV_DEC,WPEA FP Equity_DX_ACTIVE_UTILIZATION_QUANTITY,WPEA FP Equity_DX_UTILIZATION_QUANTITY,WPEA FP Equity_DX_ACTIVE_AVAIL_SUPPLY_QTY,WPEA FP Equity_DX_ACTIVE_AVAILABILITY_VALUE,WPEA FP Equity_DX_ACTIVE_AVAIL_SUPPLY_MV,WPEA FP Equity_DX_ACTIVE_UTILIZATION_MV,WPEA FP Equity_DX_BROKER_SI_MARKET_SHARE_2,WPEA FP Equity_DX_BROKER_SI_CON_RATIO,WPEA FP Equity_DX_BROKER_SI_MARKET_SHARE_1,WPEA FP Equity_DX_DEMAND_SUPPLY_RATIO,WPEA FP Equity_PX_LAST
2024-04-02,,,,,,,,,,,,,,,,,,,,,,,,,,,,,,,,,5.0
2024-04-03,,,,,,,,,,,,,,,,,,,,,,,,,,,,,,,,,5.01
2024-04-04,,,,,,,,,,,,,,,,,,,,,,,,,,,,,,,,,4.9995
2024-04-05,,,,,,,,,,,,,,,,,,,,,,,,,,,,,,,,,4.9619
2024-04-08,,,,,,,,,,,,,,,,,,,,,,,,,,,,,,,,,4.9713
2024-04-09,,,,,,,,,,,,,,,,,,,,,,,,,,,,,,,,,4.9449
2024-04-10,,,,,,,,,,,,,,,,,,,,,,,,,,,,,,,,,4.9678
2024-04-11,,,,,,,,,,,,,,,,,,,,,,,,,,,,,,,,,4.975
2024-04-12,,,,,,,,,,,,,,,,,,,,,,,,,,,,,,,,,4.9985
2024-04-15,,,,,,,,,,,,,,,,,,,,,,,,,,,,,,,,,4.987
2024-04-16,,,,,,,,,,,,,,,,,,,,,,,,,,,,,,,,,4.9092
2024-04-17,,,,,,,,,,,,,,,,,,,,,,,,,,,,,,,,,4.8813
2024-04-18,,,,,,,,,,,,,,,,,,,,,,,,,,,,,,,,,4.892
2024-04-19,,,,,,,,,,,,,,,,,,,,,,,,,,,,,,,,,4.8473
2024-04-22,,,,,,,,,,,,,,,,,,,,,,,,,,,,,,,,,4.854
2024-04-23,,,,,,,,,,,,,,,,,,,,,,,,,,,,,,,,,4.9071
2024-04-24,,,,,,,,,,,,,,,,,,,,,,,,,,,,,,,,,4.9098
2024-04-25,,,,,,,,,,,,,,,,,,,,,,,,,,,,,,,,,4.8498
2024-04-26,,,,,,,,,,,,,,,,,,,,,,,,,,,,,,,,,4.9388
2024-04-29,,,,,,,,,,,,,,,,,,,,,,,,,,,,,,,,,4.9399
2024-04-30,,,,,,,,,,,,,,,,,,,,,,,,,,,,,,,,,4.926
2024-05-02,,,,,,,,,,,,,,,,,,,,,,,,,,,,,,,,,4.8969
2024-05-03,,,,,,,,,,,,,,,,,,,,,,,,,,,,,,,,,4.9315
2024-05-06,,,,,,,,,,,,,,,,,,,,,,,,,,,,,,,,,4.9676
2024-05-07,,,,,,,,,,,,,,,,,,,,,,,,,,,,,,,,,5.0005
2024-05-08,,,,,,,,,,,,,,,,,,,,,,,,,,,,,,,,,5.0016
2024-05-09,,,,,,,,,,,,,,,,,,,,,,,,,,,,,,,,,5.0112
2024-05-10,,,,,,,,,,,,,,,,,,,,,,,,,,,,,,,,,5.0279
2024-05-13,,,,,,,,,,,,,,,,,,,,,,,,,,,,,,,,,5.0224
2024-05-14,,,,,,,,,,,,,,,,,,,,,,,,,,,,,,,,,5.0152
2024-05-15,,,,,,,,,,,,,,,,,,,,,,,,,,,,,,,,,5.0535
2024-05-16,0.0,0.0,0.0,0.0,0.0,0.0,0.0,0.0,0.0,,,,,,,,,,,,0.0,,0.0,0.0,100.0,507.59,0.0,0.0,,0.0,,0.0,5.0759
2024-05-17,0.0,0.0,0.0,0.0,0.0,0.0,0.0,0.0,0.0,,,,,,,,,,,,0.0,,0.0,0.0,100.0,505.93,0.0,0.0,,0.0,,0.0,5.0593
2024-05-20,0.0,0.0,0.0,0.0,0.0,0.0,0.0,0.0,0.0,,,,,,,,,,,,0.0,,0.0,0.0,300.0,1526.97,0.0,0.0,,0.0,,0.0,5.0899
2024-05-21,,,,,,,,,,,,,,,,,,,,,,,,,,,,,,,,,5.0762
2024-05-22,58200.0,295591.98,0.23,0.55,0.29,147795.99,29100.0,29100.0,147795.99,,,29100.0,,,,,,0.15,29100.0,,0.15,,100.0,100.0,0.0,0.0,0.0,100.0,,1.0,100.0,2.0,5.0789
2024-05-23,58200.0,295749.12,0.24,0.51,0.29,147874.56,29100.0,29100.0,147874.56,,,,,,,,,,,,0.15,,100.0,100.0,0.0,0.0,0.0,100.0,,1.0,100.0,2.0,5.0816
2024-05-24,0.0,0.0,0.0,0.0,0.0,0.0,0.0,0.0,0.0,,,,0.15,,29100.0,,,,,29100.0,0.0,0.15,0.0,0.0,29100.0,147359.49,0.15,0.0,,0.0,,0.0,5.0639
2024-05-27,,,,,,,,,,,,,,,,,,,,,,,,,,,,,,,,,5.0735
2024-05-28,,,,,,,,,,,,,,,,,,,,,,,,,,,,,,,,,5.0526
2024-05-29,64400.0,324189.6,0.27,0.55,0.33,162094.8,32200.0,32200.0,162094.8,,,32200.0,,,,,,0.16,32200.0,,0.16,,100.0,100.0,0.0,0.0,0.0,100.0,,1.0,100.0,2.0,5.034
2024-05-30,64400.0,323210.72,0.27,0.55,0.32,161605.36,32200.0,32200.0,161605.36,,,,,,,,,,,,0.16,,100.0,100.0,0.0,0.0,0.0,100.0,,1.0,100.0,2.0,5.0188
2024-05-31,64400.0,321317.36,0.28,0.5,0.32,160658.68,32200.0,32200.0,160658.68,,,,,,,,,,,,0.16,,100.0,100.0,0.0,0.0,0.0,100.0,,1.0,100.0,2.0,4.9894
2024-06-03,0.0,0.0,0.0,0.0,0.0,0.0,0.0,0.0,0.0,,,,0.16,,32200.0,,,,,32200.0,0.0,0.16,0.0,0.0,32200.0,161747.04,0.17,0.0,,0.0,,0.0,5.0232
2024-06-04,0.0,0.0,0.0,0.0,0.0,0.0,0.0,0.0,0.0,,,,,,,,,,,,0.0,,0.0,0.0,32200.0,161402.5,0.17,0.0,,0.0,,0.0,5.0125
2024-06-05,0.0,0.0,0.0,0.0,0.0,0.0,0.0,0.0,0.0,,,,,,,,,,,,0.0,,0.0,0.0,32200.0,163334.5,0.17,0.0,,0.0,,0.0,5.0725
2024-06-06,2270.0,11554.98,0.01,0.02,0.01,11554.98,2270.0,2270.0,11554.98,,,2270.0,,,,,,0.01,2270.0,,0.01,,100.0,100.0,0.0,0.0,0.0,100.0,,1.0,100.0,1.0,5.0903
2024-06-07,2270.0,11618.09,0.01,0.02,0.01,11618.09,2270.0,2270.0,11618.09,,,,,,,,,,,,0.01,,100.0,7.05,0.0,0.0,0.0,100.0,,1.0,100.0,0.0705,5.1181
2024-06-10,2270.0,11663.94,0.01,0.02,0.01,11663.94,2270.0,2270.0,11663.94,,,,,,,,,,,,0.01,,100.0,100.0,0.0,0.0,0.0,100.0,,1.0,100.0,1.0,5.1383
2024-06-11,67400.0,345809.18,0.27,0.48,0.34,172904.59,33700.0,33700.0,172904.59,31430.0,,33700.0,,,,,31430.0,0.17,,2270.0,0.17,0.01,100.0,100.0,0.0,0.0,0.0,100.0,,1.0,100.0,2.0,5.1307
2024-06-12,67400.0,347716.6,0.27,0.44,0.35,173858.3,33700.0,33700.0,173858.3,,,,,,,,,,,,0.17,,100.0,100.0,0.0,0.0,0.0,100.0,,1.0,100.0,2.0,5.159
2024-06-13,33700.0,173838.08,0.13,0.22,0.17,0.0,33700.0,0.0,173838.08,,,,,,,,,,,33700.0,0.17,0.17,100.0,100.0,0.0,0.0,0.0,100.0,,1.0,100.0,1.0,5.1584
2024-06-14,,,,,,,,,,,,,,,,,,,,,,,,,,,,,,,,,5.1735
2024-06-17,,,,,,,,,,,,,,,,,,,,,,,,,,,,,,,,,5.1754
2024-06-18,0.0,0.0,0.0,0.0,0.0,0.0,0.0,0.0,0.0,,,,,,,,,,,,0.0,,0.0,0.0,200.0,1040.84,0.0,0.0,,0.0,,0.0,5.2042
2024-06-19,,,,,,,,,,,,,,,,,,,,,,,,,,,,,,,,,5.2094
2024-06-20,73200.0,382894.56,0.28,0.48,0.38,191447.28,36600.0,36600.0,191447.28,,,36600.0,,,,,,0.19,36600.0,,0.19,,100.0,100.0,0.0,0.0,0.0,100.0,,1.0,100.0,2.0,5.2308
2024-06-21,73200.0,381518.4,0.27,0.48,0.38,190759.2,36600.0,36600.0,190759.2,,,,,,,,,,,,0.19,,100.0,100.0,0.0,0.0,0.0,100.0,,1.0,100.0,2.0,5.212
2024-06-24,73200.0,382177.2,0.26,0.45,0.38,191088.6,36600.0,36600.0,191088.6,,,,,,,,,,,,0.19,,100.0,100.0,0.0,0.0,0.0,100.0,,1.0,100.0,2.0,5.221
2024-06-25,,,,,,,,,,,,,,,,,,,,,,,,,,,,,,,,,5.2172
2024-06-26,0.0,0.0,0.0,0.0,0.0,0.0,0.0,0.0,0.0,,,,,,,,,,,,0.0,,0.0,0.0,200.0,1043.12,0.0,0.0,,0.0,,0.0,5.2156
2024-06-27,,,,,,,,,,,,,,,,,,,,,,,,,,,,,,,,,5.2155
2024-06-28,1556.0,8147.06,0.01,0.01,0.01,8147.06,1556.0,1556.0,8147.06,,,1556.0,,,,,,0.01,1556.0,,0.01,,100.0,100.0,0.0,0.0,0.0,100.0,,1.0,100.0,1.0,5.2359
2024-07-01,1556.0,8097.42,0.01,0.01,0.01,8097.42,1556.0,1556.0,8097.42,,,,,,,,,,,,0.01,,100.0,100.0,0.0,0.0,0.0,100.0,,1.0,100.0,1.0,5.204
2024-07-02,1556.0,8110.49,0.01,0.01,0.01,8110.49,1556.0,1556.0,8110.49,,,,,,,,,,,,0.01,,100.0,100.0,0.0,0.0,0.0,100.0,,1.0,100.0,1.0,5.2124
2024-07-03,1556.0,8137.26,0.01,0.01,0.01,8137.26,1556.0,1556.0,8137.26,,,,,,,,,,,,0.01,,100.0,100.0,0.0,0.0,0.0,100.0,,1.0,100.0,1.0,5.2296
2024-07-04,0.0,0.0,0.0,0.0,0.0,0.0,0.0,0.0,0.0,,,,0.01,,1556.0,,,,,1556.0,0.0,0.01,0.0,0.0,1400.0,7336.84,0.01,0.0,,0.0,,0.0,5.2406
2024-07-05,0.0,0.0,0.0,0.0,0.0,0.0,0.0,0.0,0.0,,,,,,,,,,,,0.0,,0.0,0.0,1400.0,7339.92,0.01,0.0,,0.0,,0.0,5.2428
2024-07-08,,,,,,,,,,,,,,,,,,,,,,,,,,,,,,,,,5.2518
2024-07-09,73400.0,386039.96,0.23,0.39,0.38,193019.98,36700.0,36700.0,193019.98,,,36700.0,,,,,,0.19,36700.0,,0.19,,100.0,100.0,0.0,0.0,0.0,100.0,,1.0,100.0,2.0,5.2594
2024-07-10,73400.0,387625.4,0.22,0.37,0.38,193812.7,36700.0,36700.0,193812.7,,,,,,,,,,,,0.19,,100.0,100.0,0.0,0.0,0.0,100.0,,1.0,100.0,2.0,5.281
2024-07-11,0.0,0.0,0.0,0.0,0.0,0.0,0.0,0.0,0.0,,,,0.19,,36700.0,,,,,36700.0,0.0,0.19,0.0,0.0,200.0,1054.52,0.0,0.0,,0.0,,0.0,5.2726
2024-07-12,0.0,0.0,0.0,0.0,0.0,0.0,0.0,0.0,0.0,,,,,,,,,,,,0.0,,0.0,0.0,1400.0,7418.46,0.01,0.0,,0.0,,0.0,5.2989
2024-07-15,,,,,,,,,,,,,,,,,,,,,,,,,,,,,,,,,5.2981
2024-07-16,76200.0,404294.34,0.23,0.38,0.4,202147.17,38100.0,38100.0,202147.17,,,38100.0,,,,,,0.2,38100.0,,0.2,,100.0,100.0,0.0,0.0,0.0,100.0,,1.0,100.0,2.0,5.3057
2024-07-17,76200.0,400171.92,0.23,0.36,0.41,200085.96,38100.0,38100.0,200085.96,,,,,,,,,,,,0.2,,100.0,100.0,0.0,0.0,0.0,100.0,,1.0,100.0,2.0,5.2516
2024-07-18,,,,,,,,,,,,,,,,,,,,,,,,,,,,,,,,,5.2168
2024-07-19,76400.0,396378.48,0.23,0.35,0.4,198189.24,38200.0,38200.0,198189.24,,,38200.0,,,,,,0.2,38200.0,,0.2,,100.0,100.0,0.0,0.0,0.0,100.0,,1.0,100.0,2.0,5.1882
2024-07-22,76400.0,398150.96,0.22,0.35,0.4,199075.48,38200.0,38200.0,199075.48,,,,,,,,,,,,0.2,,100.0,100.0,0.0,0.0,0.0,100.0,,1.0,100.0,2.0,5.2114
2024-07-23,39600.0,208339.56,0.12,0.18,0.21,104169.78,19800.0,19800.0,104169.78,,,,0.1,,18400.0,,,,,18400.0,0.1,0.1,100.0,100.0,0.0,0.0,0.0,100.0,,1.0,100.0,2.0,5.2611
2024-07-24,,,,,,,,,,,,,,,,,,,,,,,,,,,,,,,,,5.1708
2024-07-25,,,,,,,,,,,,,,,,,,,,,,,,,,,,,,,,,5.1431
2024-07-26,,,,,,,,,,,,,,,,,,,,,,,,,,,,,,,,,5.1573
2024-07-29,1309.0,6760.33,0.0,0.01,0.01,6760.33,1309.0,1309.0,6760.33,,,1309.0,,,,,,0.01,1309.0,,0.01,,100.0,100.0,0.0,0.0,0.0,100.0,,1.0,100.0,1.0,5.1645
2024-07-30,1309.0,6765.44,0.0,0.01,0.01,6765.44,1309.0,1309.0,6765.44,,,,,,,,,,,,0.01,,100.0,100.0,0.0,0.0,0.0,100.0,,1.0,100.0,1.0,5.1684
2024-07-31,,,,,,,,,,,,,,,,,,,,,,,,,,,,,,,,,5.2459
2024-08-01,,,,,,,,,,,,,,,,,,,,,,,,,,,,,,,,,5.1913
2024-08-02,,,,,,,,,,,,,,,,,,,,,,,,,,,,,,,,,5.244
2024-08-05,,,,,,,,,,,,,,,,,,,,,,,,,,,,,,,,,4.8771
2024-08-06,,,,,,,,,,,,,,,,,,,,,,,,,,,,,,,,,4.9157
2024-08-07,65000.0,323979.5,0.16,0.25,0.32,161989.75,32500.0,32500.0,161989.75,,,32500.0,,,,,,0.16,32500.0,,0.16,,100.0,100.0,0.0,0.0,0.0,100.0,,1.0,100.0,2.0,4.9843
2024-08-08,65000.0,323739.0,0.16,0.24,0.32,161869.5,32500.0,32500.0,161869.5,,,,,,,,,,,,0.16,,100.0,100.0,0.0,0.0,0.0,100.0,,1.0,100.0,2.0,4.9806
2024-08-09,0.0,0.0,0.0,0.0,0.0,0.0,0.0,0.0,0.0,,,,0.16,,32500.0,,,,,32500.0,0.0,0.16,0.0,0.0,32500.0,162386.25,0.17,0.0,,0.0,,0.0,4.9965
2024-08-12,,,,,,,,,,,,,,,,,,,,,,,,,,,,,,,,,5.0121
2024-08-13,,,,,,,,,,,,,,,,,,,,,,,,,,,,,,,,,5.0612
2024-08-14,,,,,,,,,,,,,,,,,,,,,,,,,,,,,,,,,5.0767
2024-08-15,77600.0,400594.48,0.19,0.28,0.39,200297.24,38800.0,38800.0,200297.24,,,38800.0,,,,,,0.2,38800.0,,0.2,,100.0,100.0,0.0,0.0,0.0,100.0,,1.0,100.0,2.0,5.1623
2024-08-16,77600.0,401129.92,0.19,0.27,0.4,200564.96,38800.0,38800.0,200564.96,,,,,,,,,,,,0.2,,100.0,100.0,0.0,0.0,0.0,100.0,,1.0,100.0,2.0,5.1692
2024-08-19,0.0,0.0,0.0,0.0,0.0,0.0,0.0,0.0,0.0,,,,0.2,,38800.0,,,,,38800.0,0.0,0.2,0.0,0.0,38800.0,201088.76,0.21,0.0,,0.0,,0.0,5.1827
2024-08-20,,,,,,,,,,,,,,,,,,,,,,,,,,,,,,,,,5.172
2024-08-21,,,,,,,,,,,,,,,,,,,,,,,,,,,,,,,,,5.1787
2024-08-22,78200.0,405592.12,0.2,0.28,0.4,202796.06,39100.0,39100.0,202796.06,,,39100.0,,,,,,0.2,39100.0,,0.2,,100.0,100.0,0.0,0.0,0.0,100.0,,1.0,100.0,2.0,5.1866
2024-08-23,78200.0,405678.14,0.2,0.27,0.41,202839.07,39100.0,39100.0,202839.07,,,,,,,,,,,,0.2,,100.0,100.0,0.0,0.0,0.0,100.0,,1.0,100.0,2.0,5.1877
2024-08-26,78200.0,405576.48,0.2,0.27,0.41,202788.24,39100.0,39100.0,202788.24,,,,,,,,,,,,0.2,,100.0,100.0,0.0,0.0,0.0,100.0,,1.0,100.0,2.0,5.1864
2024-08-27,0.0,0.0,0.0,0.0,0.0,0.0,0.0,0.0,0.0,,,,0.2,,39100.0,,,,,39100.0,0.0,0.2,0.0,0.0,39100.0,202925.09,0.21,0.0,,0.0,100.0,0.0,5.1899
2024-08-28,0.0,0.0,0.0,0.0,0.0,0.0,0.0,0.0,0.0,,,,,,,,,,,,0.0,,0.0,0.0,39100.0,202909.45,0.21,0.0,,0.0,,0.0,5.1895
2024-08-29,0.0,0.0,0.0,0.0,0.0,0.0,0.0,0.0,0.0,,,,,,,,,,,,0.0,,0.0,0.0,39100.0,205216.35,0.21,0.0,,0.0,,0.0,5.2485
2024-08-30,0.0,0.0,0.0,0.0,0.0,0.0,0.0,0.0,0.0,,,,,,,,,,,,0.0,,0.0,0.0,39100.0,204438.26,0.21,0.0,,0.0,,0.0,5.2286
2024-09-02,21000.0,110556.6,0.06,0.07,0.11,55278.3,10500.0,10500.0,55278.3,,,10500.0,,,,,,0.06,10500.0,,0.06,,100.0,26.85,0.0,0.0,0.0,100.0,,1.0,100.0,0.5371,5.2646
2024-09-03,21000.0,109420.5,0.06,0.07,0.11,54710.25,10500.0,10500.0,54710.25,,,,,,,,,,,,0.06,,100.0,26.85,0.0,0.0,0.0,100.0,,1.0,100.0,0.5371,5.2105
2024-09-04,77000.0,396342.1,0.2,0.25,0.4,198171.05,38500.0,38500.0,198171.05,28000.0,0.15,,,28000.0,,0.15,28000.0,,,,0.2,,100.0,98.47,0.0,0.0,0.0,100.0,,1.0,100.0,1.9693,5.1473
2024-09-05,6346.0,32444.56,0.02,0.02,0.03,32444.56,6346.0,6346.0,32444.56,,,6346.0,0.17,,32154.0,,,0.03,,38500.0,0.03,0.2,100.0,16.23,0.0,0.0,0.0,100.0,14.01,1.0,100.0,0.1623,5.1126
2024-09-06,6346.0,32032.07,0.02,0.02,0.03,32032.07,6346.0,6346.0,32032.07,,,,,,,,,,,,0.03,,100.0,100.0,0.0,0.0,0.0,100.0,,1.0,100.0,1.0,5.0476
2024-09-09,6346.0,32379.2,0.02,0.02,0.03,32379.2,6346.0,6346.0,32379.2,,,,,,,,,,,,0.03,,100.0,100.0,0.0,0.0,0.0,100.0,,1.0,100.0,1.0,5.1023
2024-09-10,0.0,0.0,0.0,0.0,0.0,0.0,0.0,0.0,0.0,,,,0.03,,6346.0,,,,,6346.0,0.0,0.03,0.0,0.0,6346.0,32426.79,0.03,0.0,,0.0,,0.0,5.1098
2024-09-11,59800.0,304256.42,0.15,0.19,0.3,152128.21,29900.0,29900.0,152128.21,,,29900.0,,,,,,0.15,29900.0,,0.15,,100.0,100.0,0.0,0.0,0.0,100.0,,1.0,100.0,2.0,5.0879
2024-09-12,59800.0,310003.2,0.15,0.18,0.3,155001.6,29900.0,29900.0,155001.6,,,,,,,,,,,,0.15,,100.0,100.0,0.0,0.0,0.0,100.0,,1.0,100.0,2.0,5.184
2024-09-13,0.0,0.0,0.0,0.0,0.0,0.0,0.0,0.0,0.0,,,,0.15,,29900.0,,,,,29900.0,0.0,0.15,0.0,0.0,29900.0,156086.97,0.16,0.0,,0.0,,0.0,5.2203
2024-09-16,0.0,0.0,0.0,0.0,0.0,0.0,0.0,0.0,0.0,,,,,,,,,,,,0.0,,0.0,0.0,29900.0,155444.12,0.16,0.0,,0.0,,0.0,5.1988
2024-09-17,0.0,0.0,0.0,0.0,0.0,0.0,0.0,0.0,0.0,,,,,,,,,,,,0.0,,0.0,0.0,29900.0,156305.24,0.16,0.0,,0.0,,0.0,5.2276
2024-09-18,0.0,0.0,0.0,0.0,0.0,0.0,0.0,0.0,0.0,,,,,,,,,,,,0.0,,0.0,0.0,400.0,2080.84,0.0,0.0,,0.0,,0.0,5.2021
2024-09-19,0.0,0.0,0.0,0.0,0.0,0.0,0.0,0.0,0.0,,,,,,,,,,,,0.0,,0.0,0.0,400.0,2110.48,0.0,0.0,,0.0,,0.0,5.2762
2024-09-20,0.0,0.0,0.0,0.0,0.0,0.0,0.0,0.0,0.0,,,,,,,,,,,,0.0,,0.0,0.0,400.0,2097.16,0.0,0.0,,0.0,,0.0,5.2429
2024-09-23,0.0,0.0,0.0,0.0,0.0,0.0,0.0,0.0,0.0,,,,,,,,,,,,0.0,,0.0,0.0,4100.0,21638.16,0.02,0.0,,0.0,,0.0,5.2776
2024-09-24,,,,,,,,,,,,,,,,,,,,,,,,,,,,,,,,,5.2795
2024-09-25,0.0,0.0,0.0,0.0,0.0,0.0,0.0,0.0,0.0,,,,,,,,,,,,0.0,,0.0,0.0,200.0,1055.68,0.0,0.0,,0.0,,0.0,5.2784
2024-09-26,,,,,,,,,,,,,,,,,,,,,,,,,,,,,,,,,5.2923
2024-09-27,,,,,,,,,,,,,,,,,,,,,,,,,,,,,,,,,5.3129
2024-09-30,,,,,,,,,,,,,,,,,,,,,,,,,,,,,,,,,5.299
2024-10-01,,,,,,,,,,,,,,,,,,,,,,,,,,,,,,,,,5.3084
2024-10-02,,,,,,,,,,,,,,,,,,,,,,,,,,,,,,,,,5.327
2024-10-03,,,,,,,,,,,,,,,,,,,,,,,,,,,,,,,,,5.3166
2024-10-04,,,,,,,,,,,,,,,,,,,,,,,,,,,,,,,,,5.3486
2024-10-07,,,,,,,,,,,,,,,,,,,,,,,,,,,,,,,,,5.3632
2024-10-08,,,,,,,,,,,,,,,,,,,,,,,,,,,,,,,,,5.3627
2024-10-09,,,,,,,,,,,,,,,,,,,,,,,,,,,,,,,,,5.405
2024-10-10,,,,,,,,,,,,,,,,,,,,,,,,,,,,,,,,,5.4132
2024-10-11,,,,,,,,,,,,,,,,,,,,,,,,,,,,,,,,,5.4315
2024-10-14,,,,,,,,,,,,,,,,,,,,,,,,,,,,,,,,,5.4763
2024-10-15,,,,,,,,,,,,,,,,,,,,,,,,,,,,,,,,,5.465
2024-10-16,68000.0,371538.4,0.22,0.17,0.37,185769.2,34000.0,34000.0,185769.2,,,34000.0,,,,,,0.19,34000.0,,0.19,,100.0,100.0,0.0,0.0,0.0,100.0,,1.0,100.0,2.0,5.4638
2024-10-17,34000.0,187319.6,0.11,0.08,0.19,0.0,34000.0,0.0,187319.6,,,,,,,,,,,34000.0,0.19,0.19,100.0,100.0,0.0,0.0,0.0,100.0,,1.0,100.0,1.0,5.5094
2024-10-18,0.0,0.0,0.0,0.0,0.0,0.0,0.0,0.0,0.0,,,,0.19,,34000.0,,,,,,0.0,,0.0,0.0,34000.0,187061.2,0.2,0.0,,0.0,,0.0,5.5018
2024-10-21,75400.0,413531.3,0.25,0.18,0.41,206765.65,37700.0,37700.0,206765.65,,,37700.0,,,,,,0.21,37700.0,,0.21,,100.0,100.0,0.0,0.0,0.0,100.0,,1.0,100.0,2.0,5.4845
2024-10-22,37700.0,206973.0,0.13,0.09,0.21,0.0,37700.0,0.0,206973.0,,,,,,,,,,,37700.0,0.21,0.21,100.0,100.0,0.0,0.0,0.0,100.0,,1.0,100.0,1.0,5.49
2024-10-23,,,,,,,,,,,,,,,,,,,,,,,,,,,,,,,,,5.4693
2024-10-24,,,,,,,,,,,,,,,,,,,,,,,,,,,,,,,,,5.4624
2024-10-25,77000.0,422152.5,0.25,0.18,0.42,211076.25,38500.0,38500.0,211076.25,,,38500.0,,,,,,0.21,38500.0,,0.21,,100.0,100.0,0.0,0.0,0.0,100.0,,1.0,100.0,2.0,5.4825
2024-10-28,77000.0,421744.4,0.25,0.18,0.42,210872.2,38500.0,38500.0,210872.2,,,,,,,,,,,,0.21,,100.0,100.0,0.0,0.0,0.0,100.0,,1.0,100.0,2.0,5.4772
2024-10-29,,,,,,,,,,,,,,,,,,,,,,,,,,,,,,,,,5.4828
2024-10-30,,,,,,,,,,,,,,,,,,,,,,,,,,,,,,,,,5.4573
2024-10-31,,,,,,,,,,,,,,,,,,,,,,,,,,,,,,,,,5.363
2024-11-01,,,,,,,,,,,,,,,,,,,,,,,,,,,,,,,,,5.4022
2024-11-04,34200.0,183147.84,0.1,0.08,0.19,91573.92,17100.0,17100.0,91573.92,,,17100.0,,,,,,0.09,17100.0,,0.09,,100.0,100.0,0.0,0.0,0.0,100.0,,1.0,100.0,2.0,5.3552
2024-11-05,76800.0,413383.68,0.21,0.17,0.42,206691.84,38400.0,38400.0,206691.84,21300.0,0.12,,,21300.0,,0.12,21300.0,,,,0.21,,100.0,100.0,0.0,0.0,0.0,100.0,,1.0,100.0,2.0,5.3826
2024-11-06,76800.0,426240.0,0.21,0.17,0.42,213120.0,38400.0,38400.0,213120.0,,,,,,,,,,,,0.21,,100.0,100.0,0.0,0.0,0.0,100.0,,1.0,100.0,2.0,5.55
2024-11-07,76800.0,428812.8,0.2,0.17,0.43,214406.4,38400.0,38400.0,214406.4,,,,,,,,,,,,0.21,,100.0,100.0,0.0,0.0,0.0,100.0,,1.0,100.0,2.0,5.5835
2024-11-08,0.0,0.0,0.0,0.0,0.0,0.0,0.0,0.0,0.0,,,,0.22,,38400.0,,,,,38400.0,0.0,0.22,0.0,0.0,17100.0,96266.16,0.1,0.0,,0.0,,0.0,5.6296
2024-11-11,0.0,0.0,0.0,0.0,0.0,0.0,0.0,0.0,0.0,,,,,,,,,,,,0.0,,0.0,0.0,17100.0,97223.76,0.1,0.0,,0.0,,0.0,5.6856
2024-11-12,71600.0,405664.12,0.18,0.15,0.41,202832.06,35800.0,35800.0,202832.06,,,35800.0,,,,,,0.2,35800.0,,0.21,,100.0,100.0,0.0,0.0,0.0,100.0,,1.0,100.0,2.0,5.6657
2024-11-13,71600.0,407131.92,0.18,0.15,0.41,203565.96,35800.0,35800.0,203565.96,,,,,,,,,,,,0.2,,100.0,100.0,0.0,0.0,0.0,100.0,,1.0,100.0,2.0,5.6862
2024-11-14,0.0,0.0,0.0,0.0,0.0,0.0,0.0,0.0,0.0,,,,0.2,,35800.0,,,,,35800.0,0.0,0.2,0.0,0.0,600.0,3409.68,0.0,0.0,,0.0,,0.0,5.6828
2024-11-15,73000.0,409697.9,0.18,0.15,0.41,204848.95,36500.0,36500.0,204848.95,,,36500.0,,,,,,0.2,36500.0,,0.21,,100.0,100.0,0.0,0.0,0.0,100.0,,1.0,100.0,2.0,5.6123
2024-11-18,73000.0,410573.9,0.18,0.15,0.41,205286.95,36500.0,36500.0,205286.95,,,,,,,,,,,,0.21,,100.0,100.0,0.0,0.0,0.0,100.0,,1.0,100.0,2.0,5.6243
2024-11-19,73000.0,410245.4,0.18,0.15,0.41,205122.7,36500.0,36500.0,205122.7,,,,,,,,,,,,0.21,,100.0,100.0,0.0,0.0,0.0,100.0,,1.0,100.0,2.0,5.6198
2024-11-20,73000.0,410500.9,0.18,0.15,0.41,205250.45,36500.0,36500.0,205250.45,,,,,,,,,,,,0.21,,100.0,100.0,0.0,0.0,0.0,100.0,,1.0,100.0,2.0,5.6233
2024-11-21,,,,,,,,,,,,,,,,,,,,,,,,,,,,,,,,,5.6982
2024-11-22,,,,,,,,,,,,,,,,,,,,,,,,,,,,,,,,,5.7639
2024-11-25,0.0,0.0,0.0,0.0,0.0,0.0,0.0,0.0,0.0,,,,,,,,,,,,0.0,,0.0,0.0,7900.0,45462.13,0.05,0.0,,0.0,,0.0,5.7547
2024-11-26,,,,,,,,,,,,,,,,,,,,,,,,,,,,,,,,,5.7596
2024-11-27,34100.0,194809.89,0.08,0.07,0.2,0.0,34100.0,0.0,194809.89,,,,,,,,,,34100.0,,0.2,,100.0,100.0,0.0,0.0,0.0,100.0,,1.0,100.0,1.0,5.7129
2024-11-28,,,,,,,,,,,,,,,,,,,,,,,,,,,,,,,,,5.7385
2024-11-29,,,,,,,,,,,,,,,,,,,,,,,,,,,,,,,,,5.7603
2024-12-02,77600.0,450638.72,0.18,0.15,0.45,225319.36,38800.0,38800.0,225319.36,,,38800.0,,,,,,0.23,38800.0,,0.22,,100.0,100.0,0.0,0.0,0.0,100.0,,1.0,100.0,2.0,5.8072
2024-12-03,,,,,,,,,,,,,,,,,,,,,,,,,,,,,,,,,5.804
2024-12-04,,,,,,,,,,,,,,,,,,,,,,,,,,,,,,,,,5.8218
2024-12-05,78200.0,454865.94,0.17,0.14,0.46,227432.97,39100.0,39100.0,227432.97,,,39100.0,,,,,,0.23,39100.0,,0.23,,100.0,100.0,0.0,0.0,0.0,100.0,,1.0,100.0,2.0,5.8167
2024-12-06,78200.0,455077.08,0.16,0.14,0.46,227538.54,39100.0,39100.0,227538.54,,,,,,,,,,,,0.23,,100.0,100.0,0.0,0.0,0.0,100.0,,1.0,100.0,2.0,5.8194
2024-12-09,,,,,,,,,,,,,,,,,,,,,,,,,,,,,,,,,5.8005
2024-12-10,,,,,,,,,,,,,,,,,,,,,,,,,,,,,,,,,5.8088
2024-12-11,70800.0,413875.56,0.14,0.13,0.41,206937.78,35400.0,35400.0,206937.78,,,35400.0,,,,,,0.21,35400.0,,0.21,,100.0,100.0,0.0,0.0,0.0,100.0,,1.0,100.0,2.0,5.8457
2024-12-12,70800.0,413004.72,0.14,0.12,0.41,206502.36,35400.0,35400.0,206502.36,,,,,,,,,,,,0.21,,100.0,100.0,0.0,0.0,0.0,100.0,,1.0,100.0,2.0,5.8334
2024-12-13,0.0,0.0,0.0,0.0,0.0,0.0,0.0,0.0,0.0,,,,0.21,,35400.0,,,,,35400.0,0.0,0.21,0.0,0.0,35400.0,205415.58,0.22,0.0,,0.0,,0.0,5.8027
2024-12-16,,,,,,,,,,,,,,,,,,,,,,,,,,,,,,,,,5.8123
2024-12-17,,,,,,,,,,,,,,,,,,,,,,,,,,,,,,,,,5.7973
2024-12-18,,,,,,,,,,,,,,,,,,,,,,,,,,,,,,,,,5.8073
2024-12-19,,,,,,,,,,,,,,,,,,,,,,,,,,,,,,,,,5.7163
2024-12-20,,,,,,,,,,,,,,,,,,,,,,,,,,,,,,,,,5.7252
2024-12-23,95200.0,543830.0,0.17,0.16,0.54,271915.0,47600.0,47600.0,271915.0,,,47600.0,,,,,,0.27,47600.0,,0.27,,100.0,100.0,0.0,0.0,0.0,100.0,,1.0,100.0,2.0,5.7125
2024-12-24,95200.0,548694.72,0.17,0.16,0.55,274347.36,47600.0,47600.0,274347.36,,,,,,,,,,,,0.27,,100.0,100.0,0.0,0.0,0.0,100.0,,1.0,100.0,2.0,5.7636
2024-12-25,95200.0,548694.72,0.17,0.16,0.55,274347.36,47600.0,47600.0,274347.36,,,,,,,,,,,,0.27,,100.0,100.0,0.0,0.0,0.0,100.0,,1.0,100.0,2.0,
2024-12-26,95200.0,548694.72,0.17,0.16,0.55,274347.36,47600.0,47600.0,274347.36,,,,,,,,,,,,0.27,,100.0,100.0,0.0,0.0,0.0,100.0,,1.0,100.0,2.0,
2024-12-27,95200.0,546724.08,0.17,0.16,0.55,273362.04,47600.0,47600.0,273362.04,,,,,,,,,,,,0.28,,100.0,100.0,0.0,0.0,0.0,100.0,,1.0,100.0,2.0,5.7429
2024-12-30,,,,,,,,,,,,,,,,,,,,,,,,,,,,,,,,,5.7103
2024-12-31,,,,,,,,,,,,,,,,,,,,,,,,,,,,,,,,,5.7256
2025-01-02,111000.0,641835.3,0.19,0.18,0.64,320917.65,55500.0,55500.0,320917.65,,,55500.0,,,,,,0.32,55500.0,,0.32,,100.0,100.0,0.0,0.0,0.0,100.0,,1.0,100.0,2.0,5.7823
2025-01-03,111000.0,641036.1,0.18,0.18,0.64,320518.05,55500.0,55500.0,320518.05,,,,,,,,,,,,0.32,,100.0,100.0,0.0,0.0,0.0,100.0,,1.0,100.0,2.0,5.7751
2025-01-06,111000.0,645176.4,0.18,0.18,0.65,322588.2,55500.0,55500.0,322588.2,,,,,,,,,,,,0.32,,100.0,100.0,0.0,0.0,0.0,100.0,,1.0,100.0,2.0,5.8124
2025-01-07,111000.0,640470.0,0.17,0.18,0.64,320235.0,55500.0,55500.0,320235.0,,,,,,,,,,,,0.32,,100.0,100.0,0.0,0.0,0.0,100.0,,1.0,100.0,2.0,5.77
2025-01-08,65000.0,375160.5,0.1,0.1,0.38,187580.25,32500.0,32500.0,187580.25,,,,0.14,,23000.0,,,,,23000.0,0.19,0.13,100.0,58.56,0.0,0.0,0.0,100.0,,1.0,100.0,1.1712,5.7717
2025-01-09,,,,,,,,,,,,,,,,,,,,,,,,,,,,,,,,,5.7788
2025-01-10,,,,,,,,,,,,,,,,,,,,,,,,,,,,,,,,,5.7213
2025-01-13,,,,,,,,,,,,,,,,,,,,,,,,,,,,,,,,,5.7107
2025-01-14,,,,,,,,,,,,,,,,,,,,,,,,,,,,,,,,,5.7036
2025-01-15,118000.0,683869.0,0.17,0.17,0.68,341934.5,59000.0,59000.0,341934.5,,,59000.0,,,,,,0.34,59000.0,,0.34,,100.0,100.0,0.0,0.0,0.0,100.0,,1.0,100.0,2.0,5.7955
2025-01-16,0.0,0.0,0.0,0.0,0.0,0.0,0.0,0.0,0.0,,,,0.34,,59000.0,,,,,59000.0,0.0,0.34,0.0,0.0,100.0,581.17,0.0,0.0,,0.0,,0.0,5.8117
2025-01-17,0.0,0.0,0.0,0.0,0.0,0.0,0.0,0.0,0.0,,,,,,,,,,,,0.0,,0.0,0.0,100.0,586.23,0.0,0.0,,0.0,,0.0,5.8623
2025-01-20,0.0,0.0,0.0,0.0,0.0,0.0,0.0,0.0,0.0,,,,,,,,,,,,0.0,,0.0,0.0,500.0,2917.5,0.0,0.0,,0.0,,0.0,5.835
2025-01-21,,,,,,,,,,,,,,,,,,,,,,,,,,,,,,,,,5.8383
2025-01-22,65200.0,383891.08,0.09,0.09,0.38,191945.54,32600.0,32600.0,191945.54,,,32600.0,,,,,,0.19,32600.0,,0.19,,100.0,100.0,0.0,0.0,0.0,100.0,,1.0,100.0,2.0,5.8879
2025-01-23,118000.0,695987.6,0.17,0.17,0.69,347993.8,59000.0,59000.0,347993.8,26400.0,0.16,,,26400.0,,0.16,26400.0,,,,0.35,,100.0,100.0,0.0,0.0,0.0,100.0,,1.0,100.0,2.0,5.8982
2025-01-24,0.0,0.0,0.0,0.0,0.0,0.0,0.0,0.0,0.0,,,,0.35,,59000.0,,,,,59000.0,0.0,0.35,0.0,0.0,59000.0,346477.5,0.37,0.0,,0.0,,0.0,5.8725
2025-01-27,120200.0,694130.96,0.18,0.17,0.7,347065.48,60100.0,60100.0,347065.48,,,60100.0,,,,,,0.35,60100.0,,0.36,,100.0,100.0,0.0,0.0,0.0,100.0,,1.0,100.0,2.0,5.7748
2025-01-28,120200.0,703482.52,0.17,0.17,0.7,351741.26,60100.0,60100.0,351741.26,,,,,,,,,,,,0.35,,100.0,100.0,0.0,0.0,0.0,100.0,,1.0,100.0,2.0,5.8526
2025-01-29,120200.0,705706.22,0.17,0.16,0.71,352853.11,60100.0,60100.0,352853.11,,,,,,,,,,,,0.35,,100.0,100.0,0.0,0.0,0.0,100.0,,1.0,100.0,2.0,5.8711
2025-01-30,0.0,0.0,0.0,0.0,0.0,0.0,0.0,0.0,0.0,,,,0.36,,60100.0,,,,,60100.0,0.0,0.36,0.0,0.0,60100.0,353616.38,0.38,0.0,,0.0,100.0,0.0,5.8838
2025-01-31,0.0,0.0,0.0,0.0,0.0,0.0,0.0,0.0,0.0,,,,,,,,,,,,0.0,,0.0,0.0,60100.0,357246.42,0.37,0.0,,0.0,,0.0,5.9442
2025-02-03,,,,,,,,,,,,,,,,,,,,,,,,,,,,,,,,,5.8907
2025-02-04,0.0,0.0,0.0,0.0,0.0,0.0,0.0,0.0,0.0,,,,,,,,,,,,0.0,,0.0,0.0,500.0,2945.85,0.0,0.0,,0.0,,0.0,5.8917
2025-02-05,,,,,,,,,,,,,,,,,,,,,,,,,,,,,,,,,5.8727
2025-02-06,,,,,,,,,,,,,,,,,,,,,,,,,,,,,,,,,5.9413
2025-02-07,125800.0,746270.76,0.16,0.16,0.75,373135.38,62900.0,62900.0,373135.38,,,62900.0,,,,,,0.37,62900.0,,0.38,,100.0,100.0,0.0,0.0,0.0,100.0,,1.0,100.0,2.0,5.9322
2025-02-10,62900.0,374997.22,0.08,0.08,0.37,0.0,62900.0,0.0,374997.22,,,,,,,,,,,62900.0,0.37,0.37,100.0,100.0,0.0,0.0,0.0,100.0,,1.0,100.0,1.0,5.9618
2025-02-11,,,,,,,,,,,,,,,,,,,,,,,,,,,,,,,,,5.9469
2025-02-12,118800.0,702096.12,0.15,0.15,0.7,351048.06,59400.0,59400.0,351048.06,,,59400.0,,,,,,0.35,59400.0,,0.35,,100.0,100.0,0.0,0.0,0.0,100.0,,1.0,100.0,2.0,5.9099
2025-02-13,118800.0,705600.72,0.15,0.15,0.7,352800.36,59400.0,59400.0,352800.36,,,,,,,,,,,,0.35,,100.0,100.0,0.0,0.0,0.0,100.0,,1.0,100.0,2.0,5.9394
2025-02-14,0.0,0.0,0.0,0.0,0.0,0.0,0.0,0.0,0.0,,,,0.35,,59400.0,,,,,59400.0,0.0,0.35,0.0,0.0,59400.0,352040.04,0.37,0.0,,0.0,,0.0,5.9266
2025-02-17,0.0,0.0,0.0,0.0,0.0,0.0,0.0,0.0,0.0,,,,,,,,,,,,0.0,,0.0,0.0,600.0,3573.48,0.0,0.0,,0.0,,0.0,5.9558
2025-02-18,0.0,0.0,0.0,0.0,0.0,0.0,0.0,0.0,0.0,,,,,,,,,,,,0.0,,0.0,0.0,700.0,4170.81,0.0,0.0,,0.0,,0.0,5.9583
2025-02-19,0.0,0.0,0.0,0.0,0.0,0.0,0.0,0.0,0.0,,,,,,,,,,,,0.0,,0.0,0.0,500.0,2989.35,0.0,0.0,,0.0,,0.0,5.9787
2025-02-20,125200.0,741221.56,0.17,0.15,0.74,370610.78,62600.0,62600.0,370610.78,,,62600.0,,,,,,0.37,62600.0,,0.37,,100.0,100.0,0.0,0.0,0.0,100.0,,1.0,100.0,2.0,5.9203
2025-02-21,125200.0,742085.44,0.17,0.15,0.74,371042.72,62600.0,62600.0,371042.72,,,,,,,,,,,,0.37,,100.0,100.0,0.0,0.0,0.0,100.0,,1.0,100.0,2.0,5.9272
2025-02-24,,,,,,,,,,,,,,,,,,,,,,,,,,,,,,,,,5.8588
2025-02-25,119800.0,691485.6,0.16,0.14,0.7,345742.8,59900.0,59900.0,345742.8,,,59900.0,,,,,,0.35,59900.0,,0.35,,100.0,100.0,0.0,0.0,0.0,100.0,,1.0,100.0,2.0,5.772
2025-02-26,119800.0,700242.98,0.16,0.14,0.7,350121.49,59900.0,59900.0,350121.49,,,,,,,,,,,,0.35,,100.0,100.0,0.0,0.0,0.0,100.0,,1.0,100.0,2.0,5.8451
2025-02-27,36600.0,214271.04,0.05,0.04,0.21,107135.52,18300.0,18300.0,107135.52,,,,0.24,,41600.0,,,,,41600.0,0.11,0.25,100.0,100.0,0.0,0.0,0.0,100.0,,1.0,100.0,2.0,5.8544
2025-02-28,125000.0,724050.0,0.16,0.14,0.72,362025.0,62500.0,62500.0,362025.0,44200.0,0.25,,,44200.0,,0.25,44200.0,,,,0.36,,100.0,100.0,0.0,0.0,0.0,100.0,,1.0,100.0,2.0,5.7924
2025-03-03,88400.0,513232.72,0.11,0.1,0.51,256616.36,44200.0,44200.0,256616.36,,,,0.1,,18300.0,,,,,18300.0,0.25,0.1,100.0,100.0,0.0,0.0,0.0,100.0,,1.0,100.0,2.0,5.8058
2025-03-04,118000.0,662912.2,0.15,0.14,0.66,331456.1,59000.0,59000.0,331456.1,14800.0,0.08,,,14800.0,,0.08,14800.0,,,,0.34,,100.0,100.0,0.0,0.0,0.0,100.0,,1.0,100.0,2.0,5.6179
2025-03-05,118000.0,653543.0,0.14,0.13,0.65,326771.5,59000.0,59000.0,326771.5,,,,,,,,,,,,0.33,,100.0,100.0,0.0,0.0,0.0,100.0,,1.0,100.0,2.0,5.5385
2025-03-06,,,,,,,,,,,,,,,,,,,,,,,,,,,,,,,,,5.5533
2025-03-07,127400.0,694126.16,0.15,0.14,0.7,347063.08,63700.0,63700.0,347063.08,,,63700.0,,,,,,0.35,63700.0,,0.35,,100.0,100.0,0.0,0.0,0.0,100.0,,1.0,100.0,2.0,5.4484
2025-03-10,43600.0,235784.44,0.05,0.05,0.24,117892.22,21800.0,21800.0,117892.22,,,,0.23,,41900.0,,,,,41900.0,0.12,0.23,100.0,100.0,0.0,0.0,0.0,100.0,,1.0,100.0,2.0,5.4079
2025-03-11,43600.0,230944.84,0.05,0.05,0.23,115472.42,21800.0,21800.0,115472.42,,,,,,,,,,,,0.12,,100.0,100.0,0.0,0.0,0.0,100.0,,1.0,100.0,2.0,5.2969
2025-03-12,21800.0,116691.04,0.02,0.02,0.12,0.0,21800.0,0.0,116691.04,,,,,,,,,,,21800.0,0.12,0.12,100.0,100.0,0.0,0.0,0.0,100.0,,1.0,100.0,1.0,5.3528
2025-03-13,,,,,,,,,,,,,,,,,,,,,,,,,,,,,,,,,5.3123
2025-03-14,126800.0,681258.36,0.14,0.14,0.68,340629.18,63400.0,63400.0,340629.18,,,63400.0,,,,,,0.34,63400.0,,0.34,,100.0,100.0,0.0,0.0,0.0,100.0,,1.0,100.0,2.0,5.3727
2025-03-17,126800.0,684238.16,0.14,0.13,0.68,342119.08,63400.0,63400.0,342119.08,,,,,,,,,,,,0.34,,100.0,100.0,0.0,0.0,0.0,100.0,,1.0,100.0,2.0,5.3962
2025-03-18,0.0,0.0,0.0,0.0,0.0,0.0,0.0,0.0,0.0,,,,0.34,,63400.0,,,,,63400.0,0.0,0.34,0.0,0.0,63400.0,340775.0,0.36,0.0,,0.0,,0.0,5.375
2025-03-19,,,,,,,,,,,,,,,,,,,,,,,,,,,,,,,,,5.4278
2025-03-20,132800.0,723175.68,0.16,0.14,0.72,361587.84,66400.0,66400.0,361587.84,,,66400.0,,,,,,0.36,66400.0,,0.36,,100.0,100.0,0.0,0.0,0.0,100.0,,1.0,100.0,2.0,5.4456
2025-03-21,132800.0,721582.08,0.16,0.14,0.72,360791.04,66400.0,66400.0,360791.04,,,,,,,,,,,,0.36,,100.0,100.0,0.0,0.0,0.0,100.0,,1.0,100.0,2.0,5.4336
2025-03-24,0.0,0.0,0.0,0.0,0.0,0.0,0.0,0.0,0.0,,,,0.36,,66400.0,,,,,66400.0,0.0,0.36,0.0,0.0,200.0,1106.22,0.0,0.0,,0.0,,0.0,5.5311
2025-03-25,17000.0,94125.6,0.02,0.02,0.09,47062.8,8500.0,8500.0,47062.8,,,8500.0,,,,,,0.05,8500.0,,0.05,,100.0,100.0,0.0,0.0,0.0,100.0,,1.0,100.0,2.0,5.5368
2025-03-26,133400.0,735167.4,0.16,0.14,0.73,367583.7,66700.0,66700.0,367583.7,58200.0,0.32,,,58200.0,,0.32,58200.0,,,,0.37,,100.0,100.0,0.0,0.0,0.0,100.0,49.88,0.5,50.12,2.0,5.511
2025-03-27,133400.0,732352.66,0.16,0.14,0.73,366176.33,66700.0,66700.0,366176.33,,,,,,,,,,,,0.37,,100.0,100.0,0.0,0.0,0.0,100.0,49.9,0.5,50.1,2.0,5.4899
2025-03-28,0.0,0.0,0.0,0.0,0.0,0.0,0.0,0.0,0.0,,,,0.37,,66700.0,,,,,66700.0,0.0,0.37,0.0,0.0,66700.0,358419.12,0.39,0.0,,0.0,,0.0,5.3736
2025-03-31,0.0,0.0,0.0,0.0,0.0,0.0,0.0,0.0,0.0,,,,,,,,,,,,0.0,,0.0,0.0,66700.0,355644.4,0.39,0.0,,0.0,,0.0,5.332
2025-04-01,,,,,,,,,,,,,,,,,,,,,,,,,,,,,,,,,5.4039
2025-04-02,,,,,,,,,,,,,,,,,,,,,,,,,,,,,,,,,5.3996
2025-04-03,,,,,,,,,,,,,,,,,,,,,,,,,,,,,,,,,5.1461
2025-04-04,84400.0,413391.2,0.09,0.08,0.42,206695.6,42200.0,42200.0,206695.6,,,42200.0,,,,,,0.21,42200.0,,0.22,,100.0,100.0,0.0,0.0,0.0,100.0,48.76,0.5003,51.24,2.0,4.898
2025-04-07,84400.0,401111.0,0.09,0.08,0.4,200555.5,42200.0,42200.0,200555.5,,,,,,,,,,,,0.2,,100.0,100.0,0.0,0.0,0.0,100.0,49.25,0.5001,50.75,2.0,4.7525
2025-04-08,84400.0,414724.72,0.08,0.08,0.41,207362.36,42200.0,42200.0,207362.36,,,,,,,,,,,,0.2,,100.0,100.0,0.0,0.0,0.0,100.0,49.17,0.5001,50.83,2.0,4.9138
2025-04-09,84400.0,395667.2,0.08,0.08,0.39,197833.6,42200.0,42200.0,197833.6,,,,,,,,,,,,0.2,,100.0,100.0,0.0,0.0,0.0,100.0,48.82,0.5003,51.18,2.0,4.688
2025-04-10,84400.0,411475.32,0.08,0.08,0.4,205737.66,42200.0,42200.0,205737.66,,,,,,,,,,,,0.19,,100.0,100.0,0.0,0.0,0.0,100.0,49.02,0.5002,50.98,2.0,4.8753
2025-04-11,84400.0,407955.84,0.08,0.08,0.41,203977.92,42200.0,42200.0,203977.92,,,,,,,,,,,,0.21,,100.0,100.0,0.0,0.0,0.0,100.0,49.79,0.5,50.21,2.0,4.8336
2025-04-14,84400.0,418624.0,0.08,0.08,0.41,209312.0,42200.0,42200.0,209312.0,,,,,,,,,,,,0.2,,100.0,100.0,0.0,0.0,0.0,100.0,49.35,0.5001,50.65,2.0,4.96
2025-04-15,44600.0,223441.54,0.04,0.04,0.22,111720.77,22300.0,22300.0,111720.77,,,,0.09,,19900.0,,,,,19900.0,0.11,0.1,100.0,100.0,0.0,0.0,0.0,100.0,49.75,0.5,50.25,2.0,5.0099
2025-04-16,22300.0,110378.31,0.02,0.02,0.11,0.0,22300.0,0.0,110378.31,,,,,,,,,,,22300.0,0.11,0.11,100.0,100.0,0.0,0.0,0.0,100.0,,1.0,100.0,1.0,4.9497
2025-04-17,0.0,0.0,0.0,0.0,0.0,0.0,0.0,0.0,0.0,,,,0.11,,22300.0,,,,,,0.0,,0.0,0.0,22300.0,109345.82,0.12,0.0,,0.0,,0.0,4.9034
2025-04-18,0.0,0.0,0.0,0.0,0.0,0.0,0.0,0.0,0.0,,,,,,,,,,,,0.0,,0.0,0.0,22300.0,109345.82,0.12,0.0,,0.0,,0.0,
2025-04-22,,,,,,,,,,,,,,,,,,,,,,,,,,,,,,,,,4.8625
2025-04-23,,,,,,,,,,,,,,,,,,,,,,,,,,,,,,,,,5.0104
2025-04-24,143000.0,721806.8,0.15,0.13,0.72,360903.4,71500.0,71500.0,360903.4,,,71500.0,,,,,,0.36,71500.0,,0.36,,100.0,100.0,0.0,0.0,0.0,100.0,49.82,0.5,50.18,2.0,5.0476
2025-04-25,143000.0,725553.4,0.15,0.13,0.72,362776.7,71500.0,71500.0,362776.7,,,,,,,,,,,,0.36,,100.0,100.0,0.0,0.0,0.0,100.0,49.87,0.5,50.13,2.0,5.0738
2025-04-28,,,,,,,,,,,,,,,,,,,,,,,,,,,,,,,,,5.085
2025-04-29,121200.0,619077.48,0.13,0.11,0.62,309538.74,60600.0,60600.0,309538.74,,,60600.0,,,,,,0.31,60600.0,,0.31,,100.0,100.0,0.0,0.0,0.0,100.0,50.0,0.5,50.0,2.0,5.1079
2025-04-30,121200.0,621113.64,0.13,0.11,0.62,310556.82,60600.0,60600.0,310556.82,,,,,,,,,,,,0.31,,100.0,100.0,0.0,0.0,0.0,100.0,49.92,0.5,50.08,2.0,5.1247
2025-05-01,121200.0,621113.64,0.13,0.11,0.62,310556.82,60600.0,60600.0,310556.82,,,,,,,,,,,,0.31,,100.0,100.0,0.0,0.0,0.0,100.0,49.92,0.5,50.08,2.0,
2025-05-02,121200.0,636809.04,0.13,0.11,0.63,318404.52,60600.0,60600.0,318404.52,,,,,,,,,,,,0.31,,100.0,100.0,0.0,0.0,0.0,100.0,49.38,0.5001,50.62,2.0,5.2542
2025-05-05,121200.0,637354.44,0.13,0.11,0.64,318677.22,60600.0,60600.0,318677.22,,,,,,,,,,,,0.32,,100.0,100.0,0.0,0.0,0.0,100.0,49.98,0.5,50.02,2.0,5.2587
2025-05-06,121200.0,634288.08,0.13,0.11,0.64,317144.04,60600.0,60600.0,317144.04,,,,,,,,,,,,0.32,,100.0,100.0,0.0,0.0,0.0,100.0,49.88,0.5,50.12,2.0,5.2334
2025-05-07,121200.0,631270.2,0.13,0.11,0.64,315635.1,60600.0,60600.0,315635.1,,,,,,,,,,,,0.32,,100.0,100.0,0.0,0.0,0.0,100.0,49.88,0.5,50.12,2.0,5.2085
2025-05-08,121200.0,641511.6,0.13,0.11,0.64,320755.8,60600.0,60600.0,320755.8,,,,,,,,,,,,0.32,,100.0,100.0,0.0,0.0,0.0,100.0,49.6,0.5,50.4,2.0,5.293
2025-05-09,0.0,0.0,0.0,0.0,0.0,0.0,0.0,0.0,0.0,,,,0.32,,60600.0,,,,,60600.0,0.0,0.32,0.0,0.0,60600.0,320489.16,0.34,0.0,,0.0,,0.0,5.2886
2025-05-12,0.0,0.0,0.0,0.0,0.0,0.0,0.0,0.0,0.0,,,,,,,,,,,,0.0,,0.0,0.0,60600.0,331039.62,0.33,0.0,,0.0,,0.0,5.4627
2025-05-13,,,,,,,,,,,,,,,,,,,,,,,,,,,,,,,,,5.4993
2025-05-14,0.0,0.0,0.0,0.0,0.0,0.0,0.0,0.0,0.0,,,,,,,,,,,,0.0,,0.0,0.0,200.0,1096.46,0.0,0.0,,0.0,,0.0,5.4823
2025-05-15,0.0,0.0,0.0,0.0,0.0,0.0,0.0,0.0,0.0,,,,,,,,,,,,0.0,,0.0,0.0,200.0,1100.68,0.0,0.0,,0.0,,0.0,5.5034
2025-05-16,0.0,0.0,0.0,0.0,0.0,0.0,0.0,0.0,0.0,,,,,,,,,,,,0.0,,0.0,0.0,200.0,1108.96,0.0,0.0,,0.0,,0.0,5.5448
2025-05-19,0.0,0.0,0.0,0.0,0.0,0.0,0.0,0.0,0.0,,,,,,,,,,,,0.0,,0.0,0.0,300.0,1654.17,0.0,0.0,,0.0,,0.0,5.5139
2025-05-20,0.0,0.0,0.0,0.0,0.0,0.0,0.0,0.0,0.0,,,,,,,,,,,,0.0,,0.0,0.0,300.0,1658.01,0.0,0.0,,0.0,,0.0,5.5267
2025-05-21,,,,,,,,,,,,,,,,,,,,,,,,,,,,,,,,,5.4811
2025-05-22,,,,,,,,,,,,,,,,,,,,,,,,,,,,,,,,,5.44
2025-05-23,,,,,,,,,,,,,,,,,,,,,,,,,,,,,,,,,5.384
2025-05-26,,,,,,,,,,,,,,,,,,,,,,,,,,,,,,,,,5.4327
2025-05-27,,,,,,,,,,,,,,,,,,,,,,,,,,,,,,,,,5.474
2025-05-28,,,,,,,,,,,,,,,,,,,,,,,,,,,,,,,,,5.4803
2025-05-29,0.0,0.0,0.0,0.0,0.0,0.0,0.0,0.0,0.0,,,,,,,,,,,,0.0,,0.0,0.0,1500.0,8179.5,0.01,0.0,,0.0,,0.0,5.453
2025-05-30,0.0,0.0,0.0,0.0,0.0,0.0,0.0,0.0,0.0,,,,,,,,,,,,0.0,,0.0,0.0,1500.0,8187.9,0.01,0.0,,0.0,,0.0,5.4586
2025-06-02,166600.0,904154.86,0.31,0.14,0.91,452077.43,83300.0,83300.0,452077.43,,,83300.0,,,,,,0.45,83300.0,,0.46,,100.0,100.0,0.0,0.0,0.0,100.0,49.86,0.5,50.14,2.0,5.4271
2025-06-03,166600.0,914917.22,0.31,0.14,0.91,457458.61,83300.0,83300.0,457458.61,,,,,,,,,,,,0.45,,100.0,100.0,0.0,0.0,0.0,100.0,49.7,0.5,50.3,2.0,5.4917
2025-06-04,0.0,0.0,0.0,0.0,0.0,0.0,0.0,0.0,0.0,,,,0.45,,83300.0,,,,,83300.0,0.0,0.45,0.0,0.0,83300.0,457866.78,0.47,0.0,,0.0,,0.0,5.4966
2025-06-05,0.0,0.0,0.0,0.0,0.0,0.0,0.0,0.0,0.0,,,,,,,,,,,,0.0,,0.0,0.0,83300.0,458108.35,0.48,0.0,,0.0,,0.0,5.4995
2025-06-06,0.0,0.0,0.0,0.0,0.0,0.0,0.0,0.0,0.0,,,,,,,,,,,,0.0,,0.0,0.0,83300.0,459807.67,0.47,0.0,,0.0,,0.0,5.5199
2025-06-09,165600.0,913532.4,0.32,0.14,0.91,456766.2,82800.0,82800.0,456766.2,,,82800.0,,,,,,0.46,82800.0,,0.46,,100.0,100.0,0.0,0.0,0.0,100.0,49.98,0.5,50.02,2.0,5.5165
2025-06-10,,,,,,,,,,,,,,,,,,,,,,,,,,,,,,,,,5.52
2025-06-11,,,,,,,,,,,,,,,,,,,,,,,,,,,,,,,,,5.5169
2025-06-12,,,,,,,,,,,,,,,,,,,,,,,,,,,,,,,,,5.4699
2025-06-13,,,,,,,,,,,,,,,,,,,,,,,,,,,,,,,,,5.4509
2025-06-16,166000.0,908136.2,0.35,0.14,0.91,454068.1,83000.0,83000.0,454068.1,,,83000.0,,,,,,0.46,83000.0,,0.46,,100.0,100.0,0.0,0.0,0.0,100.0,49.91,0.5,50.09,2.0,5.4707
2025-06-17,166000.0,905862.0,0.36,0.14,0.91,452931.0,83000.0,83000.0,452931.0,,,,,,,,,,,,0.46,,100.0,100.0,0.0,0.0,0.0,100.0,49.94,0.5,50.06,2.0,5.457
2025-06-18,166000.0,905164.8,0.37,0.14,0.9,452582.4,83000.0,83000.0,452582.4,,,,,,,,,,,,0.45,,100.0,100.0,0.0,0.0,0.0,100.0,49.98,0.5,50.02,2.0,5.4528
2025-06-19,,,,,,,,,,,,,,,,,,,,,,,,,,,,,,,,,5.4137
2025-06-20,,,,,,,,,,,,,,,,,,,,,,,,,,,,,,,,,5.429
2025-06-23,,,,,,,,,,,,,,,,,,,,,,,,,,,,,,,,,5.4183
2025-06-24,,,,,,,,,,,,,,,,,,,,,,,,,,,,,,,,,5.4689
2025-06-25,88600.0,483880.04,0.22,0.07,0.48,241940.02,44300.0,44300.0,241940.02,,,44300.0,,,,,,0.24,44300.0,,0.24,,100.0,100.0,0.0,0.0,0.0,100.0,49.97,0.5,50.03,2.0,5.4614
2025-06-26,160400.0,876537.88,0.4,0.13,0.88,438268.94,80200.0,80200.0,438268.94,35900.0,0.2,,,35900.0,,0.2,35900.0,,,,0.44,,100.0,100.0,0.0,0.0,0.0,100.0,49.98,0.5,50.02,2.0,5.4647
2025-06-27,0.0,0.0,0.0,0.0,0.0,0.0,0.0,0.0,0.0,,,,0.44,,80200.0,,,,,80200.0,0.0,0.44,0.0,0.0,80200.0,441990.22,0.46,0.0,,0.0,,0.0,5.5111
2025-06-30,0.0,0.0,0.0,0.0,0.0,0.0,0.0,0.0,0.0,,,,,,,,,,,,0.0,,0.0,0.0,80200.0,441100.0,0.46,0.0,,0.0,,0.0,5.5
2025-07-01,114400.0,628010.24,0.29,0.09,0.63,314005.12,57200.0,57200.0,314005.12,,,57200.0,,,,,,0.31,57200.0,,0.31,,100.0,100.0,0.0,0.0,0.0,100.0,49.95,0.5,50.05,2.0,5.4896
2025-07-02,164000.0,902229.6,0.41,0.13,0.9,451114.8,82000.0,82000.0,451114.8,24800.0,0.14,,,24800.0,,0.14,24800.0,,,,0.45,,100.0,100.0,0.0,0.0,0.0,100.0,49.95,0.5,50.05,2.0,5.5014
2025-07-03,164000.0,911741.6,0.41,0.13,0.91,455870.8,82000.0,82000.0,455870.8,,,,,,,,,,,,0.45,,100.0,100.0,0.0,0.0,0.0,100.0,49.74,0.5,50.26,2.0,5.5594
2025-07-04,164000.0,905657.2,0.42,0.13,0.91,452828.6,82000.0,82000.0,452828.6,,,,,,,,,,,,0.46,,100.0,100.0,0.0,0.0,0.0,100.0,49.83,0.5,50.17,2.0,5.5223
2025-07-07,164000.0,908363.2,0.43,0.13,0.91,454181.6,82000.0,82000.0,454181.6,,,,,,,,,,,,0.45,,100.0,100.0,0.0,0.0,0.0,100.0,49.93,0.5,50.07,2.0,5.5388
2025-07-08,182600.0,1011074.46,0.48,0.15,1.01,505537.23,91300.0,91300.0,505537.23,9300.0,0.05,,,9300.0,,0.05,9300.0,,,,0.51,,100.0,100.0,0.0,0.0,0.0,100.0,49.99,0.5,50.01,2.0,5.5371
2025-07-09,182600.0,1014854.28,0.48,0.15,1.02,507427.14,91300.0,91300.0,507427.14,,,,,,,,,,,,0.51,,100.0,100.0,0.0,0.0,0.0,100.0,49.91,0.5,50.09,2.0,5.5578
2025-07-10,,,,,,,,,,,,,,,,,,,,,,,,,,,,,,,,,5.5973
2025-07-11,,,,,,,,,,,,,,,,,,,,,,,,,,,,,,,,,5.5624
2025-07-14,,,,,,,,,,,,,,,,,,,,,,,,,,,,,,,,,5.5709
2025-07-15,,,,,,,,,,,,,,,,,,,,,,,,,,,,,,,,,5.5995
2025-07-16,,,,,,,,,,,,,,,,,,,,,,,,,,,,,,,,,5.5219
2025-07-17,1416.0,7967.27,0.0,0.0,0.01,7967.27,1416.0,1416.0,7967.27,,,1416.0,,,,,,0.01,1416.0,,0.01,,100.0,100.0,0.0,0.0,0.0,100.0,,1.0,100.0,1.0,5.6266
2025-07-18,1416.0,7945.88,0.0,0.0,0.01,7945.88,1416.0,1416.0,7945.88,,,,,,,,,,,,0.01,,100.0,100.0,0.0,0.0,0.0,100.0,,1.0,100.0,1.0,5.6115
2025-07-21,,,,,,,,,,,,,,,,,,,,,,,,,,,,,,,,,5.6174
2025-07-22,141600.0,790198.8,0.38,0.11,0.79,395099.4,70800.0,70800.0,395099.4,,,70800.0,,,,,,0.39,70800.0,,0.4,,100.0,100.0,0.0,0.0,0.0,100.0,49.84,0.5,50.16,2.0,5.5805
2025-07-23,191800.0,1079412.04,0.5,0.15,1.08,539706.02,95900.0,95900.0,539706.02,25100.0,0.15,,,25100.0,,0.15,25100.0,,,,0.54,,100.0,100.0,0.0,0.0,0.0,100.0,49.79,0.5,50.21,2.0,5.6278
2025-07-24,25100.0,141561.49,0.07,0.02,0.14,0.0,25100.0,0.0,141561.49,,,,0.4,,70800.0,,,,,95900.0,0.14,0.54,100.0,26.17,0.0,0.0,0.0,100.0,,1.0,100.0,0.2617,5.6399
2025-07-25,0.0,0.0,0.0,0.0,0.0,0.0,0.0,0.0,0.0,,,,0.14,,25100.0,,,,,,0.0,,0.0,0.0,95900.0,541873.36,0.57,0.0,,0.0,,0.0,5.6504
2025-07-28,0.0,0.0,0.0,0.0,0.0,0.0,0.0,0.0,0.0,,,,,,,,,,,,0.0,,0.0,0.0,95900.0,546601.23,0.56,0.0,,0.0,,0.0,5.6997
2025-07-29,183600.0,1050742.8,0.47,0.14,1.06,525371.4,91800.0,91800.0,525371.4,,,91800.0,,,,,,0.53,91800.0,,0.53,,100.0,100.0,0.0,0.0,0.0,100.0,49.9,0.5,50.1,2.0,5.723
2025-07-30,183600.0,1055020.68,0.46,0.14,1.05,527510.34,91800.0,91800.0,527510.34,,,,,,,,,,,,0.53,,100.0,100.0,0.0,0.0,0.0,100.0,49.9,0.5,50.1,2.0,5.7463
2025-07-31,91800.0,528777.18,0.22,0.07,0.52,528777.18,0.0,91800.0,0.0,,,,0.52,,91800.0,,,,,,0.0,,0.0,0.0,0.0,0.0,0.0,0.0,,1.0,100.0,1.0,5.7601
2025-08-01,0.0,0.0,0.0,0.0,0.0,0.0,0.0,0.0,0.0,,,,,,,,,,,91800.0,0.0,0.52,0.0,0.0,91800.0,513125.28,0.55,0.0,,0.0,,0.0,5.5896
2025-08-04,182200.0,1030359.22,0.4,0.14,1.02,515179.61,91100.0,91100.0,515179.61,,,91100.0,,,,,,0.51,91100.0,,0.51,,100.0,99.24,0.0,0.0,0.0,100.0,50.0,0.5,50.0,1.9847,5.6551
2025-08-05,182200.0,1028610.1,0.38,0.14,1.02,514305.05,91100.0,91100.0,514305.05,,,,,,,,,,,,0.51,,100.0,100.0,0.0,0.0,0.0,100.0,50.0,0.5,50.0,2.0,5.6455
2025-08-06,182200.0,1030413.88,0.38,0.14,1.03,515206.94,91100.0,91100.0,515206.94,,,,,,,,,,,,0.51,,100.0,100.0,0.0,0.0,0.0,100.0,49.96,0.5,50.04,2.0,5.6554
2025-08-07,182200.0,1032490.96,0.37,0.14,1.03,516245.48,91100.0,91100.0,516245.48,,,,,,,,,,,,0.52,,100.0,100.0,0.0,0.0,0.0,100.0,49.95,0.5,50.05,2.0,5.6668
2025-08-08,182200.0,1035624.8,0.37,0.14,1.04,517812.4,91100.0,91100.0,517812.4,,,,,,,,,,,,0.52,,100.0,100.0,0.0,0.0,0.0,100.0,49.92,0.5,50.08,2.0,5.684
2025-08-11,182200.0,1041764.94,0.37,0.14,1.03,520882.47,91100.0,91100.0,520882.47,,,,,,,,,,,,0.51,,100.0,100.0,0.0,0.0,0.0,100.0,49.85,0.5,50.15,2.0,5.7177
2025-08-12,182200.0,1041837.82,0.38,0.14,1.04,520918.91,91100.0,91100.0,520918.91,,,,,,,,,,,,0.52,,100.0,100.0,0.0,0.0,0.0,100.0,50.0,0.5,50.0,2.0,5.7181
2025-08-13,182200.0,1043586.94,0.38,0.14,1.05,521793.47,91100.0,91100.0,521793.47,,,,,,,,,,,,0.52,,100.0,100.0,0.0,0.0,0.0,100.0,49.96,0.5,50.04,2.0,5.7277
2025-08-14,,,,,,,,,,,,,,,,,,,,,,,,,,,,,,,,,5.7536
2025-08-15,170000.0,975715.0,0.36,0.13,0.98,487857.5,85000.0,85000.0,487857.5,,,85000.0,,,,,,0.49,85000.0,,0.49,,100.0,100.0,0.0,0.0,0.0,100.0,49.94,0.5,50.06,2.0,5.7395
2025-08-18,85000.0,488486.5,0.18,0.06,0.49,0.0,85000.0,0.0,488486.5,,,,,,,,,,,85000.0,0.49,0.49,100.0,100.0,0.0,0.0,0.0,100.0,,1.0,100.0,1.0,5.7469
2025-08-19,,,,,,,,,,,,,,,,,,,,,,,,,,,,,,,,,5.7491
2025-08-20,,,,,,,,,,,,,,,,,,,,,,,,,,,,,,,,,5.7182
2025-08-21,67600.0,387949.64,0.14,0.05,0.38,193974.82,33800.0,33800.0,193974.82,,,33800.0,,,,,,0.19,33800.0,,0.19,,100.0,100.0,0.0,0.0,0.0,100.0,49.91,0.5,50.09,2.0,5.7389
2025-08-22,193400.0,1115918.0,0.4,0.14,1.12,557959.0,96700.0,96700.0,557959.0,62900.0,0.37,,,62900.0,,0.37,62900.0,,,,0.56,,100.0,100.0,0.0,0.0,0.0,100.0,49.86,0.5,50.14,2.0,5.77
2025-08-25,193400.0,1114680.24,0.4,0.14,1.12,557340.12,96700.0,96700.0,557340.12,,,,,,,,,,,,0.56,,100.0,100.0,0.0,0.0,0.0,100.0,50.0,0.5,50.0,2.0,5.7636
2025-08-26,193400.0,1112050.0,0.4,0.14,1.11,556025.0,96700.0,96700.0,556025.0,,,,,,,,,,,,0.56,,100.0,100.0,0.0,0.0,0.0,100.0,49.94,0.5,50.06,2.0,5.75
2025-08-27,193400.0,1121197.82,0.4,0.14,1.12,560598.91,96700.0,96700.0,560598.91,,,,,,,,,,,,0.56,,100.0,100.0,0.0,0.0,0.0,100.0,49.8,0.5,50.2,2.0,5.7973
2025-08-28,193400.0,1118180.78,0.4,0.14,1.12,559090.39,96700.0,96700.0,559090.39,,,,,,,,,,,,0.56,,100.0,100.0,0.0,0.0,0.0,100.0,49.93,0.5,50.07,2.0,5.7817
2025-08-29,0.0,0.0,0.0,0.0,0.0,0.0,0.0,0.0,0.0,,,,0.56,,96700.0,,,,,96700.0,0.0,0.56,0.0,0.0,96700.0,555038.66,0.59,0.0,,0.0,,0.0,5.7398
