DATE,CP9 FP Equity_DX_DSS,CP9 FP Equity_PX_LAST
2009-03-04,0.0,150.13
2009-03-05,0.0,144.83
2009-03-06,0.0,143.09
2009-03-09,0.0,141.49
2009-03-10,0.0,147.61
2009-03-11,0.0,148.82
2009-03-12,0.0,148.95
2009-03-13,0.0,152.27
2009-03-16,0.0,155.47
2009-03-17,0.0,156.81
2009-03-19,0.0,154.48
2009-03-20,0.0,155.95
2009-03-23,0.0,162.83
2009-03-24,0.0,164.94
2009-03-25,0.0,165.9
2009-03-26,0.0,168.35
2009-03-27,0.0,168.12
2009-03-30,0.0,161.66
2009-03-31,0.0,165.72
2009-04-01,0.0,166.44
2009-04-02,0.0,176.9
2009-04-03,0.0,174.12
2009-04-06,0.0,175.02
2009-04-07,0.0,174.37
2009-04-08,0.0,173.99
2009-04-09,0.0,180.94
2009-04-14,0.0,183.51
2009-04-15,0.0,183.92
2009-04-16,0.0,184.64
2009-04-17,0.0,185.09
2009-04-20,0.0,181.82
2009-04-21,0.0,181.0
2009-04-22,0.0,180.89
2009-04-23,0.0,181.56
2009-04-24,0.0,182.73
2009-04-27,0.0,180.32
2009-04-28,0.0,178.21
2009-04-29,0.0,182.09
2009-04-30,0.0,188.21
2009-05-04,0.0,194.83
2009-05-05,0.0,193.89
2009-05-06,0.0,198.81
2009-05-07,0.0,199.47
2009-05-08,0.0,200.05
2009-05-11,0.0,196.65
2009-05-12,0.0,195.88
2009-05-13,0.0,190.41
2009-05-14,0.0,187.95
2009-05-15,0.0,190.42
2009-05-18,0.0,195.43
2009-05-19,0.0,200.24
2009-05-20,0.0,198.54
2009-05-21,0.0,191.52
2009-05-22,0.0,192.52
2009-05-25,0.0,192.14
2009-05-26,0.0,195.81
2009-05-27,0.0,197.43
2009-05-28,0.0,193.75
2009-05-29,0.0,198.17
2009-06-01,0.0,205.54
2009-06-02,0.0,206.62
2009-06-03,0.0,205.89
2009-06-04,0.0,202.85
2009-06-05,0.0,207.36
2009-06-08,0.0,204.1
2009-06-09,0.0,203.88
2009-06-10,0.0,209.38
2009-06-11,0.0,212.17
2009-06-12,0.0,210.4
2009-06-15,0.0,205.48
2009-06-16,0.0,205.01
2009-06-17,0.0,198.6
2009-06-18,0.0,201.61
2009-06-19,0.0,204.04
2009-06-22,0.0,197.56
2009-06-23,0.0,191.64
2009-06-24,0.0,200.01
2009-06-25,0.0,201.1
2009-06-26,0.0,202.94
2009-06-29,0.0,204.4
2009-06-30,0.0,202.05
2009-07-01,0.0,203.45
2009-07-02,0.0,196.82
2009-07-03,0.0,197.87
2009-07-06,0.0,195.1
2009-07-07,0.0,194.84
2009-07-08,0.0,191.93
2009-07-09,0.0,193.07
2009-07-10,0.0,192.24
2009-07-13,0.0,192.69
2009-07-14,0.0,200.04
2009-07-15,0.0,207.4
2009-07-16,0.0,206.94
2009-07-17,0.0,207.95
2009-07-20,0.0,212.08
2009-07-21,0.0,212.51
2009-07-22,0.0,213.01
2009-07-23,0.0,217.97
2009-07-24,0.0,216.5
2009-07-27,0.0,219.08
2009-07-28,0.0,220.32
2009-07-29,0.0,219.11
2009-07-30,0.0,228.2
2009-07-31,0.0,224.69
2009-08-03,0.0,228.32
2009-08-04,0.0,227.86
2009-08-05,0.0,223.5
2009-08-06,0.0,226.94
2009-08-07,0.0,230.13
2009-08-10,0.0,228.17
2009-08-11,0.0,226.65
2009-08-12,0.0,229.04
2009-08-13,0.0,233.29
2009-08-14,0.0,230.03
2009-08-17,0.0,225.68
2009-08-18,0.0,228.95
2009-08-19,0.0,226.82
2009-08-20,0.0,228.47
2009-08-21,0.0,228.63
2009-08-24,0.0,233.92
2009-08-25,0.0,233.07
2009-08-26,0.0,230.87
2009-08-27,0.0,231.14
2009-08-28,0.0,234.75
2009-08-31,0.0,230.93
2009-09-01,0.0,230.77
2009-09-02,0.0,229.57
2009-09-03,0.0,230.62
2009-09-04,0.0,234.62
2009-09-07,0.0,237.77
2009-09-08,0.0,239.06
2009-09-09,0.0,239.57
2009-09-10,0.0,239.89
2009-09-11,0.0,241.62
2009-09-14,0.0,238.06
2009-09-15,0.0,237.65
2009-09-16,0.0,244.47
2009-09-17,0.0,245.27
2009-09-18,0.0,242.62
2009-09-21,0.0,241.56
2009-09-22,0.0,243.66
2009-09-23,0.0,244.56
2009-09-24,0.0,242.01
2009-09-25,0.0,242.96
2009-09-28,0.0,246.86
2009-09-29,0.0,248.31
2009-09-30,0.0,248.47
2009-10-01,0.0,244.17
2009-10-02,0.0,238.01
2009-10-05,0.0,240.11
2009-10-06,0.0,245.57
2009-10-07,0.0,247.02
2009-10-08,0.0,254.34
2009-10-09,0.0,253.02
2009-10-12,0.0,253.38
2009-10-13,0.0,251.8
2009-10-14,0.0,258.05
2009-10-15,0.0,257.9
2009-10-16,0.0,255.93
2009-10-19,0.0,259.13
2009-10-20,0.0,258.7
2009-10-21,0.0,260.0
2009-10-22,0.0,256.2
2009-10-23,0.0,256.55
2009-10-26,0.0,256.1
2009-10-27,0.0,255.45
2009-10-28,0.0,246.4
2009-10-29,0.0,248.7
2009-10-30,0.0,241.8
2009-11-02,0.0,245.46
2009-11-03,0.0,242.35
2009-11-04,0.0,246.12
2009-11-05,0.0,245.47
2009-11-06,0.0,248.3
2009-11-09,0.0,254.97
2009-11-10,0.0,255.42
2009-11-11,0.0,257.62
2009-11-12,0.0,257.27
2009-11-13,0.0,258.4
2009-11-16,0.0,261.23
2009-11-17,0.0,257.49
2009-11-18,0.0,256.57
2009-11-19,0.0,251.92
2009-11-20,0.0,250.97
2009-11-23,0.0,257.18
2009-11-24,0.0,251.52
2009-11-25,0.0,254.97
2009-11-26,0.0,248.34
2009-11-27,0.0,246.87
2009-11-30,0.0,248.57
2009-12-01,0.0,255.42
2009-12-02,0.0,256.87
2009-12-03,0.0,256.62
2009-12-04,0.0,257.82
2009-12-07,0.0,254.37
2009-12-08,0.0,251.61
2009-12-09,0.0,252.52
2009-12-10,0.0,255.87
2009-12-11,0.0,255.47
2009-12-14,0.0,256.92
2009-12-15,0.0,257.27
2009-12-16,0.0,256.22
2009-12-17,0.0,254.07
2009-12-18,0.0,254.29
2009-12-21,0.0,254.17
2009-12-22,0.0,256.62
2009-12-23,0.0,257.92
2009-12-28,0.0,261.32
2009-12-29,0.0,265.92
2009-12-30,0.0,264.67
2010-01-04,0.0,273.12
2010-01-05,0.0,274.51
2010-01-06,0.0,275.67
2010-01-07,0.0,275.22
2010-01-08,0.0,275.62
2010-01-11,0.0,274.12
2010-01-12,0.0,270.62
2010-01-13,0.0,270.32
2010-01-14,0.0,273.22
2010-01-15,0.0,271.57
2010-01-18,0.0,275.12
2010-01-19,0.0,276.05
2010-01-20,0.0,271.17
2010-01-21,0.0,266.47
2010-01-22,0.0,263.77
2010-01-25,0.0,261.42
2010-01-26,0.0,261.02
2010-01-27,0.0,256.19
2010-01-28,0.0,258.01
2010-01-29,0.0,258.69
2010-02-01,0.0,257.94
2010-02-02,0.0,259.27
2010-02-03,0.0,259.39
2010-02-04,0.0,252.73
2010-02-05,0.0,251.54
2010-02-08,0.0,254.25
2010-02-09,0.0,254.68
2010-02-10,0.0,256.03
2010-02-11,0.0,262.48
2010-02-12,0.0,261.03
2010-02-15,0.0,263.84
2010-02-16,0.0,266.99
2010-02-17,0.0,271.94
2010-02-18,0.0,273.16
2010-02-19,0.0,273.55
2010-02-22,0.0,274.03
2010-02-23,0.0,273.13
2010-02-24,0.0,272.65
2010-02-25,0.0,265.55
2010-02-26,0.0,270.66
2010-03-01,0.0,278.15
2010-03-02,0.0,280.43
2010-03-03,0.0,279.82
2010-03-04,0.0,279.08
2010-03-05,0.0,284.04
2010-03-08,0.0,284.99
2010-03-09,0.0,287.89
2010-03-10,0.0,288.15
2010-03-11,0.0,286.04
2010-03-12,0.0,284.49
2010-03-15,0.0,282.63
2010-03-16,0.0,284.19
2010-03-17,0.0,289.64
2010-03-18,0.0,290.38
2010-03-19,0.0,290.68
2010-03-22,0.0,290.31
2010-03-23,0.0,292.68
2010-03-24,0.0,294.56
2010-03-25,0.0,296.99
2010-03-26,0.0,293.44
2010-03-29,0.0,297.04
2010-03-30,0.0,297.94
2010-03-31,0.0,292.44
2010-04-01,0.0,297.09
2010-04-06,0.0,304.18
2010-04-07,0.0,304.01
2010-04-08,0.0,301.45
2010-04-09,0.0,302.92
2010-04-12,0.0,300.09
2010-04-13,0.0,298.26
2010-04-14,0.0,302.71
2010-04-15,0.0,304.64
2010-04-16,0.0,298.68
2010-04-19,0.0,296.28
2010-04-20,0.0,301.07
2010-04-21,0.0,300.49
2010-04-22,0.0,298.48
2010-04-23,0.0,297.34
2010-04-26,0.0,301.54
2010-04-27,0.0,294.38
2010-04-28,0.0,297.6
2010-04-29,0.0,298.96
2010-04-30,0.0,294.9
2010-05-03,0.0,296.19
2010-05-04,0.0,287.04
2010-05-05,0.0,290.01
2010-05-06,0.0,284.55
2010-05-07,0.0,276.7
2010-05-10,0.0,290.47
2010-05-11,0.0,290.42
2010-05-12,0.0,292.11
2010-05-13,0.0,295.37
2010-05-14,0.0,288.72
2010-05-17,0.0,286.01
2010-05-18,0.0,294.79
2010-05-19,0.0,272.8
2010-05-20,0.0,260.61
2010-05-21,0.0,261.52
2010-05-24,0.0,270.3
2010-05-25,0.0,262.31
2010-05-26,0.0,271.06
2010-05-27,0.0,277.91
2010-05-28,0.0,277.51
2010-05-31,0.0,276.57
2010-06-01,0.0,273.06
2010-06-02,0.0,276.44
2010-06-03,0.0,283.22
2010-06-04,0.0,276.82
2010-06-07,0.0,273.72
2010-06-08,0.0,275.42
2010-06-09,0.0,283.18
2010-06-10,0.0,287.12
2010-06-11,0.0,288.79
2010-06-14,0.0,292.66
2010-06-15,0.0,289.32
2010-06-16,0.0,290.17
2010-06-17,0.0,286.38
2010-06-18,0.0,291.37
2010-06-21,0.0,298.11
2010-06-22,0.0,296.86
2010-06-23,0.0,293.96
2010-06-24,0.0,286.24
2010-06-25,0.0,285.0
2010-06-28,0.0,287.0
2010-06-29,0.0,277.36
2010-06-30,0.0,274.37
2010-07-01,0.0,262.47
2010-07-02,0.0,268.57
2010-07-05,0.0,266.0
2010-07-06,0.0,272.97
2010-07-07,0.0,268.97
2010-07-08,0.0,280.61
2010-07-09,0.0,281.07
2010-07-12,0.0,282.87
2010-07-13,0.0,283.15
2010-07-14,0.0,283.8
2010-07-15,0.0,280.0
2010-07-16,0.0,277.1
2010-07-19,0.0,269.25
2010-07-20,0.0,275.05
2010-07-21,0.0,279.86
2010-07-22,0.0,283.07
2010-07-23,0.0,285.11
2010-07-26,0.0,286.01
2010-07-27,0.0,289.3
2010-07-28,0.0,285.76
2010-07-29,0.0,287.36
2010-07-30,0.0,284.81
2010-08-02,0.0,291.66
2010-08-03,0.0,290.59
2010-08-04,0.0,290.41
2010-08-05,0.0,289.01
2010-08-06,0.0,286.46
2010-08-09,0.0,290.51
2010-08-11,0.0,284.55
2010-08-12,0.0,285.06
2010-08-13,0.0,288.32
2010-08-16,0.0,286.95
2010-08-17,0.0,291.4
2010-08-18,0.0,289.22
2010-08-19,0.0,285.52
2010-08-20,0.0,286.8
2010-08-23,0.0,289.89
2010-08-24,0.0,283.53
2010-08-25,0.0,282.09
2010-08-26,0.0,285.25
2010-08-27,0.0,288.35
2010-08-30,0.0,290.51
2010-08-31,0.0,290.69
2010-09-01,0.0,301.43
2010-09-02,0.0,299.77
2010-09-03,0.0,298.66
2010-09-06,0.0,302.76
2010-09-07,0.0,303.99
2010-09-08,0.0,310.09
2010-09-09,0.0,310.5
2010-09-10,0.0,309.36
2010-09-13,0.0,312.86
2010-09-14,0.0,310.45
2010-09-15,0.0,309.72
2010-09-16,0.0,306.68
2010-09-17,0.0,307.11
2010-09-20,0.0,312.33
2010-09-21,0.0,308.71
2010-09-22,0.0,305.75
2010-09-23,0.0,306.49
2010-09-24,0.0,307.57
2010-09-27,0.0,309.1
2010-09-28,0.0,309.13
2010-09-29,0.0,306.97
2010-09-30,0.0,303.62
2010-10-01,0.0,301.61
2010-10-04,0.0,302.88
2010-10-05,0.0,304.31
2010-10-06,0.0,306.49
2010-10-07,0.0,306.43
2010-10-08,0.0,307.97
2010-10-11,0.0,309.48
2010-10-12,0.0,307.18
2010-10-13,0.0,309.08
2010-10-14,0.0,308.83
2010-10-15,0.0,308.11
2010-10-18,0.0,309.48
2010-10-19,0.0,307.23
2010-10-20,0.0,307.34
2010-10-21,0.0,306.06
2010-10-22,0.0,306.78
2010-10-25,0.0,311.43
2010-10-26,0.0,309.99
2010-10-27,0.0,303.48
2010-10-28,0.0,306.39
2010-10-29,0.0,305.51
2010-11-01,0.0,311.5
2010-11-02,0.0,312.66
2010-11-03,0.0,312.81
2010-11-04,0.0,319.98
2010-11-05,0.0,323.95
2010-11-08,0.0,325.16
2010-11-09,0.0,326.24
2010-11-10,0.0,322.94
2010-11-11,0.0,323.45
2010-11-12,0.0,318.63
2010-11-15,0.0,321.48
2010-11-16,0.0,317.38
2010-11-17,0.0,316.09
2010-11-18,0.0,320.21
2010-11-19,0.0,313.71
2010-11-22,0.0,313.22
2010-11-23,0.0,309.81
2010-11-24,0.0,317.65
2010-11-25,0.0,317.28
2010-11-26,0.0,313.84
2010-11-29,0.0,315.78
2010-11-30,0.0,317.97
2010-12-01,0.0,325.25
2010-12-02,0.0,327.44
2010-12-03,0.0,324.74
2010-12-06,0.0,326.03
2010-12-07,0.0,328.12
2010-12-08,0.0,324.83
2010-12-09,0.0,328.0
2010-12-10,0.0,329.55
2010-12-13,0.0,329.78
2010-12-14,0.0,331.23
2010-12-15,0.0,328.3
2010-12-16,0.0,329.06
2010-12-17,0.0,326.95
2010-12-20,0.0,330.45
2010-12-21,0.0,334.59
2010-12-22,0.0,337.44
2010-12-23,0.0,337.77
2010-12-27,0.0,335.53
2010-12-28,0.0,338.44
2010-12-29,0.0,340.37
2010-12-30,0.0,337.41
2011-01-03,0.0,338.89
2011-01-04,0.0,334.45
2011-01-05,0.0,339.19
2011-01-06,0.0,339.15
2011-01-07,0.0,339.77
2011-01-10,0.0,337.38
2011-01-11,0.0,339.77
2011-01-12,0.0,340.86
2011-01-13,0.0,335.16
2011-01-14,0.0,334.12
2011-01-17,0.0,335.1
2011-01-18,0.0,334.73
2011-01-19,0.0,333.76
2011-01-20,0.0,326.52
2011-01-21,0.0,325.39
2011-01-24,0.0,326.47
2011-01-25,0.0,323.23
2011-01-26,0.0,325.9
2011-01-27,0.0,325.02
2011-01-28,0.0,323.47
2011-01-31,0.0,322.57
2011-02-01,0.0,325.45
2011-02-02,0.0,325.47
2011-02-03,0.0,330.91
2011-02-04,0.0,334.32
2011-02-07,0.0,336.35
2011-02-08,0.0,333.38
2011-02-09,0.0,329.56
2011-02-10,0.0,331.19
2011-02-11,0.0,330.76
2011-02-14,0.0,332.97
2011-02-15,0.0,332.41
2011-02-16,0.0,330.72
2011-02-17,0.0,332.34
2011-02-18,0.0,332.5
2011-02-21,0.0,327.86
2011-02-22,0.0,323.53
2011-02-23,0.0,319.49
2011-02-24,0.0,319.2
2011-02-25,0.0,325.8
2011-02-28,0.0,325.85
2011-03-01,0.0,322.21
2011-03-02,0.0,322.77
2011-03-03,0.0,322.75
2011-03-04,0.0,321.52
2011-03-07,0.0,317.66
2011-03-08,0.0,323.05
2011-03-09,0.0,321.57
2011-03-10,0.0,316.74
2011-03-11,0.0,313.95
2011-03-14,0.0,308.63
2011-03-15,0.0,298.74
2011-03-16,0.0,297.47
2011-03-17,0.0,297.19
2011-03-18,0.0,299.76
2011-03-21,0.0,305.99
2011-03-22,0.0,306.61
2011-03-23,0.0,309.67
2011-03-24,0.0,314.03
2011-03-25,0.0,318.53
2011-03-28,0.0,317.14
2011-03-29,0.0,319.62
2011-03-30,0.0,324.53
2011-03-31,0.0,323.01
2011-04-01,0.0,327.71
2011-04-04,0.0,327.45
2011-04-05,0.0,328.08
2011-04-06,0.0,329.43
2011-04-07,0.0,327.49
2011-04-08,0.0,330.2
2011-04-11,0.0,330.95
2011-04-12,0.0,322.6
2011-04-13,0.0,326.23
2011-04-14,0.0,325.23
2011-04-15,0.0,326.91
2011-04-18,0.0,324.81
2011-04-19,0.0,325.41
2011-04-20,0.0,328.37
2011-04-21,0.0,330.21
2011-04-26,0.0,330.49
2011-04-27,0.0,326.91
2011-04-28,0.0,326.88
2011-04-29,0.0,324.86
2011-05-02,0.0,324.81
2011-05-03,0.0,320.06
2011-05-04,0.0,311.83
2011-05-05,0.0,315.3
2011-05-06,0.0,324.93
2011-05-09,0.0,327.49
2011-05-10,0.0,328.14
2011-05-11,0.0,328.88
2011-05-12,0.0,323.93
2011-05-13,0.0,323.84
2011-05-16,0.0,324.46
2011-05-17,0.0,321.24
2011-05-18,0.0,324.61
2011-05-19,0.0,327.12
2011-05-20,0.0,326.74
2011-05-23,0.0,320.93
2011-05-24,0.0,322.02
2011-05-25,0.0,320.9
2011-05-26,0.0,323.82
2011-05-27,0.0,324.78
2011-05-30,0.0,323.56
2011-05-31,0.0,324.1
2011-06-01,0.0,319.9
2011-06-02,0.0,315.0
2011-06-03,0.0,312.16
2011-06-06,0.0,311.27
2011-06-07,0.0,310.61
2011-06-08,0.0,306.92
2011-06-09,0.0,311.48
2011-06-10,0.0,309.13
2011-06-13,0.0,308.76
2011-06-14,0.0,312.74
2011-06-15,0.0,312.68
2011-06-16,0.0,310.28
2011-06-17,0.0,309.19
2011-06-20,0.0,306.68
2011-06-21,0.0,309.86
2011-06-22,0.0,309.29
2011-06-23,0.0,306.65
2011-06-24,0.0,309.35
2011-06-27,0.0,306.44
2011-06-28,0.0,307.85
2011-06-29,0.0,312.77
2011-06-30,0.0,317.07
2011-07-01,0.0,317.95
2011-07-04,0.0,318.31
2011-07-05,0.0,316.79
2011-07-06,0.0,317.42
2011-07-07,0.0,321.69
2011-07-08,0.0,321.25
2011-07-11,0.0,320.41
2011-07-12,0.0,317.96
2011-07-13,0.0,320.23
2011-07-14,0.0,315.94
2011-07-15,0.0,313.51
2011-07-18,0.0,312.36
2011-07-19,0.0,315.53
2011-07-20,0.0,319.21
2011-07-21,0.0,319.24
2011-07-22,0.0,321.58
2011-07-25,0.0,319.57
2011-07-26,0.0,319.04
2011-07-27,0.0,320.42
2011-07-28,0.0,322.34
2011-07-29,0.0,316.52
2011-08-01,0.0,318.73
2011-08-02,0.0,315.78
2011-08-03,0.0,304.23
2011-08-04,0.0,297.22
2011-08-05,0.0,284.3
2011-08-08,0.0,275.31
2011-08-09,0.0,278.73
2011-08-10,0.0,274.3
2011-08-11,0.0,281.76
2011-08-12,0.0,288.34
2011-08-15,0.0,289.74
2011-08-16,0.0,289.28
2011-08-17,0.0,293.65
2011-08-18,0.0,281.26
2011-08-19,0.0,280.61
2011-08-22,0.0,278.98
2011-08-23,0.0,284.67
2011-08-24,0.0,286.36
2011-08-25,0.0,285.4
2011-08-26,0.0,286.89
2011-08-29,0.0,292.04
2011-08-30,0.0,294.1
2011-08-31,0.0,299.95
2011-09-01,0.0,302.47
2011-09-02,0.0,295.24
2011-09-05,0.0,287.89
2011-09-06,0.0,290.05
2011-09-07,0.0,299.04
2011-09-08,0.0,301.3
2011-09-09,0.0,296.87
2011-09-12,0.0,290.12
2011-09-13,0.0,289.75
2011-09-14,0.0,285.59
2011-09-15,0.0,288.35
2011-09-16,0.0,292.11
2011-09-19,0.0,285.05
2011-09-20,0.0,289.51
2011-09-21,0.0,281.9
2011-09-22,0.0,267.32
2011-09-23,0.0,270.1
2011-09-26,0.0,269.15
2011-09-27,0.0,282.95
2011-09-28,0.0,273.75
2011-09-29,0.0,271.96
2011-09-30,0.0,269.11
2011-10-03,0.0,267.08
2011-10-04,0.0,256.7
2011-10-05,0.0,268.11
2011-10-06,0.0,275.33
2011-10-07,0.0,281.04
2011-10-10,0.0,286.79
2011-10-11,0.0,285.55
2011-10-12,0.0,292.37
2011-10-13,0.0,287.59
2011-10-14,0.0,291.65
2011-10-17,0.0,290.08
2011-10-18,0.0,287.35
2011-10-19,0.0,292.3
2011-10-20,0.0,283.38
2011-10-21,0.0,286.3
2011-10-24,0.0,296.13
2011-10-25,0.0,291.98
2011-10-26,0.0,291.44
2011-10-27,0.0,303.37
2011-10-28,0.0,305.65
2011-10-31,0.0,299.45
2011-11-01,0.0,292.35
2011-11-02,0.0,295.48
2011-11-03,0.0,299.26
2011-11-04,0.0,297.11
2011-11-07,0.0,298.5
2011-11-08,0.0,299.86
2011-11-09,0.0,296.58
2011-11-10,0.0,295.28
2011-11-11,0.0,299.66
2011-11-14,0.0,297.07
2011-11-15,0.0,297.15
2011-11-16,0.0,297.43
2011-11-17,0.0,291.83
2011-11-18,0.0,288.19
2011-11-21,0.0,277.04
2011-11-22,0.0,278.1
2011-11-23,0.0,274.84
2011-11-24,0.0,276.59
2011-11-25,0.0,274.98
2011-11-28,0.0,286.81
2011-11-29,0.0,288.82
2011-11-30,0.0,300.67
2011-12-01,0.0,297.84
2011-12-02,0.0,304.51
2011-12-05,0.0,305.72
2011-12-06,0.0,302.27
2011-12-07,0.0,302.89
2011-12-08,0.0,298.81
2011-12-09,0.0,299.66
2011-12-12,0.0,294.34
2011-12-13,0.0,299.27
2011-12-14,0.0,293.17
2011-12-15,0.0,293.67
2011-12-16,0.0,294.67
2011-12-19,0.0,290.23
2011-12-20,0.0,294.76
2011-12-21,0.0,295.08
2011-12-22,0.0,299.08
2011-12-23,0.0,299.59
2011-12-27,0.0,300.17
2011-12-28,0.0,296.38
2011-12-29,0.0,299.07
2011-12-30,0.0,296.8
2012-01-02,0.0,307.31
2012-01-03,0.0,305.6
2012-01-04,0.0,308.44
2012-01-05,0.0,308.61
2012-01-06,0.0,308.87
2012-01-09,0.0,307.13
2012-01-10,0.0,313.31
2012-01-11,0.0,316.35
2012-01-12,0.0,313.28
2012-01-13,0.0,316.23
2012-01-16,0.0,317.15
2012-01-17,0.0,320.94
2012-01-18,0.0,320.52
2012-01-19,0.0,322.54
2012-01-20,0.0,321.52
2012-01-23,0.0,322.7
2012-01-24,0.0,321.49
2012-01-25,0.0,323.76
2012-01-26,0.0,328.01
2012-01-27,0.0,325.9
2012-01-30,0.0,323.57
2012-01-31,0.0,324.99
2012-02-01,0.0,328.1
2012-02-02,0.0,328.12
2012-02-03,0.0,332.81
2012-02-06,0.0,331.1
2012-02-07,0.0,328.9
2012-02-08,0.0,328.86
2012-02-09,0.0,328.11
2012-02-10,0.0,323.37
2012-02-13,0.0,326.36
2012-02-14,0.0,327.57
2012-02-15,0.0,331.5
2012-02-16,0.0,329.95
2012-02-17,0.0,327.59
2012-02-20,0.0,330.9
2012-02-21,0.0,330.23
2012-02-22,0.0,328.53
2012-02-23,0.0,328.52
2012-02-24,0.0,327.14
2012-02-27,0.0,328.07
2012-02-28,0.0,327.64
2012-02-29,0.0,330.97
2012-03-01,0.0,332.12
2012-03-02,0.0,334.03
2012-03-05,0.0,329.05
2012-03-06,0.0,320.62
2012-03-07,0.0,322.85
2012-03-08,0.0,324.61
2012-03-09,0.0,329.35
2012-03-12,0.0,324.71
2012-03-13,0.0,331.69
2012-03-14,0.0,331.89
2012-03-15,0.0,332.7
2012-03-16,0.0,332.89
2012-03-19,0.0,330.61
2012-03-20,0.0,324.37
2012-03-21,0.0,324.37
2012-03-22,0.0,322.37
2012-03-23,0.0,321.46
2012-03-26,0.0,325.53
2012-03-27,0.0,325.76
2012-03-28,0.0,324.46
2012-03-29,0.0,320.92
2012-03-30,0.0,323.32
2012-04-02,0.0,325.66
2012-04-03,0.0,323.01
2012-04-04,0.0,321.9
2012-04-05,0.0,326.57
2012-04-10,0.0,320.67
2012-04-11,0.0,321.44
2012-04-12,0.0,326.37
2012-04-13,0.0,326.26
2012-04-16,0.0,325.93
2012-04-17,0.0,328.66
2012-04-18,0.0,329.03
2012-04-19,0.0,328.86
2012-04-20,0.0,329.16
2012-04-23,0.0,324.07
2012-04-24,0.0,326.22
2012-04-25,0.0,328.76
2012-04-26,0.0,328.82
2012-04-27,0.0,329.98
2012-04-30,0.0,329.17
2012-05-02,0.0,331.94
2012-05-03,0.0,332.19
2012-05-04,0.0,326.06
2012-05-07,0.0,326.18
2012-05-08,0.0,319.88
2012-05-09,0.0,320.6
2012-05-10,0.0,324.01
2012-05-11,0.0,323.34
2012-05-14,0.0,319.86
2012-05-15,0.0,319.85
2012-05-16,0.0,314.65
2012-05-17,0.0,310.87
2012-05-18,0.0,305.61
2012-05-21,0.0,306.76
2012-05-22,0.0,311.29
2012-05-23,0.0,303.8
2012-05-24,0.0,306.72
2012-05-25,0.0,306.54
2012-05-28,0.0,308.98
2012-05-29,0.0,313.08
2012-05-30,0.0,309.34
2012-05-31,0.0,309.51
2012-06-01,0.0,305.16
2012-06-04,0.0,302.87
2012-06-05,0.0,306.81
2012-06-06,0.0,313.9
2012-06-07,0.0,317.12
2012-06-08,0.0,312.69
2012-06-11,0.0,313.22
2012-06-12,0.0,316.59
2012-06-13,0.0,313.86
2012-06-14,0.0,312.1
2012-06-15,0.0,314.74
2012-06-18,0.0,319.78
2012-06-19,0.0,323.84
2012-06-20,0.0,322.87
2012-06-21,0.0,318.25
2012-06-22,0.0,316.09
2012-06-25,0.0,312.36
2012-06-26,0.0,315.7
2012-06-27,0.0,321.71
2012-06-28,0.0,318.29
2012-06-29,0.0,324.33
2012-07-02,0.0,328.01
2012-07-03,0.0,331.7
2012-07-04,0.0,335.55
2012-07-05,0.0,338.83
2012-07-06,0.0,335.87
2012-07-09,0.0,334.3
2012-07-10,0.0,335.44
2012-07-11,0.0,337.38
2012-07-12,0.0,332.6
2012-07-13,0.0,336.77
2012-07-16,0.0,337.22
2012-07-17,0.0,340.37
2012-07-18,0.0,344.59
2012-07-19,0.0,348.85
2012-07-20,0.0,347.83
2012-07-23,0.0,341.48
2012-07-24,0.0,342.88
2012-07-25,0.0,342.38
2012-07-26,0.0,343.77
2012-07-27,0.0,347.76
2012-07-30,0.0,353.82
2012-07-31,0.0,354.35
2012-08-01,0.0,354.26
2012-08-02,0.0,353.66
2012-08-03,0.0,355.89
2012-08-06,0.0,355.57
2012-08-07,0.0,357.41
2012-08-08,0.0,359.99
2012-08-09,0.0,362.13
2012-08-10,0.0,358.9
2012-08-13,0.0,355.89
2012-08-14,0.0,357.92
2012-08-15,0.0,356.81
2012-08-16,0.0,357.48
2012-08-17,0.0,359.54
2012-08-20,0.0,359.81
2012-08-21,0.0,360.11
2012-08-22,0.0,356.13
2012-08-23,0.0,354.36
2012-08-24,0.0,353.64
2012-08-27,0.0,352.98
2012-08-28,0.0,350.71
2012-08-29,0.0,351.58
2012-08-30,0.0,347.59
2012-08-31,0.0,349.81
2012-09-03,0.0,347.51
2012-09-04,0.0,344.18
2012-09-05,0.0,342.37
2012-09-06,0.0,348.08
2012-09-07,0.0,347.43
2012-09-10,0.0,346.87
2012-09-11,0.0,348.12
2012-09-12,0.0,348.55
2012-09-13,0.0,348.19
2012-09-14,0.0,351.27
2012-09-17,0.0,349.32
2012-09-18,0.0,349.08
2012-09-19,0.0,351.11
2012-09-20,0.0,350.53
2012-09-21,0.0,351.46
2012-09-24,0.0,350.15
2012-09-25,0.0,351.02
2012-09-26,0.0,347.09
2012-09-27,0.0,351.4
2012-09-28,0.0,350.63
2012-10-01,0.0,354.46
2012-10-02,0.0,351.62
2012-10-03,0.0,352.08
2012-10-04,0.0,350.38
2012-10-05,0.0,352.0
2012-10-08,0.0,351.28
2012-10-09,0.0,352.33
2012-10-10,0.0,352.89
2012-10-11,0.0,353.46
2012-10-12,0.0,350.92
2012-10-15,0.0,352.71
2012-10-16,0.0,354.18
2012-10-17,0.0,356.32
2012-10-18,0.0,357.48
2012-10-19,0.0,355.42
2012-10-22,0.0,352.91
2012-10-23,0.0,350.76
2012-10-24,0.0,355.84
2012-10-25,0.0,357.82
2012-10-26,0.0,356.22
2012-10-29,0.0,354.99
2012-10-30,0.0,355.37
2012-10-31,0.0,354.89
2012-11-01,0.0,358.15
2012-11-02,0.0,358.58
2012-11-05,0.0,359.98
2012-11-06,0.0,362.44
2012-11-07,0.0,359.84
2012-11-08,0.0,361.12
2012-11-09,0.0,361.01
2012-11-12,0.0,362.46
2012-11-13,0.0,359.81
2012-11-14,0.0,355.43
2012-11-15,0.0,351.51
2012-11-16,0.0,351.01
2012-11-19,0.0,356.77
2012-11-20,0.0,354.58
2012-11-21,0.0,354.43
2012-11-22,0.0,355.82
2012-11-23,0.0,356.95
2012-11-26,0.0,356.18
2012-11-27,0.0,358.91
2012-11-28,0.0,359.45
2012-11-29,0.0,361.27
2012-11-30,0.0,360.66
2012-12-03,0.0,360.76
2012-12-04,0.0,359.31
2012-12-05,0.0,361.62
2012-12-06,0.0,365.27
2012-12-07,0.0,368.1
2012-12-10,0.0,370.0
2012-12-11,0.0,370.16
2012-12-12,0.0,369.56
2012-12-13,0.0,367.38
2012-12-14,0.0,365.96
2012-12-17,0.0,364.96
2012-12-18,0.0,365.26
2012-12-19,0.0,363.87
2012-12-20,0.0,365.16
2012-12-21,0.0,364.33
2012-12-24,0.0,363.29
2012-12-27,0.0,363.13
2012-12-28,0.0,364.04
2012-12-31,0.0,364.1
2013-01-02,0.0,374.25
2013-01-03,0.0,376.9
2013-01-04,0.0,375.65
2013-01-07,0.0,375.12
2013-01-08,0.0,373.68
2013-01-09,0.0,377.88
2013-01-10,0.0,375.42
2013-01-11,0.0,369.84
2013-01-14,0.0,369.44
2013-01-15,0.0,370.26
2013-01-16,0.0,372.74
2013-01-17,0.0,373.2
2013-01-18,0.0,373.97
2013-01-21,0.0,374.53
2013-01-22,0.0,375.1
2013-01-23,0.0,376.57
2013-01-24,0.0,376.9
2013-01-25,0.0,372.23
2013-01-28,0.0,372.17
2013-01-29,0.0,375.57
2013-01-30,0.0,373.21
2013-01-31,0.0,371.84
2013-02-01,0.0,370.91
2013-02-04,0.0,371.95
2013-02-05,0.0,370.2
2013-02-06,0.0,371.81
2013-02-07,0.0,373.94
2013-02-08,0.0,379.53
2013-02-11,0.0,377.78
2013-02-12,0.0,377.24
2013-02-13,0.0,380.55
2013-02-14,0.0,384.78
2013-02-15,0.0,384.23
2013-02-18,0.0,385.54
2013-02-19,0.0,387.08
2013-02-20,0.0,386.44
2013-02-21,0.0,382.76
2013-02-22,0.0,385.69
2013-02-25,0.0,387.7
2013-02-26,0.0,385.05
2013-02-27,0.0,388.52
2013-02-28,0.0,392.18
2013-03-01,0.0,394.34
2013-03-04,0.0,390.19
2013-03-05,0.0,394.42
2013-03-06,0.0,397.21
2013-03-07,0.0,395.94
2013-03-08,0.0,398.33
2013-03-11,0.0,400.4
2013-03-12,0.0,398.71
2013-03-13,0.0,399.06
2013-03-14,0.0,397.36
2013-03-15,0.0,397.84
2013-03-18,0.0,395.9
2013-03-19,0.0,392.91
2013-03-20,0.0,394.24
2013-03-21,0.0,394.89
2013-03-22,0.0,395.36
2013-03-25,0.0,397.6
2013-03-26,0.0,399.75
2013-03-27,0.0,403.32
2013-03-28,0.0,403.08
2013-04-02,0.0,404.33
2013-04-03,0.0,401.52
2013-04-04,0.0,397.22
2013-04-05,0.0,385.29
2013-04-08,0.0,389.35
2013-04-09,0.0,392.29
2013-04-10,0.0,397.75
2013-04-11,0.0,399.37
2013-04-12,0.0,395.74
2013-04-15,0.0,390.79
2013-04-16,0.0,389.12
2013-04-17,0.0,389.92
2013-04-18,0.0,387.29
2013-04-19,0.0,389.32
2013-04-22,0.0,390.46
2013-04-23,0.0,396.39
2013-04-24,0.0,401.35
2013-04-25,0.0,405.03
2013-04-26,0.0,402.16
2013-04-29,0.0,404.72
2013-04-30,0.0,405.85
2013-05-02,0.0,404.82
2013-05-03,0.0,406.18
2013-05-06,0.0,405.41
2013-05-07,0.0,402.66
2013-05-08,0.0,403.6
2013-05-09,0.0,405.02
2013-05-10,0.0,405.56
2013-05-13,0.0,404.0
2013-05-14,0.0,404.3
2013-05-15,0.0,405.93
2013-05-16,0.0,401.92
2013-05-17,0.0,402.02
2013-05-20,0.0,404.84
2013-05-21,0.0,401.02
2013-05-22,0.0,399.19
2013-05-23,0.0,390.11
2013-05-24,0.0,381.53
2013-05-27,0.0,381.62
2013-05-28,0.0,385.97
2013-05-29,0.0,378.62
2013-05-30,0.0,376.43
2013-05-31,0.0,374.01
2013-06-03,0.0,371.16
2013-06-04,0.0,371.18
2013-06-05,0.0,361.19
2013-06-06,0.0,354.59
2013-06-07,0.0,355.41
2013-06-10,0.0,353.42
2013-06-11,0.0,348.0
2013-06-12,0.0,347.29
2013-06-13,0.0,350.25
2013-06-14,0.0,352.57
2013-06-17,0.0,357.39
2013-06-18,0.0,355.0
2013-06-19,0.0,354.95
2013-06-20,0.0,339.06
2013-06-21,0.0,338.72
2013-06-24,0.0,335.44
2013-06-25,0.0,344.02
2013-06-26,0.0,351.24
2013-06-27,0.0,355.13
2013-06-28,0.0,351.16
2013-07-01,0.0,349.8
2013-07-02,0.0,352.28
2013-07-03,0.0,345.64
2013-07-04,0.0,354.21
2013-07-05,0.0,350.85
2013-07-08,0.0,354.11
2013-07-09,0.0,361.21
2013-07-10,0.0,362.5
2013-07-11,0.0,362.26
2013-07-12,0.0,359.12
2013-07-15,0.0,360.95
2013-07-16,0.0,360.29
2013-07-17,0.0,362.54
2013-07-18,0.0,362.02
2013-07-19,0.0,360.17
2013-07-22,0.0,361.4
2013-07-23,0.0,363.14
2013-07-24,0.0,362.97
2013-07-25,0.0,360.81
2013-07-26,0.0,361.26
2013-07-29,0.0,361.73
2013-07-30,0.0,359.77
2013-07-31,0.0,354.97
2013-08-01,0.0,358.82
2013-08-02,0.0,359.87
2013-08-05,0.0,358.72
2013-08-06,0.0,356.73
2013-08-07,0.0,352.26
2013-08-08,0.0,355.79
2013-08-09,0.0,360.22
2013-08-12,0.0,364.84
2013-08-13,0.0,367.68
2013-08-14,0.0,368.72
2013-08-15,0.0,364.59
2013-08-16,0.0,364.95
2013-08-19,0.0,362.44
2013-08-20,0.0,355.19
2013-08-21,0.0,352.99
2013-08-22,0.0,354.14
2013-08-23,0.0,355.24
2013-08-26,0.0,356.66
2013-08-27,0.0,350.7
2013-08-28,0.0,350.1
2013-08-29,0.0,355.18
2013-08-30,0.0,355.1
2013-09-02,0.0,364.93
2013-09-03,0.0,366.32
2013-09-04,0.0,367.32
2013-09-05,0.0,369.99
2013-09-06,0.0,371.0
2013-09-09,0.0,370.77
2013-09-10,0.0,375.2
2013-09-11,0.0,375.03
2013-09-12,0.0,373.9
2013-09-13,0.0,373.53
2013-09-16,0.0,377.79
2013-09-17,0.0,378.31
2013-09-18,0.0,378.29
2013-09-19,0.0,380.68
2013-09-20,0.0,379.07
2013-09-23,0.0,378.03
2013-09-24,0.0,377.72
2013-09-25,0.0,377.35
2013-09-26,0.0,378.81
2013-09-27,0.0,375.77
2013-09-30,0.0,372.32
2013-10-01,0.0,373.95
2013-10-02,0.0,371.85
2013-10-03,0.0,371.41
2013-10-04,0.0,375.01
2013-10-07,0.0,371.33
2013-10-08,0.0,371.56
2013-10-09,0.0,371.08
2013-10-10,0.0,376.66
2013-10-11,0.0,379.41
2013-10-14,0.0,378.64
2013-10-15,0.0,383.72
2013-10-16,0.0,385.18
2013-10-17,0.0,383.0
2013-10-18,0.0,386.6
2013-10-21,0.0,387.45
2013-10-22,0.0,388.45
2013-10-23,0.0,383.29
2013-10-24,0.0,383.64
2013-10-25,0.0,384.36
2013-10-28,0.0,384.12
2013-10-29,0.0,383.79
2013-10-30,0.0,382.58
2013-10-31,0.0,387.32
2013-11-01,0.0,388.73
2013-11-04,0.0,388.73
2013-11-05,0.0,390.11
2013-11-06,0.0,390.33
2013-11-07,0.0,391.45
2013-11-08,0.0,391.7
2013-11-11,0.0,388.64
2013-11-12,0.0,384.58
2013-11-13,0.0,380.48
2013-11-14,0.0,382.16
2013-11-15,0.0,388.16
2013-11-18,0.0,388.06
2013-11-19,0.0,384.8
2013-11-20,0.0,385.54
2013-11-21,0.0,381.61
2013-11-22,0.0,378.7
2013-11-25,0.0,379.63
2013-11-26,0.0,377.61
2013-11-27,0.0,376.78
2013-11-28,0.0,375.92
2013-11-29,0.0,376.75
2013-12-02,0.0,374.1
2013-12-03,0.0,369.65
2013-12-04,0.0,370.95
2013-12-05,0.0,364.58
2013-12-06,0.0,365.91
2013-12-09,0.0,362.17
2013-12-10,0.0,359.5
2013-12-11,0.0,354.3
2013-12-12,0.0,349.57
2013-12-13,0.0,352.5
2013-12-16,0.0,356.57
2013-12-17,0.0,351.87
2013-12-18,0.0,352.21
2013-12-19,0.0,357.67
2013-12-20,0.0,361.78
2013-12-23,0.0,365.71
2013-12-27,0.0,365.42
2013-12-30,0.0,363.92
2014-01-02,0.0,367.84
2014-01-03,0.0,369.57
2014-01-06,0.0,366.79
2014-01-07,0.0,367.78
2014-01-08,0.0,368.33
2014-01-09,0.0,366.29
2014-01-10,0.0,366.98
2014-01-13,0.0,368.11
2014-01-14,0.0,363.05
2014-01-15,0.0,365.09
2014-01-16,0.0,363.55
2014-01-17,0.0,365.69
2014-01-20,0.0,364.76
2014-01-21,0.0,364.88
2014-01-22,0.0,365.49
2014-01-23,0.0,355.41
2014-01-24,0.0,349.36
2014-01-27,0.0,348.22
2014-01-28,0.0,350.68
2014-01-29,0.0,348.72
2014-01-30,0.0,353.77
2014-01-31,0.0,351.26
2014-02-03,0.0,348.98
2014-02-04,0.0,352.98
2014-02-05,0.0,348.38
2014-02-06,0.0,354.82
2014-02-07,0.0,356.91
2014-02-10,0.0,355.97
2014-02-11,0.0,362.13
2014-02-12,0.0,367.27
2014-02-13,0.0,363.97
2014-02-14,0.0,368.12
2014-02-17,0.0,369.2
2014-02-18,0.0,368.23
2014-02-19,0.0,369.21
2014-02-20,0.0,369.4
2014-02-21,0.0,370.54
2014-02-24,0.0,373.44
2014-02-25,0.0,371.65
2014-02-26,0.0,371.98
2014-02-27,0.0,371.79
2014-02-28,0.0,369.25
2014-03-03,0.0,365.53
2014-03-04,0.0,371.83
2014-03-05,0.0,371.69
2014-03-06,0.0,374.83
2014-03-07,0.0,371.15
2014-03-10,0.0,366.66
2014-03-11,0.0,366.68
2014-03-12,0.0,362.15
2014-03-13,0.0,362.12
2014-03-14,0.0,359.36
2014-03-17,0.0,363.78
2014-03-18,0.0,365.74
2014-03-19,0.0,363.6
2014-03-20,0.0,362.04
2014-03-21,0.0,365.53
2014-03-24,0.0,365.47
2014-03-25,0.0,369.77
2014-03-26,0.0,372.73
2014-03-27,0.0,374.23
2014-03-28,0.0,376.81
2014-03-31,0.0,377.88
2014-04-01,0.0,378.88
2014-04-02,0.0,381.28
2014-04-03,0.0,381.66
2014-04-04,0.0,386.06
2014-04-07,0.0,382.2
2014-04-08,0.0,384.58
2014-04-09,0.0,387.61
2014-04-10,0.0,387.17
2014-04-11,0.0,386.12
2014-04-14,0.0,387.14
2014-04-15,0.0,382.84
2014-04-16,0.0,387.01
2014-04-17,0.0,387.86
2014-04-22,0.0,391.24
2014-04-23,0.0,387.73
2014-04-24,0.0,387.65
2014-04-25,0.0,384.7
2014-04-28,0.0,385.82
2014-04-29,0.0,386.48
2014-04-30,0.0,383.44
2014-05-02,0.0,382.88
2014-05-05,0.0,380.91
2014-05-06,0.0,382.65
2014-05-07,0.0,381.8
2014-05-08,0.0,384.87
2014-05-09,0.0,386.61
2014-05-12,0.0,388.41
2014-05-13,0.0,392.35
2014-05-14,0.0,393.13
2014-05-15,0.0,391.95
2014-05-16,0.0,394.27
2014-05-19,0.0,390.25
2014-05-20,0.0,388.27
2014-05-21,0.0,390.14
2014-05-22,0.0,392.86
2014-05-23,0.0,395.06
2014-05-26,0.0,395.53
2014-05-27,0.0,395.9
2014-05-28,0.0,395.48
2014-05-29,0.0,398.23
2014-05-30,0.0,396.67
2014-06-02,0.0,397.92
2014-06-03,0.0,395.82
2014-06-04,0.0,393.8
2014-06-05,0.0,395.79
2014-06-06,0.0,396.8
2014-06-09,0.0,399.66
2014-06-10,0.0,400.06
2014-06-11,0.0,399.26
2014-06-12,0.0,398.86
2014-06-13,0.0,398.26
2014-06-16,0.0,396.82
2014-06-17,0.0,393.88
2014-06-18,0.0,392.57
2014-06-19,0.0,397.88
2014-06-20,0.0,395.95
2014-06-23,0.0,395.59
2014-06-24,0.0,396.2
2014-06-25,0.0,393.21
2014-06-26,0.0,399.25
2014-06-27,0.0,397.7
2014-06-30,0.0,392.72
2014-07-01,0.0,395.51
2014-07-02,0.0,400.56
2014-07-03,0.0,401.39
2014-07-04,0.0,402.79
2014-07-07,0.0,402.41
2014-07-08,0.0,400.77
2014-07-09,0.0,398.96
2014-07-10,0.0,397.8
2014-07-11,0.0,402.09
2014-07-14,0.0,403.26
2014-07-15,0.0,402.26
2014-07-16,0.0,406.04
2014-07-17,0.0,406.4
2014-07-18,0.0,407.45
2014-07-21,0.0,405.64
2014-07-22,0.0,410.94
2014-07-23,0.0,415.08
2014-07-24,0.0,414.4
2014-07-25,0.0,413.72
2014-07-28,0.0,414.59
2014-07-29,0.0,416.44
2014-07-30,0.0,417.94
2014-07-31,0.0,415.92
2014-08-01,0.0,410.92
2014-08-04,0.0,412.58
2014-08-05,0.0,411.44
2014-08-06,0.0,411.49
2014-08-07,0.0,409.06
2014-08-08,0.0,405.56
2014-08-11,0.0,408.91
2014-08-12,0.0,410.58
2014-08-13,0.0,414.18
2014-08-14,0.0,415.92
2014-08-15,0.0,412.3
2014-08-18,0.0,417.74
2014-08-19,0.0,422.03
2014-08-20,0.0,425.77
2014-08-21,0.0,423.94
2014-08-22,0.0,424.37
2014-08-25,0.0,427.97
2014-08-26,0.0,428.94
2014-08-27,0.0,428.4
2014-08-28,0.0,427.72
2014-08-29,0.0,428.21
2014-09-01,0.0,427.12
2014-09-02,0.0,427.69
2014-09-03,0.0,431.38
2014-09-04,0.0,437.0
2014-09-05,0.0,433.06
2014-09-08,0.0,431.77
2014-09-09,0.0,430.09
2014-09-10,0.0,427.18
2014-09-11,0.0,423.54
2014-09-12,0.0,419.93
2014-09-15,0.0,414.72
2014-09-16,0.0,413.39
2014-09-17,0.0,410.13
2014-09-18,0.0,411.62
2014-09-19,0.0,411.68
2014-09-22,0.0,405.93
2014-09-23,0.0,404.47
2014-09-24,0.0,409.7
2014-09-25,0.0,403.73
2014-09-26,0.0,404.96
2014-09-29,0.0,397.79
2014-09-30,0.0,400.97
2014-10-01,0.0,401.53
2014-10-02,0.0,396.96
2014-10-03,0.0,404.26
2014-10-06,0.0,405.03
2014-10-07,0.0,402.84
2014-10-08,0.0,397.96
2014-10-09,0.0,403.38
2014-10-10,0.0,393.95
2014-10-13,0.0,395.99
2014-10-14,0.0,396.42
2014-10-15,0.0,394.85
2014-10-16,0.0,396.84
2014-10-17,0.0,402.17
2014-10-20,0.0,401.45
2014-10-21,0.0,407.09
2014-10-22,0.0,408.85
2014-10-23,0.0,411.76
2014-10-24,0.0,411.63
2014-10-27,0.0,409.94
2014-10-28,0.0,413.32
2014-10-29,0.0,413.27
2014-10-30,0.0,418.09
2014-10-31,0.0,424.85
2014-11-03,0.0,420.27
2014-11-04,0.0,418.21
2014-11-05,0.0,417.93
2014-11-06,0.0,419.68
2014-11-07,0.0,421.58
2014-11-10,0.0,425.12
2014-11-11,0.0,423.23
2014-11-12,0.0,422.56
2014-11-13,0.0,422.22
2014-11-14,0.0,423.74
2014-11-17,0.0,420.35
2014-11-18,0.0,416.0
2014-11-19,0.0,409.75
2014-11-20,0.0,409.03
2014-11-21,0.0,419.0
2014-11-24,0.0,414.07
2014-11-25,0.0,411.43
2014-11-26,0.0,414.34
2014-11-27,0.0,415.48
2014-11-28,0.0,411.59
2014-12-01,0.0,400.36
2014-12-02,0.0,406.74
2014-12-03,0.0,411.03
2014-12-04,0.0,406.98
2014-12-05,0.0,409.6
2014-12-08,0.0,408.02
2014-12-09,0.0,398.57
2014-12-10,0.0,397.68
2014-12-11,0.0,397.99
2014-12-12,0.0,392.35
2014-12-15,0.0,387.61
2014-12-16,0.0,387.67
2014-12-17,0.0,385.77
2014-12-18,0.0,393.9
2014-12-19,0.0,400.7
2014-12-22,0.0,405.98
2014-12-23,0.0,404.67
2014-12-29,0.0,413.09
2014-12-30,0.0,410.74
2015-01-02,0.0,411.34
2015-01-05,0.0,410.49
2015-01-06,0.0,407.14
2015-01-07,0.0,412.25
2015-01-08,0.0,420.03
2015-01-09,0.0,421.46
2015-01-12,0.0,419.61
2015-01-13,0.0,424.18
2015-01-14,0.0,417.11
2015-01-15,0.0,427.88
2015-01-16,0.0,429.69
2015-01-19,0.0,424.51
2015-01-20,0.0,425.29
2015-01-21,0.0,428.94
2015-01-22,0.0,437.68
2015-01-23,0.0,440.98
2015-01-26,0.0,441.91
2015-01-27,0.0,438.77
2015-01-28,0.0,442.91
2015-01-29,0.0,438.94
2015-01-30,0.0,439.29
2015-02-02,0.0,444.02
2015-02-03,0.0,441.39
2015-02-04,0.0,448.33
2015-02-05,0.0,448.3
2015-02-06,0.0,451.7
2015-02-09,0.0,451.22
2015-02-10,0.0,451.3
2015-02-11,0.0,446.23
2015-02-12,0.0,443.88
2015-02-13,0.0,450.86
2015-02-16,0.0,450.92
2015-02-17,0.0,452.14
2015-02-18,0.0,453.95
2015-02-19,0.0,455.13
2015-02-20,0.0,454.71
2015-02-23,0.0,456.32
2015-02-24,0.0,459.5
2015-02-25,0.0,460.99
2015-02-26,0.0,463.16
2015-02-27,0.0,462.61
2015-03-02,0.0,465.4
2015-03-03,0.0,464.41
2015-03-04,0.0,467.37
2015-03-05,0.0,466.64
2015-03-06,0.0,469.54
2015-03-09,0.0,467.0
2015-03-10,0.0,463.96
2015-03-11,0.0,470.05
2015-03-12,0.0,476.86
2015-03-13,0.0,471.83
2015-03-16,0.0,474.96
2015-03-17,0.0,471.43
2015-03-18,0.0,471.48
2015-03-19,0.0,479.2
2015-03-20,0.0,480.44
2015-03-23,0.0,478.5
2015-03-24,0.0,480.78
2015-03-25,0.0,476.29
2015-03-26,0.0,476.02
2015-03-27,0.0,474.74
2015-03-30,0.0,476.77
2015-03-31,0.0,477.15
2015-04-01,0.0,475.69
2015-04-02,0.0,471.66
2015-04-07,0.0,481.29
2015-04-08,0.0,490.47
2015-04-09,0.0,498.28
2015-04-10,0.0,502.95
2015-04-13,0.0,500.48
2015-04-14,0.0,496.85
2015-04-15,0.0,497.89
2015-04-16,0.0,497.56
2015-04-17,0.0,486.74
2015-04-20,0.0,491.15
2015-04-21,0.0,492.03
2015-04-22,0.0,492.32
2015-04-23,0.0,490.02
2015-04-24,0.0,497.73
2015-04-27,0.0,500.55
2015-04-28,0.0,498.54
2015-04-29,0.0,484.17
2015-04-30,0.0,475.62
2015-05-04,0.0,482.0
2015-05-05,0.0,476.48
2015-05-06,0.0,466.5
2015-05-07,0.0,462.97
2015-05-08,0.0,468.55
2015-05-11,0.0,468.1
2015-05-12,0.0,470.01
2015-05-13,0.0,469.82
2015-05-14,0.0,472.23
2015-05-15,0.0,471.42
2015-05-18,0.0,469.69
2015-05-19,0.0,471.56
2015-05-20,0.0,471.55
2015-05-21,0.0,475.04
2015-05-22,0.0,478.43
2015-05-26,0.0,484.21
2015-05-27,0.0,481.03
2015-05-28,0.0,472.76
2015-05-29,0.0,473.16
2015-06-01,0.0,471.78
2015-06-02,0.0,461.15
2015-06-03,0.0,459.33
2015-06-04,0.0,448.15
2015-06-05,0.0,450.5
2015-06-08,0.0,445.66
2015-06-09,0.0,441.3
2015-06-10,0.0,446.22
2015-06-11,0.0,451.55
2015-06-12,0.0,450.27
2015-06-15,0.0,448.5
2015-06-16,0.0,451.14
2015-06-17,0.0,449.65
2015-06-18,0.0,450.36
2015-06-19,0.0,452.23
2015-06-22,0.0,453.24
2015-06-23,0.0,463.26
2015-06-24,0.0,461.96
2015-06-25,0.0,460.27
2015-06-26,0.0,452.88
2015-06-29,0.0,443.19
2015-06-30,0.0,445.85
2015-07-01,0.0,451.72
2015-07-02,0.0,454.9
2015-07-03,0.0,447.47
2015-07-06,0.0,444.91
2015-07-07,0.0,439.46
2015-07-08,0.0,429.93
2015-07-09,0.0,438.06
2015-07-10,0.0,437.17
2015-07-13,0.0,444.73
2015-07-14,0.0,448.45
2015-07-15,0.0,450.95
2015-07-16,0.0,457.27
2015-07-17,0.0,457.58
2015-07-20,0.0,460.49
2015-07-21,0.0,457.39
2015-07-22,0.0,451.19
2015-07-23,0.0,446.96
2015-07-24,0.0,441.79
2015-07-27,0.0,432.85
2015-07-28,0.0,440.25
2015-07-29,0.0,444.95
2015-07-30,0.0,446.22
2015-07-31,0.0,446.4
2015-08-03,0.0,443.78
2015-08-04,0.0,450.25
2015-08-05,0.0,452.74
2015-08-06,0.0,440.69
2015-08-07,0.0,437.68
2015-08-10,0.0,440.38
2015-08-11,0.0,425.16
2015-08-12,0.0,413.58
2015-08-13,0.0,418.97
2015-08-14,0.0,419.19
2015-08-17,0.0,420.45
2015-08-18,0.0,417.77
2015-08-19,0.0,411.56
2015-08-20,0.0,401.84
2015-08-21,0.0,388.57
2015-08-24,0.0,351.48
2015-08-25,0.0,382.85
2015-08-26,0.0,375.45
2015-08-27,0.0,394.29
2015-08-28,0.0,394.43
2015-08-31,0.0,386.18
2015-09-01,0.0,372.55
2015-09-02,0.0,373.28
2015-09-03,0.0,380.94
2015-09-04,0.0,371.32
2015-09-07,0.0,370.26
2015-09-08,0.0,383.15
2015-09-09,0.0,390.36
2015-09-10,0.0,382.29
2015-09-11,0.0,378.17
2015-09-14,0.0,381.92
2015-09-15,0.0,380.09
2015-09-16,0.0,389.43
2015-09-17,0.0,386.76
2015-09-18,0.0,385.55
2015-09-21,0.0,388.26
2015-09-22,0.0,381.27
2015-09-23,0.0,378.55
2015-09-24,0.0,372.49
2015-09-25,0.0,379.44
2015-09-28,0.0,372.86
2015-09-29,0.0,366.08
2015-09-30,0.0,375.25
2015-10-01,0.0,377.02
2015-10-02,0.0,375.04
2015-10-05,0.0,389.62
2015-10-06,0.0,389.51
2015-10-07,0.0,396.42
2015-10-08,0.0,396.78
2015-10-09,0.0,401.55
2015-10-12,0.0,400.45
2015-10-13,0.0,396.0
2015-10-14,0.0,392.67
2015-10-15,0.0,400.87
2015-10-16,0.0,404.58
2015-10-19,0.0,403.58
2015-10-20,0.0,400.07
2015-10-21,0.0,399.41
2015-10-22,0.0,411.59
2015-10-23,0.0,421.8
2015-10-26,0.0,420.07
2015-10-27,0.0,416.85
2015-10-28,0.0,414.36
2015-10-29,0.0,408.32
2015-10-30,0.0,406.41
2015-11-02,0.0,403.43
2015-11-03,0.0,410.85
2015-11-04,0.0,415.33
2015-11-05,0.0,411.72
2015-11-06,0.0,411.69
2015-11-09,0.0,403.22
2015-11-10,0.0,402.72
2015-11-11,0.0,407.23
2015-11-12,0.0,408.04
2015-11-13,0.0,402.16
2015-11-16,0.0,401.64
2015-11-17,0.0,411.92
2015-11-18,0.0,411.29
2015-11-19,0.0,418.82
2015-11-20,0.0,425.86
2015-11-23,0.0,425.05
2015-11-24,0.0,422.38
2015-11-25,0.0,422.52
2015-11-26,0.0,423.48
2015-11-27,0.0,417.13
2015-11-30,0.0,421.32
2015-12-01,0.0,426.17
2015-12-02,0.0,427.29
2015-12-03,0.0,411.48
2015-12-04,0.0,413.24
2015-12-07,0.0,409.95
2015-12-08,0.0,401.58
2015-12-09,0.0,398.97
2015-12-10,0.0,399.87
2015-12-11,0.0,389.09
2015-12-14,0.0,383.33
2015-12-15,0.0,391.52
2015-12-16,0.0,395.38
2015-12-17,0.0,400.49
2015-12-18,0.0,403.24
2015-12-21,0.0,400.43
2015-12-22,0.0,401.19
2015-12-23,0.0,411.44
2015-12-28,0.0,407.39
2015-12-29,0.0,419.19
2015-12-30,0.0,418.79
2016-01-04,0.0,408.58
2016-01-05,0.0,408.59
2016-01-06,0.0,399.32
2016-01-07,0.0,385.73
2016-01-08,0.0,375.67
2016-01-11,0.0,375.21
2016-01-12,0.0,378.61
2016-01-13,0.0,379.96
2016-01-14,0.0,375.46
2016-01-15,0.0,360.8
2016-01-18,0.0,363.07
2016-01-19,0.0,369.16
2016-01-20,0.0,356.76
2016-01-21,0.0,366.73
2016-01-22,0.0,374.78
2016-01-25,0.0,372.95
2016-01-26,0.0,373.42
2016-01-27,0.0,375.17
2016-01-28,0.0,371.39
2016-01-29,0.0,382.3
2016-02-01,0.0,378.99
2016-02-02,0.0,371.86
2016-02-03,0.0,362.55
2016-02-04,0.0,368.26
2016-02-05,0.0,365.42
2016-02-08,0.0,359.98
2016-02-09,0.0,350.55
2016-02-10,0.0,354.3
2016-02-11,0.0,345.48
2016-02-12,0.0,354.89
2016-02-15,0.0,364.52
2016-02-16,0.0,366.22
2016-02-17,0.0,372.97
2016-02-18,0.0,375.47
2016-02-19,0.0,372.34
2016-02-22,4.0,386.52
2016-02-23,5.0,380.94
2016-02-24,5.0,370.37
2016-02-25,5.0,373.6
2016-02-26,0.0,378.58
2016-02-29,0.0,382.59
2016-03-01,0.0,388.77
2016-03-02,0.0,398.66
2016-03-03,0.0,401.43
2016-03-04,0.0,407.67
2016-03-07,0.0,409.61
2016-03-08,0.0,401.65
2016-03-09,0.0,408.96
2016-03-10,0.0,398.8
2016-03-11,0.0,409.22
2016-03-14,0.0,408.62
2016-03-15,0.0,402.04
2016-03-16,0.0,403.77
2016-03-17,0.0,408.85
2016-03-18,0.0,412.53
2016-03-21,0.0,411.61
2016-03-22,0.0,411.68
2016-03-23,0.0,407.39
2016-03-24,0.0,402.07
2016-03-29,0.0,399.06
2016-03-30,0.0,405.15
2016-03-31,0.0,403.73
2016-04-01,0.0,397.62
2016-04-04,0.0,396.04
2016-04-05,0.0,386.77
2016-04-06,0.0,390.55
2016-04-07,0.0,387.17
2016-04-08,0.0,391.16
2016-04-11,0.0,391.61
2016-04-12,0.0,397.76
2016-04-13,0.0,411.38
2016-04-14,0.0,414.85
2016-04-15,0.0,415.31
2016-04-18,0.0,417.39
2016-04-19,0.0,420.88
2016-04-20,0.0,424.49
2016-04-21,0.0,423.15
2016-04-22,0.0,422.62
2016-04-25,0.0,420.12
2016-04-26,0.0,419.11
2016-04-27,0.0,412.61
2016-04-28,0.0,416.4
2016-04-29,0.0,407.17
2016-05-02,0.0,406.35
2016-05-03,0.0,402.15
2016-05-04,0.0,396.87
2016-05-05,0.0,401.29
2016-05-06,0.0,396.96
2016-05-09,0.0,398.18
2016-05-10,0.0,402.73
2016-05-11,0.0,401.18
2016-05-12,0.0,399.27
2016-05-13,0.0,400.51
2016-05-16,0.0,402.26
2016-05-17,0.0,404.12
2016-05-18,0.0,404.25
2016-05-19,0.0,397.87
2016-05-20,0.0,402.86
2016-05-23,0.0,400.78
2016-05-24,0.0,405.0
2016-05-25,0.0,406.97
2016-05-26,0.0,408.4
2016-05-27,0.0,411.53
2016-05-30,0.0,410.2
2016-05-31,0.0,410.15
2016-06-01,0.0,407.31
2016-06-02,0.0,406.49
2016-06-03,0.0,405.29
2016-06-06,0.0,411.17
2016-06-07,0.0,415.52
2016-06-08,0.0,415.15
2016-06-09,0.0,413.02
2016-06-10,0.0,408.11
2016-06-13,0.0,403.75
2016-06-14,0.0,400.1
2016-06-15,0.0,400.72
2016-06-16,0.0,397.78
2016-06-17,0.0,398.36
2016-06-20,0.0,408.22
2016-06-21,0.0,409.09
2016-06-22,0.0,410.48
2016-06-23,0.0,415.03
2016-06-24,0.0,407.68
2016-06-27,0.0,398.42
2016-06-28,0.0,404.75
2016-06-29,0.0,412.13
2016-06-30,0.0,416.81
2016-07-01,0.0,418.91
2016-07-04,0.0,421.55
2016-07-05,0.0,415.32
2016-07-06,0.0,414.55
2016-07-07,0.0,418.05
2016-07-08,0.0,424.01
2016-07-11,0.0,430.79
2016-07-12,0.0,436.13
2016-07-13,0.0,434.03
2016-07-14,0.0,438.37
2016-07-15,0.0,437.7
2016-07-18,0.0,439.28
2016-07-19,0.0,438.03
2016-07-20,0.0,442.26
2016-07-21,0.0,443.48
2016-07-22,0.0,442.75
2016-07-25,0.0,442.71
2016-07-26,0.0,447.11
2016-07-27,0.0,445.6
2016-07-28,0.0,443.5
2016-07-29,0.0,442.38
2016-08-01,0.0,442.37
2016-08-02,0.0,436.91
2016-08-03,0.0,435.03
2016-08-04,0.0,439.98
2016-08-05,0.0,445.14
2016-08-08,0.0,448.79
2016-08-09,0.0,450.51
2016-08-10,0.0,446.89
2016-08-11,0.0,448.79
2016-08-12,0.0,446.3
2016-08-15,0.0,447.41
2016-08-16,0.0,442.39
2016-08-17,0.0,439.15
2016-08-18,0.0,439.24
2016-08-19,0.0,435.77
2016-08-22,0.0,435.81
2016-08-23,0.0,441.09
2016-08-24,0.0,442.37
2016-08-25,0.0,440.58
2016-08-26,0.0,443.08
2016-08-29,0.0,438.71
2016-08-30,0.0,438.59
2016-08-31,0.0,434.27
2016-09-01,0.0,433.37
2016-09-02,0.0,438.13
2016-09-05,0.0,442.9
2016-09-06,0.0,443.03
2016-09-07,0.0,442.87
2016-09-08,0.0,441.9
2016-09-09,0.0,436.32
2016-09-12,0.0,429.78
2016-09-13,0.0,420.55
2016-09-14,0.0,422.81
2016-09-15,0.0,430.95
2016-09-16,0.0,431.9
2016-09-19,0.0,436.33
2016-09-20,0.0,436.86
2016-09-21,0.0,439.87
2016-09-22,0.0,442.84
2016-09-23,0.0,443.38
2016-09-26,0.0,438.79
2016-09-27,0.0,443.99
2016-09-28,0.0,445.03
2016-09-29,0.0,446.78
2016-09-30,0.0,446.81
2016-10-03,0.0,448.06
2016-10-04,0.0,449.48
2016-10-05,0.0,447.26
2016-10-06,0.0,447.55
2016-10-07,0.0,445.63
2016-10-10,0.0,451.34
2016-10-11,0.0,445.73
2016-10-12,0.0,449.03
2016-10-13,0.0,444.89
2016-10-14,0.0,450.23
2016-10-17,0.0,447.42
2016-10-18,0.0,452.86
2016-10-19,0.0,456.29
2016-10-20,0.0,454.46
2016-10-21,0.0,453.09
2016-10-24,0.0,455.59
2016-10-25,0.0,458.45
2016-10-26,0.0,454.19
2016-10-27,0.0,447.62
2016-10-28,0.0,444.79
2016-10-31,0.0,445.0
2016-11-01,0.0,440.91
2016-11-02,0.0,435.24
2016-11-03,0.0,435.73
2016-11-04,0.0,431.67
2016-11-07,0.0,441.4
2016-11-08,0.0,444.35
2016-11-09,0.0,446.81
2016-11-10,0.0,445.97
2016-11-11,0.0,443.78
2016-11-14,0.0,448.37
2016-11-15,0.0,449.64
2016-11-16,0.0,447.64
2016-11-17,0.0,452.24
2016-11-18,0.0,451.25
2016-11-21,0.0,452.55
2016-11-22,0.0,455.87
2016-11-23,0.0,461.2
2016-11-24,0.0,463.99
2016-11-25,0.0,463.77
2016-11-28,0.0,463.9
2016-11-29,0.0,462.41
2016-11-30,0.0,461.84
2016-12-01,0.0,462.93
2016-12-02,0.0,458.98
2016-12-05,0.0,457.22
2016-12-06,0.0,456.54
2016-12-07,0.0,460.03
2016-12-08,0.0,466.69
2016-12-09,0.0,469.01
2016-12-12,0.0,466.96
2016-12-13,0.0,467.58
2016-12-14,0.0,466.14
2016-12-15,0.0,467.0
2016-12-16,0.0,462.24
2016-12-19,0.0,460.31
2016-12-20,0.0,464.5
2016-12-21,0.0,462.85
2016-12-22,0.0,461.59
2016-12-23,0.0,457.98
2016-12-27,0.0,459.41
2016-12-28,0.0,464.24
2016-12-29,0.0,462.05
2016-12-30,0.0,457.89
2017-01-02,0.0,460.26
2017-01-03,0.0,469.59
2017-01-04,0.0,470.45
2017-01-05,0.0,471.56
2017-01-06,0.0,471.83
2017-01-09,0.0,476.52
2017-01-10,0.0,479.53
2017-01-11,0.0,483.12
2017-01-12,0.0,477.97
2017-01-13,0.0,478.96
2017-01-16,0.0,479.11
2017-01-17,0.0,475.96
2017-01-18,0.0,476.9
2017-01-19,0.0,479.76
2017-01-20,0.0,476.28
2017-01-23,0.0,472.32
2017-01-24,0.0,475.86
2017-01-25,0.0,477.83
2017-01-26,0.0,481.01
2017-01-27,0.0,481.68
2017-01-30,0.0,477.65
2017-01-31,0.0,473.29
2017-02-01,0.0,476.81
2017-02-02,0.0,478.61
2017-02-03,0.0,480.09
2017-02-06,0.0,477.57
2017-02-07,0.0,480.41
2017-02-08,0.0,483.2
2017-02-09,0.0,486.26
2017-02-10,0.0,490.86
2017-02-13,0.0,494.18
2017-02-14,0.0,494.18
2017-02-15,0.0,499.68
2017-02-16,0.0,496.86
2017-02-17,0.0,498.53
2017-02-20,0.0,498.73
2017-02-21,0.0,502.34
2017-02-22,0.0,504.8
2017-02-23,0.0,505.94
2017-02-24,0.0,499.94
2017-02-27,0.0,498.09
2017-02-28,0.0,497.79
2017-03-01,0.0,503.51
2017-03-02,0.0,503.03
2017-03-03,0.0,497.92
2017-03-06,0.0,497.09
2017-03-07,0.0,499.7
2017-03-08,0.0,499.81
2017-03-09,0.0,496.16
2017-03-10,0.0,495.21
2017-03-13,0.0,496.7
2017-03-14,0.0,495.11
2017-03-15,0.0,499.69
2017-03-16,0.0,501.79
2017-03-17,0.0,502.17
2017-03-20,0.0,503.85
2017-03-21,0.0,497.52
2017-03-22,0.0,493.28
2017-03-23,0.0,495.78
2017-03-24,0.0,495.72
2017-03-27,0.0,492.17
2017-03-28,0.0,498.24
2017-03-29,0.0,505.95
2017-03-30,0.0,510.19
2017-03-31,0.0,507.64
2017-04-03,0.0,506.92
2017-04-04,0.0,508.22
2017-04-05,0.0,510.15
2017-04-06,0.0,509.41
2017-04-07,0.0,508.48
2017-04-10,0.0,509.92
2017-04-11,0.0,508.58
2017-04-12,0.0,510.27
2017-04-13,0.0,510.93
2017-04-18,0.0,500.56
2017-04-19,0.0,497.95
2017-04-20,0.0,498.86
2017-04-21,0.0,501.6
2017-04-24,0.0,497.96
2017-04-25,0.0,497.32
2017-04-26,0.0,499.99
2017-04-27,0.0,498.77
2017-04-28,0.0,499.05
2017-05-02,0.0,502.64
2017-05-03,0.0,497.32
2017-05-08,0.0,492.09
2017-05-09,0.0,492.57
2017-05-10,0.0,496.69
2017-05-11,0.0,494.97
2017-05-12,0.0,492.18
2017-05-15,0.0,493.01
2017-05-16,0.0,489.22
2017-05-17,0.0,479.25
2017-05-18,0.0,481.12
2017-05-19,0.0,479.56
2017-05-22,0.0,480.42
2017-05-23,0.0,481.19
2017-05-24,0.0,482.98
2017-05-25,0.0,482.87
2017-05-26,0.0,481.57
2017-05-29,0.0,480.05
2017-05-30,0.0,479.94
2017-05-31,0.0,477.44
2017-06-01,0.0,478.93
2017-06-02,0.0,481.52
2017-06-05,0.0,481.78
2017-06-06,0.0,479.13
2017-06-07,0.0,480.09
2017-06-08,0.0,483.51
2017-06-09,0.0,485.7
2017-06-12,0.0,482.54
2017-06-13,0.0,489.05
2017-06-14,0.0,490.58
2017-06-15,0.0,490.02
2017-06-16,0.0,489.13
2017-06-19,0.0,493.65
2017-06-20,0.0,489.58
2017-06-21,0.0,484.4
2017-06-22,0.0,486.54
2017-06-23,0.0,485.19
2017-06-26,0.0,486.31
2017-06-27,0.0,481.87
2017-06-28,0.0,484.58
2017-06-29,0.0,483.3
2017-06-30,0.0,480.51
2017-07-03,0.0,481.44
2017-07-04,0.0,480.72
2017-07-05,0.0,480.78
2017-07-06,0.0,476.76
2017-07-07,0.0,476.19
2017-07-10,0.0,477.71
2017-07-11,0.0,476.7
2017-07-12,0.0,480.6
2017-07-13,0.0,486.86
2017-07-14,0.0,488.69
2017-07-17,0.0,489.11
2017-07-18,0.0,485.04
2017-07-19,0.0,492.58
2017-07-20,0.0,488.4
2017-07-21,0.0,484.62
2017-07-24,0.0,485.71
2017-07-25,0.0,489.99
2017-07-26,0.0,491.15
2017-07-27,0.0,493.75
2017-07-28,0.0,485.15
2017-07-31,0.0,485.28
2017-08-01,0.0,488.65
2017-08-02,0.0,484.93
2017-08-03,0.0,482.89
2017-08-04,0.0,486.76
2017-08-07,0.0,485.78
2017-08-08,0.0,488.46
2017-08-09,0.0,486.32
2017-08-10,0.0,484.15
2017-08-11,0.0,478.28
2017-08-14,0.0,483.14
2017-08-15,0.0,482.22
2017-08-16,0.0,490.24
2017-08-17,0.0,487.0
2017-08-18,0.0,485.02
2017-08-21,0.0,481.77
2017-08-22,0.0,487.76
2017-08-23,0.0,483.54
2017-08-24,0.0,483.87
2017-08-25,0.0,482.82
2017-08-28,0.0,478.25
2017-08-29,0.0,474.18
2017-08-30,0.0,476.93
2017-08-31,0.0,483.17
2017-09-01,0.0,487.85
2017-09-04,0.0,482.76
2017-09-05,0.0,483.48
2017-09-06,0.0,482.08
2017-09-07,0.0,480.57
2017-09-08,0.0,480.86
2017-09-11,0.0,485.24
2017-09-12,0.0,487.97
2017-09-13,0.0,487.49
2017-09-14,0.0,486.8
2017-09-15,0.0,483.0
2017-09-18,0.0,485.38
2017-09-19,0.0,485.24
2017-09-20,0.0,485.25
2017-09-21,0.0,481.11
2017-09-22,0.0,482.05
2017-09-25,0.0,483.21
2017-09-26,0.0,483.19
2017-09-27,0.0,483.49
2017-09-28,0.0,481.19
2017-09-29,0.0,481.92
2017-10-02,0.0,488.72
2017-10-03,0.0,485.61
2017-10-04,0.0,484.71
2017-10-05,0.0,487.31
2017-10-06,0.0,485.81
2017-10-09,0.0,486.55
2017-10-10,0.0,485.99
2017-10-11,0.0,483.71
2017-10-12,0.0,487.81
2017-10-13,0.0,493.21
2017-10-16,0.0,495.5
2017-10-17,0.0,498.1
2017-10-18,0.0,498.33
2017-10-19,0.0,495.21
2017-10-20,0.0,496.57
2017-10-23,0.0,496.12
2017-10-24,0.0,494.6
2017-10-25,0.0,488.22
2017-10-26,0.0,495.28
2017-10-27,0.0,500.44
2017-10-30,0.0,495.73
2017-10-31,0.0,495.45
2017-11-01,0.0,500.69
2017-11-02,0.0,500.08
2017-11-03,0.0,501.46
2017-11-06,0.0,502.29
2017-11-07,0.0,504.1
2017-11-08,0.0,507.48
2017-11-09,0.0,505.91
2017-11-10,0.0,505.38
2017-11-13,0.0,505.19
2017-11-14,0.0,497.1
2017-11-15,0.0,492.86
2017-11-16,0.0,496.48
2017-11-17,0.0,493.76
2017-11-20,0.0,496.7
2017-11-21,0.0,502.7
2017-11-22,0.0,501.34
2017-11-23,0.0,499.52
2017-11-24,0.0,497.41
2017-11-27,0.0,496.07
2017-11-28,0.0,498.75
2017-11-29,0.0,497.36
2017-11-30,0.0,494.27
2017-12-01,0.0,492.91
2017-12-04,0.0,494.99
2017-12-05,0.0,495.67
2017-12-06,0.0,492.45
2017-12-07,0.0,491.98
2017-12-08,0.0,495.01
2017-12-11,0.0,495.93
2017-12-12,0.0,500.84
2017-12-13,0.0,504.51
2017-12-14,0.0,502.84
2017-12-15,0.0,502.83
2017-12-18,0.0,505.67
2017-12-19,0.0,503.62
2017-12-20,0.0,500.93
2017-12-21,0.0,504.74
2017-12-22,0.0,505.18
2017-12-27,0.0,507.4
2017-12-28,0.0,507.31
2017-12-29,0.0,505.75
2018-01-02,0.0,507.38
2018-01-03,0.0,511.35
2018-01-04,0.0,512.08
2018-01-05,0.0,515.12
2018-01-08,0.0,516.39
2018-01-09,0.0,520.48
2018-01-10,0.0,515.6
2018-01-11,0.0,512.99
2018-01-12,0.0,512.55
2018-01-15,0.0,508.46
2018-01-16,0.0,509.47
2018-01-17,0.0,509.75
2018-01-18,0.0,508.92
2018-01-19,0.0,510.36
2018-01-22,0.0,511.15
2018-01-23,0.0,511.96
2018-01-24,0.0,509.89
2018-01-25,0.0,507.01
2018-01-26,0.0,511.5
2018-01-29,0.0,510.6
2018-01-30,0.0,505.8
2018-01-31,0.0,506.4
2018-02-01,0.0,503.7
2018-02-02,0.0,499.85
2018-02-05,0.0,494.45
2018-02-06,0.0,481.4
2018-02-07,0.0,487.3
2018-02-08,0.0,480.85
2018-02-09,0.0,472.8
2018-02-12,0.0,478.4
2018-02-13,0.0,478.95
2018-02-14,0.0,482.5455
2018-02-15,0.0,486.15
2018-02-16,0.0,489.75
2018-02-19,0.0,490.15
2018-02-20,0.0,492.1
2018-02-21,0.0,495.9
2018-02-22,0.0,495.65
2018-02-23,0.0,496.65
2018-02-26,0.0,502.1
2018-02-27,0.0,501.3
2018-02-28,0.0,499.45
2018-03-01,0.0,497.1
2018-03-02,0.0,486.2
2018-03-05,0.0,487.15
2018-03-06,0.0,487.65
2018-03-07,0.0,484.9
2018-03-08,0.0,490.85
2018-03-09,0.0,499.15
2018-03-12,0.0,502.0
2018-03-13,0.0,496.35
2018-03-14,0.0,495.9
2018-03-15,0.0,494.8
2018-03-16,0.0,495.05
2018-03-19,0.0,488.55
2018-03-20,0.0,493.3
2018-03-21,0.0,493.1
2018-03-22,0.0,484.2
2018-03-23,0.0,477.95
2018-03-26,0.0,473.3
2018-03-27,0.0,478.2
2018-03-28,0.0,473.25
2018-03-29,0.0,476.8
2018-04-03,0.0,477.45
2018-04-04,0.0,475.35
2018-04-05,0.0,483.05
2018-04-06,0.0,479.25
2018-04-09,0.0,481.4
2018-04-10,0.0,485.6
2018-04-11,0.0,484.95
2018-04-12,0.0,487.7
2018-04-13,0.0,487.0
2018-04-16,0.0,483.4
2018-04-17,0.0,485.95
2018-04-18,0.0,488.15
2018-04-19,0.0,487.0
2018-04-20,0.0,485.2
2018-04-23,0.0,488.3
2018-04-24,0.0,490.6
2018-04-25,0.0,487.2
2018-04-26,0.0,491.35
2018-04-27,0.0,494.05
2018-04-30,0.0,498.95
2018-05-02,0.0,505.2
2018-05-03,0.0,502.3
2018-05-04,0.0,506.0
2018-05-07,0.0,505.2
2018-05-08,0.0,505.2
2018-05-09,0.0,507.7
2018-05-10,0.0,512.1
2018-05-11,0.0,513.3
2018-05-14,0.0,515.2
2018-05-15,0.0,512.7
2018-05-16,0.0,517.6
2018-05-17,0.0,517.2
2018-05-18,0.0,515.5
2018-05-21,0.0,521.5
2018-05-22,0.0,521.2
2018-05-23,0.0,517.2
2018-05-24,0.0,516.1
2018-05-25,0.0,519.0
2018-05-28,0.0,521.1
2018-05-29,0.0,519.9
2018-05-30,0.0,518.1
2018-05-31,0.0,517.1
2018-06-01,0.0,517.8
2018-06-04,0.0,520.5
2018-06-05,0.0,520.9
2018-06-06,0.0,520.7
2018-06-07,0.0,520.1
2018-06-08,0.0,518.5
2018-06-11,0.0,518.9
2018-06-12,0.0,515.1
2018-06-13,0.0,514.4
2018-06-14,0.0,516.5
2018-06-15,0.0,512.7
2018-06-18,0.0,515.2
2018-06-19,0.0,510.3
2018-06-20,0.0,514.1
2018-06-21,0.0,512.5
2018-06-22,0.0,516.6
2018-06-25,0.0,503.7
2018-06-26,0.0,508.6
2018-06-27,0.0,511.4
2018-06-28,0.0,512.2
2018-06-29,0.0,509.8
2018-07-02,0.0,505.9
2018-07-03,0.0,508.6
2018-07-04,0.0,507.4
2018-07-05,0.0,507.9
2018-07-06,0.0,509.6
2018-07-09,0.0,515.6
2018-07-10,0.0,514.6
2018-07-11,0.0,507.4
2018-07-12,0.0,514.2
2018-07-13,0.0,513.6
2018-07-16,0.0,509.8
2018-07-17,0.0,508.9
2018-07-18,0.0,512.7
2018-07-19,0.0,511.7
2018-07-20,0.0,513.3
2018-07-23,0.0,509.9
2018-07-24,0.0,516.3
2018-07-25,0.0,516.6
2018-07-26,0.0,517.4
2018-07-27,0.0,519.6
2018-07-30,0.0,516.2
2018-07-31,0.0,518.5
2018-08-01,0.0,515.0
2018-08-02,0.0,512.4
2018-08-03,0.0,514.1
2018-08-06,0.0,516.1
2018-08-07,0.0,519.9
2018-08-08,0.0,519.7
2018-08-09,0.0,523.4
2018-08-10,0.0,521.5
2018-08-13,0.0,518.6
2018-08-14,0.0,520.2
2018-08-15,0.0,517.8
2018-08-16,0.0,522.2
2018-08-17,0.0,521.5
2018-08-20,0.0,524.2
2018-08-21,0.0,519.3
2018-08-22,0.0,514.8
2018-08-23,0.0,510.3
2018-08-24,0.0,509.8
2018-08-27,0.0,513.3
2018-08-28,0.0,511.7
2018-08-29,0.0,517.0
2018-08-30,0.0,513.8
2018-08-31,0.0,511.7
2018-09-03,0.0,510.9
2018-09-04,0.0,508.9
2018-09-05,0.0,498.95
2018-09-06,0.0,494.3
2018-09-07,0.0,492.05
2018-09-10,0.0,489.4
2018-09-11,0.0,489.35
2018-09-12,0.0,494.6
2018-09-13,0.0,493.95
2018-09-14,0.0,497.65
2018-09-17,0.0,496.25
2018-09-18,0.0,499.8
2018-09-19,0.0,503.4
2018-09-20,0.0,500.8
2018-09-21,0.0,504.7
2018-09-24,0.0,500.3
2018-09-25,0.0,501.8
2018-09-26,0.0,503.4
2018-09-27,0.0,505.9
2018-09-28,0.0,506.9
2018-10-01,0.0,508.2
2018-10-02,0.0,500.4
2018-10-03,0.0,502.1
2018-10-04,0.0,495.95
2018-10-05,0.0,493.6
2018-10-08,0.0,489.8
2018-10-09,0.0,488.8
2018-10-10,0.0,481.35
2018-10-11,0.0,468.7
2018-10-12,0.0,472.7
2018-10-15,0.0,472.55
2018-10-16,0.0,475.4
2018-10-17,0.0,477.75
2018-10-18,0.0,476.45
2018-10-19,0.0,479.3
2018-10-22,0.0,480.3
2018-10-23,0.0,469.35
2018-10-24,0.0,470.65
2018-10-25,0.0,468.55
2018-10-26,0.0,464.15
2018-10-29,0.0,465.95
2018-10-30,0.0,468.55
2018-10-31,0.0,475.8
2018-11-01,0.0,481.9
2018-11-02,0.0,484.25
2018-11-05,0.0,484.0
2018-11-06,0.0,484.7
2018-11-07,0.0,490.1
2018-11-08,0.0,492.35
2018-11-09,0.0,488.85
2018-11-12,0.0,489.8
2018-11-13,0.0,493.5
2018-11-14,0.0,485.25
2018-11-15,0.0,488.6
2018-11-16,0.0,486.05
2018-11-19,0.0,482.15
2018-11-20,0.0,476.8
2018-11-21,0.0,482.85
2018-11-22,0.0,480.2
2018-11-23,0.0,485.2
2018-11-26,0.0,489.25
2018-11-27,0.0,490.55
2018-11-28,0.0,492.15
2018-11-29,0.0,492.4
2018-11-30,0.0,489.8
2018-12-03,0.0,500.6
2018-12-04,0.0,498.4
2018-12-05,0.0,491.6
2018-12-06,0.0,479.85
2018-12-07,0.0,483.3
2018-12-10,0.0,472.85
2018-12-11,0.0,481.7
2018-12-12,0.0,488.3
2018-12-13,0.0,487.25
2018-12-14,0.0,485.55
2018-12-17,0.0,484.85
2018-12-18,0.0,479.6
2018-12-19,0.0,480.2
2018-12-20,0.0,470.25
2018-12-21,0.0,467.5
2018-12-27,0.0,468.75
2018-12-28,0.0,474.7
2018-12-31,0.0,473.9
2019-01-02,0.0,472.15
2019-01-03,0.0,467.3
2019-01-04,0.0,481.6
2019-01-07,0.0,481.0
2019-01-08,0.0,486.35
2019-01-09,0.0,490.0
2019-01-10,0.0,493.5
2019-01-11,0.0,494.3
2019-01-14,0.0,492.5
2019-01-15,0.0,500.5
2019-01-16,0.0,503.2
2019-01-17,0.0,502.2
2019-01-18,0.0,507.7
2019-01-21,0.0,505.5
2019-01-22,0.0,501.7
2019-01-23,0.0,499.4
2019-01-24,0.0,502.7
2019-01-25,0.0,507.6
2019-01-28,0.0,501.8
2019-01-29,0.0,503.0
2019-01-30,0.0,506.0
2019-01-31,0.0,510.4
2019-02-01,0.0,506.0
2019-02-04,0.0,510.4
2019-02-05,0.0,517.8
2019-02-06,0.0,517.3
2019-02-07,0.0,513.7
2019-02-08,0.0,517.0
2019-02-11,0.0,520.1
2019-02-12,0.0,520.9
2019-02-13,0.0,524.3
2019-02-14,0.0,522.9
2019-02-15,0.0,527.6
2019-02-18,0.0,526.3
2019-02-19,0.0,527.9
2019-02-20,0.0,531.1
2019-02-21,0.0,528.5
2019-02-22,0.0,534.6
2019-02-25,0.0,537.0
2019-02-26,0.0,533.3
2019-02-27,0.0,531.4
2019-02-28,0.0,530.6
2019-03-01,0.0,532.0
2019-03-04,0.0,533.7
2019-03-05,0.0,535.1
2019-03-06,0.0,535.7
2019-03-07,0.0,538.3
2019-03-08,0.0,530.7
2019-03-11,0.0,536.2
2019-03-12,0.0,534.9
2019-03-13,0.0,535.1
2019-03-14,0.0,533.6
2019-03-15,0.0,535.8
2019-03-18,0.0,536.1
2019-03-19,0.0,537.2
2019-03-20,0.0,531.7
2019-03-21,0.0,535.3
2019-03-22,0.0,534.4
2019-03-25,0.0,531.3
2019-03-26,0.0,536.3
2019-03-27,0.0,534.1
2019-03-28,0.0,539.5
2019-03-29,0.0,543.7
2019-04-01,0.0,551.7
2019-04-02,0.0,552.6
2019-04-03,0.0,556.0
2019-04-04,0.0,554.2
2019-04-05,0.0,552.0
2019-04-08,0.0,550.8
2019-04-09,0.0,548.9
2019-04-10,0.0,553.0
2019-04-11,0.0,550.3
2019-04-12,0.0,551.8
2019-04-15,0.0,550.8
2019-04-16,0.0,552.7
2019-04-17,0.0,549.7
2019-04-18,0.0,553.4
2019-04-23,0.0,557.3
2019-04-24,0.0,555.7
2019-04-25,0.0,556.7
2019-04-26,0.0,559.4
2019-04-29,0.0,558.9
2019-04-30,0.0,553.8
2019-05-02,0.0,556.0
2019-05-03,0.0,558.1
2019-05-06,0.0,549.9
2019-05-07,0.0,546.7
2019-05-08,0.0,544.9
2019-05-09,0.0,534.6
2019-05-10,0.0,538.2
2019-05-13,0.0,531.4
2019-05-14,0.0,536.5
2019-05-15,0.0,539.5
2019-05-16,0.0,546.7
2019-05-17,0.0,540.8
2019-05-20,0.0,545.7
2019-05-21,0.0,547.2
2019-05-22,0.0,548.7
2019-05-23,0.0,544.3
2019-05-24,0.0,543.7
2019-05-27,0.0,545.2
2019-05-28,0.0,546.3
2019-05-29,0.0,544.1
2019-05-30,0.0,541.6
2019-05-31,0.0,539.8
2019-06-03,0.0,536.2
2019-06-04,0.0,538.2
2019-06-05,0.0,537.8
2019-06-06,0.0,539.6
2019-06-07,0.0,544.1
2019-06-10,0.0,547.8
2019-06-11,0.0,550.7
2019-06-12,0.0,544.9
2019-06-13,0.0,546.8
2019-06-14,0.0,546.1
2019-06-17,0.0,546.1
2019-06-18,0.0,558.3
2019-06-19,0.0,560.9
2019-06-20,0.0,565.2
2019-06-21,0.0,561.6
2019-06-24,0.0,560.2
2019-06-25,0.0,558.8
2019-06-26,0.0,560.2
2019-06-27,0.0,564.2
2019-06-28,0.0,563.3
2019-07-01,0.0,568.6
2019-07-02,0.0,570.4
2019-07-03,0.0,576.3
2019-07-04,0.0,576.8
2019-07-05,0.0,576.6
2019-07-08,0.0,572.4
2019-07-09,0.0,569.2
2019-07-10,0.0,569.7
2019-07-11,0.0,570.4
2019-07-12,0.0,571.9
2019-07-15,0.0,572.5
2019-07-16,0.0,574.7
2019-07-17,0.0,573.9
2019-07-18,0.0,573.4
2019-07-19,0.0,579.6
2019-07-22,0.0,576.2
2019-07-23,0.0,580.5
2019-07-24,0.0,581.2
2019-07-25,0.0,578.8
2019-07-26,0.0,577.9
2019-07-29,0.0,576.0
2019-07-30,0.0,571.4
2019-07-31,0.0,570.6
2019-08-01,0.0,573.0
2019-08-02,0.0,557.0
2019-08-05,0.0,535.3
2019-08-06,0.0,527.9
2019-08-07,0.0,528.8
2019-08-08,0.0,539.3
2019-08-09,0.0,534.1
2019-08-12,0.0,527.4
2019-08-13,0.0,533.7
2019-08-14,0.0,525.4
2019-08-15,0.0,527.7
2019-08-16,0.0,535.8
2019-08-19,0.0,541.9
2019-08-20,0.0,543.0
2019-08-21,0.0,543.6
2019-08-22,0.0,538.2
2019-08-23,0.0,531.5
2019-08-26,0.0,532.6
2019-08-27,0.0,533.8
2019-08-28,0.0,534.8
2019-08-29,0.0,540.3
2019-08-30,0.0,542.4
2019-09-02,0.0,541.3
2019-09-03,0.0,541.0
2019-09-04,0.0,550.6
2019-09-05,0.0,554.9
2019-09-06,0.0,558.7
2019-09-09,0.0,558.7
2019-09-10,0.0,558.5
2019-09-11,0.0,565.1
2019-09-12,0.0,563.4
2019-09-13,0.0,565.8
2019-09-16,0.0,566.2
2019-09-17,0.0,563.1
2019-09-18,0.0,559.6
2019-09-19,0.0,559.9
2019-09-20,0.0,559.6
2019-09-23,0.0,556.6
2019-09-24,0.0,556.6
2019-09-25,0.0,555.1
2019-09-26,0.0,553.9
2019-09-27,0.0,557.1
2019-09-30,0.0,556.5
2019-10-01,0.0,549.3
2019-10-02,0.0,541.1
2019-10-03,0.0,541.5
2019-10-04,0.0,542.7
2019-10-07,0.0,544.5
2019-10-08,0.0,541.7
2019-10-09,0.0,540.9
2019-10-10,0.0,543.4
2019-10-11,0.0,552.8
2019-10-14,0.0,549.4
2019-10-15,0.0,553.1
2019-10-16,0.0,555.4
2019-10-17,0.0,552.4
2019-10-18,0.0,549.5
2019-10-21,0.0,552.8
2019-10-22,0.0,555.5
2019-10-23,0.0,554.9
2019-10-24,0.0,559.3
2019-10-25,0.0,562.1
2019-10-28,0.0,564.7
2019-10-29,0.0,562.2
2019-10-30,0.0,560.2
2019-10-31,0.0,557.4
2019-11-01,0.0,563.4
2019-11-04,0.0,568.0
2019-11-05,0.0,571.5
2019-11-06,0.0,572.3
2019-11-07,0.0,577.9
2019-11-08,0.0,575.6
2019-11-11,0.0,573.1
2019-11-12,0.0,572.7
2019-11-13,0.0,566.4
2019-11-14,0.0,563.2
2019-11-15,0.0,566.7
2019-11-18,0.0,566.0
2019-11-19,0.0,568.3
2019-11-20,0.0,563.9
2019-11-21,0.0,559.7
2019-11-22,0.0,563.1
2019-11-25,0.0,569.4
2019-11-26,0.0,569.3
2019-11-27,0.0,574.5
2019-11-28,0.0,574.0
2019-11-29,0.0,568.2
2019-12-02,0.0,561.2
2019-12-03,0.0,553.0
2019-12-04,0.0,557.9
2019-12-05,0.0,556.1
2019-12-06,0.0,564.7
2019-12-09,0.0,561.4
2019-12-10,0.0,558.3
2019-12-11,0.0,562.3
2019-12-12,0.0,566.7
2019-12-13,0.0,569.9
2019-12-16,0.0,576.7
2019-12-17,0.0,573.4
2019-12-18,0.0,573.5
2019-12-19,0.0,572.5
2019-12-20,0.0,577.3
2019-12-23,0.0,574.5
2019-12-24,0.0,575.0
2019-12-27,0.0,575.6
2019-12-30,0.0,573.0
2019-12-31,0.0,570.0
2020-01-02,0.0,576.9
2020-01-03,0.0,575.9
2020-01-06,0.0,573.8
2020-01-07,0.0,577.5
2020-01-08,0.0,580.9
2020-01-09,0.0,582.9
2020-01-10,0.0,585.8
2020-01-13,0.0,587.5
2020-01-14,0.0,592.7
2020-01-15,0.0,592.7
2020-01-16,0.0,597.0
2020-01-17,0.0,600.0
2020-01-20,0.0,597.2
2020-01-21,0.0,592.1
2020-01-22,0.0,593.6
2020-01-23,0.0,590.2
2020-01-24,0.0,591.8
2020-01-27,0.0,575.6
2020-01-28,0.0,579.5
2020-01-29,0.0,579.8
2020-01-30,0.0,572.4
2020-01-31,0.0,561.4
2020-02-03,0.0,564.6
2020-02-04,0.0,574.9
2020-02-05,0.0,578.7
2020-02-06,0.0,582.5
2020-02-07,0.0,578.3
2020-02-10,0.0,580.2
2020-02-11,0.0,584.5
2020-02-12,0.0,593.6
2020-02-13,0.0,593.5
2020-02-14,0.0,594.5
2020-02-17,0.0,596.3
2020-02-18,0.0,592.3
2020-02-19,0.0,597.0
2020-02-20,0.0,589.6
2020-02-21,0.0,585.3
2020-02-24,0.0,565.5
2020-02-25,0.0,560.9
2020-02-26,0.0,558.8
2020-02-27,0.0,544.9
2020-02-28,0.0,523.3
2020-03-02,0.0,518.7
2020-03-03,0.0,525.5
2020-03-04,0.0,527.6
2020-03-05,0.0,524.0
2020-03-06,0.0,504.3
2020-03-09,0.0,460.6
2020-03-10,0.0,477.95
2020-03-11,0.0,469.45
2020-03-12,0.0,415.85
2020-03-13,0.0,443.15
2020-03-16,0.0,414.1
2020-03-17,0.0,426.45
2020-03-18,0.0,401.95
2020-03-19,0.0,403.85
2020-03-20,0.0,405.3
2020-03-23,0.0,379.15
2020-03-24,0.0,412.35
2020-03-25,0.0,425.15
2020-03-26,0.0,433.85
2020-03-27,0.0,407.25
2020-03-30,0.0,427.9
2020-03-31,0.0,433.5
2020-04-01,0.0,423.0
2020-04-02,0.0,430.7
2020-04-03,0.0,422.85
2020-04-06,0.0,443.25
2020-04-07,0.0,450.0
2020-04-08,0.0,448.05
2020-04-09,0.0,458.85
2020-04-14,0.0,463.8
2020-04-15,0.0,453.3
2020-04-16,0.0,455.55
2020-04-17,0.0,462.75
2020-04-20,0.0,461.0
2020-04-21,0.0,442.6
2020-04-22,0.0,452.75
2020-04-23,0.0,455.75
2020-04-24,0.0,452.7
2020-04-27,0.0,461.35
2020-04-28,0.0,465.0
2020-04-29,0.0,473.1
2020-04-30,0.0,468.7
2020-05-04,0.0,450.95
2020-05-05,0.0,463.9
2020-05-06,0.0,461.45
2020-05-07,0.0,464.85
2020-05-08,0.0,467.15
2020-05-11,0.0,469.1
2020-05-12,0.0,467.75
2020-05-13,0.0,462.45
2020-05-14,0.0,454.7
2020-05-15,0.0,456.4
2020-05-18,0.0,472.75
2020-05-19,0.0,472.85
2020-05-20,0.0,476.25
2020-05-21,0.0,464.65
2020-05-22,0.0,459.15
2020-05-25,0.0,466.2
2020-05-26,0.0,473.1
2020-05-27,0.0,472.2
2020-05-28,0.0,473.35
2020-05-29,0.0,459.6
2020-06-01,0.0,478.05
2020-06-02,0.0,487.55
2020-06-03,0.0,500.9
2020-06-04,0.0,495.3
2020-06-05,0.0,513.0
2020-06-08,0.0,512.4
2020-06-09,0.0,509.1
2020-06-10,0.0,509.1
2020-06-11,0.0,486.3
2020-06-12,0.0,487.35
2020-06-15,0.0,485.35
2020-06-16,0.0,495.8
2020-06-17,0.0,500.8
2020-06-18,0.0,498.05
2020-06-19,0.0,499.45
2020-06-22,0.0,498.75
2020-06-23,0.0,503.0
2020-06-24,0.0,492.2
2020-06-25,0.0,492.8
2020-06-26,0.0,491.3
2020-06-29,0.0,493.95
2020-06-30,0.0,496.4
2020-07-01,0.0,498.75
2020-07-02,0.0,511.5
2020-07-03,0.0,508.8
2020-07-06,0.0,515.4
2020-07-07,0.0,510.8
2020-07-08,0.0,503.3
2020-07-09,0.0,500.6
2020-07-10,0.0,501.8
2020-07-13,0.0,504.9
2020-07-14,0.0,500.1
2020-07-15,0.0,506.8
2020-07-16,0.0,499.0
2020-07-17,0.0,500.3
2020-07-20,0.0,500.8
2020-07-21,0.0,509.9
2020-07-22,0.0,500.7
2020-07-23,0.0,500.0
2020-07-24,0.0,490.5
2020-07-27,0.0,489.15
2020-07-28,0.0,490.0
2020-07-29,0.0,490.5
2020-07-30,0.0,485.2
2020-07-31,0.0,479.25
2020-08-03,0.0,485.7
2020-08-04,0.0,489.9
2020-08-05,0.0,489.75
2020-08-06,0.0,489.1
2020-08-07,0.0,489.65
2020-08-10,0.0,493.75
2020-08-11,0.0,502.2
2020-08-12,0.0,505.7
2020-08-13,0.0,499.7
2020-08-14,0.0,498.7
2020-08-17,0.0,500.6
2020-08-18,0.0,497.6
2020-08-19,0.0,502.1
2020-08-20,0.0,495.9
2020-08-21,0.0,497.8
2020-08-24,0.0,504.1
2020-08-25,0.0,502.8
2020-08-26,0.0,504.7
2020-08-27,0.0,503.8
2020-08-28,0.0,502.7
2020-08-31,0.0,499.0
2020-09-01,0.0,499.15
2020-09-02,0.0,507.8
2020-09-03,0.0,500.8
2020-09-04,0.0,490.95
2020-09-07,0.0,500.6
2020-09-08,0.0,493.85
2020-09-09,0.0,497.65
2020-09-10,0.0,491.65
2020-09-11,0.0,491.8
2020-09-14,0.0,493.95
2020-09-15,0.0,499.85
2020-09-16,0.0,502.0
2020-09-17,0.0,495.5
2020-09-18,0.0,493.0
2020-09-21,0.0,481.75
2020-09-22,0.0,483.65
2020-09-23,0.0,488.7
2020-09-24,0.0,483.2
2020-09-25,0.0,487.85
2020-09-28,0.0,492.2
2020-09-29,0.0,485.45
2020-09-30,0.0,485.95
2020-10-01,0.0,488.95
2020-10-02,0.0,489.2
2020-10-05,0.0,492.4
2020-10-06,0.0,494.15
2020-10-07,0.0,499.3
2020-10-08,0.0,501.2
2020-10-09,0.0,502.2
2020-10-12,0.0,506.3
2020-10-13,0.0,506.4
2020-10-14,0.0,506.8
2020-10-15,0.0,500.7
2020-10-16,0.0,502.5
2020-10-19,0.0,503.5
2020-10-20,0.0,495.4
2020-10-21,0.0,494.35
2020-10-22,0.0,498.4
2020-10-23,0.0,499.1
2020-10-26,0.0,495.0
2020-10-27,0.0,491.8
2020-10-28,0.0,486.7
2020-10-29,0.0,486.45
2020-10-30,0.0,484.35
2020-11-02,0.0,488.85
2020-11-03,0.0,501.1
2020-11-04,0.0,507.2
2020-11-05,0.0,513.3
2020-11-06,0.0,511.3
2020-11-09,0.0,532.7
2020-11-10,0.0,534.7
2020-11-11,0.0,539.6
2020-11-12,0.0,533.2
2020-11-13,0.0,533.0
2020-11-16,0.0,541.8
2020-11-17,0.0,543.5
2020-11-18,0.0,548.7
2020-11-19,0.0,545.3
2020-11-20,0.0,548.3
2020-11-23,0.0,546.6
2020-11-24,0.0,556.5
2020-11-25,0.0,556.1
2020-11-26,0.0,553.1
2020-11-27,0.0,552.5
2020-11-30,0.0,540.8
2020-12-01,0.0,543.9
2020-12-02,0.0,543.7
2020-12-03,0.0,543.4
2020-12-04,0.0,544.1
2020-12-07,0.0,540.2
2020-12-08,0.0,541.7
2020-12-09,0.0,541.0
2020-12-10,0.0,542.3
2020-12-11,0.0,538.1
2020-12-14,0.0,539.0
2020-12-15,0.0,542.3
2020-12-16,0.0,543.5
2020-12-17,0.0,546.7
2020-12-18,0.0,540.1
2020-12-21,0.0,533.0
2020-12-22,0.0,532.6
2020-12-23,0.0,540.1
2020-12-24,0.0,541.1
2020-12-28,0.0,543.7
2020-12-29,0.0,544.4
2020-12-30,0.0,547.1
2020-12-31,0.0,543.1
2021-01-04,0.0,542.2
2021-01-05,0.0,549.4
2021-01-06,0.0,553.0
2021-01-07,0.0,556.5
2021-01-08,0.0,557.9
2021-01-11,0.0,553.9
2021-01-12,0.0,550.9
2021-01-13,0.0,549.4
2021-01-14,0.0,559.2
2021-01-15,0.0,550.3
2021-01-18,0.0,552.6
2021-01-19,0.0,554.5
2021-01-20,0.0,561.9
2021-01-21,0.0,563.1
2021-01-22,0.0,557.3
2021-01-25,0.0,557.4
2021-01-26,0.0,557.9
2021-01-27,0.0,551.5
2021-01-28,0.0,551.5
2021-01-29,0.0,542.4
2021-02-01,0.0,547.0
2021-02-02,0.0,552.3
2021-02-03,0.0,555.0
2021-02-04,0.0,552.5
2021-02-05,0.0,555.3
2021-02-08,0.0,555.3
2021-02-09,0.0,552.2
2021-02-10,0.0,554.9
2021-02-11,0.0,557.8
2021-02-12,0.0,557.8
2021-02-15,0.0,558.0
2021-02-16,0.0,560.0
2021-02-17,0.0,555.4
2021-02-18,0.0,550.1
2021-02-19,0.0,555.0
2021-02-22,0.0,553.2
2021-02-23,0.0,556.6
2021-02-24,0.0,556.1
2021-02-25,0.0,546.6
2021-02-26,0.0,542.1
2021-03-01,0.0,555.5
2021-03-02,0.0,547.4
2021-03-03,0.0,552.5
2021-03-04,0.0,551.6
2021-03-05,0.0,546.2
2021-03-08,0.0,554.3
2021-03-09,0.0,555.9
2021-03-10,0.0,554.4
2021-03-11,0.0,557.2
2021-03-12,0.0,556.4
2021-03-15,0.0,562.2
2021-03-16,0.0,567.7
2021-03-17,0.0,563.8
2021-03-18,0.0,565.2
2021-03-19,0.0,562.0
2021-03-22,0.0,563.7
2021-03-23,0.0,564.1
2021-03-24,0.0,565.0
2021-03-25,0.0,567.7
2021-03-26,0.0,569.0
2021-03-29,0.0,572.6
2021-03-30,0.0,571.6
2021-03-31,0.0,575.5
2021-04-01,0.0,576.1
2021-04-06,0.0,575.8
2021-04-07,0.0,573.1
2021-04-08,0.0,577.0
2021-04-09,0.0,578.9
2021-04-12,0.0,573.0
2021-04-13,0.0,576.1
2021-04-14,0.0,581.0
2021-04-15,0.0,584.9
2021-04-16,0.0,587.6
2021-04-19,0.0,584.7
2021-04-20,0.0,575.4
2021-04-21,0.0,582.2
2021-04-22,0.0,586.4
2021-04-23,0.0,584.0
2021-04-26,0.0,587.4
2021-04-27,0.0,582.5
2021-04-28,0.0,585.8
2021-04-29,0.0,584.8
2021-04-30,0.0,584.6
2021-05-03,0.0,583.6
2021-05-04,0.0,582.6
2021-05-05,0.0,590.2
2021-05-06,0.0,588.2
2021-05-07,0.0,592.0
2021-05-10,0.0,593.9
2021-05-11,0.0,584.5
2021-05-12,0.0,581.0
2021-05-13,0.0,577.1
2021-05-14,0.0,581.8
2021-05-17,0.0,577.7
2021-05-18,0.0,580.0
2021-05-19,0.0,567.1
2021-05-20,0.0,578.7
2021-05-21,0.0,577.6
2021-05-24,0.0,579.6
2021-05-25,0.0,581.4
2021-05-26,0.0,583.6
2021-05-27,0.0,585.1
2021-05-28,0.0,586.3
2021-05-31,0.0,581.4
2021-06-01,0.0,585.0
2021-06-02,0.0,589.0
2021-06-03,0.0,585.6
2021-06-04,0.0,590.0
2021-06-07,0.0,588.5
2021-06-08,0.0,589.2
2021-06-09,0.0,587.1
2021-06-10,0.0,591.4
2021-06-11,0.0,592.6
2021-06-14,0.0,595.4
2021-06-15,0.0,593.0
2021-06-16,0.0,593.3
2021-06-17,0.0,591.1
2021-06-18,0.0,584.9
2021-06-21,0.0,587.0
2021-06-22,0.0,586.5
2021-06-23,0.0,586.2
2021-06-24,0.0,589.6
2021-06-25,0.0,590.6
2021-06-28,0.0,587.6
2021-06-29,0.0,588.1
2021-06-30,0.0,589.5
2021-07-01,0.0,584.2
2021-07-02,0.0,587.7
2021-07-05,0.0,589.6
2021-07-06,0.0,588.3
2021-07-07,0.0,596.2
2021-07-08,0.0,585.5
2021-07-09,0.0,590.7
2021-07-12,0.0,592.6
2021-07-13,0.0,595.5
2021-07-14,0.0,597.4
2021-07-15,0.0,592.8
2021-07-16,0.0,593.6
2021-07-19,0.0,582.3
2021-07-20,0.0,585.7
2021-07-21,0.0,590.3
2021-07-22,0.0,594.8
2021-07-23,0.0,596.4
2021-07-26,0.0,595.4
2021-07-27,0.0,586.8
2021-07-28,0.0,589.5
2021-07-29,0.0,592.5
2021-07-30,0.0,588.9
2021-08-02,0.0,591.2
2021-08-03,0.0,592.0
2021-08-04,0.0,596.1
2021-08-05,0.0,598.0
2021-08-06,0.0,597.8
2021-08-09,0.0,595.3
2021-08-10,0.0,596.2
2021-08-11,0.0,596.8
2021-08-12,0.0,594.5
2021-08-13,0.0,595.7
2021-08-16,0.0,594.2
2021-08-17,0.0,589.2
2021-08-18,0.0,592.9
2021-08-19,0.0,587.8
2021-08-20,0.0,586.2
2021-08-23,0.0,589.6
2021-08-24,0.0,592.4
2021-08-25,0.0,591.3
2021-08-26,0.0,586.9
2021-08-27,0.0,590.5
2021-08-30,0.0,592.9
2021-08-31,0.0,592.4
2021-09-01,0.0,596.8
2021-09-02,0.0,598.7
2021-09-03,0.0,598.4
2021-09-06,0.0,602.5
2021-09-07,0.0,599.3
2021-09-08,0.0,595.5
2021-09-09,0.0,594.1
2021-09-10,0.0,593.1
2021-09-13,0.0,594.8
2021-09-14,0.0,589.7
2021-09-15,0.0,587.6
2021-09-16,0.0,590.2
2021-09-17,0.0,587.6
2021-09-20,0.0,574.4
2021-09-21,0.0,582.6
2021-09-22,0.0,585.5
2021-09-23,0.0,590.1
2021-09-24,0.0,581.5
2021-09-27,0.0,585.3
2021-09-28,0.0,570.3
2021-09-29,0.0,575.9
2021-09-30,0.0,579.6
2021-10-01,0.0,578.1
2021-10-04,0.0,577.9
2021-10-05,0.0,584.2
2021-10-06,0.0,580.1
2021-10-07,0.0,590.0
2021-10-08,0.0,589.7
2021-10-11,0.0,591.8
2021-10-12,0.0,591.1
2021-10-13,0.0,592.4
2021-10-14,0.0,599.8
2021-10-15,0.0,604.6
2021-10-18,0.0,601.6
2021-10-19,0.0,607.8
2021-10-20,0.0,613.0
2021-10-21,0.0,609.0
2021-10-22,0.0,612.3
2021-10-25,0.0,617.5
2021-10-26,0.0,617.3
2021-10-27,0.0,616.1
2021-10-28,0.0,612.5
2021-10-29,0.0,612.2
2021-11-01,0.0,613.5
2021-11-02,0.0,608.8
2021-11-03,0.0,608.8
2021-11-04,0.0,612.7
2021-11-05,0.0,617.9
2021-11-08,0.0,617.9
2021-11-09,0.0,612.0
2021-11-10,0.0,614.8
2021-11-11,0.0,613.2
2021-11-12,0.0,614.3
2021-11-15,0.0,620.6
2021-11-16,0.0,623.2
2021-11-17,0.0,618.9
2021-11-18,0.0,616.0
2021-11-19,0.0,616.4
2021-11-22,0.0,618.9
2021-11-23,0.0,620.3
2021-11-24,0.0,621.3
2021-11-25,0.0,620.9
2021-11-26,0.0,597.2
2021-11-29,0.0,600.2
2021-11-30,0.0,589.4
2021-12-01,0.0,598.0
2021-12-02,0.0,588.3
2021-12-03,0.0,589.3
2021-12-06,0.0,600.1
2021-12-07,0.0,611.5
2021-12-08,0.0,609.1
2021-12-09,0.0,611.6
2021-12-10,0.0,609.2
2021-12-13,0.0,606.4
2021-12-14,0.0,604.3
2021-12-15,0.0,603.5
2021-12-16,0.0,610.1
2021-12-17,0.0,607.2
2021-12-20,0.0,603.3
2021-12-21,0.0,609.2
2021-12-22,0.0,612.8
2021-12-23,0.0,613.8
2021-12-24,0.0,613.3
2021-12-27,0.0,618.0
2021-12-28,0.0,624.3
2021-12-29,0.0,621.2
2021-12-30,0.0,625.2
2021-12-31,0.0,619.0
2022-01-03,0.0,620.2
2022-01-04,0.0,633.8
2022-01-05,0.0,629.7
2022-01-06,0.0,614.1
2022-01-07,0.0,616.1
2022-01-10,0.0,614.7
2022-01-11,0.0,619.3
2022-01-12,0.0,622.5
2022-01-13,0.0,622.2
2022-01-14,0.0,618.4
2022-01-17,0.0,617.7
2022-01-18,0.0,615.1
2022-01-19,0.0,614.6
2022-01-20,0.0,623.5
2022-01-21,0.0,611.4
2022-01-24,0.0,594.4
2022-01-25,0.0,598.7
2022-01-26,0.0,603.4
2022-01-27,0.0,595.8
2022-01-28,0.0,583.1
2022-01-31,0.0,589.5
2022-02-01,0.0,596.4
2022-02-02,0.0,599.9
2022-02-03,0.0,591.0
2022-02-04,0.0,588.3
2022-02-07,0.0,596.2
2022-02-08,0.0,603.4
2022-02-09,0.0,611.7
2022-02-10,0.0,611.8
2022-02-11,0.0,609.5
2022-02-14,0.0,606.8
2022-02-15,0.0,608.5
2022-02-16,0.0,612.0
2022-02-17,0.0,614.0
2022-02-18,0.0,608.6
2022-02-21,0.0,610.0
2022-02-22,0.0,609.2
2022-02-23,0.0,606.7
2022-02-24,0.0,596.2
2022-02-25,0.0,603.8
2022-02-28,0.0,604.3
2022-03-01,0.0,603.6
2022-03-02,0.0,610.0
2022-03-03,0.0,608.5
2022-03-04,0.0,616.6
2022-03-07,0.0,615.5
2022-03-08,0.0,605.8
2022-03-09,0.0,606.1
2022-03-10,0.0,614.9
2022-03-11,0.0,614.6
2022-03-14,0.0,609.1
2022-03-15,0.0,607.7
2022-03-16,0.0,624.6
2022-03-17,0.0,628.0
2022-03-18,0.0,638.0
2022-03-21,0.0,641.9
2022-03-22,0.0,643.3
2022-03-23,0.0,643.6
2022-03-24,0.0,647.3
2022-03-25,0.0,652.509
2022-03-28,0.0,647.4
2022-03-29,0.0,645.9
2022-03-30,0.0,648.5
2022-03-31,0.0,647.2
2022-04-01,0.0,650.3
2022-04-04,0.0,661.6
2022-04-05,0.0,669.3
2022-04-06,0.0,657.7
2022-04-07,0.0,653.1
2022-04-08,0.0,660.5
2022-04-11,0.0,653.6
2022-04-12,0.0,659.4
2022-04-13,0.0,651.8
2022-04-14,0.0,660.1
2022-04-19,0.0,657.4
2022-04-20,0.0,662.5
2022-04-21,0.0,657.3
2022-04-22,0.0,648.1
2022-04-25,0.0,637.6
2022-04-26,0.0,633.9
2022-04-27,0.0,642.2
2022-04-28,0.0,647.9
2022-04-29,0.0,653.9
2022-05-02,0.0,641.3
2022-05-03,0.0,648.3
2022-05-04,0.0,644.5
2022-05-05,0.0,641.5
2022-05-06,0.0,628.2
2022-05-09,0.0,610.0
2022-05-10,0.0,604.6
2022-05-11,0.0,616.0
2022-05-12,0.0,604.6
2022-05-13,0.0,615.0
2022-05-16,0.0,618.9
2022-05-17,0.0,618.6
2022-05-18,0.0,616.2
2022-05-19,0.0,613.9
2022-05-20,0.0,618.6
2022-05-23,0.0,623.4
2022-05-24,0.0,606.5
2022-05-25,0.0,610.2
2022-05-26,0.0,613.4
2022-05-27,0.0,619.3
2022-05-30,0.0,621.2
2022-05-31,0.0,616.5
2022-06-01,0.0,617.9
2022-06-02,0.0,618.5
2022-06-03,0.0,616.1
2022-06-06,0.0,618.0
2022-06-07,0.0,609.4
2022-06-08,0.0,610.9
2022-06-09,0.0,600.7
2022-06-10,0.0,587.2
2022-06-13,0.0,578.4
2022-06-14,0.0,575.2
2022-06-15,0.0,577.3
2022-06-16,0.0,565.5
2022-06-17,0.0,567.5
2022-06-20,0.0,572.6
2022-06-21,0.0,574.4
2022-06-22,0.0,568.4
2022-06-23,0.0,570.8
2022-06-24,0.0,584.0
2022-06-27,0.0,578.4
2022-06-28,0.0,587.3
2022-06-29,0.0,583.1
2022-06-30,0.0,574.6
2022-07-01,0.0,577.2
2022-07-04,0.0,582.3
2022-07-05,0.0,576.1
2022-07-06,0.0,586.5
2022-07-07,0.0,595.2
2022-07-08,0.0,601.2
2022-07-11,0.0,593.0
2022-07-12,0.0,595.9
2022-07-13,0.0,593.9
2022-07-14,0.0,589.3
2022-07-15,0.0,592.8
2022-07-18,0.0,594.7
2022-07-19,0.0,594.9
2022-07-20,0.0,601.8
2022-07-21,0.0,598.9
2022-07-22,0.0,602.5
2022-07-25,0.0,607.3
2022-07-26,0.0,611.1
2022-07-27,0.0,610.2
2022-07-28,0.0,616.1
2022-07-29,0.0,616.9
2022-08-01,0.0,619.1
2022-08-02,0.0,612.8
2022-08-03,0.0,616.2
2022-08-04,0.0,613.1
2022-08-05,0.0,612.5
2022-08-08,0.0,618.2
2022-08-09,0.0,616.8
2022-08-10,0.0,617.9
2022-08-11,0.0,622.7
2022-08-12,0.0,623.1
2022-08-15,0.0,626.9
2022-08-16,0.0,626.4
2022-08-17,0.0,619.8
2022-08-18,0.0,623.1
2022-08-19,0.0,620.3
2022-08-22,0.0,622.3
2022-08-23,0.0,618.2
2022-08-24,0.0,614.2
2022-08-25,0.0,621.8
2022-08-26,0.0,620.7
2022-08-29,0.0,611.2
2022-08-30,0.0,605.4
2022-08-31,0.0,599.6
2022-09-01,0.0,596.0
2022-09-02,0.0,599.5
2022-09-05,0.0,599.5
2022-09-06,0.0,593.6
2022-09-07,0.0,588.1
2022-09-08,0.0,595.5
2022-09-09,0.0,604.6
2022-09-12,0.0,608.4
2022-09-13,0.0,601.1
2022-09-14,0.0,592.5
2022-09-15,0.0,586.2
2022-09-16,0.0,578.0
2022-09-19,0.0,581.4
2022-09-20,0.0,581.0
2022-09-21,0.0,582.0
2022-09-22,0.0,575.5
2022-09-23,0.0,567.4
2022-09-26,0.0,569.7
2022-09-27,0.0,560.5
2022-09-28,0.0,561.6
2022-09-29,0.0,552.7
2022-09-30,0.0,551.8
2022-10-03,0.0,554.9
2022-10-04,0.0,559.3
2022-10-05,0.0,564.2
2022-10-06,0.0,562.4
2022-10-07,0.0,556.0
2022-10-10,0.0,549.3
2022-10-11,0.0,548.0
2022-10-12,0.0,542.5
2022-10-13,0.0,536.0
2022-10-14,0.0,535.7
2022-10-17,0.0,540.0
2022-10-18,0.0,539.0
2022-10-19,0.0,541.9
2022-10-20,0.0,545.3
2022-10-21,0.0,540.0
2022-10-24,0.0,536.3
2022-10-25,0.0,536.4
2022-10-26,0.0,542.9
2022-10-27,0.0,547.1
2022-10-28,0.0,546.6
2022-10-31,0.0,548.3
2022-11-01,0.0,558.0
2022-11-02,0.0,555.8
2022-11-03,0.0,550.0
2022-11-04,0.0,561.3
2022-11-07,0.0,562.1
2022-11-08,0.0,564.7
2022-11-09,0.0,561.6
2022-11-10,0.0,574.3
2022-11-11,0.0,579.8
2022-11-14,0.0,579.0
2022-11-15,0.0,582.0
2022-11-16,0.0,575.1
2022-11-17,0.0,578.0
2022-11-18,0.0,583.9
2022-11-21,0.0,577.9
2022-11-22,0.0,580.1
2022-11-23,0.0,584.2
2022-11-24,0.0,590.1
2022-11-25,0.0,589.4
2022-11-28,0.0,586.4
2022-11-29,0.0,587.1
2022-11-30,0.0,593.9
2022-12-01,0.0,596.2
2022-12-02,0.0,594.1
2022-12-05,0.0,589.2
2022-12-06,0.0,586.0
2022-12-07,0.0,583.6
2022-12-08,0.0,587.2
2022-12-09,0.0,589.4
2022-12-12,0.0,587.6
2022-12-13,0.0,599.6
2022-12-14,0.0,592.4
2022-12-15,0.0,577.7
2022-12-16,0.0,579.3
2022-12-19,0.0,577.7
2022-12-20,0.0,571.1
2022-12-21,0.0,580.7
2022-12-22,0.0,575.7
2022-12-23,0.0,577.2
2022-12-27,0.0,582.2
2022-12-28,0.0,578.2
2022-12-29,0.0,582.9
2022-12-30,0.0,578.8
2023-01-02,0.0,587.2
2023-01-03,0.0,582.2
2023-01-04,0.0,591.6
2023-01-05,0.0,590.2
2023-01-06,0.0,595.4
2023-01-09,0.0,595.0
2023-01-10,0.0,585.9
2023-01-11,0.0,589.7
2023-01-12,0.0,592.6
2023-01-13,0.0,596.9
2023-01-16,0.0,596.6
2023-01-17,0.0,605.3
2023-01-18,0.0,601.6
2023-01-19,0.0,596.7
2023-01-20,0.0,603.8
2023-01-23,0.0,609.5
2023-01-24,0.0,611.8
2023-01-25,0.0,611.2
2023-01-26,0.0,617.8
2023-01-27,0.0,619.1
2023-01-30,0.0,619.0
2023-01-31,0.0,614.4
2023-02-01,0.0,613.2
2023-02-02,0.0,611.7
2023-02-03,0.0,616.1
2023-02-06,0.0,615.1
2023-02-07,0.0,611.8
2023-02-08,0.0,615.6
2023-02-09,0.0,618.0
2023-02-10,0.0,609.3
2023-02-13,0.0,616.8
2023-02-14,0.0,610.0
2023-02-15,0.0,607.9
2023-02-16,0.0,614.1
2023-02-17,0.0,609.7
2023-02-20,0.0,610.2
2023-02-21,0.0,609.7
2023-02-22,0.0,609.3
2023-02-23,0.0,602.6
2023-02-24,0.0,606.7
2023-02-27,0.0,605.3
2023-02-28,0.0,609.5
2023-03-01,0.0,607.2
2023-03-02,0.0,608.2
2023-03-03,0.0,615.1
2023-03-06,0.0,607.3
2023-03-07,0.0,605.8
2023-03-08,0.0,608.7
2023-03-09,0.0,606.7
2023-03-10,0.0,596.2
2023-03-13,0.0,577.5
2023-03-14,0.0,583.6
2023-03-15,0.0,577.6
2023-03-16,0.0,576.4
2023-03-17,0.0,579.0
2023-03-20,0.0,576.9
2023-03-21,0.0,570.9
2023-03-22,0.0,576.1
2023-03-23,0.0,572.2
2023-03-24,0.0,570.2
2023-03-27,0.0,571.8
2023-03-28,0.0,575.0
2023-03-29,0.0,579.3
2023-03-30,0.0,581.7
2023-03-31,0.0,585.3
2023-04-03,0.0,586.5
2023-04-04,0.0,587.8
2023-04-05,0.0,587.4
2023-04-06,0.0,586.6
2023-04-11,0.0,593.1
2023-04-12,0.0,591.0
2023-04-13,0.0,589.4
2023-04-14,0.0,592.8
2023-04-17,0.0,592.6
2023-04-18,0.0,597.0
2023-04-19,0.0,596.2
2023-04-20,0.0,597.3
2023-04-21,0.0,591.8
2023-04-24,0.0,592.2
2023-04-25,0.0,588.4
2023-04-26,0.0,581.9
2023-04-27,0.0,585.8
2023-04-28,0.0,588.1
2023-05-02,0.0,583.7
2023-05-03,0.0,577.7
2023-05-04,0.0,588.1
2023-05-05,0.0,594.2
2023-05-08,0.0,598.5
2023-05-09,0.0,596.8
2023-05-10,0.0,595.9
2023-05-11,0.0,594.7
2023-05-12,0.0,590.6
2023-05-15,0.0,597.6
2023-05-16,0.0,590.8
2023-05-17,0.0,589.2
2023-05-18,0.0,590.5
2023-05-19,0.0,593.6
2023-05-22,0.0,595.3
2023-05-23,0.0,591.5
2023-05-24,0.0,581.1
2023-05-25,0.0,576.4
2023-05-26,0.0,583.7
2023-05-29,0.0,584.9
2023-05-30,0.0,579.0
2023-05-31,0.0,571.1
2023-06-01,0.0,582.2
2023-06-02,0.0,592.3
2023-06-05,0.0,591.1
2023-06-06,0.0,589.8
2023-06-07,0.0,587.7
2023-06-08,0.0,585.8
2023-06-09,0.0,591.8
2023-06-12,0.0,587.9
2023-06-13,0.0,591.4
2023-06-14,0.0,593.2
2023-06-15,0.0,590.4
2023-06-16,0.0,597.3
2023-06-19,0.0,597.6
2023-06-20,0.0,592.2
2023-06-21,0.0,590.8
2023-06-22,0.0,581.1
2023-06-23,0.0,571.5
2023-06-26,0.0,571.2
2023-06-27,0.0,572.2
2023-06-28,0.0,574.9
2023-06-29,0.0,578.9
2023-06-30,0.0,580.9
2023-07-03,0.0,587.4
2023-07-04,0.0,590.6
2023-07-05,0.0,585.8
2023-07-06,0.0,571.0
2023-07-07,0.0,573.1
2023-07-10,0.0,568.3
2023-07-11,0.0,571.1
2023-07-12,0.0,579.6
2023-07-13,0.0,589.7
2023-07-14,0.0,586.2
2023-07-17,0.0,582.1
2023-07-18,0.0,582.1
2023-07-19,0.0,577.5
2023-07-20,0.0,582.5
2023-07-21,0.0,578.4
2023-07-24,0.0,581.9
2023-07-25,0.0,584.9
2023-07-26,0.0,586.5
2023-07-27,0.0,595.7
2023-07-28,0.0,590.8
2023-07-31,0.0,593.1
2023-08-01,0.0,584.1
2023-08-02,0.0,574.0
2023-08-03,0.0,574.2
2023-08-04,0.0,573.2
2023-08-07,0.0,569.1
2023-08-08,0.0,565.6
2023-08-09,0.0,565.3
2023-08-10,0.0,570.1
2023-08-11,0.0,562.8
2023-08-14,0.0,559.6
2023-08-15,0.0,555.4
2023-08-16,0.0,554.8
2023-08-17,0.0,548.5
2023-08-18,0.0,548.7
2023-08-21,0.0,537.7
2023-08-22,0.0,543.4
2023-08-23,0.0,551.1
2023-08-24,0.0,547.7
2023-08-25,0.0,548.7
2023-08-28,0.0,552.1
2023-08-29,0.0,558.1
2023-08-30,0.0,559.0
2023-08-31,0.0,563.4
2023-09-01,0.0,567.8
2023-09-04,0.0,566.9
2023-09-05,0.0,563.4
2023-09-06,0.0,558.2
2023-09-07,0.0,557.9
2023-09-08,0.0,559.2
2023-09-11,0.0,557.4
2023-09-12,0.0,560.2
2023-09-13,0.0,557.2
2023-09-14,0.0,565.5
2023-09-15,0.0,566.0
2023-09-18,0.0,559.8
2023-09-19,0.0,561.3
2023-09-20,0.0,560.2
2023-09-21,0.0,546.9
2023-09-22,0.0,555.6
2023-09-25,0.0,555.4
2023-09-26,0.0,551.5
2023-09-27,0.0,548.5
2023-09-28,0.0,549.5
2023-09-29,0.0,552.8
2023-10-02,0.0,545.6
2023-10-03,0.0,536.6
2023-10-04,0.0,535.3
2023-10-05,0.0,539.4
2023-10-06,0.0,543.0
2023-10-09,0.0,543.6
2023-10-10,0.0,553.4
2023-10-11,0.0,552.4
2023-10-12,0.0,552.3
2023-10-13,0.0,543.4
2023-10-16,0.0,552.9
2023-10-17,0.0,551.3
2023-10-18,0.0,546.4
2023-10-19,0.0,537.3
2023-10-20,0.0,529.6
2023-10-23,0.0,526.7
2023-10-24,0.0,532.5
2023-10-25,0.0,527.0
2023-10-26,0.0,524.1
2023-10-27,0.0,521.0
2023-10-30,0.0,520.2
2023-10-31,0.0,520.0
2023-11-01,0.0,528.7
2023-11-02,0.0,535.7
2023-11-03,0.0,542.5
2023-11-06,0.0,541.9
2023-11-07,0.0,536.0
2023-11-08,0.0,538.6
2023-11-09,0.0,540.9
2023-11-10,0.0,530.7
2023-11-13,0.0,534.5
2023-11-14,0.0,541.4
2023-11-15,0.0,546.9
2023-11-16,0.0,536.0
2023-11-17,0.0,541.1
2023-11-20,0.0,540.9
2023-11-21,0.0,540.9
2023-11-22,0.0,540.3
2023-11-23,0.0,541.4
2023-11-24,0.0,540.9
2023-11-27,0.0,537.3
2023-11-28,0.0,540.2
2023-11-29,0.0,538.5
2023-11-30,0.0,544.8
2023-12-01,0.0,548.7
2023-12-04,0.0,546.9
2023-12-05,0.0,541.5
2023-12-06,0.0,551.2
2023-12-07,0.0,550.6
2023-12-08,0.0,555.0
2023-12-11,0.0,553.9
2023-12-12,0.0,551.6
2023-12-13,0.0,554.1
2023-12-14,0.0,568.4
2023-12-15,0.0,571.6
2023-12-18,0.0,568.0
2023-12-19,0.0,576.8
2023-12-20,0.0,577.6
2023-12-21,0.0,578.1
2023-12-22,0.0,578.0
2023-12-27,0.0,581.8
2023-12-28,0.0,587.4
2023-12-29,0.0,585.5
2024-01-02,0.0,583.1
2024-01-03,0.0,576.3
2024-01-04,0.0,574.2
2024-01-05,0.0,576.0
2024-01-08,0.0,573.0
2024-01-09,0.0,572.6
2024-01-10,0.0,568.9
2024-01-11,0.0,564.6
2024-01-12,0.0,573.1
2024-01-15,0.0,565.9
2024-01-16,0.0,561.6
2024-01-17,0.0,551.4
2024-01-18,0.0,552.4
2024-01-19,0.0,554.2
2024-01-22,0.0,556.0
2024-01-23,0.0,559.1
2024-01-24,0.0,567.4
2024-01-25,0.0,564.5
2024-01-26,0.0,567.6
2024-01-29,0.0,570.9
2024-01-30,0.0,567.9
2024-01-31,0.0,569.1
2024-02-01,0.0,563.3
2024-02-02,0.0,565.6
2024-02-05,0.0,562.3
2024-02-06,0.0,564.4
2024-02-07,0.0,566.5
2024-02-08,0.0,565.3
2024-02-09,0.0,570.6
2024-02-12,0.0,578.8
2024-02-13,0.0,563.4
2024-02-14,0.0,572.5
2024-02-15,0.0,575.4
2024-02-16,0.0,580.0
2024-02-19,0.0,577.3
2024-02-20,0.0,576.9
2024-02-21,0.0,577.2
2024-02-22,0.0,581.4
2024-02-23,0.0,582.8
2024-02-26,0.0,579.2
2024-02-27,0.0,583.2
2024-02-28,0.0,580.7
2024-02-29,0.0,585.3
2024-03-01,0.0,587.5
2024-03-04,0.0,585.4
2024-03-05,0.0,582.1
2024-03-06,0.0,587.9
2024-03-07,0.0,593.5
2024-03-08,0.0,594.1
2024-03-11,0.0,592.9
2024-03-12,0.0,595.2
2024-03-13,0.0,595.8
2024-03-14,0.0,590.7
2024-03-15,0.0,587.2
2024-03-18,0.0,585.7
2024-03-19,0.0,583.9
2024-03-20,0.0,582.1
2024-03-21,0.0,589.9
2024-03-22,0.0,591.3
2024-03-25,0.0,591.9
2024-03-26,0.0,590.6
2024-03-27,0.0,594.8
2024-03-28,0.0,600.0
2024-04-02,0.0,599.0
2024-04-03,0.0,594.3
2024-04-04,0.0,602.2
2024-04-05,0.0,596.8
2024-04-08,0.0,595.9
2024-04-09,0.0,597.9
2024-04-10,0.0,593.6
2024-04-11,0.0,594.0
2024-04-12,0.0,592.4
2024-04-15,0.0,586.2
2024-04-16,0.0,573.9
2024-04-17,0.0,577.6
2024-04-18,0.0,581.2
2024-04-19,0.0,577.7
2024-04-22,0.0,581.6
2024-04-23,0.0,586.1
2024-04-24,0.0,581.6
2024-04-25,0.0,578.1
2024-04-26,0.0,587.2
2024-04-29,0.0,594.3
2024-04-30,0.0,592.3
2024-05-02,0.0,592.5
2024-05-03,0.0,597.3
2024-05-06,0.0,600.7
2024-05-07,0.0,602.6
2024-05-08,0.0,600.2
2024-05-09,0.0,602.7
2024-05-10,0.0,605.1
2024-05-13,0.0,605.2
2024-05-14,0.0,600.3
2024-05-15,0.0,609.2
2024-05-16,0.0,611.3
2024-05-17,0.0,610.3
2024-05-20,0.0,607.6
2024-05-21,0.0,601.5
2024-05-22,0.0,597.8
2024-05-23,0.0,595.8
2024-05-24,0.0,593.0
2024-05-27,0.0,597.3
2024-05-28,0.0,591.7
2024-05-29,0.0,584.9
2024-05-30,0.0,587.4
2024-05-31,0.0,586.7
2024-06-03,0.0,591.5
2024-06-04,0.0,587.8
2024-06-05,0.0,594.4
2024-06-06,0.0,595.9
2024-06-07,0.0,592.7
2024-06-10,0.0,593.8
2024-06-11,0.0,587.1
2024-06-12,0.0,592.5
2024-06-13,0.0,587.7
2024-06-14,0.0,587.0
2024-06-17,0.0,582.1
2024-06-18,0.0,587.7
2024-06-19,0.0,585.6
2024-06-20,0.0,584.4
2024-06-21,0.0,587.6
2024-06-24,0.0,588.5
2024-06-25,0.0,586.7
2024-06-26,0.0,582.8
2024-06-27,0.0,584.5
2024-06-28,0.0,587.6
2024-07-01,0.0,580.9
2024-07-02,0.0,578.8
2024-07-03,0.0,585.1
2024-07-04,0.0,582.2
2024-07-05,0.0,583.8
2024-07-08,0.0,579.2
2024-07-09,0.0,577.3
2024-07-10,0.0,588.8
2024-07-11,0.0,592.5
2024-07-12,0.0,603.7
2024-07-15,0.0,602.5
2024-07-16,0.0,600.0
2024-07-17,0.0,603.4
2024-07-18,0.0,598.9
2024-07-19,0.0,593.3
2024-07-22,0.0,593.0
2024-07-23,0.0,595.8
2024-07-24,0.0,590.4
2024-07-25,0.0,584.6
2024-07-26,0.0,586.9
2024-07-29,0.0,588.4
2024-07-30,0.0,591.7
2024-07-31,0.0,597.4
2024-08-01,0.0,590.8
2024-08-02,0.0,569.0
2024-08-05,0.0,556.6
2024-08-06,0.0,563.0
2024-08-07,0.0,573.3
2024-08-08,0.0,575.7
2024-08-09,0.0,580.3
2024-08-12,0.0,579.1
2024-08-13,0.0,580.9
2024-08-14,0.0,578.5
2024-08-15,0.0,582.9
2024-08-16,0.0,584.9
2024-08-19,0.0,591.7
2024-08-20,0.0,586.7
2024-08-21,0.0,595.1
2024-08-22,0.0,599.0
2024-08-23,0.0,603.5
2024-08-26,0.0,607.3
2024-08-27,0.0,603.4
2024-08-28,0.0,604.1
2024-08-29,0.0,614.9
2024-08-30,0.0,613.6
2024-09-02,0.0,615.6
2024-09-03,0.0,606.7
2024-09-04,0.0,606.2
2024-09-05,0.0,605.9
2024-09-06,0.0,598.7
2024-09-09,0.0,606.0
2024-09-10,0.0,605.4
2024-09-11,0.0,607.8
2024-09-12,0.0,617.1
2024-09-13,0.0,620.3
2024-09-16,0.0,619.4
2024-09-17,0.0,624.1
2024-09-18,0.0,620.1
2024-09-19,0.0,630.8
2024-09-20,0.0,623.4
2024-09-23,0.0,628.8
2024-09-24,0.0,636.5
2024-09-25,0.0,633.4
2024-09-26,0.0,641.5
2024-09-27,0.0,649.6
2024-09-30,0.0,650.5
2024-10-01,0.0,650.0
2024-10-02,0.0,659.6
2024-10-03,0.0,651.3
2024-10-04,0.0,653.1
2024-10-07,0.0,649.6
2024-10-08,0.0,639.5
2024-10-09,0.0,646.3
2024-10-10,0.0,641.3
2024-10-11,0.0,646.9
2024-10-14,0.0,648.0
2024-10-15,0.0,643.8
2024-10-16,0.0,646.2
2024-10-17,0.0,648.1
2024-10-18,0.0,647.0
2024-10-21,0.0,635.1
2024-10-22,0.0,632.4
2024-10-23,0.0,628.7
2024-10-24,0.0,625.3
2024-10-25,0.0,630.2
2024-10-28,0.0,628.1
2024-10-29,0.0,625.9
2024-10-30,0.0,621.0
2024-10-31,0.0,612.5
2024-11-01,0.0,623.2
2024-11-04,0.0,620.4
2024-11-05,0.0,625.1
2024-11-06,0.0,629.5
2024-11-07,0.0,637.1
2024-11-08,0.0,631.5
2024-11-11,0.0,641.6
2024-11-12,0.0,636.7
2024-11-13,0.0,638.8
2024-11-14,0.0,641.6
2024-11-15,0.0,636.4
2024-11-18,0.0,641.4
2024-11-19,0.0,645.4
2024-11-20,0.0,639.5
2024-11-21,0.0,651.6
2024-11-22,0.0,650.8
2024-11-25,0.0,648.2
2024-11-26,0.0,646.8
2024-11-27,0.0,647.6
2024-11-28,0.0,646.2
2024-11-29,0.0,654.0
2024-12-02,0.0,650.8
2024-12-03,0.0,649.8
2024-12-04,0.0,645.1
2024-12-05,0.0,640.9
2024-12-06,0.0,637.3
2024-12-09,0.0,646.6
2024-12-10,0.0,638.1
2024-12-11,0.0,634.7
2024-12-12,0.0,630.3
2024-12-13,0.0,624.3
2024-12-16,0.0,623.2
2024-12-17,0.0,625.5
2024-12-18,0.0,619.2
2024-12-19,0.0,609.8
2024-12-20,0.0,613.7
2024-12-23,0.0,616.8
2024-12-24,0.0,621.7
2024-12-27,0.0,619.0
2024-12-30,0.0,617.6
2024-12-31,0.0,614.4
2025-01-02,0.0,624.8
2025-01-03,0.0,624.1
2025-01-06,0.0,627.2
2025-01-07,0.0,625.2
2025-01-08,0.0,624.9
2025-01-09,0.0,623.9
2025-01-10,0.0,616.7
2025-01-13,0.0,616.6
2025-01-14,0.0,616.6
2025-01-15,0.0,622.1
2025-01-16,0.0,622.7
2025-01-17,0.0,630.6
2025-01-20,0.0,629.2
2025-01-21,0.0,628.1
2025-01-22,0.0,628.1
2025-01-23,0.0,626.9
2025-01-24,0.0,625.1
2025-01-27,0.0,625.5
2025-01-28,0.0,621.0
2025-01-29,0.0,626.2
2025-01-30,0.0,631.4
2025-01-31,0.0,631.8
2025-02-03,0.0,630.4
2025-02-04,0.0,631.4
2025-02-05,0.0,629.2
2025-02-06,0.0,635.6
2025-02-07,0.0,638.2
2025-02-10,0.0,638.8
2025-02-11,0.0,631.8
2025-02-12,0.0,633.9
2025-02-13,0.0,637.0
2025-02-14,0.0,630.0
2025-02-17,0.0,635.1
2025-02-18,0.0,639.2
2025-02-19,0.0,640.7
2025-02-20,0.0,641.9
2025-02-21,0.0,640.6
2025-02-24,0.0,632.5
2025-02-25,0.0,628.4
2025-02-26,0.0,636.5
2025-02-27,0.0,635.0
2025-02-28,0.0,621.8
2025-03-03,0.0,626.7
2025-03-04,0.0,613.2
2025-03-05,0.0,612.2
2025-03-06,0.0,615.3
2025-03-07,0.0,603.7
2025-03-10,0.0,602.4
2025-03-11,0.0,593.2
2025-03-12,0.0,601.7
2025-03-13,0.0,598.5
2025-03-14,0.0,599.4
2025-03-17,0.0,606.0
2025-03-18,0.0,600.1
2025-03-19,0.0,608.9
2025-03-20,0.0,608.5
2025-03-21,0.0,604.1
2025-03-24,0.0,602.7
2025-03-25,0.0,605.7
2025-03-26,0.0,606.1
2025-03-27,0.0,608.4
2025-03-28,0.0,599.3
2025-03-31,0.0,592.5
2025-04-01,0.0,602.6
2025-04-02,0.0,601.9
2025-04-03,0.0,588.5
2025-04-04,0.0,548.5
2025-04-07,0.0,539.3
2025-04-08,0.0,552.6
2025-04-09,0.0,532.7
2025-04-10,0.0,553.4
2025-04-11,0.0,550.4
2025-04-14,0.0,567.0
2025-04-15,0.0,574.2
2025-04-16,0.0,579.5
2025-04-17,0.0,575.9
2025-04-22,0.0,577.3
2025-04-23,0.0,586.9
2025-04-24,0.0,590.7
2025-04-25,0.0,593.2
2025-04-28,0.0,590.3
2025-04-29,0.0,587.5
2025-04-30,0.0,599.0
2025-05-02,0.0,609.2
2025-05-05,0.0,604.5
2025-05-06,0.0,608.9
2025-05-07,0.0,606.3
2025-05-08,0.0,609.0
2025-05-09,0.0,614.0
2025-05-12,0.0,620.5
2025-05-13,0.0,619.2
2025-05-14,0.0,616.2
2025-05-15,0.0,616.3
2025-05-16,0.0,616.7
2025-05-19,0.0,617.2
2025-05-20,0.0,623.1
2025-05-21,0.0,613.4
2025-05-22,0.0,614.1
2025-05-23,0.0,611.3
2025-05-26,0.0,617.7
2025-05-27,0.0,620.7
2025-05-28,0.0,613.8
2025-05-29,0.0,614.5
2025-05-30,0.0,621.1
2025-06-02,0.0,622.5
2025-06-03,0.0,625.9
2025-06-04,0.0,624.9
2025-06-05,0.0,634.9
2025-06-06,0.0,631.6
2025-06-09,0.0,630.4
2025-06-10,0.0,632.5
2025-06-11,0.0,635.2
2025-06-12,0.0,628.6
2025-06-13,0.0,627.8
2025-06-16,0.0,627.2
2025-06-17,0.0,624.9
2025-06-18,0.0,624.9
2025-06-19,0.0,620.3
2025-06-20,0.0,623.1
2025-06-23,0.0,621.8
2025-06-24,0.0,622.6
2025-06-25,0.0,622.1
2025-06-26,0.0,624.3
2025-06-27,0.0,620.2
2025-06-30,0.0,622.6
2025-07-01,0.0,627.8
2025-07-02,0.0,631.2
2025-07-03,0.0,624.2
2025-07-04,0.0,625.9
2025-07-07,0.0,619.6
2025-07-08,0.0,621.6
2025-07-09,0.0,619.7
2025-07-10,0.0,621.5
2025-07-11,0.0,622.5
2025-07-14,0.0,623.6
2025-07-15,0.0,626.8
2025-07-16,0.0,620.7
2025-07-17,0.0,622.6
2025-07-18,0.0,629.3
2025-07-21,0.0,628.5
2025-07-22,0.0,627.0
2025-07-23,0.0,632.9
2025-07-24,0.0,630.9
2025-07-25,0.0,627.2
2025-07-28,0.0,630.8
2025-07-29,0.0,634.3
2025-07-30,0.0,638.8
2025-07-31,0.0,637.0
2025-08-01,0.0,624.3
2025-08-04,0.0,625.5
2025-08-05,0.0,629.8
2025-08-06,0.0,639.9
2025-08-07,0.0,633.9
2025-08-08,0.0,631.5
2025-08-11,0.0,629.8
2025-08-12,0.0,629.8
2025-08-13,0.0,632.2
2025-08-14,0.0,630.3
2025-08-15,0.0,629.2
2025-08-18,0.0,628.1
2025-08-19,0.0,625.4
2025-08-20,0.0,618.9
2025-08-21,0.0,624.7
2025-08-22,0.0,627.4
2025-08-25,0.0,625.7
2025-08-26,0.0,628.0
2025-08-27,0.0,623.5
2025-08-28,0.0,628.1
2025-08-29,0.0,626.6
